x,y,dataset
-0.011012217,-0.004554835,rna10k
0.0010974285,0.0054625357,rna10k
-0.008374254,-0.00616003,rna10k
0.0052308664,-0.0004983462,rna10k
-0.00035645327,-0.00337837,rna10k
-0.0036402126,-0.0030067582,rna10k
-0.017047195,-0.0016586022,rna10k
0.0009428171,0.006021835,rna10k
0.013076039,-0.00254468,rna10k
-0.003846854,-0.0064195246,rna10k
0.042384673,0.00919004,rna10k
0.0068834424,-0.005673631,rna10k
0.003163986,-0.0051873093,rna10k
0.004356994,0.021385664,rna10k
-0.0072517986,0.0017227521,rna10k
-0.018841548,-0.0030769608,rna10k
0.00050028024,0.0023961538,rna10k
-0.0007361013,0.0036457363,rna10k
0.010393481,-0.0037258044,rna10k
0.0028572667,0.0023177608,rna10k
-0.0026354888,-0.00027388733,rna10k
0.06534594,0.0052546505,rna10k
-0.005012183,-0.0057453457,rna10k
-0.0012503269,-0.0030761226,rna10k
-0.0015047769,-0.0028840087,rna10k
0.016984617,-0.0024266436,rna10k
0.021714743,0.010299012,rna10k
0.008240715,0.003415866,rna10k
0.0025478788,-0.0033957898,rna10k
0.0018130761,-0.0057306145,rna10k
-0.0025686747,0.0018637904,rna10k
0.0016624563,0.0018716771,rna10k
0.010168917,-0.005906235,rna10k
0.00047666777,-0.00478195,rna10k
-0.0094619095,0.001588358,rna10k
0.003877899,0.002411292,rna10k
0.003841636,-0.004783564,rna10k
0.0010871092,-0.0035140715,rna10k
0.0016643042,0.0037477603,rna10k
-0.0033556463,-0.006019151,rna10k
-0.006079986,-0.004438815,rna10k
0.0037756115,-4.713145e-05,rna10k
-0.0075607602,0.003153999,rna10k
-0.024839567,0.0029573936,rna10k
0.0020630716,0.0054783933,rna10k
-0.0035748172,-0.01626309,rna10k
0.0045179278,-0.004126228,rna10k
-0.005471873,0.0008578878,rna10k
-0.005334628,-0.021371778,rna10k
0.0044455747,-0.0017647834,rna10k
-0.016233448,0.002261268,rna10k
0.0029793077,-0.0046005337,rna10k
0.014761359,-0.00024696204,rna10k
-0.00024751283,0.002081752,rna10k
0.0010020594,-0.006189885,rna10k
-0.0009212129,0.0071457135,rna10k
0.005673791,-0.001136731,rna10k
-0.005249588,0.019543761,rna10k
0.0022464644,0.001187522,rna10k
0.006653108,-0.0039036325,rna10k
0.052530948,0.004282534,rna10k
0.0049767387,-0.0059423116,rna10k
-0.005543665,-0.005882144,rna10k
0.011871424,0.00019244813,rna10k
0.0048089684,0.0022628924,rna10k
0.007890946,-0.0055106683,rna10k
0.008224224,-0.005540534,rna10k
0.00070699706,0.0022728953,rna10k
-0.005190015,0.0020717203,rna10k
0.0059543033,-0.005884902,rna10k
-0.016684057,-0.0028134198,rna10k
-0.00020441724,-0.0025014353,rna10k
-0.01522916,-0.012978118,rna10k
-0.003025816,-0.0045928247,rna10k
-0.0013329313,0.007406041,rna10k
0.005776333,0.00036548643,rna10k
-0.00090191094,-0.0061399047,rna10k
-0.0026072632,0.0070629823,rna10k
0.0026536155,-0.005767987,rna10k
-0.0044939322,0.010877705,rna10k
0.004613496,0.0015292545,rna10k
-0.005094271,0.009844492,rna10k
-0.007823846,0.0015514066,rna10k
-0.0024901244,0.0016586111,rna10k
0.0011926796,0.0059401686,rna10k
-0.0007961507,-0.023904549,rna10k
-0.00028740303,0.006871068,rna10k
-0.0033497897,0.015251333,rna10k
0.0093560135,-0.0075169136,rna10k
-0.0018803666,-0.0061600106,rna10k
0.0060980585,-0.0046853265,rna10k
0.004321886,0.001110551,rna10k
0.06063245,0.008793745,rna10k
-0.0045618783,0.020135343,rna10k
-0.0077231647,0.0037819145,rna10k
0.0018914449,0.0019285965,rna10k
-0.00827327,3.7522216e-08,rna10k
0.0036068284,-0.0046092253,rna10k
0.0054987255,-0.020020207,rna10k
0.007845937,-0.0038284396,rna10k
0.0015728078,-0.005242827,rna10k
-0.0017808715,0.0062641073,rna10k
0.0006543162,-0.023222234,rna10k
0.004188389,0.003193173,rna10k
-0.0034604263,-0.011737375,rna10k
-0.0075835413,0.0010387893,rna10k
-0.007429842,0.0017514547,rna10k
0.004454367,-0.0010466683,rna10k
-0.019216878,-0.0025843696,rna10k
-0.0030429095,-0.020299524,rna10k
0.004356072,-0.0071814694,rna10k
-0.002696682,0.0027409855,rna10k
-0.002224478,0.007921703,rna10k
0.0002379667,0.016748523,rna10k
0.004704464,0.0009752076,rna10k
-0.020524468,-0.0035899777,rna10k
-0.0037350296,-0.0030758183,rna10k
0.0026110269,0.001860468,rna10k
0.0016934413,0.004579515,rna10k
-0.0041442118,-0.0056368005,rna10k
0.014393908,-0.0016791519,rna10k
-0.00040576156,-0.005342135,rna10k
0.0006317246,-0.0061516245,rna10k
-0.0007786531,0.018074704,rna10k
-0.008465502,-0.022372544,rna10k
-0.0035780217,0.01921124,rna10k
-0.004086165,0.00033277587,rna10k
-0.0065656537,-0.006359234,rna10k
-0.0009160357,-0.005762855,rna10k
-0.021315355,-0.0035318702,rna10k
0.00014845557,-0.0212405,rna10k
-0.008169413,0.02004024,rna10k
-0.0038657533,0.0022716895,rna10k
0.0014670754,-0.0058530862,rna10k
0.0027016643,-0.0019870114,rna10k
-0.012928767,0.0047017043,rna10k
0.005012578,0.0018365049,rna10k
0.0066489987,-0.00019513398,rna10k
0.004949757,-0.0051366054,rna10k
-0.00043917223,0.0019040209,rna10k
-0.004491186,-0.0041940897,rna10k
-0.00527088,-0.006149014,rna10k
0.00036427466,0.017189652,rna10k
-0.0074631902,0.0018688163,rna10k
0.0055591995,0.0016126703,rna10k
-0.0017696151,0.001953616,rna10k
0.012163224,-0.015526308,rna10k
-0.00871538,0.0015283531,rna10k
0.0072005303,0.019394444,rna10k
0.0034511024,-0.025883282,rna10k
-0.0018343666,-0.0020111792,rna10k
0.0049060467,-0.005788821,rna10k
-0.0196486,-0.0020401122,rna10k
0.0061287484,-0.001197329,rna10k
9.8188844e-05,-0.019602664,rna10k
-0.002421044,-0.0062793912,rna10k
-0.0043078884,0.0019180597,rna10k
-0.007878133,0.0024389026,rna10k
-0.0064126267,0.0019024563,rna10k
0.0016715518,-0.021907058,rna10k
-0.002455814,0.0064147324,rna10k
0.00026230954,0.0042993817,rna10k
-0.0142599065,-0.003999046,rna10k
-0.010664007,0.0018125426,rna10k
0.0036439302,-0.004811312,rna10k
0.0005271135,0.0025598896,rna10k
0.0023550377,0.0022485554,rna10k
-0.0047007753,-0.0040695113,rna10k
0.0004925919,-0.022171104,rna10k
-0.0020271784,0.0049914005,rna10k
0.001580574,-0.00043724978,rna10k
0.0042686933,-0.0013477234,rna10k
-0.0037961532,0.0024004413,rna10k
0.0011359839,-0.0015811905,rna10k
0.004233008,0.00092056114,rna10k
0.0045972797,0.0019009806,rna10k
0.0036049937,-0.0060151066,rna10k
0.0074851303,0.0071341423,rna10k
-0.002462159,0.019898422,rna10k
-0.0011375296,0.0018968205,rna10k
0.0023692758,0.0019092724,rna10k
-0.017811188,-0.012262863,rna10k
0.0033100487,0.013622173,rna10k
-0.0028147995,0.021750078,rna10k
-0.0021261617,-0.0012176122,rna10k
0.005949281,-0.0038258403,rna10k
0.02103239,-0.006178495,rna10k
0.004673732,0.007900799,rna10k
-0.0018318342,-0.0055413544,rna10k
0.010019806,0.002581494,rna10k
0.000925223,0.016036123,rna10k
-0.0010717888,0.0016817108,rna10k
-0.020403177,0.0029343478,rna10k
0.01720579,-0.0048528532,rna10k
0.0016916115,0.000983513,rna10k
-0.0156130595,-0.009780031,rna10k
0.04755921,0.0035125562,rna10k
0.005581759,-0.0040434473,rna10k
-0.0019006693,0.007715342,rna10k
0.0045310045,-0.002013796,rna10k
0.0044152546,0.00084704417,rna10k
0.0024637454,-0.0037797624,rna10k
-0.004217953,-0.0065785884,rna10k
-0.00522806,-0.004764536,rna10k
-0.0107514085,-0.0060677896,rna10k
-0.003876942,-0.0046415552,rna10k
-0.0024444875,-0.0058304393,rna10k
-0.009992182,0.0013483803,rna10k
-0.006917269,0.015832465,rna10k
0.0020196817,-0.005509995,rna10k
-0.024072083,-0.0066803624,rna10k
-0.014463013,-0.0052533573,rna10k
0.0032329948,0.0019750842,rna10k
0.0025930805,0.019081088,rna10k
-0.00043328968,0.0063695037,rna10k
-0.001021159,0.005176157,rna10k
-0.0027537122,-0.002921856,rna10k
-0.00029027218,0.017250411,rna10k
0.020960148,0.0015846451,rna10k
-0.0026027092,-0.019580878,rna10k
0.0006475371,0.007092353,rna10k
0.013143206,-0.028794974,rna10k
0.01294121,0.019338476,rna10k
0.011583776,0.0025719507,rna10k
0.00066008815,0.008113279,rna10k
-0.020509157,0.0015858352,rna10k
-0.006364817,0.0015508955,rna10k
-0.003009558,0.0024453977,rna10k
0.0024783832,0.0020013177,rna10k
-0.005393443,-0.0050763777,rna10k
-0.0043307296,-0.0066519305,rna10k
-0.00028680105,-0.020736175,rna10k
-0.003833294,-0.0048077214,rna10k
0.007616072,0.0057433005,rna10k
-0.01775017,-0.0026845091,rna10k
0.0070891306,-0.0014614351,rna10k
-0.0013828116,7.720116e-05,rna10k
-0.0051118354,0.0019533306,rna10k
0.0059362347,0.00018073033,rna10k
0.0072600334,-0.0056863525,rna10k
0.003614389,-0.0036891494,rna10k
-0.00029991314,0.0021235682,rna10k
-0.0050330083,-0.002779187,rna10k
0.0027655708,-0.001071374,rna10k
-0.0016900238,0.008015068,rna10k
-0.006971724,3.402875e-05,rna10k
-0.014457158,0.0019457275,rna10k
-0.0069656232,-0.0064423704,rna10k
0.008368762,0.018786918,rna10k
0.0080866115,-0.0015365245,rna10k
-0.004577193,0.0023693882,rna10k
0.0010565859,0.0017882738,rna10k
-0.027001375,-0.0036429758,rna10k
0.0051540365,0.0018886102,rna10k
-0.016818488,0.002789599,rna10k
-0.001860349,0.002035835,rna10k
-0.056448117,-0.028927146,rna10k
-0.0014419132,0.01713726,rna10k
-0.004028885,0.014419914,rna10k
0.0048449943,0.0026070892,rna10k
0.00554191,0.0027514552,rna10k
-0.005456194,0.0019255418,rna10k
-0.0044047832,0.0019965514,rna10k
-0.0035016364,-0.0066362475,rna10k
0.0007969707,0.0042879754,rna10k
-0.0053692968,0.001847156,rna10k
-0.0013452033,0.001762724,rna10k
0.0034555239,-0.02063299,rna10k
-0.0039702933,0.012593499,rna10k
0.009996946,0.004943215,rna10k
0.002225947,0.0016936681,rna10k
-0.00647817,0.0014976712,rna10k
-0.005576995,-0.02034509,rna10k
0.0073111583,-0.001402402,rna10k
0.017575687,-0.0053060087,rna10k
0.003479268,-0.0057047936,rna10k
-0.0011368631,0.017727705,rna10k
-0.0053109988,-0.004107159,rna10k
-0.0073951394,-0.005238113,rna10k
0.0044683497,-0.005918407,rna10k
-0.011633243,0.0010256057,rna10k
0.0028562818,0.0021005517,rna10k
0.0030826654,-0.021883853,rna10k
0.008079277,0.021969663,rna10k
0.0035329112,0.01781799,rna10k
-0.0036922249,0.0016668002,rna10k
0.0035485956,0.01906704,rna10k
-0.00039857926,-0.0060907598,rna10k
0.0019837187,0.0021782818,rna10k
-0.002552597,0.0017879414,rna10k
-0.0010625602,0.0069928975,rna10k
-0.014782716,-0.002465746,rna10k
0.00066568574,0.0024277573,rna10k
0.0033120962,-0.0055923783,rna10k
0.0064916178,-0.02043926,rna10k
-0.0033694017,-0.0038232307,rna10k
-1.1545696e-05,-0.0058371723,rna10k
0.013878545,-0.022638636,rna10k
-0.0008537942,0.0019083095,rna10k
0.008837672,-0.0023919817,rna10k
-0.0016382835,0.0066092503,rna10k
0.00093608105,0.0018601695,rna10k
-0.0009801015,0.007912626,rna10k
-0.0036839335,0.008021356,rna10k
0.004924185,0.0014436422,rna10k
0.0025325639,0.001581356,rna10k
-0.013456457,-0.0041074585,rna10k
0.011576467,-0.006475922,rna10k
-0.00071274675,-0.005291387,rna10k
-0.0048872875,0.0026312901,rna10k
0.0037748415,0.003755368,rna10k
0.0061724936,-0.0059546987,rna10k
0.018533796,0.008549985,rna10k
0.00041498363,0.002258399,rna10k
0.0011948459,0.0019810954,rna10k
-0.004344135,-0.0040232404,rna10k
0.0048031854,0.019772837,rna10k
-0.0038071685,0.013274088,rna10k
0.013090375,0.018441452,rna10k
0.0035914702,-0.0035078186,rna10k
0.017162185,-0.0051193535,rna10k
0.011502423,0.0186773,rna10k
0.0080039045,0.019985938,rna10k
-0.007502309,-0.011579751,rna10k
0.013878079,-0.0034070692,rna10k
0.0019959016,0.005671596,rna10k
0.0032093688,0.01895346,rna10k
0.00058274425,0.015548829,rna10k
0.00075938215,-0.0022903474,rna10k
-0.002698243,0.008149475,rna10k
0.0050701946,0.0014887805,rna10k
-0.0024060344,0.007743246,rna10k
0.0048219017,0.002563994,rna10k
0.0016993405,0.0022552896,rna10k
-0.0034353018,0.009270919,rna10k
0.0054297843,0.0010424445,rna10k
-0.0032664381,-0.006390303,rna10k
-0.0008379661,-0.021976592,rna10k
-0.0078878375,-0.022374885,rna10k
0.0015257975,0.015690105,rna10k
-0.006680703,-0.0046209795,rna10k
-0.007686669,0.020846821,rna10k
0.007399444,-0.005607664,rna10k
-0.011624886,0.011118143,rna10k
0.0013120468,0.00097610126,rna10k
-0.00031284706,0.0017943855,rna10k
0.008093053,-0.0024490044,rna10k
-0.0026135743,-0.0012436816,rna10k
-0.0025718599,-0.0055696885,rna10k
-0.0026720683,-0.022218993,rna10k
-0.0033426106,-0.0054730466,rna10k
0.0028991508,-0.005449398,rna10k
0.024290994,0.0002864994,rna10k
0.000737523,-0.0054530934,rna10k
-0.00622337,0.0019603178,rna10k
-0.0028517512,0.0086489245,rna10k
0.0045782705,-0.0012310052,rna10k
0.0038029458,-0.029368615,rna10k
0.0031173828,0.0016326233,rna10k
-0.0047882046,-0.016138518,rna10k
0.0011584022,0.0034046455,rna10k
0.0043692314,-0.00028407556,rna10k
0.008056796,-0.0027344243,rna10k
-0.0027995496,-0.005875477,rna10k
0.008424883,-0.002659437,rna10k
-0.0038053272,-0.021406693,rna10k
0.0067383214,-0.0073605045,rna10k
-0.0062216907,0.011461589,rna10k
0.02215734,0.003007351,rna10k
-0.012829228,-0.0038299044,rna10k
-0.003021532,-0.0042463355,rna10k
-0.0011206819,0.001861503,rna10k
0.008294352,-0.0018009404,rna10k
-0.00051713694,0.0016256178,rna10k
0.0027384593,0.0018463955,rna10k
0.00035931112,0.00240077,rna10k
-0.0027511148,0.0013886702,rna10k
0.002882984,0.0014702361,rna10k
5.8564492e-05,0.0031242883,rna10k
-0.0047857594,0.0019179019,rna10k
-0.0029724366,0.0060560475,rna10k
0.0011519566,-0.0014482486,rna10k
0.010763241,-0.005278831,rna10k
-0.0056044445,-0.0037924745,rna10k
0.009236845,0.018991083,rna10k
0.00059487566,-0.025130417,rna10k
-0.009097719,0.001994959,rna10k
0.014343086,-0.000540836,rna10k
0.004492328,-0.005822647,rna10k
0.031221105,0.0088609345,rna10k
0.004730757,0.0013937321,rna10k
-0.003782392,0.0064271656,rna10k
0.0010934563,-0.025212694,rna10k
0.0011212787,-2.9414014e-05,rna10k
-0.025501208,0.0031784885,rna10k
-0.008025133,-0.0009622335,rna10k
0.0068797115,-0.00020182443,rna10k
-0.0006577008,-0.004693164,rna10k
-0.009265776,0.0037770607,rna10k
0.00037135527,0.002641261,rna10k
0.0016220569,-0.0063306578,rna10k
-0.004182709,0.0081191715,rna10k
0.0058453027,0.00013802855,rna10k
0.0021778475,3.3070977e-05,rna10k
-0.003107895,0.007444194,rna10k
0.002924449,-0.005795337,rna10k
0.001345771,0.0038731254,rna10k
-0.000659716,0.0054509044,rna10k
0.004524793,6.0215392e-05,rna10k
-0.0032817342,-0.006452304,rna10k
0.0036866777,-0.015597945,rna10k
-0.001241128,0.0020948711,rna10k
-0.0044974107,0.001994934,rna10k
0.021405255,0.0048452504,rna10k
0.0035552701,-0.006323547,rna10k
0.00047969722,0.0002942145,rna10k
-0.004110725,0.013370293,rna10k
0.02075821,0.003832736,rna10k
-0.000853988,0.004840132,rna10k
-0.011103571,-0.00062256213,rna10k
0.0037886437,-0.0058496194,rna10k
0.003206703,0.001934152,rna10k
0.009774688,-0.0054165875,rna10k
0.012747425,-0.0142656015,rna10k
0.00050165574,0.0020893558,rna10k
0.0007409058,-0.023473343,rna10k
0.00024855157,0.0021077383,rna10k
0.011382052,0.0076137753,rna10k
0.0007988994,0.0023895584,rna10k
-0.005796995,0.021042084,rna10k
0.0041403817,0.00210698,rna10k
-0.0060591823,-0.0053417184,rna10k
0.00059889397,0.0018011342,rna10k
0.0075069945,-0.0017181843,rna10k
-0.003933714,0.0022610298,rna10k
-0.0026998161,4.817472e-05,rna10k
0.0041339905,0.0037042578,rna10k
-0.0007021159,-0.0054937904,rna10k
0.00034183002,0.002338274,rna10k
-0.000107747175,0.0021844541,rna10k
-0.0048486525,0.011474902,rna10k
-5.1026498e-05,0.0018873473,rna10k
-0.006933577,0.020365177,rna10k
0.021319345,-0.016114058,rna10k
-0.0013164873,0.0037395093,rna10k
0.003678478,0.0015054487,rna10k
-0.00020612185,-0.006337075,rna10k
-0.0006621589,0.0131153,rna10k
-0.00025475415,-0.006888053,rna10k
-0.0009792161,0.002016831,rna10k
-0.005200662,0.0065663964,rna10k
-0.0014438429,-0.0045517506,rna10k
-0.010741849,7.516178e-05,rna10k
-0.005919468,0.0060362793,rna10k
-0.005173016,-0.00401445,rna10k
0.005601436,-0.004658229,rna10k
0.002107179,0.004620891,rna10k
-0.0067593437,-0.006414708,rna10k
-0.0062130587,-0.008490088,rna10k
-0.00024044742,0.008464707,rna10k
-0.0018817673,0.007655642,rna10k
0.0047254604,0.01956206,rna10k
0.002205053,0.0051410524,rna10k
-0.0016234491,0.0020253416,rna10k
-0.00036601548,0.0070368997,rna10k
-0.0010462474,0.015438334,rna10k
-0.0010555675,-0.020116456,rna10k
0.004077127,0.002050424,rna10k
-0.036572002,0.0013626193,rna10k
-0.0029951618,-0.0024065769,rna10k
-0.006408825,-0.004838411,rna10k
-0.0023631125,0.0019460577,rna10k
-0.0026395915,0.0015718266,rna10k
-0.0027875304,-0.004249454,rna10k
0.0029088915,-0.002428019,rna10k
-0.0015813729,0.007340565,rna10k
-0.008267692,0.002807521,rna10k
0.0003818618,0.0027841695,rna10k
-0.006999024,0.0016341985,rna10k
-0.0068898546,0.0019837643,rna10k
0.02196136,-0.0035206063,rna10k
-0.0014522386,0.007980535,rna10k
0.018461147,-0.023886634,rna10k
-0.003112923,-0.0048602936,rna10k
-0.00083223154,-0.004706258,rna10k
-0.002829041,-0.0059404406,rna10k
-0.0019254435,-0.006168505,rna10k
0.0033871033,-0.00011059944,rna10k
-0.005942267,-0.006039738,rna10k
-0.007972401,0.0014806758,rna10k
-8.4299245e-05,0.0019442369,rna10k
-0.0018180257,0.0071865227,rna10k
-0.0049854596,0.010778177,rna10k
0.0028607242,0.0035739148,rna10k
0.0051687765,-0.0005833764,rna10k
0.010054069,-0.00038616502,rna10k
-0.0011524226,0.00663347,rna10k
-0.004770345,-0.0041668047,rna10k
0.00012694579,0.0026954936,rna10k
-0.0002788467,-0.005896728,rna10k
0.0012505926,-0.005488392,rna10k
-0.00083045056,-0.0064529805,rna10k
0.0029174394,0.0018517134,rna10k
-0.0069930544,-0.005295943,rna10k
0.0038324909,0.0016737822,rna10k
0.01725524,-0.0051008426,rna10k
0.0032192208,0.00045231485,rna10k
0.0011856547,-0.012357205,rna10k
0.0038348862,0.0015424016,rna10k
-0.006730562,0.001799212,rna10k
0.0011926949,0.005861856,rna10k
0.0069294902,-0.0060805962,rna10k
0.0031817912,0.002368871,rna10k
-0.0025001348,0.015038309,rna10k
0.003766711,0.0002624794,rna10k
-0.003025698,-0.004486797,rna10k
-0.0013416569,-0.006284286,rna10k
-0.0008578297,0.0072479104,rna10k
-0.0004261455,-0.0056124968,rna10k
-0.00114379,0.006245047,rna10k
0.0010635784,-0.0013697195,rna10k
0.0029803005,0.0027138419,rna10k
0.00021515199,0.013296,rna10k
-0.031130897,0.00016934931,rna10k
-0.005796294,-0.0024286692,rna10k
0.003210572,0.0009419353,rna10k
-0.0008092681,-0.004911041,rna10k
0.0026442946,-0.003264957,rna10k
0.009443287,0.019496012,rna10k
0.00087908306,-0.0063454737,rna10k
-0.017586539,-0.0024400812,rna10k
0.0044772816,-0.010806329,rna10k
0.01314426,-0.0029481056,rna10k
-0.009860215,0.0017279155,rna10k
0.011946709,-0.005541853,rna10k
-0.0028951403,-0.0045276824,rna10k
-0.00089388737,0.00398274,rna10k
-0.003887611,0.0071756775,rna10k
-0.0028548397,-0.0036583976,rna10k
0.015678853,-0.021928232,rna10k
-0.0065393443,0.0015402689,rna10k
0.0051501766,0.0003654832,rna10k
-0.010860063,-0.019730225,rna10k
-0.04490524,-0.0014806541,rna10k
0.0044123316,-0.021157557,rna10k
-0.0036123362,-0.0059088026,rna10k
-0.0035538005,-0.003583163,rna10k
0.0037142728,0.0013556752,rna10k
0.0005167119,-0.022991953,rna10k
0.0033392753,0.0023641563,rna10k
0.008683542,0.020076228,rna10k
0.0013064052,0.005620655,rna10k
0.007688422,-0.020358589,rna10k
0.0031360965,0.0024671364,rna10k
-0.0047213202,-0.0034979573,rna10k
-0.0029755952,0.0018349187,rna10k
-0.00038540337,-0.0011465151,rna10k
-0.0015563498,0.0016521426,rna10k
-0.010228321,0.0017398635,rna10k
0.0078009535,-0.0035152219,rna10k
-0.005080889,0.010628735,rna10k
-0.00811144,0.021645732,rna10k
-0.004674646,0.011326657,rna10k
0.0018746157,0.0024949685,rna10k
0.005772504,0.0015966389,rna10k
-0.0021363948,-0.0045643826,rna10k
-0.0057458216,-0.0066703064,rna10k
-0.0044295667,-0.0040566353,rna10k
0.0005730573,-0.0008134921,rna10k
-0.0020844913,-0.008812587,rna10k
-0.0021347879,0.006017035,rna10k
0.000569869,0.0017285825,rna10k
0.003851412,0.0011263103,rna10k
-0.0028996714,-0.00031404468,rna10k
-0.000556933,0.002127201,rna10k
-0.009705992,0.0019415624,rna10k
-0.003075635,0.0018524952,rna10k
0.0053704744,-0.00022901894,rna10k
0.0009802879,0.0024216138,rna10k
-0.008003228,-0.005674061,rna10k
-0.004451555,0.0030460448,rna10k
0.0014188492,0.0023249388,rna10k
0.006615583,0.019853206,rna10k
-0.0033515648,-0.0026771799,rna10k
0.0013667793,-0.02143776,rna10k
-0.0012582779,-0.003898618,rna10k
-0.0021212418,0.0076764324,rna10k
0.00095514563,0.0022786206,rna10k
0.004774976,0.01823734,rna10k
3.4264693e-05,-0.0058051036,rna10k
0.001626098,-0.019962486,rna10k
0.0011372449,-0.021872828,rna10k
-0.0013284575,-0.0061223935,rna10k
0.0017249774,0.0025405542,rna10k
-0.00884426,0.004064005,rna10k
-0.0049219048,-0.021329407,rna10k
-0.002924557,-0.022244249,rna10k
0.009317231,-0.0027100625,rna10k
0.00015080895,0.0028635398,rna10k
0.00034887253,0.0038098497,rna10k
0.018091667,0.0033868798,rna10k
-0.0048066266,0.022729075,rna10k
0.01751025,-0.0025674528,rna10k
0.0051191454,-0.00065393234,rna10k
-0.0035580345,0.007779271,rna10k
0.0045351353,-0.0065790345,rna10k
-0.0055376054,-0.021113629,rna10k
0.0012358208,0.0029755384,rna10k
-0.0045879344,0.009472708,rna10k
-0.003935038,-0.0048843413,rna10k
-0.00191747,-0.0019982953,rna10k
-0.006984113,0.0019278395,rna10k
-0.00874118,-0.0019436816,rna10k
0.01538212,-0.020967873,rna10k
0.0025551482,0.0019595635,rna10k
0.00010451268,0.020039158,rna10k
0.010687726,0.026048772,rna10k
0.0032667457,-0.002860967,rna10k
-0.0017800345,-0.0059848092,rna10k
-0.0047502425,0.0022091225,rna10k
0.0020380574,0.0050706356,rna10k
0.0029550882,7.58534e-05,rna10k
0.0031818787,6.377165e-05,rna10k
-0.0035583726,-0.0005931353,rna10k
0.0058511323,0.0019057452,rna10k
-0.0031939608,0.015049706,rna10k
-0.0063999584,-0.006573601,rna10k
0.012670268,-0.006447385,rna10k
-0.0025200003,-0.006253241,rna10k
-0.004819466,0.019703982,rna10k
0.0014299396,-0.0011757117,rna10k
-0.00103527,0.002370832,rna10k
-0.0033408955,0.0134456735,rna10k
0.017245546,-0.002313864,rna10k
0.0056114323,-0.0044337926,rna10k
-0.0007824379,0.00669276,rna10k
0.0061783483,-6.73626e-05,rna10k
-0.007934308,0.0019805473,rna10k
0.00031872492,-0.004226465,rna10k
0.0011470844,0.009397032,rna10k
0.002706854,0.0021937722,rna10k
0.0005065817,-0.0028497921,rna10k
0.0036075092,0.0020265651,rna10k
-0.0034202235,-0.0018212548,rna10k
0.0006563655,-0.020689582,rna10k
0.0024851235,0.0032317212,rna10k
-0.009063815,0.0007377645,rna10k
0.006070043,0.00037365203,rna10k
0.010010911,-0.02116533,rna10k
-0.009978195,0.00084668695,rna10k
0.0027839278,-0.00015548556,rna10k
-0.0025590274,0.0020136202,rna10k
-0.001015523,-0.006367355,rna10k
-0.00676616,0.0013530927,rna10k
-0.0050881864,0.0025075602,rna10k
-0.004269778,-0.0040751956,rna10k
0.001563786,0.0017548354,rna10k
-0.0029340147,-0.0023923921,rna10k
-0.006278687,0.0019718094,rna10k
-0.011760452,0.003944602,rna10k
-0.010037963,0.0014776576,rna10k
-0.010409188,-0.003546435,rna10k
0.012939946,-0.003147341,rna10k
-0.0007548671,-0.0066221603,rna10k
0.0009663152,-0.0012289619,rna10k
-0.01111028,-0.0050523384,rna10k
0.004911831,0.0011251868,rna10k
0.0036087849,0.004765045,rna10k
-0.0030732972,0.0075546145,rna10k
-0.0015196808,0.002309708,rna10k
-0.0025475428,-0.018016817,rna10k
0.0015571613,0.0020131194,rna10k
0.0025171286,-0.03812676,rna10k
0.0041080695,-0.0025127346,rna10k
-0.029297156,0.0015340016,rna10k
-0.0023546312,-0.006181146,rna10k
-0.0051486976,-0.0043116906,rna10k
-0.021637538,-0.0034766467,rna10k
0.0028576625,-0.0007233069,rna10k
-0.0041976236,0.0023578801,rna10k
0.0019492452,-0.0006617424,rna10k
-0.005083265,-0.00651512,rna10k
-0.0020855374,0.0076745357,rna10k
0.0004009521,-9.549123e-05,rna10k
-0.002097195,0.008741174,rna10k
0.0013589949,0.0032835465,rna10k
0.004481304,0.017689263,rna10k
-0.0018954612,-0.002271737,rna10k
0.017785052,-0.01473952,rna10k
-0.0010467191,0.00591175,rna10k
-0.003117377,-0.0063907923,rna10k
0.014318617,0.0015175233,rna10k
-0.0016294762,-0.0026601162,rna10k
0.0023907835,-0.0049975114,rna10k
-0.0056661153,0.0020986472,rna10k
-4.192317e-05,-0.0050288206,rna10k
0.0049165296,0.0020198468,rna10k
0.0040593236,-0.019002317,rna10k
-0.007261757,0.021133814,rna10k
-0.0153283635,0.015755272,rna10k
-0.0022409707,-0.00477392,rna10k
-0.021749265,0.003160123,rna10k
-0.0015724598,0.0021176117,rna10k
0.0012311978,-0.021330511,rna10k
-0.005077707,-0.0030314499,rna10k
0.0032287324,-0.00044934312,rna10k
-0.0030399335,0.008328384,rna10k
0.005658551,-0.005110932,rna10k
-0.001839777,0.0019392673,rna10k
0.002454491,-0.0006620992,rna10k
0.005012201,0.00037423975,rna10k
0.0042086532,-0.019983314,rna10k
0.005976976,0.0015147987,rna10k
0.0012529966,-0.0061675324,rna10k
-0.0015943479,-0.0065469653,rna10k
-0.0017972385,0.001930469,rna10k
0.009877254,0.01957582,rna10k
-0.0003438279,-0.0026407642,rna10k
0.00059953774,0.006450647,rna10k
0.010935676,-0.005761891,rna10k
0.004111204,0.0030059437,rna10k
-0.008490367,-0.018350953,rna10k
-0.007148893,0.0016163911,rna10k
-0.0043567885,-0.004025738,rna10k
-0.00062060775,-0.0062213903,rna10k
-0.000274972,0.0020571232,rna10k
0.0035144424,-0.0072990893,rna10k
0.004519871,0.018257683,rna10k
-0.00015586584,0.005571985,rna10k
0.005000766,-0.023627821,rna10k
-0.008544386,-0.0014961708,rna10k
-0.004576716,-0.020539097,rna10k
-0.0027511688,0.007984579,rna10k
-0.00421703,0.0020511914,rna10k
0.009654545,-0.0024881158,rna10k
0.0020425178,-0.005709788,rna10k
0.0028008253,0.0024795458,rna10k
0.000443187,-0.005318557,rna10k
0.0021966738,0.0017483592,rna10k
-0.009703795,0.0012748312,rna10k
0.0014737407,0.0021710019,rna10k
0.0052607977,0.00032004123,rna10k
-9.78877e-05,0.0016699998,rna10k
0.001961427,0.001576931,rna10k
-0.0014850742,0.0143865915,rna10k
0.007009508,-0.019252282,rna10k
-0.013342492,0.0031818687,rna10k
0.0031226322,0.0009739499,rna10k
0.00093859585,0.0021644705,rna10k
0.0101846885,-0.0028072598,rna10k
0.00092942506,-0.020760022,rna10k
-0.0044157505,0.0018040509,rna10k
0.0052129477,0.0018150718,rna10k
0.0028997245,-0.0056690834,rna10k
0.003311533,0.0024024548,rna10k
-0.0041585104,-0.003794177,rna10k
-0.0024479702,-0.0063613164,rna10k
-0.00970508,-0.018873291,rna10k
0.0017581887,0.0015140572,rna10k
-0.0019739694,-0.0025398429,rna10k
0.0017061303,0.023015158,rna10k
-0.00047341522,0.020242997,rna10k
-0.005145822,-0.019834151,rna10k
0.0035684437,0.0028641345,rna10k
-0.0016712608,-0.005756628,rna10k
-0.0030621716,0.0022410618,rna10k
0.004721243,-0.002753966,rna10k
-0.022912312,0.0018772364,rna10k
-0.010143474,0.0008494531,rna10k
0.0024914923,0.0024308644,rna10k
-0.0022811915,-0.0059665493,rna10k
0.004391976,0.018463828,rna10k
0.0018648605,-0.0050890055,rna10k
-0.0019609546,0.001765207,rna10k
0.007995205,-0.0056754956,rna10k
-0.010743688,-0.020707352,rna10k
-0.026335008,-0.0034174186,rna10k
-0.0004446116,-0.020584006,rna10k
0.013247442,-0.002248001,rna10k
-0.0037338543,0.006953323,rna10k
0.00072895526,0.003224507,rna10k
0.0021849237,0.0053830952,rna10k
0.00013305126,0.006568708,rna10k
0.0013326192,-0.00640949,rna10k
-0.02090307,0.0013637315,rna10k
0.013513335,-0.0057478836,rna10k
-0.018583203,-0.011438718,rna10k
0.0008760842,-0.0008885066,rna10k
0.0018886151,-0.0050073084,rna10k
0.0107350135,-0.0067730984,rna10k
-0.0027965843,-0.010792946,rna10k
0.005626562,0.019202413,rna10k
0.0050253673,-0.0011346401,rna10k
-0.00041540616,0.00203581,rna10k
-0.006820628,0.0016225539,rna10k
-0.0014288529,-0.032538977,rna10k
0.003469351,0.0013897754,rna10k
0.010535856,0.00787928,rna10k
-0.0040223897,-0.0054400624,rna10k
0.0038723394,0.0029717311,rna10k
-0.004831003,-0.0063799657,rna10k
0.0002678304,0.0026141813,rna10k
0.003462489,0.0030603416,rna10k
0.002382723,0.0017348666,rna10k
0.00017088096,0.0054508834,rna10k
0.0012813688,0.012838246,rna10k
-0.0075918282,0.0044068354,rna10k
0.002790892,0.0012699419,rna10k
-0.006617999,0.0016171666,rna10k
0.004290424,0.0014961783,rna10k
-0.0010004373,0.015446644,rna10k
-0.0056451694,0.010518734,rna10k
-0.010950653,0.021735333,rna10k
0.017890614,-0.0021888274,rna10k
0.0020424267,0.002295254,rna10k
0.0042608706,0.018856823,rna10k
0.0018485918,0.018258957,rna10k
0.024523435,-0.0028720582,rna10k
-0.0008136026,-0.008441776,rna10k
0.0032338307,-0.004023873,rna10k
0.0039813123,0.00042807835,rna10k
-0.0009268702,0.001618748,rna10k
0.0037981179,-0.005913112,rna10k
-0.0027544552,-0.0057739816,rna10k
-0.0011173488,-0.0003122662,rna10k
-0.0039494014,-0.00390214,rna10k
-0.0011822649,0.0021538804,rna10k
-0.004295338,0.010273162,rna10k
0.0038067943,0.0029014845,rna10k
-0.0017921556,-0.004702998,rna10k
0.0066943844,0.0005031178,rna10k
-0.002907038,0.02004978,rna10k
-0.0030261695,-0.005434464,rna10k
-0.0010579453,0.0071043717,rna10k
0.00020998078,-0.022140224,rna10k
0.017369147,0.020696815,rna10k
-0.0015217832,-0.0056347307,rna10k
0.0074165803,-0.0008809397,rna10k
-0.010165266,0.018905606,rna10k
0.0017234875,-0.006408963,rna10k
-0.0017604965,0.016157202,rna10k
-0.015763132,0.0065481844,rna10k
-0.00046451055,-0.0027430085,rna10k
0.015657375,0.01137583,rna10k
-0.004340839,0.0019904764,rna10k
-0.0028038009,0.0019589795,rna10k
0.005017127,0.0020695594,rna10k
-0.0067678248,-0.020901542,rna10k
0.013449969,0.0001727156,rna10k
-0.00498206,0.0020279787,rna10k
0.00021416761,0.0036238933,rna10k
-0.0018736906,-0.005715015,rna10k
0.005632463,-0.004847731,rna10k
6.1171464e-05,-0.0013234706,rna10k
-0.013213736,-0.0034884484,rna10k
-0.00028033985,0.0055459472,rna10k
0.004576299,-0.001770418,rna10k
0.019916743,0.0050163665,rna10k
-0.002133959,-0.00497764,rna10k
0.0047268835,0.0011773169,rna10k
-0.0042306962,0.0019574666,rna10k
-0.0031265784,-0.00017725865,rna10k
-0.0009291772,-0.006032487,rna10k
0.007651766,-0.003907282,rna10k
0.0016761064,0.0015589931,rna10k
-0.0011515395,-0.004875429,rna10k
0.0035921591,-0.0027346432,rna10k
0.0053242054,0.00018223282,rna10k
-0.0038529506,0.011207235,rna10k
-0.008911478,0.002483775,rna10k
0.004133448,-0.0041780113,rna10k
-0.017399805,0.0070876214,rna10k
-0.0054498804,0.0022019376,rna10k
0.00475454,0.002118914,rna10k
0.00015494949,-0.0056015053,rna10k
-0.013711334,0.0053776456,rna10k
-0.011542475,-0.002751832,rna10k
-0.005747562,0.0018708833,rna10k
-0.0036340917,0.0011566074,rna10k
0.0010947052,0.0025327215,rna10k
-0.02382156,-0.0028529668,rna10k
0.0007675234,-0.0036569638,rna10k
0.007680567,-0.0005569067,rna10k
0.013997352,-0.019980742,rna10k
0.0031663103,0.0045343866,rna10k
0.0064276005,0.0007478168,rna10k
-0.0011422307,-0.0057318397,rna10k
-0.02035966,-0.009250087,rna10k
-0.009098499,0.019999154,rna10k
0.0035393431,0.001939151,rna10k
-0.00830072,0.0016967903,rna10k
0.0004945681,-0.022275837,rna10k
0.0031019878,-0.0060399002,rna10k
-0.005615961,0.0112664495,rna10k
0.004737745,0.0028076319,rna10k
-0.0026206137,0.010741184,rna10k
0.0017946026,-8.2953324e-05,rna10k
0.00916546,-0.014475673,rna10k
-0.0007058206,0.0073850118,rna10k
0.00013809525,0.0073227687,rna10k
-0.001521485,-0.0037114099,rna10k
-0.0014789138,-0.0028645638,rna10k
-5.658323e-05,0.0066774026,rna10k
-0.0057423417,0.002128395,rna10k
0.0107625425,0.019458776,rna10k
-0.005979291,0.0055698007,rna10k
-0.010563384,0.0018864973,rna10k
0.0021682417,0.018083384,rna10k
-0.0071700797,0.0014786822,rna10k
-0.008231572,0.02194905,rna10k
0.0007199396,0.0067734015,rna10k
3.346279e-05,0.017994547,rna10k
-0.00062317704,0.0023239786,rna10k
0.0006686954,0.0018886154,rna10k
0.007100304,-0.0013292244,rna10k
0.005153679,0.0010072988,rna10k
-4.8259826e-05,0.0050751553,rna10k
0.009831471,-0.005460027,rna10k
0.006319439,0.00088874757,rna10k
-0.0017536066,0.008168323,rna10k
0.012232204,0.019010853,rna10k
0.008261761,-0.0017820579,rna10k
-0.0034532812,-0.0038644334,rna10k
0.0017369711,0.0017149589,rna10k
0.004448846,0.0008910425,rna10k
0.004636209,0.0023543693,rna10k
0.0010861803,-0.022031343,rna10k
-6.5843786e-05,0.0017201119,rna10k
-0.00078651536,0.0019180406,rna10k
-0.00789295,0.003783885,rna10k
-0.00042708745,-0.004096273,rna10k
-0.003364802,-0.005867617,rna10k
-0.0017793586,-0.0029181447,rna10k
0.0020213434,-0.00492263,rna10k
0.007978852,-0.0015847585,rna10k
-0.0031896273,-0.0074882414,rna10k
0.0027253106,-0.0055266577,rna10k
-0.020614486,-0.0011782823,rna10k
0.02567231,-0.0014564672,rna10k
-0.0005831133,-0.0061676074,rna10k
0.0005763933,-0.0046348716,rna10k
0.0034510011,-0.0042916555,rna10k
-0.0015032496,-0.0062452788,rna10k
-0.0039346577,0.0023673542,rna10k
-0.022659464,0.0019077527,rna10k
-0.008089141,0.0020237693,rna10k
0.003147207,0.0028023538,rna10k
0.0028104107,-0.004869596,rna10k
-0.0036124487,-0.006117265,rna10k
0.0028254415,0.017092232,rna10k
0.005454825,-0.005259962,rna10k
-0.0075118123,-0.0047955564,rna10k
0.0070404094,-0.00048802403,rna10k
0.000686288,-0.0011806436,rna10k
-0.0051256977,-0.0042220796,rna10k
-0.0043509956,-0.004798626,rna10k
-0.0002484933,0.0069554676,rna10k
0.0019573325,0.00025299468,rna10k
-0.0045934645,-0.0037932375,rna10k
0.0039888965,-0.0052250824,rna10k
-0.016819177,-0.026996009,rna10k
0.0041111438,-0.01028246,rna10k
-0.007837218,0.0019473507,rna10k
0.009463506,0.019692792,rna10k
0.010030128,-0.021189455,rna10k
-0.0055450057,-0.0060332,rna10k
-0.005981515,0.02075345,rna10k
-0.01747291,0.0058285766,rna10k
0.0042018713,0.0011792774,rna10k
0.005025108,0.0036274255,rna10k
0.015612893,-0.0059135393,rna10k
0.0058606686,-0.001250629,rna10k
0.00028027306,0.0031850154,rna10k
-0.00020266266,-0.0057740607,rna10k
-0.0075119324,-0.0069288914,rna10k
-3.5171146e-05,0.0020968283,rna10k
-0.0032617296,-0.0037652212,rna10k
-0.0014391509,0.0072563617,rna10k
0.0040560095,-0.0012796291,rna10k
0.0010520145,0.0018507602,rna10k
0.009443309,-0.0035628637,rna10k
-0.000119612785,0.0058712866,rna10k
-0.002810766,0.0018387805,rna10k
0.0014565069,-0.003434915,rna10k
0.0017316834,-0.020348111,rna10k
-0.0015892118,0.0019378804,rna10k
0.0075640054,-0.0016200913,rna10k
-0.0057574436,0.010406712,rna10k
-0.0032267259,0.014579638,rna10k
-0.0036414585,-0.0054789474,rna10k
-0.0012268024,-0.00095439196,rna10k
0.004156373,0.0013317618,rna10k
-0.00083657214,0.0072456994,rna10k
0.00033265547,0.003315491,rna10k
-0.005198258,-0.019948667,rna10k
-0.008272241,-0.0028679434,rna10k
-0.007828452,0.0022232793,rna10k
-0.003931838,-0.00567997,rna10k
0.004247143,-0.0051808297,rna10k
-0.0011581533,0.0006419531,rna10k
0.0038077391,-0.019196842,rna10k
-0.008373621,0.0020806787,rna10k
0.0019991111,0.0020982195,rna10k
-0.0017028581,0.0018737526,rna10k
-0.0009690919,0.0022950799,rna10k
0.004543267,-0.0056250207,rna10k
1.9052924e-05,-0.005126203,rna10k
0.00037955423,0.0019353372,rna10k
-0.0029500357,0.0026475284,rna10k
-0.003655377,-0.006418211,rna10k
-0.0011241391,0.0022645565,rna10k
-0.00095750415,0.0022883925,rna10k
0.029399415,-0.0005737646,rna10k
0.00091103266,0.002651205,rna10k
-0.0037069109,0.0007499168,rna10k
-0.0087480415,-0.006008182,rna10k
-0.0073482078,0.0017054485,rna10k
-0.00025740938,0.006995321,rna10k
-0.0022095093,-0.0049282126,rna10k
-0.0051597487,0.023347937,rna10k
-0.004127373,0.0017570755,rna10k
0.0075858166,-0.00060650165,rna10k
0.005328612,0.0014746146,rna10k
0.0017420087,-0.023244884,rna10k
-0.012212477,-0.009856011,rna10k
0.0022925641,-0.005215925,rna10k
-0.00031990954,-0.015064215,rna10k
-0.0032081946,0.0071592205,rna10k
-0.0009749118,0.007712403,rna10k
0.0070271175,-0.00060468167,rna10k
-0.0006694914,-0.0037104976,rna10k
-0.009270338,0.0053730616,rna10k
0.006378928,-0.00028573925,rna10k
-0.023249768,0.002248555,rna10k
0.009337871,-0.0049060453,rna10k
0.00315809,-0.006231378,rna10k
-9.4993906e-05,0.0069127814,rna10k
0.0030874663,0.0032559005,rna10k
-0.002877691,0.0035823933,rna10k
-0.001777687,-0.004971969,rna10k
0.00093030516,0.0012524076,rna10k
-0.0074513555,-0.006900182,rna10k
-0.0053829723,0.002200902,rna10k
0.0006159179,0.0007192067,rna10k
-0.002739138,0.008492395,rna10k
-0.002018142,0.006963966,rna10k
0.008024508,0.019916149,rna10k
-0.02410502,-0.00035371503,rna10k
0.0018831833,-0.0030360906,rna10k
-0.0132467635,0.005408001,rna10k
-0.021372538,0.00043791477,rna10k
-0.007860744,0.0048582107,rna10k
-0.0011894236,0.006383724,rna10k
0.0029280914,-0.00094731234,rna10k
0.008626883,-0.0042109992,rna10k
0.005539259,0.0015268313,rna10k
0.017142916,-0.005089557,rna10k
-0.0035596597,0.021605348,rna10k
0.0037481766,0.0021917857,rna10k
0.009178483,-0.003160221,rna10k
0.028262408,-0.0008615446,rna10k
0.009003871,-0.00639406,rna10k
-0.008078313,-0.005586783,rna10k
0.0076397294,-0.011246855,rna10k
-0.0030127426,-0.0014940333,rna10k
-0.00884368,0.0015702064,rna10k
0.00095041166,0.0026239012,rna10k
0.0053055254,-0.0038111294,rna10k
-0.0005189792,0.006551973,rna10k
-0.022964997,-0.0041281716,rna10k
-0.0032450024,0.006836383,rna10k
-0.011955443,0.0014565587,rna10k
-0.008954971,0.0018485171,rna10k
-0.0051876274,0.009790667,rna10k
-0.0051232497,0.0018150122,rna10k
0.002056941,0.001568134,rna10k
-0.000947867,-0.020043273,rna10k
0.0015348878,0.0053358185,rna10k
0.006199786,0.0009972722,rna10k
-0.0011721242,0.0018787392,rna10k
-0.008405237,0.0018801877,rna10k
-0.008055699,-0.0052492423,rna10k
0.0043152086,-0.0034060965,rna10k
0.0008706026,0.004328515,rna10k
0.001962912,0.004187992,rna10k
0.00659521,0.0002957043,rna10k
0.013683031,-0.0036452457,rna10k
0.0022246395,0.0024139136,rna10k
0.0020065913,-0.0008336098,rna10k
0.0036470986,-0.0057692737,rna10k
0.00070076715,-0.004644601,rna10k
-0.0017378001,-0.0056577357,rna10k
0.01203199,0.0046174456,rna10k
0.0029263801,0.0022224102,rna10k
-0.0012204243,0.0022522742,rna10k
-0.0038415324,-0.005908673,rna10k
0.0055240314,1.9690478e-05,rna10k
0.005397842,0.0009711898,rna10k
-0.0063075363,0.020125063,rna10k
-0.004163104,-0.020800477,rna10k
0.017268531,0.0020053352,rna10k
-0.0063226875,-0.0021571638,rna10k
-0.0062350836,-0.004147765,rna10k
-0.002004126,-0.006254489,rna10k
-0.057314917,0.00018989648,rna10k
-0.0018810345,0.0017006343,rna10k
0.0017411108,0.0010396807,rna10k
0.008370828,-0.0047873463,rna10k
-0.023226095,-0.0021860658,rna10k
0.007956399,-0.0014262233,rna10k
0.0016524537,0.0020337186,rna10k
0.0038264308,-0.0013902341,rna10k
-0.002920921,-0.0065132845,rna10k
0.0028645615,-0.004583748,rna10k
-1.08063105e-05,0.0004586275,rna10k
0.0019476287,0.0016607982,rna10k
-0.013331824,-0.0067826095,rna10k
0.0012628927,-0.013729491,rna10k
-0.009222098,-0.006712358,rna10k
0.0015497565,-0.0058564963,rna10k
0.013257223,-0.0032626996,rna10k
0.0029588041,0.0021043816,rna10k
0.0032451628,0.0030981626,rna10k
-0.009143428,0.0014075033,rna10k
-0.010090159,0.0013228958,rna10k
-0.00038467767,-0.0048585907,rna10k
-0.0083577875,0.0014051568,rna10k
-0.008840575,0.0014072597,rna10k
-0.0013644319,-0.006213884,rna10k
-0.0008221806,-0.021460442,rna10k
-0.0046118125,0.012644064,rna10k
0.00031776188,0.02211185,rna10k
-0.011068168,0.0010111984,rna10k
0.005017126,-0.0033625718,rna10k
-0.0068154046,-0.021233428,rna10k
-0.0004318841,0.0038587512,rna10k
-0.00010573749,0.016797097,rna10k
0.0012256872,0.0022203445,rna10k
0.0053393524,-0.0043249927,rna10k
0.0032691783,-0.0017495385,rna10k
0.0060876454,-0.0014753608,rna10k
-0.019040387,0.013494465,rna10k
0.05267662,0.0005327499,rna10k
-0.0034910215,-0.0203596,rna10k
0.005789181,-0.0038151834,rna10k
0.00629902,0.008011999,rna10k
-0.0023114276,-0.0024965259,rna10k
-0.003284739,-0.020702826,rna10k
-0.014715371,0.0007961892,rna10k
-0.009487321,0.0016718968,rna10k
-0.0002628007,0.016944923,rna10k
0.0039040202,-0.0038053533,rna10k
0.0005803714,-0.00096440664,rna10k
-0.0021637757,5.2284176e-05,rna10k
-0.001292276,-0.0062915278,rna10k
0.0009685329,-0.0026229443,rna10k
-0.026516622,-0.003517452,rna10k
-0.003307869,0.008467787,rna10k
0.0042916206,0.01027446,rna10k
-0.003993843,-0.00553333,rna10k
0.0038259951,-0.0032914442,rna10k
-0.0033809019,-0.0043477276,rna10k
0.009281171,-0.0057409625,rna10k
0.0018010025,-0.0252493,rna10k
0.00055714,0.000725202,rna10k
-0.016899958,0.020708513,rna10k
0.005346666,-0.0019792016,rna10k
-0.0032073592,0.018726548,rna10k
-0.011205939,-0.0029934768,rna10k
-0.023892961,-0.004973921,rna10k
-0.001003416,0.0027633202,rna10k
-0.0037862537,-0.005417519,rna10k
0.018229323,-0.004247003,rna10k
0.009275906,-0.0015532572,rna10k
0.006052033,-0.0047669853,rna10k
0.0050596166,0.0011288463,rna10k
0.002448488,0.0021846248,rna10k
0.013086785,-0.0071433634,rna10k
-0.004097633,0.007456776,rna10k
0.0020556,0.004125581,rna10k
-0.0064221984,-0.0048303315,rna10k
0.005464721,-0.0015069279,rna10k
0.0024312227,0.0007536697,rna10k
-0.0018096124,-0.0053545567,rna10k
-0.0023302282,0.002954927,rna10k
-0.0042338045,0.007824409,rna10k
0.012775301,0.021170896,rna10k
0.0010906938,0.002225657,rna10k
0.005058439,-0.018691963,rna10k
0.000106571286,-0.004148302,rna10k
-0.02128839,0.0036505011,rna10k
0.0036427113,0.0017375192,rna10k
-0.006549394,0.001926025,rna10k
-0.0005557542,0.001934937,rna10k
0.0074428753,0.0023968618,rna10k
-0.001400549,0.0063180453,rna10k
0.019671561,0.0030964806,rna10k
0.0010077748,-0.0028429078,rna10k
-0.0010464852,0.00097492605,rna10k
-0.0072126477,0.0015165948,rna10k
0.004707343,-0.0018082771,rna10k
0.0017946957,0.00072798715,rna10k
-0.0061720638,0.00197913,rna10k
-0.002193953,0.009787051,rna10k
-0.016092412,-0.0029117996,rna10k
0.004529831,0.018996019,rna10k
0.0076657017,-0.005312948,rna10k
0.0076092305,-0.002527526,rna10k
-0.009765223,0.0017623696,rna10k
-0.020389426,0.014830803,rna10k
0.0051556677,0.00097557314,rna10k
-0.002019271,0.0075425827,rna10k
0.020998957,-0.0017301702,rna10k
-0.0055812597,0.0016692284,rna10k
-0.0027085766,-0.004516068,rna10k
0.005773343,-0.0030384827,rna10k
0.0013599183,-0.0050932593,rna10k
0.0018008418,-0.0060983463,rna10k
-0.0034480873,-0.004344866,rna10k
-0.013121813,-0.0021259405,rna10k
-0.010162284,0.000925798,rna10k
0.009290412,-0.0022279762,rna10k
0.0028666966,-0.004581326,rna10k
0.0021732945,-0.021686766,rna10k
-0.0012229809,-0.006370434,rna10k
0.027606525,-0.00072994677,rna10k
-0.0019658173,-0.0046419105,rna10k
0.004911684,-0.006734052,rna10k
-0.00135583,-0.004250474,rna10k
-0.0047048354,0.011885406,rna10k
0.014525274,-0.005448174,rna10k
-0.005403707,0.0016201591,rna10k
0.0026197054,0.0012217796,rna10k
-0.003861993,0.0067816046,rna10k
0.0050580893,-0.005489744,rna10k
0.011731348,-0.0048748367,rna10k
-0.0024741052,0.007215933,rna10k
0.0014779028,0.0019368631,rna10k
-0.0032562953,-0.014996178,rna10k
-0.04332294,0.0017028583,rna10k
-0.0008116902,0.007700774,rna10k
0.017807728,0.0061518434,rna10k
0.0015993341,-0.019229751,rna10k
-0.0001058218,-0.006140063,rna10k
-0.008891864,0.0013705045,rna10k
0.005626308,-0.005822485,rna10k
-0.004458612,0.011659962,rna10k
-0.0039141807,0.0018125351,rna10k
0.009947445,0.022932228,rna10k
-0.0020944842,-0.00660263,rna10k
-0.005469312,0.02094028,rna10k
0.005162964,0.0014403545,rna10k
-0.0024796852,0.0009549672,rna10k
0.0043405276,0.015136577,rna10k
-0.006145832,0.0020677375,rna10k
-0.0014407393,-0.004659229,rna10k
-0.0015267472,0.0015601164,rna10k
-0.0072597275,-0.0063592573,rna10k
-0.0071413647,-0.0048440224,rna10k
0.0051743784,-0.00056772825,rna10k
0.00039947583,-0.0012079466,rna10k
-0.0036085278,-0.006212416,rna10k
-0.00733761,-0.013530134,rna10k
0.0056546982,-0.0073617958,rna10k
0.0019456949,-0.005985281,rna10k
0.003305372,0.002490891,rna10k
0.006227929,0.0001754335,rna10k
0.0026415468,-0.022419,rna10k
-0.0010822087,0.0019121256,rna10k
-0.0032658535,0.0077235308,rna10k
0.0035911826,-0.0055518937,rna10k
0.004416578,0.017647114,rna10k
-0.007110122,-0.021998083,rna10k
0.007832341,-0.0057743737,rna10k
0.016433194,0.00962735,rna10k
0.0047418964,0.00078695366,rna10k
0.004518279,-0.006263354,rna10k
-0.010335573,0.0018449745,rna10k
-0.007764291,-0.021513876,rna10k
0.0005030487,0.001877008,rna10k
0.007554335,0.015621667,rna10k
0.038245674,0.0033682801,rna10k
0.0040547564,-0.000115943185,rna10k
-0.0123580145,0.0012682576,rna10k
0.002765867,-0.02269338,rna10k
0.0048374813,0.002416321,rna10k
-0.008531803,-0.0060263714,rna10k
0.0011821109,-0.006155559,rna10k
-0.0067582475,0.0018084953,rna10k
0.00634116,-0.0056784935,rna10k
0.022082798,0.0058074337,rna10k
0.0009893302,0.0020416933,rna10k
-0.014526341,-0.0040147086,rna10k
-0.0022099381,0.006825404,rna10k
-0.001356465,0.007978401,rna10k
0.010870568,-0.007527965,rna10k
-0.0011090548,0.017142884,rna10k
-0.0009850803,0.0073974626,rna10k
0.002518043,0.002568684,rna10k
-0.005653869,0.002566138,rna10k
-0.0014228811,-0.0061614052,rna10k
-0.0070460257,0.0015888747,rna10k
0.014772739,-0.020421904,rna10k
0.00044288076,0.002008629,rna10k
0.006263309,-0.0032915708,rna10k
0.003178911,-0.0059315376,rna10k
0.0055934973,-0.0022901862,rna10k
0.0020992733,0.0047388207,rna10k
0.006158538,0.00039977033,rna10k
0.0035261996,-0.020312551,rna10k
0.0012838615,0.016535848,rna10k
0.0045421566,-0.0036606228,rna10k
-0.0046097776,0.0021002803,rna10k
0.0036704417,0.0010392319,rna10k
-0.0013512977,-0.0062355823,rna10k
0.00066906173,0.005541698,rna10k
-0.0019844293,-0.0062333476,rna10k
-0.0011174482,0.01657787,rna10k
-0.007597573,0.002142916,rna10k
0.015138447,-0.004835508,rna10k
-0.0056510638,0.012022435,rna10k
0.0055502607,0.00034998136,rna10k
0.004820687,0.0022202854,rna10k
0.015008548,-0.00547642,rna10k
-0.00039588675,0.0024222264,rna10k
0.009648556,-0.0057466957,rna10k
-0.00991493,0.0017909433,rna10k
0.0055573736,-0.005928098,rna10k
-0.006259665,-0.006674694,rna10k
-0.0028050232,-0.006402999,rna10k
0.0008331294,-0.00557759,rna10k
0.0023779857,0.0055066994,rna10k
0.0034617223,0.018002579,rna10k
0.0009553816,0.0017386819,rna10k
-0.0038432814,0.0019613754,rna10k
-0.016842162,0.010586001,rna10k
0.0017352867,0.0020674758,rna10k
-0.000102563194,0.0062930128,rna10k
-0.0014468817,-0.0032895599,rna10k
-0.00043793797,-0.024135208,rna10k
-0.0023835623,-0.004968933,rna10k
-0.000557773,0.007618035,rna10k
-0.0056163967,0.0019692916,rna10k
-0.0068312753,-0.0060144854,rna10k
-0.0004857972,-0.02041387,rna10k
-2.4134808e-05,-0.020393295,rna10k
-0.00089879584,-0.02169089,rna10k
0.002170664,-0.005988923,rna10k
0.0027770307,-0.0031487031,rna10k
0.004349982,0.0021278996,rna10k
-0.001167912,0.0022539583,rna10k
-0.0039485856,0.0017134156,rna10k
-0.0015563288,0.01501941,rna10k
-0.0022099558,0.00023888196,rna10k
-0.004951644,-0.0063361805,rna10k
-0.025206203,0.005059092,rna10k
0.00094116875,0.004706507,rna10k
-0.0017291054,-0.005738897,rna10k
0.006508309,0.020021968,rna10k
0.0060093477,0.005314818,rna10k
-0.005623164,-0.0055033914,rna10k
-0.005645303,0.013705435,rna10k
0.0036356268,-0.0027875837,rna10k
-0.0015493009,0.022952136,rna10k
-0.022265935,0.0010157231,rna10k
-0.040639903,-0.0064384947,rna10k
0.0024287645,-0.0054609063,rna10k
0.0044146837,0.0041172043,rna10k
0.0034484852,0.0059759556,rna10k
-0.0008539005,0.0036555184,rna10k
-0.0031216212,0.007872656,rna10k
0.008593518,0.0026260098,rna10k
0.0029361015,0.0018914656,rna10k
-0.002404977,0.009147245,rna10k
-0.0081679365,0.020459406,rna10k
-0.0074211657,0.0020547642,rna10k
-0.0067748297,0.0017589646,rna10k
0.011661792,-0.0063745067,rna10k
0.0033983688,-0.0013623454,rna10k
0.0019077071,0.0012759883,rna10k
-0.0027473744,0.018581618,rna10k
0.0052322196,-0.0018771163,rna10k
-0.0050111413,-0.0065806583,rna10k
-0.0043550497,0.013788224,rna10k
0.0028975774,0.0016919845,rna10k
-0.0072079673,0.010321441,rna10k
-0.0026175336,-0.0032121697,rna10k
-0.00534216,-0.0039467,rna10k
0.0012062949,0.0020665969,rna10k
-0.019381369,0.0027400234,rna10k
-0.0045881313,0.011034139,rna10k
-0.0040127914,0.007721937,rna10k
-0.008206585,0.0197553,rna10k
0.0048681903,0.0019230051,rna10k
0.007954631,0.0031733338,rna10k
-0.002984784,0.0074698664,rna10k
-0.0011943677,0.0059356326,rna10k
0.0041991356,0.001925947,rna10k
-0.0035648071,-0.021375585,rna10k
-0.00041393112,0.0052491226,rna10k
-0.009344565,0.00011437341,rna10k
-0.007913481,-0.014789811,rna10k
0.008461673,0.019071775,rna10k
-0.0026148972,0.00803775,rna10k
-0.014674643,-0.010507183,rna10k
0.0002266945,0.0051023946,rna10k
-0.004802997,0.00011262845,rna10k
0.007280822,-0.0022161922,rna10k
0.001513597,-0.00560011,rna10k
0.0024947007,0.0021091893,rna10k
0.0029008938,0.0038646115,rna10k
0.061280765,0.0051360903,rna10k
-0.0009880143,0.0024839167,rna10k
-0.0071241744,0.0022521613,rna10k
0.005723215,0.001725598,rna10k
-0.0017198343,0.022429487,rna10k
0.006116017,-0.0021697506,rna10k
0.004630123,-0.00266033,rna10k
0.0027349626,-0.003430661,rna10k
0.0025294481,0.0025944856,rna10k
0.004360985,0.0184791,rna10k
0.004793705,-0.0054902053,rna10k
0.0024781213,-0.0014539903,rna10k
-0.0029294523,-0.021896495,rna10k
0.0024711897,0.0005362252,rna10k
0.03975014,0.01676336,rna10k
0.0034223993,-0.016606977,rna10k
-0.0018972299,0.007859399,rna10k
-0.0076356446,-0.0057402225,rna10k
0.007267066,-0.0054758927,rna10k
0.0066083963,-0.006910917,rna10k
0.009397113,-0.004454278,rna10k
-0.0041268,0.006503193,rna10k
-0.0012439187,0.0019823743,rna10k
-0.005072253,0.0019463667,rna10k
-0.0008435026,0.0019327315,rna10k
-0.0028880977,0.0016682151,rna10k
0.003138024,0.001470003,rna10k
-0.0027662495,0.008395316,rna10k
0.0020792854,0.0018301301,rna10k
-0.0060686963,0.0021446468,rna10k
0.004027772,0.011419779,rna10k
0.012032477,-0.0146408165,rna10k
0.006949979,-0.0049985154,rna10k
0.000769261,0.002161157,rna10k
0.0071231276,0.019176375,rna10k
-0.000502107,0.0040763775,rna10k
0.0070928605,-0.000604003,rna10k
-0.0018671182,0.0018982891,rna10k
-0.0037373307,0.008134606,rna10k
-0.00271565,-0.0064761685,rna10k
-0.00959882,0.0018890147,rna10k
-0.001998043,0.0025124701,rna10k
0.0061270357,-0.006131624,rna10k
-0.00065915735,-0.005294579,rna10k
-0.018353991,0.0012927359,rna10k
0.00799105,-0.0044038217,rna10k
0.049930032,0.0029567473,rna10k
-0.0051054773,0.02412561,rna10k
0.0062648524,-0.0005001066,rna10k
-0.006815834,-0.007015436,rna10k
-0.00076543615,-0.0012207512,rna10k
-0.003003545,0.0022422012,rna10k
0.0005964055,-0.021112317,rna10k
0.0012977318,-0.005307958,rna10k
-0.0020721473,0.004257589,rna10k
-0.017895095,-0.0034423133,rna10k
-0.001210852,0.008219958,rna10k
-0.0012698583,0.0015102937,rna10k
0.0047775013,-0.00090405846,rna10k
-0.0006724061,-0.0043763835,rna10k
-0.018433884,-0.0028834175,rna10k
0.0046521127,0.0022922624,rna10k
-0.0019390817,0.01500017,rna10k
-0.001784764,0.0066930675,rna10k
-0.012424688,0.0014046066,rna10k
0.00013777605,-0.0052116425,rna10k
-0.010480189,0.003639112,rna10k
0.00020445867,-0.004057187,rna10k
-0.009175423,0.00463631,rna10k
0.003362068,-0.0035407967,rna10k
-0.0028435553,0.008592246,rna10k
-0.0027906478,0.0019318963,rna10k
-0.003694319,-0.0063288077,rna10k
0.0013824482,0.003820284,rna10k
-0.00679744,0.0051251175,rna10k
-0.0035376074,0.009661431,rna10k
0.00953263,-0.021232741,rna10k
-0.0012866472,0.007436772,rna10k
0.002577521,-0.0061542615,rna10k
0.023684556,0.00667424,rna10k
-0.0012966031,0.006841135,rna10k
0.0044312244,-0.0040395223,rna10k
-0.014379559,0.0021191055,rna10k
0.018046746,0.0049806056,rna10k
0.0004809027,0.017552657,rna10k
-0.0001725889,0.0012316245,rna10k
-0.0015971711,0.0019782449,rna10k
-0.007753546,0.0018271548,rna10k
-0.00728079,0.0010861364,rna10k
0.008365029,-0.00077132974,rna10k
0.0023849779,0.0025262674,rna10k
-0.005408294,-0.0039862883,rna10k
-0.00038975978,-0.005015031,rna10k
-0.00534631,-0.0034201676,rna10k
0.005344908,0.00028913308,rna10k
0.031279154,0.008762502,rna10k
0.0077321962,-0.005680285,rna10k
-0.0018406207,0.0025534234,rna10k
0.0060002645,-0.0056295427,rna10k
-0.0068341554,-0.0045625977,rna10k
-0.0027055305,0.007011589,rna10k
0.03586495,0.0029948696,rna10k
-0.0015535065,-0.0062654247,rna10k
0.0064411475,-0.0019852086,rna10k
-0.0025262893,-0.0038105664,rna10k
0.0035315647,0.0026903467,rna10k
-0.0083227195,0.0015603107,rna10k
0.0028849693,0.01707597,rna10k
0.002275813,-0.0034025235,rna10k
-0.012642884,-0.0028223845,rna10k
0.0012344852,-0.00335666,rna10k
0.0021659879,0.0017500505,rna10k
0.013370878,0.0043712948,rna10k
0.002952465,-0.020769125,rna10k
0.0033045607,0.001257003,rna10k
0.021476055,-0.015567617,rna10k
-0.00068604434,0.0019147991,rna10k
-0.0015021423,-0.0018175895,rna10k
0.013155907,0.0018256459,rna10k
-0.009446749,0.0014518886,rna10k
-0.0020521644,0.0018845919,rna10k
0.0059799943,-0.00018059596,rna10k
-0.0023967852,-0.006374288,rna10k
-0.008678349,0.004194953,rna10k
0.007789589,3.7958856e-05,rna10k
-0.0049919197,-0.0011549937,rna10k
0.001415084,0.0019813678,rna10k
-0.0017237405,0.0019565623,rna10k
-0.0061562182,0.001720626,rna10k
-0.0027718684,0.00750612,rna10k
0.011057799,-0.0057944893,rna10k
0.011015689,0.0020264962,rna10k
-0.0032101984,-0.00245399,rna10k
-0.010855086,0.0015123626,rna10k
-6.3672094e-05,-0.020170929,rna10k
-3.0062278e-05,0.006210648,rna10k
0.0052079903,-0.00229558,rna10k
-0.0050554704,0.0017801076,rna10k
-0.006395892,-0.005812773,rna10k
0.0017609182,-0.0053757816,rna10k
0.0008371884,-0.0054556043,rna10k
0.00056756235,-0.0062109437,rna10k
-0.008088199,-0.0062230784,rna10k
0.033294667,0.0032260017,rna10k
0.003782079,0.0022887767,rna10k
-0.001005872,0.006683155,rna10k
0.007975513,-0.0020620574,rna10k
0.012006241,-0.002999685,rna10k
0.005499737,0.019635782,rna10k
-0.0034198274,0.013617604,rna10k
0.00020352565,0.012843295,rna10k
0.012537483,-0.00307107,rna10k
-0.009494684,0.001607539,rna10k
0.003540434,-0.007427559,rna10k
-0.0049400176,0.0010539095,rna10k
-0.0028669776,0.007983602,rna10k
0.00048169485,0.0022403784,rna10k
-0.00040906583,-0.012580327,rna10k
0.0024262057,-0.021718396,rna10k
-0.0028698053,0.026764318,rna10k
0.003478706,0.0026118308,rna10k
0.001537414,0.0020318136,rna10k
-0.0059790383,-0.004396944,rna10k
0.0041943253,-0.022880167,rna10k
-0.008475518,0.0005775129,rna10k
0.013435635,-0.0040297853,rna10k
-0.00094474625,-0.0052991705,rna10k
0.007907932,-0.0049750167,rna10k
-0.0061499886,0.020732779,rna10k
-0.00020922373,-0.0057061366,rna10k
-0.00048236738,0.0064712185,rna10k
-0.001214075,0.0019131615,rna10k
0.009363824,0.020024883,rna10k
0.0005796027,-0.0019525879,rna10k
0.0126423435,0.0044455053,rna10k
-0.0061136736,-0.005123044,rna10k
-0.0060323835,-0.0061372314,rna10k
0.025770012,-0.022410354,rna10k
-0.007162895,-0.0058707558,rna10k
0.0089379065,0.018306844,rna10k
-0.005634953,0.001902246,rna10k
-0.00065906736,-0.005673856,rna10k
0.0059323413,-0.0050291256,rna10k
-0.0023603844,-0.0068841013,rna10k
-0.0039194357,0.001940566,rna10k
-0.0045482814,-0.0058165644,rna10k
-0.014550261,-0.014944184,rna10k
-0.0039539556,0.011872665,rna10k
2.660618e-05,0.0022122355,rna10k
-0.005680873,-0.0033894829,rna10k
0.009555919,-0.0027359284,rna10k
-0.0028221703,-0.0016773402,rna10k
0.0031448272,-0.0016204234,rna10k
-0.00427304,0.009220631,rna10k
-0.0054365206,-0.006243895,rna10k
-0.00795455,0.0014923977,rna10k
-0.00018771675,0.0028278178,rna10k
0.0010333095,0.0025918337,rna10k
-0.002696728,0.00832884,rna10k
0.004044541,-0.0062221806,rna10k
0.00012696294,0.0022913385,rna10k
-1.8750707e-05,0.0017351977,rna10k
-0.0006651787,0.0070639327,rna10k
0.003732033,0.023749718,rna10k
-0.0026847648,0.01265318,rna10k
-0.0097832,-0.0007350074,rna10k
-0.0112055065,-0.0004025847,rna10k
0.0035932614,-0.015622304,rna10k
0.010923153,-0.0034786311,rna10k
-6.842522e-05,0.0020354816,rna10k
-0.041014846,0.0009563538,rna10k
-0.005830789,0.0019248892,rna10k
0.00043791908,0.0021369555,rna10k
0.0028860988,0.0126845,rna10k
-0.015298152,-0.006221615,rna10k
-0.00039095216,0.0034661272,rna10k
0.0062148967,-0.0027152835,rna10k
0.007510935,-0.0071566864,rna10k
0.0013975817,0.0049686073,rna10k
-0.003462587,0.008450608,rna10k
0.0006985373,0.0025873217,rna10k
-0.0064827683,-0.004889984,rna10k
-0.0004441547,0.00072463986,rna10k
-0.005886897,-0.0060895463,rna10k
0.005324244,-0.005126773,rna10k
0.004377383,0.0023794111,rna10k
-0.0069959867,0.00019933686,rna10k
-0.0026130362,-0.004929692,rna10k
-0.0035808368,-0.003290671,rna10k
0.006686297,-0.0012147194,rna10k
0.0034392541,-0.00579445,rna10k
0.004086824,-0.001790295,rna10k
-0.004822068,0.0019238951,rna10k
-0.0011447605,0.01809338,rna10k
0.003581496,-0.0012194962,rna10k
0.004407249,-0.005919816,rna10k
0.00017836544,0.008053404,rna10k
-0.010546164,-0.00643848,rna10k
-7.6823264e-05,0.0065627242,rna10k
0.0032702708,0.004235829,rna10k
-0.0029048142,0.0026177438,rna10k
-0.00084912695,0.0073834145,rna10k
-0.0065082973,-0.0057260133,rna10k
0.0002683655,-0.0055785766,rna10k
6.539316e-05,0.0045960774,rna10k
-0.0050853943,0.009995228,rna10k
-0.010039973,-0.015311005,rna10k
-0.023897557,0.00820518,rna10k
-0.026265396,0.005427757,rna10k
0.0029992526,0.0035587843,rna10k
0.012565751,-0.0038654513,rna10k
-0.001326314,-0.002644826,rna10k
0.0037059775,0.004048239,rna10k
0.00055526866,-0.0060317745,rna10k
0.00593367,-0.0056891455,rna10k
0.005589516,0.0011035638,rna10k
0.0029627446,-0.0025523785,rna10k
-0.0015229248,0.0019486677,rna10k
0.0064426954,0.018859325,rna10k
-0.0029352345,-0.01987048,rna10k
-0.0087353485,0.0013954816,rna10k
-0.006694619,-0.00042831936,rna10k
-0.0031346334,0.008151923,rna10k
-0.0008287746,0.00652096,rna10k
-0.0005780604,-0.0054752002,rna10k
0.0009863208,0.0020131988,rna10k
0.0033776453,-0.010962868,rna10k
0.006520705,-0.009989354,rna10k
0.0057507064,-0.005653482,rna10k
-0.0061377855,0.0016620513,rna10k
-0.0032385788,0.0022284666,rna10k
-0.0016550886,-0.015447522,rna10k
-0.006349249,-0.0060807317,rna10k
0.000153841,0.0023840715,rna10k
-0.008814077,0.0014586403,rna10k
0.0053183674,-0.0057515707,rna10k
-0.001389093,-0.005449171,rna10k
0.004540851,-0.0046322793,rna10k
0.0043137767,-0.0011775543,rna10k
0.0066257296,-0.018268237,rna10k
-0.005496394,0.010440064,rna10k
-0.0053442647,-0.0060779937,rna10k
0.0041852323,0.0014405065,rna10k
0.0061777774,-0.0028327962,rna10k
-0.0009123155,0.002087308,rna10k
0.0030256705,-0.0021181034,rna10k
-0.004084301,0.01017179,rna10k
0.006937436,-0.006626818,rna10k
0.006445711,-0.0010997682,rna10k
0.005595098,0.002597806,rna10k
-0.018055439,-0.0140821785,rna10k
0.006418979,-0.004423012,rna10k
-0.0034904394,-0.0055898693,rna10k
-0.0030761228,0.006888299,rna10k
0.009201472,0.00825738,rna10k
-0.009974031,0.0017005664,rna10k
0.020345565,-0.0020899053,rna10k
-0.020826858,0.014818468,rna10k
-0.0038777692,-0.003092246,rna10k
-0.0006366951,0.001795833,rna10k
-3.0000763e-05,-0.020489266,rna10k
-0.0007150706,-0.005089917,rna10k
-0.0016737473,0.0077306977,rna10k
0.0057242266,0.002437452,rna10k
0.00041963326,-0.003072169,rna10k
-0.0023820067,0.0070771286,rna10k
-0.01722613,-0.0037825075,rna10k
0.019510008,-0.0027881984,rna10k
-0.00084611576,0.0024031044,rna10k
0.0019905327,-0.0011700563,rna10k
0.0037169077,0.0017955371,rna10k
0.004409827,0.0011403697,rna10k
-0.005757363,-0.0013615374,rna10k
5.475467e-05,-0.0045505953,rna10k
0.0064181327,-0.0057128924,rna10k
0.0028666155,-0.0021621867,rna10k
-0.0020920304,0.007580853,rna10k
0.0066114743,0.019011969,rna10k
0.0045727566,0.0014855562,rna10k
-0.00042751955,-0.0055407924,rna10k
-0.0024442568,0.008217938,rna10k
-0.007442365,0.020947019,rna10k
-0.00542351,-0.006748613,rna10k
0.01339288,-0.0003374401,rna10k
0.0036588192,0.003223708,rna10k
-0.0020815239,0.0066143065,rna10k
0.0021872902,-0.0056066196,rna10k
-0.001719727,0.0020603533,rna10k
-0.0012913088,0.004341963,rna10k
-0.0049551004,-0.004962809,rna10k
-0.0073917285,0.0025221675,rna10k
-0.0072268345,0.020231651,rna10k
0.006845362,7.5185286e-05,rna10k
0.0017511819,0.0022818004,rna10k
0.0016659171,0.0035851863,rna10k
0.0019214854,0.0040140566,rna10k
-0.0045082527,0.0075385766,rna10k
-0.0025366165,0.0016171021,rna10k
-0.010843535,-0.0009641513,rna10k
0.0041248826,-0.0016744166,rna10k
-0.0110247275,0.023125788,rna10k
-0.0040609757,-0.004842607,rna10k
0.02084167,0.008312145,rna10k
0.0027839993,0.0019346338,rna10k
0.00028416936,-0.00051716494,rna10k
-0.007536678,0.0017725129,rna10k
-0.019972352,-0.0029597564,rna10k
-0.0008139997,0.0018916386,rna10k
0.017631374,-0.0039493325,rna10k
-0.018760199,0.00026786764,rna10k
0.0009872345,0.0019003088,rna10k
0.0030343402,-0.00018301417,rna10k
0.0017200226,-0.0021778161,rna10k
-0.011948638,-0.02092657,rna10k
0.0039991336,0.017672783,rna10k
-0.012533254,-0.0036355765,rna10k
0.0035081913,-0.024409402,rna10k
-0.0046267062,0.008437493,rna10k
0.0024727646,-0.002185217,rna10k
0.0040067425,0.00081525504,rna10k
0.0074821846,0.0031255605,rna10k
0.00052492943,0.017435301,rna10k
-0.0017116097,0.0025577424,rna10k
0.00078005646,-0.002265062,rna10k
0.00037694236,-0.0033265555,rna10k
-0.017390106,-0.009318163,rna10k
-0.0051429197,0.0065234266,rna10k
0.0016237436,-0.0043486077,rna10k
0.0014333687,0.0020422868,rna10k
-0.001529844,-0.001628311,rna10k
-0.008712235,0.0019473785,rna10k
-0.006739127,0.0018501529,rna10k
-0.002867393,0.0099263815,rna10k
0.023171643,-0.015463461,rna10k
-0.001567826,-0.0025880386,rna10k
-0.002254689,0.0077483896,rna10k
-0.0002756982,0.0065264157,rna10k
-0.0040809675,-0.0048622168,rna10k
0.01482491,-0.020391311,rna10k
-0.019377386,-0.0028936586,rna10k
0.004632152,-0.0038056183,rna10k
-0.008781256,-0.0057322425,rna10k
-0.025773369,0.0007485949,rna10k
-0.0035102284,0.0026130758,rna10k
-0.0020833903,-0.012810274,rna10k
-0.0058416934,-0.00565614,rna10k
-0.0021717092,0.001848211,rna10k
0.0068000015,0.0071254023,rna10k
-0.004524472,-0.004120784,rna10k
0.00030687012,0.024747074,rna10k
-0.00035198286,0.015730802,rna10k
-0.0013116868,0.0056910114,rna10k
0.005095078,0.0022514942,rna10k
0.0023897202,0.0016427571,rna10k
-0.0039180685,-0.005119348,rna10k
0.0086958045,-0.0068116165,rna10k
-0.0001532509,-0.019287711,rna10k
0.0026076615,-0.002347881,rna10k
-0.014609659,-0.008855614,rna10k
-0.0012901835,-0.020702496,rna10k
0.0013763739,-0.010483761,rna10k
-0.004398592,-0.005059579,rna10k
-0.00088276324,0.007068515,rna10k
0.003279936,0.0016463421,rna10k
0.0046849814,0.0018923519,rna10k
-0.0013134509,0.0019666692,rna10k
0.0045617456,0.002392017,rna10k
0.001263642,-0.021352686,rna10k
-0.0034330727,-0.0060532177,rna10k
-0.0042002704,0.01081752,rna10k
0.003038062,0.0033446613,rna10k
-0.004496089,0.021145592,rna10k
-0.00045434476,0.0053311996,rna10k
0.00058972975,-0.0057365517,rna10k
0.00012797656,0.0020645806,rna10k
0.010538304,0.019450553,rna10k
0.0028730906,0.0094386535,rna10k
0.0076943664,-0.006438952,rna10k
-0.0003262538,0.0104132965,rna10k
0.006084525,-7.3170006e-05,rna10k
0.0130760595,-0.0054530306,rna10k
0.0014343739,-0.0027707398,rna10k
-0.023928814,-0.0025845177,rna10k
-0.009500461,3.935152e-05,rna10k
-0.006776548,-0.0053698225,rna10k
-0.0049315086,0.0017118335,rna10k
-0.0050547062,0.016039696,rna10k
0.0040710494,0.0020216212,rna10k
0.003100925,-0.00522066,rna10k
0.011666556,0.0029281068,rna10k
-0.00027188048,0.0019882605,rna10k
0.0047798846,-0.006015183,rna10k
-0.010700126,0.0010988564,rna10k
0.00024401948,-0.005445644,rna10k
-0.006690886,0.0020039375,rna10k
0.008383533,0.01945719,rna10k
-0.0019909488,0.0073836152,rna10k
-0.0005847461,0.0063404865,rna10k
-0.0023824142,0.008318908,rna10k
-0.0010329846,0.006320395,rna10k
0.011919857,-0.01922993,rna10k
-0.005564711,0.0013116722,rna10k
-0.009710077,0.00014812926,rna10k
0.0026135822,0.0015689599,rna10k
0.0034220451,0.0013186805,rna10k
-0.001454618,-0.018201182,rna10k
-0.007766769,0.0020785092,rna10k
0.0008207126,0.021528596,rna10k
-0.005245838,0.0021879615,rna10k
-0.0010642095,-0.0060262303,rna10k
-1.3963006e-06,0.002133908,rna10k
-0.0008538042,0.006197064,rna10k
-0.0019624864,0.0020534487,rna10k
-0.004893206,-0.00546359,rna10k
-0.0023837532,-0.020114258,rna10k
0.0060728635,-0.0029241412,rna10k
0.014451591,-0.010917972,rna10k
0.00025066198,0.0006192861,rna10k
-0.0068468796,0.0016738657,rna10k
-0.003961625,-0.004272682,rna10k
0.0035304504,0.018230822,rna10k
0.0006757233,0.001564109,rna10k
-0.002624559,-0.00643193,rna10k
-0.0022968063,-0.0046379366,rna10k
-0.0011799096,0.007802211,rna10k
0.0028433625,0.0023945859,rna10k
-0.0030373211,0.0019141828,rna10k
-0.0028064568,0.002106313,rna10k
-0.027592223,0.0006836334,rna10k
-0.0026960806,-0.02121666,rna10k
0.0031552666,-0.0017083053,rna10k
-0.0054677026,0.002210276,rna10k
-0.0018119689,0.006126131,rna10k
-0.00095407665,0.022388952,rna10k
-0.017372036,-0.003958254,rna10k
0.016668148,0.02070153,rna10k
-0.0023017337,0.007812397,rna10k
0.0012350949,0.002446741,rna10k
-0.004343086,0.012516756,rna10k
0.0046782736,-0.005761195,rna10k
-0.007966571,0.0016596445,rna10k
-0.004036441,0.011304906,rna10k
0.002695782,0.0027671447,rna10k
-0.0025555815,-0.0043303478,rna10k
-0.0017080653,-0.0051334184,rna10k
0.0031695021,0.001248913,rna10k
-0.00019482338,-0.00561965,rna10k
-0.015072053,-0.003261947,rna10k
-0.013502469,0.0018319833,rna10k
-0.0005035751,0.008234428,rna10k
0.018283933,0.0051167784,rna10k
-0.006509211,0.0018468194,rna10k
0.002503263,0.0020919123,rna10k
-0.0060919,-0.0009849909,rna10k
0.0031723788,-0.0051431484,rna10k
0.005213341,-0.00091354153,rna10k
0.006024538,0.019083241,rna10k
0.0012736798,0.0020923351,rna10k
0.0039541754,-0.004277132,rna10k
-0.003163559,-0.0055614207,rna10k
-0.012668698,0.001973679,rna10k
-0.003141787,-0.0025645017,rna10k
-0.0057451245,-0.005295303,rna10k
0.0019068569,0.0029150203,rna10k
-0.0004784516,0.0022990291,rna10k
0.015693044,-0.013610552,rna10k
-0.00037597652,-0.0028462384,rna10k
-8.5802734e-05,-0.0058475914,rna10k
0.003896036,-0.0048042336,rna10k
0.00819551,0.00083344814,rna10k
-0.0059291474,-0.023047272,rna10k
0.004040452,0.0022120965,rna10k
-0.00527175,-0.0036256353,rna10k
-0.0054141325,0.011574165,rna10k
0.0029791563,0.004288737,rna10k
0.011727067,0.019867696,rna10k
0.033682354,0.00053730793,rna10k
0.008323102,-0.002278503,rna10k
-0.021663895,-0.0028045077,rna10k
-0.004490842,0.0018319843,rna10k
0.004450384,0.00012194848,rna10k
-0.0012095586,-0.0008628915,rna10k
0.0077020074,-0.0026251061,rna10k
0.004235763,0.0013870947,rna10k
0.002527634,0.0025707455,rna10k
-0.004908404,0.021437798,rna10k
0.0019092145,0.0020869134,rna10k
0.0077612423,-0.0045206207,rna10k
-0.0025801808,-0.0060265893,rna10k
0.02039238,-0.013826273,rna10k
0.0041070813,0.0019400659,rna10k
0.0047738864,0.0020666798,rna10k
0.0007989491,0.0018979709,rna10k
9.210209e-05,-0.0056679077,rna10k
0.0118625015,-0.005629662,rna10k
0.00471959,0.0015707448,rna10k
0.0064639705,-0.013465585,rna10k
-0.010320245,0.0013881767,rna10k
0.0039441204,-0.0017510843,rna10k
0.0023081233,-0.0061502215,rna10k
0.0023927235,-0.00061329297,rna10k
-0.002537418,0.0203943,rna10k
-0.022608347,0.000968122,rna10k
0.00669561,-0.003736109,rna10k
-0.0016848337,0.0038922445,rna10k
0.0002771694,0.0066695027,rna10k
0.0005421554,-0.0025829407,rna10k
0.0028420263,0.0014471526,rna10k
0.0057311496,-0.000607614,rna10k
-0.0065038167,0.012878418,rna10k
-0.0034550969,-0.0024656279,rna10k
-0.004278044,0.0030430683,rna10k
0.0019609786,0.007714804,rna10k
-0.0075792363,0.005317682,rna10k
-0.008095984,0.001991763,rna10k
-0.009154796,-0.0063933325,rna10k
-0.0050903414,0.0023276852,rna10k
-0.007494371,-0.0059387893,rna10k
-0.027493466,0.0133793475,rna10k
-0.008454298,-0.002364977,rna10k
-0.0065958,0.001964421,rna10k
0.0048367893,0.0008181129,rna10k
0.0015564066,0.002255149,rna10k
-0.00263325,0.0011763228,rna10k
-0.0026162635,0.002017127,rna10k
-0.0012801313,0.015599561,rna10k
-0.0015297306,-0.0031251016,rna10k
-0.005394951,0.00032941578,rna10k
0.0056381566,0.0011294248,rna10k
0.0041070203,-0.0063080383,rna10k
4.5865025e-05,0.0029923182,rna10k
0.0019625956,0.0117706815,rna10k
-0.011812663,-0.012421667,rna10k
0.003912692,0.0017027383,rna10k
0.01654919,0.0057723466,rna10k
-0.0010100785,0.0024296944,rna10k
6.6115535e-05,-0.02142222,rna10k
-0.015589567,-0.0027840969,rna10k
0.0035030665,-0.0047859885,rna10k
-0.002400876,0.00762174,rna10k
-0.00056913646,-0.0055930205,rna10k
-0.0040780543,0.0033327308,rna10k
0.0053717117,-0.0030521622,rna10k
0.005227908,0.002049832,rna10k
0.0057692775,-0.001308213,rna10k
-0.003485457,-0.0063071717,rna10k
0.00629843,-0.019982995,rna10k
0.005722483,0.003330351,rna10k
-0.0023708737,0.007931052,rna10k
-0.0047439574,0.005957165,rna10k
0.007227659,0.0073179286,rna10k
-0.00055414054,0.0020473523,rna10k
0.021664517,-0.023573594,rna10k
0.006429041,-0.0018448645,rna10k
-0.0040648966,-0.003940025,rna10k
0.006223324,0.0005211123,rna10k
-0.0009919936,-0.003468776,rna10k
-0.00022559683,0.0020457825,rna10k
-0.0077266097,0.0015201446,rna10k
0.0008162922,-0.0026630128,rna10k
0.006633235,0.0007006368,rna10k
-0.0044508665,0.011042079,rna10k
-0.0008308196,0.0023561055,rna10k
-0.0035634362,-0.0048058257,rna10k
0.006259709,0.0010425904,rna10k
0.0026780905,-0.0030338042,rna10k
-0.02336636,-0.0035218883,rna10k
-0.04494376,0.0016564676,rna10k
-0.0019878733,-0.021586044,rna10k
-0.009731034,0.0013753573,rna10k
0.015807299,-0.01993099,rna10k
0.0021995099,0.0025135532,rna10k
0.0008024558,0.006114733,rna10k
-0.0015441207,0.002152004,rna10k
-0.004939917,0.009646927,rna10k
-0.0018221824,0.0070745423,rna10k
-0.0037985875,-0.00398115,rna10k
0.0051364927,0.0021466587,rna10k
0.0019343642,-0.001140072,rna10k
-0.0039959867,0.007862707,rna10k
-0.009030812,0.0016394254,rna10k
-0.00413891,-0.0048592356,rna10k
-0.008105845,0.0016815404,rna10k
-0.0057611074,-0.0051150452,rna10k
-0.00836169,-0.00018494895,rna10k
0.0059838262,0.019612864,rna10k
-0.0058371476,-0.006179609,rna10k
0.008094122,-0.0012013091,rna10k
-0.0046777474,0.01344225,rna10k
0.00958607,-0.005635136,rna10k
-0.003306783,0.0063377516,rna10k
-0.0029397316,0.0018124847,rna10k
0.04373478,0.0025682054,rna10k
0.010613311,0.0033237447,rna10k
-0.005398538,-0.016333789,rna10k
0.006750597,-0.0051492117,rna10k
0.008426206,-0.00035316986,rna10k
0.0060328487,-0.0014104579,rna10k
-0.0043229028,-0.0062623755,rna10k
0.0001484001,0.0019640652,rna10k
0.002978018,-0.00607176,rna10k
-0.0008881332,0.022953458,rna10k
-0.006115983,0.011070969,rna10k
-0.0049049696,-0.0062820166,rna10k
-0.001394661,0.007311471,rna10k
-0.034696978,0.0010729235,rna10k
0.004001397,0.00067494804,rna10k
-0.0024435483,0.0067470437,rna10k
-0.005526512,-0.0060714516,rna10k
-0.001588569,0.0073991516,rna10k
-0.004736503,-0.013982515,rna10k
-0.003453669,0.014313132,rna10k
0.0032755563,0.0016520309,rna10k
0.00533486,0.007896942,rna10k
0.0039233775,-0.0054721185,rna10k
-0.007549966,0.0017656618,rna10k
0.0018994824,-0.022016529,rna10k
0.0031073887,-0.0014700472,rna10k
0.0011228898,0.0014854326,rna10k
-0.0011032983,-0.022965781,rna10k
0.005059055,0.0005057961,rna10k
-0.0047430536,0.0016457991,rna10k
0.0034559257,-0.021838533,rna10k
0.0011554979,-7.3338015e-05,rna10k
0.00080464367,-0.01996327,rna10k
0.0018383515,0.0024439916,rna10k
0.002057886,-0.020302057,rna10k
0.007336834,-0.0014559284,rna10k
-0.0008456382,-6.1227256e-05,rna10k
-0.006932823,0.00070656254,rna10k
0.0028637857,-0.00011163994,rna10k
0.0032707192,-0.020787217,rna10k
0.003250868,-0.021312911,rna10k
-0.0015268903,-0.0023903823,rna10k
0.008964936,-0.0041043027,rna10k
0.004451892,0.00040065634,rna10k
-0.008351844,0.0018233409,rna10k
0.0020333151,0.0058264392,rna10k
0.0015961837,-0.0008757315,rna10k
-0.0030632291,0.00693145,rna10k
-0.00029930132,0.0020233325,rna10k
-0.0051240916,0.006771777,rna10k
-0.004509119,-0.022358049,rna10k
-0.017570892,-0.0067882203,rna10k
-0.00044419256,-0.0036661965,rna10k
-0.0012321118,-0.0010647081,rna10k
0.0041227243,-0.002079876,rna10k
0.0036046365,0.002452462,rna10k
-0.010391258,0.0014465811,rna10k
-0.0008375328,0.005486537,rna10k
0.0028860925,0.001231871,rna10k
0.0069247806,-0.0022568963,rna10k
-0.002047008,0.0077375276,rna10k
-0.004240955,0.0019024608,rna10k
0.0057129636,0.019710109,rna10k
-0.0018388493,0.008810267,rna10k
-0.0017683887,0.015413282,rna10k
-0.036795262,0.0014988605,rna10k
-0.0005035088,-0.0027556447,rna10k
0.057263367,0.00489542,rna10k
0.011965633,-0.007051672,rna10k
0.0010329646,0.005245799,rna10k
-0.0024243398,0.007538144,rna10k
0.001868027,0.001828159,rna10k
0.002017102,-0.00159125,rna10k
0.0055407966,-0.004152005,rna10k
0.0044495263,0.0025956978,rna10k
-0.010239605,-0.0030236735,rna10k
-0.0027172484,0.0076115374,rna10k
0.0026674978,0.0020344763,rna10k
0.0041750744,0.002302663,rna10k
-0.00049082446,0.0053033093,rna10k
-0.004278203,-0.002876861,rna10k
-0.0027414428,-0.005356317,rna10k
0.0066266977,-0.00093128614,rna10k
0.002357907,-0.015852716,rna10k
-0.023941413,-0.0024842704,rna10k
0.0021804415,-0.0007666432,rna10k
0.0025517573,-0.0035015568,rna10k
-0.0034231248,0.0013585067,rna10k
0.008861078,-0.0068030427,rna10k
0.003014479,0.0020852585,rna10k
-0.010033096,0.0011850527,rna10k
0.0020286427,-0.003569205,rna10k
-0.00199641,0.010774552,rna10k
-0.0024307342,0.007010108,rna10k
-0.00462831,-0.0025399318,rna10k
0.004043223,-0.004312198,rna10k
-0.005801874,0.0018634937,rna10k
-0.018881354,-0.002272843,rna10k
0.00013367708,-0.004690453,rna10k
-0.0006288857,-0.0051249764,rna10k
-0.0020304297,0.005062459,rna10k
-0.007333177,0.0017327508,rna10k
0.017202724,0.00512407,rna10k
-0.017481785,-0.0043360936,rna10k
-0.004176288,0.0019250527,rna10k
-0.007377579,-0.0054023066,rna10k
-0.0035510187,-0.0093912305,rna10k
-0.008989724,0.0018393262,rna10k
0.025665835,-0.011751756,rna10k
0.0006317778,0.006839758,rna10k
-0.0049462286,0.010772659,rna10k
-0.004272414,0.008338106,rna10k
-0.0014569075,0.006889215,rna10k
0.008663767,-0.0024075177,rna10k
0.0046173935,0.0034769638,rna10k
0.00021680661,-0.022343885,rna10k
0.0075458963,-0.0011529571,rna10k
-0.003936246,-0.02155864,rna10k
0.001078592,0.0019282765,rna10k
-0.002868065,0.007538367,rna10k
-0.0005706691,-0.020591525,rna10k
-0.004223444,0.001582299,rna10k
0.004656802,-4.8176e-05,rna10k
-0.0022171272,-0.006749099,rna10k
0.0014426926,-0.004483765,rna10k
6.974642e-05,0.0054765604,rna10k
0.010882617,-0.013929668,rna10k
-0.008833603,0.0012946865,rna10k
0.004041054,0.0012119341,rna10k
-0.0004569042,0.005961519,rna10k
0.00066203775,0.0022211196,rna10k
-0.0022263972,-0.020434244,rna10k
-0.014280649,-0.008550995,rna10k
-0.0068037193,-0.00017962097,rna10k
-0.004447981,0.021118533,rna10k
0.0079469085,-0.0059941495,rna10k
0.0054596625,0.01851282,rna10k
-0.0071099983,-0.00485328,rna10k
0.0062131123,0.0011534506,rna10k
-0.018379906,-0.022770008,rna10k
0.0014671896,-0.021285754,rna10k
0.008122855,0.0188448,rna10k
-0.0047305953,-8.683184e-05,rna10k
-0.002491258,-0.0042645587,rna10k
-0.0036743798,-0.003687776,rna10k
-0.007033972,0.005326664,rna10k
-0.0021769153,0.021367332,rna10k
0.0013984262,0.0018224923,rna10k
-0.0020712807,0.018898752,rna10k
-0.007984101,-0.006405012,rna10k
0.00082092173,0.0031991813,rna10k
0.00645345,-0.0019004585,rna10k
-0.00013706274,-0.0025074424,rna10k
0.001310881,0.0017177793,rna10k
-0.0059797,0.0018609223,rna10k
0.0012491792,-0.006141872,rna10k
-0.001751413,0.0076014,rna10k
0.006595865,-0.0055726464,rna10k
-0.0059438418,0.0018422309,rna10k
-0.00035282556,0.005795476,rna10k
0.009754628,-0.0021161616,rna10k
-0.0018960085,-0.0052321935,rna10k
-0.0018145583,0.0071370453,rna10k
-0.017288305,-0.0021681665,rna10k
0.0042625833,0.0023425072,rna10k
-0.0035603778,-0.002913252,rna10k
-0.0022442432,-0.0052392376,rna10k
-0.0024180468,-0.0063145524,rna10k
-0.02075727,-0.00036504446,rna10k
0.0027683866,-0.005882687,rna10k
0.008220984,-0.0018404978,rna10k
-0.0015726762,-0.006419198,rna10k
0.0032635417,3.7026555e-05,rna10k
0.0012609607,0.0017528455,rna10k
-0.008377876,0.02064786,rna10k
-0.008816318,0.0024087785,rna10k
-0.0033031108,0.0025786478,rna10k
0.0017777696,0.019234437,rna10k
0.0029456017,0.005274044,rna10k
-0.0010293691,0.0021507854,rna10k
-0.00726436,0.02222398,rna10k
0.0057099215,0.002203543,rna10k
0.0071807057,-0.00333148,rna10k
-0.0020344546,0.008044679,rna10k
-0.0033151414,0.0024724647,rna10k
-0.009116488,0.017987074,rna10k
-0.0011206646,-0.004886494,rna10k
-5.5530076e-05,0.0060977405,rna10k
-0.0009724449,-0.023987973,rna10k
0.014367014,-0.002942841,rna10k
-0.0043627126,0.021917652,rna10k
-0.0028642789,-0.006269682,rna10k
-0.001485466,-0.0044786455,rna10k
-0.014335598,0.010112873,rna10k
0.0045349924,0.0008845816,rna10k
-0.0010120027,0.005235263,rna10k
-0.016987154,0.0084237205,rna10k
-0.0027438703,-0.00627493,rna10k
-0.004159626,-0.0056167413,rna10k
0.00038069877,-0.0006501339,rna10k
-0.00047898648,-0.0020528617,rna10k
0.0061166803,0.01917046,rna10k
-0.0023028408,-0.00043114048,rna10k
-0.008351407,0.0012139718,rna10k
-0.0025346912,-0.019155717,rna10k
0.0008784597,-0.0056495457,rna10k
-0.005216737,-0.006513877,rna10k
-0.004275553,0.0016570727,rna10k
0.005511282,-0.0060373237,rna10k
-0.00073316804,-0.0050283647,rna10k
-0.0054365946,-0.004619867,rna10k
-0.00393026,-0.005284056,rna10k
0.0034547176,0.0017320948,rna10k
0.0051287995,0.0005277829,rna10k
-0.004657092,0.01107177,rna10k
-0.003137028,-0.0051856376,rna10k
-0.0025973304,0.007792946,rna10k
-0.008994148,0.0016662879,rna10k
0.0052717654,0.018711535,rna10k
0.00083454675,0.0025788827,rna10k
0.001229742,0.0020565542,rna10k
0.0035904744,0.002432305,rna10k
-0.0010852332,-0.019963276,rna10k
0.002677057,-0.005592826,rna10k
0.001922545,0.0020119362,rna10k
0.0011522782,-0.0036425125,rna10k
0.017854951,-0.004042321,rna10k
-0.009227872,-0.007175684,rna10k
-0.00082345505,-0.018984288,rna10k
0.00534247,0.00060782727,rna10k
0.003249968,-0.0035021852,rna10k
-0.026082158,0.00054414215,rna10k
0.0059302864,-0.0014711719,rna10k
-0.009720954,0.0012854247,rna10k
-0.002237062,-0.0042303475,rna10k
-0.0028003056,0.0019499253,rna10k
-0.003606806,-0.0060605416,rna10k
0.003909831,-0.024193704,rna10k
-0.0071402383,-0.0056930506,rna10k
-0.009257256,0.021587182,rna10k
-0.010468599,0.0012218878,rna10k
-0.0069145923,0.0016334625,rna10k
0.009700878,-0.005346793,rna10k
-0.006381132,0.004387258,rna10k
-0.0002456502,0.015291891,rna10k
-0.0053581605,0.005171201,rna10k
0.004217393,-0.022065805,rna10k
-0.01110673,-0.005910968,rna10k
0.0051369914,-9.591329e-05,rna10k
-0.0060431547,0.0022330065,rna10k
4.8032456e-05,0.002375441,rna10k
-0.0002239669,-0.022400323,rna10k
0.0026136835,0.0017836804,rna10k
-0.0048351637,0.0017912139,rna10k
-0.0001323248,-0.0016879763,rna10k
0.015763361,0.0040928796,rna10k
-0.0007619635,-0.0013681573,rna10k
-0.004348201,-0.0031754961,rna10k
-0.002840206,-0.0004928353,rna10k
-0.016051328,-0.008152894,rna10k
0.0006576258,-0.024162326,rna10k
-0.008641901,-0.010865878,rna10k
0.016399862,-0.022351833,rna10k
-0.0040627485,0.0017435366,rna10k
-0.0015184109,0.0070147556,rna10k
0.0055048736,-0.0027862673,rna10k
-0.0045863898,0.010147625,rna10k
0.0008745753,0.005016102,rna10k
0.008429827,-0.0049597854,rna10k
-0.004742302,-0.003660291,rna10k
-0.03078509,0.003385074,rna10k
0.004981742,0.0009123472,rna10k
-0.0034140644,0.0022703537,rna10k
-0.0068478417,0.005779721,rna10k
0.003078951,0.0017097385,rna10k
-0.0031011566,0.0015537799,rna10k
-0.005610595,0.021776974,rna10k
-0.012766021,-0.005846745,rna10k
-0.0019746108,-0.020447265,rna10k
0.029055374,-0.00060468336,rna10k
-0.0022479084,-0.005100761,rna10k
-0.015758928,-0.0033668394,rna10k
-0.0045853658,0.00952596,rna10k
0.00010123726,-0.0028664486,rna10k
0.0035307433,0.004085185,rna10k
-0.001866553,-0.0048260805,rna10k
0.005992997,-0.0052704667,rna10k
-0.0030696013,0.002193644,rna10k
-0.0025700636,0.0076859985,rna10k
0.0014750764,0.0018892894,rna10k
-4.9874383e-05,-0.0034127852,rna10k
-0.005991817,-0.0036107046,rna10k
0.0023057754,-0.00544414,rna10k
-0.0027198244,0.008697113,rna10k
0.0036878122,-0.0014748413,rna10k
-0.009738944,0.01857392,rna10k
0.004170851,-0.0007261507,rna10k
-0.0038757303,-0.005431616,rna10k
-0.010629767,0.0010998992,rna10k
0.0027283623,0.0019096676,rna10k
0.005863061,0.00081934914,rna10k
0.028211301,-0.0003903638,rna10k
-0.00061741815,0.008552933,rna10k
-0.0044859895,0.007715175,rna10k
0.012166262,-0.0058087423,rna10k
0.011695111,-0.0057248203,rna10k
0.002767599,0.0008968503,rna10k
-0.0058146166,-0.0038794393,rna10k
-0.0027162966,-0.0024309289,rna10k
0.044325884,0.003079185,rna10k
-0.0057396023,0.019770874,rna10k
-0.0040151924,0.0047749938,rna10k
-0.0044492385,0.021623125,rna10k
-8.915357e-05,-0.0019807105,rna10k
-0.003107704,-0.00597898,rna10k
-0.0013836086,0.006144225,rna10k
0.0056626373,-0.004222371,rna10k
-0.017501235,-0.0026327784,rna10k
0.005245867,-0.00599868,rna10k
9.2093826e-05,0.005232149,rna10k
-0.0054004854,-0.005389003,rna10k
0.004722661,0.0017354874,rna10k
-0.0038628753,-0.0038533083,rna10k
-0.004045939,-0.02172346,rna10k
-0.00047849258,-0.005982548,rna10k
0.006805949,-0.0028354975,rna10k
-0.004543953,0.0024124007,rna10k
-0.0009073788,-0.0058559217,rna10k
-0.00033509807,0.0071258736,rna10k
-0.0019122859,0.0076231332,rna10k
-0.0011183944,0.0068240413,rna10k
0.0019203523,0.004839476,rna10k
-0.00017637346,-0.0036132943,rna10k
0.0044657746,0.021754663,rna10k
0.012992564,-0.032127835,rna10k
0.00015309583,-0.0059554656,rna10k
0.0009035013,-0.022061972,rna10k
0.030440753,0.014915041,rna10k
0.04193547,0.00091384473,rna10k
-0.0023221432,-0.006193643,rna10k
0.007304522,-0.000911904,rna10k
0.0010292318,0.016473211,rna10k
0.0035146303,0.0022113482,rna10k
-0.007365376,-0.0050447765,rna10k
0.00080201507,-0.0019268679,rna10k
-0.0046256385,-0.006012919,rna10k
-0.0010726332,0.0016842744,rna10k
-0.0033632363,0.0021542008,rna10k
0.0029926028,0.0024130577,rna10k
-0.004954058,-0.004069376,rna10k
0.0036306009,-0.0062559256,rna10k
0.0017504017,-0.000845603,rna10k
0.0022560162,0.0020416114,rna10k
0.0010083504,0.0022246158,rna10k
0.0024450172,0.0022572917,rna10k
-0.0066413786,0.02022031,rna10k
-0.001270809,0.0070852553,rna10k
-0.0053020455,0.0075527555,rna10k
-0.0059688464,0.020893948,rna10k
0.0022251538,-0.0052212784,rna10k
-0.003094587,-0.0061320346,rna10k
0.005379076,0.0007256724,rna10k
0.0010925885,-0.0011836654,rna10k
0.00237029,0.0023761957,rna10k
-0.00845982,-0.005214441,rna10k
-0.0019331151,0.022073999,rna10k
0.005942528,-0.005150031,rna10k
-0.00956325,0.0014288449,rna10k
0.004042928,0.0019467239,rna10k
-0.0025736492,-0.004824775,rna10k
0.0025162802,0.0017775336,rna10k
0.004336908,0.00023902215,rna10k
-0.004174531,0.007152771,rna10k
-0.0024977853,-0.002153971,rna10k
-0.0040811095,-0.006270941,rna10k
-0.0019208463,0.002232146,rna10k
-0.001917092,0.0025992843,rna10k
-0.008933821,0.0012316416,rna10k
-4.0584578e-06,-0.0018285349,rna10k
0.005129844,0.007021277,rna10k
0.012213286,-0.006566959,rna10k
-0.01331601,-0.00022066144,rna10k
0.018433105,-0.0046329554,rna10k
0.0046618073,-0.0050339797,rna10k
-0.002852427,-7.198878e-05,rna10k
-0.0076395595,-0.006211521,rna10k
-0.0003476698,-0.0064681163,rna10k
-0.0367585,0.0011798675,rna10k
0.0015459344,0.0023781245,rna10k
0.0021607028,0.0017467206,rna10k
-0.0052022,0.02231783,rna10k
0.0024363454,0.002280691,rna10k
-0.0025795444,-0.006247414,rna10k
-0.001577944,0.0020471597,rna10k
0.0010775587,0.002394052,rna10k
-0.0030949088,0.007911655,rna10k
-0.0039966037,-0.0043312167,rna10k
-0.0023050695,0.007845294,rna10k
-0.0025576463,-0.02066541,rna10k
0.0021597315,-0.0057698404,rna10k
-0.016456421,0.0010478647,rna10k
0.0064862166,-0.0057758056,rna10k
0.014121604,-0.00663778,rna10k
-0.009052782,0.0012058506,rna10k
0.0029274926,0.0022611246,rna10k
0.0036217144,-0.004346821,rna10k
-0.0049435548,0.010487285,rna10k
-0.0023153806,0.008021904,rna10k
-0.0028272562,0.006710932,rna10k
-0.00037795075,0.0066839936,rna10k
-0.0004910065,0.0062802746,rna10k
-0.0060710385,-0.006293897,rna10k
0.0010596031,0.0042821816,rna10k
-0.0019542885,-0.019064292,rna10k
0.0058632153,0.0008378264,rna10k
-0.0029915348,-0.004677229,rna10k
-0.0036646137,0.0020567402,rna10k
0.0025716054,0.0023201033,rna10k
0.0047716084,0.017570935,rna10k
0.0020079797,-0.002594455,rna10k
-0.0022598726,0.007949773,rna10k
0.0071034785,-0.0025426636,rna10k
0.009960928,0.018542606,rna10k
-0.001393337,0.0023493017,rna10k
-0.00023823603,-0.0047951415,rna10k
0.040265933,0.0005952476,rna10k
-0.0009086045,0.0072016995,rna10k
0.0044207424,0.0070019523,rna10k
-0.0067382767,-0.005473601,rna10k
0.002305455,0.0029448913,rna10k
-0.0028869088,0.021890415,rna10k
-0.0061858846,0.016919263,rna10k
-0.0029358289,0.006932517,rna10k
0.005268657,-0.0054203905,rna10k
-0.0021103923,0.0018733952,rna10k
-0.0057417797,0.0016487356,rna10k
-0.003847152,0.008048365,rna10k
0.0015510711,0.005213423,rna10k
0.0004104178,0.017816562,rna10k
0.006966359,-0.002468027,rna10k
-0.009665106,0.0014660459,rna10k
-0.00012798973,0.0016958178,rna10k
0.0047468785,0.0016200481,rna10k
-0.0049457345,-0.0050413683,rna10k
-0.0028969373,-0.0063765245,rna10k
-0.0032153782,-0.0062869317,rna10k
-0.0070601036,-0.006209534,rna10k
-0.0050810287,-0.0026776674,rna10k
-0.0016322163,0.0037498586,rna10k
-0.01775244,0.004696736,rna10k
0.0056073,0.020139005,rna10k
-0.00045428297,-0.019994168,rna10k
0.0034973668,-0.00067386584,rna10k
-0.0048509347,-0.004691323,rna10k
-0.0023686285,0.007689426,rna10k
-0.0036235838,-0.015413746,rna10k
0.004316279,-0.000607454,rna10k
-0.004336874,0.011986385,rna10k
0.023915946,-0.0019434394,rna10k
-0.004111737,0.002053653,rna10k
0.00745396,-0.005224252,rna10k
0.0026661907,0.0053591067,rna10k
0.0025910554,0.00023721166,rna10k
0.0003290257,0.006318518,rna10k
0.004030182,-0.0041997773,rna10k
-0.0053388677,0.00024542442,rna10k
-0.0016395075,-0.0036062454,rna10k
-0.003998131,0.0024173642,rna10k
0.0017943522,-0.0016991001,rna10k
-0.004495933,0.0115812775,rna10k
-0.0044790176,-0.0038250475,rna10k
0.0072764503,0.008136948,rna10k
-0.0024733497,0.007684882,rna10k
-0.0033994252,-0.0044393353,rna10k
0.0012292871,0.0057905423,rna10k
-0.009568,-7.8563586e-05,rna10k
0.005229778,0.018580072,rna10k
-0.016712172,-0.002168723,rna10k
-0.008158268,0.02046369,rna10k
-0.0072338223,-0.013771901,rna10k
0.004461727,0.0013878206,rna10k
0.0034447033,0.002361903,rna10k
-3.9020913e-05,0.0020737941,rna10k
-0.0010046033,0.0073679793,rna10k
-0.0047108736,-0.006499013,rna10k
0.02670495,-0.0016270457,rna10k
-0.001363139,-0.004578435,rna10k
0.018971521,-0.004452513,rna10k
-0.0018750553,0.008220859,rna10k
-0.012996424,0.0015583325,rna10k
0.02066286,0.002366589,rna10k
-0.007929205,0.0018744458,rna10k
-0.0037289008,-0.021087583,rna10k
0.01035099,-0.0076026297,rna10k
0.013651134,-0.0026010533,rna10k
0.011126748,-0.0054842373,rna10k
0.0033568528,0.00199977,rna10k
0.0021883736,-0.0058049946,rna10k
0.042724248,0.018257782,rna10k
-0.007697038,0.0056768805,rna10k
0.00873882,-0.00240027,rna10k
0.010478746,0.017649975,rna10k
0.020942034,-0.0016311264,rna10k
0.012942889,-0.0048723286,rna10k
0.0031660197,-0.029737204,rna10k
-0.002841418,0.001828785,rna10k
-0.029034872,0.00051635905,rna10k
0.00042698748,0.0020717059,rna10k
0.0056391656,0.0014864745,rna10k
0.002444814,-0.0059061544,rna10k
0.0035453658,0.0015030942,rna10k
0.008044734,-0.0027907663,rna10k
-0.005041367,0.021411773,rna10k
-0.005472601,0.0022029318,rna10k
0.001285959,0.01691198,rna10k
0.0034223497,-0.0051954347,rna10k
-0.011988928,-0.023096941,rna10k
-0.0027368919,-0.005323299,rna10k
-0.015148189,0.005889463,rna10k
0.00030752388,0.0049558324,rna10k
-1.7159531e-05,-0.019635865,rna10k
-0.012390978,-0.0035390262,rna10k
-0.005019841,0.0017302324,rna10k
0.0030158686,0.0017395774,rna10k
0.009488014,-0.003828798,rna10k
0.0036906474,0.0030065202,rna10k
-0.0050140675,-0.000111348025,rna10k
0.004051018,0.0006032424,rna10k
0.0020283477,-0.0046689487,rna10k
-0.0006949167,0.021161038,rna10k
0.0021002127,0.0044719884,rna10k
-0.0097456,0.001994524,rna10k
-0.0038883688,0.0025697853,rna10k
-0.004313002,-0.0057199663,rna10k
0.012030998,-0.005302492,rna10k
-0.0023149243,-0.0008690454,rna10k
-0.0057665184,-0.005786697,rna10k
-0.002580964,0.002326445,rna10k
-0.006503474,-0.0058829444,rna10k
0.005035658,-0.005612826,rna10k
0.013101539,-0.0026861322,rna10k
0.0025707914,0.0021478585,rna10k
0.009023725,-0.019571597,rna10k
-0.007321932,0.0021922647,rna10k
-0.006537658,-0.005386642,rna10k
0.00014435165,0.0067406907,rna10k
-0.008960446,0.00039126014,rna10k
0.00021253903,0.004919067,rna10k
-0.0034033149,0.0018480499,rna10k
-0.0030307628,-0.0030968238,rna10k
0.01353821,-0.002136208,rna10k
-0.0042283344,-0.0045037623,rna10k
0.006092229,0.019316815,rna10k
-0.005267169,0.0019600461,rna10k
0.004633609,-0.0026721794,rna10k
-0.00091264106,0.0020578883,rna10k
-0.0026174888,-0.023119492,rna10k
0.0047825864,-0.0058544143,rna10k
0.012505934,0.019070178,rna10k
0.00471923,0.0023562212,rna10k
-0.00292206,0.00230091,rna10k
-0.0067292685,0.0025699402,rna10k
-0.0011613606,-0.0064379256,rna10k
-0.0052626077,-0.0035072106,rna10k
-0.00087095716,0.0067113694,rna10k
0.001669081,0.0040097144,rna10k
-0.002103082,0.0017860318,rna10k
-0.012786436,-0.025271693,rna10k
0.009481909,-0.0036657276,rna10k
-0.0032463926,0.0073291855,rna10k
-0.009379917,0.0006651306,rna10k
0.004565776,0.0014206511,rna10k
-0.053863987,-0.00046159062,rna10k
0.005526102,-1.2485706e-05,rna10k
-0.004459414,-0.0038564273,rna10k
0.043549407,0.0004784171,rna10k
0.00030699588,0.016775867,rna10k
0.004066669,-0.00468255,rna10k
0.0043652537,0.0019703798,rna10k
0.002606097,-0.00090226816,rna10k
-0.0056663454,0.0017550399,rna10k
-0.021453548,0.003819912,rna10k
0.0040425537,0.002249777,rna10k
0.0035032264,0.0020657969,rna10k
-0.0014597789,-0.003224344,rna10k
0.0064087203,-0.0032597152,rna10k
0.00037735587,-0.006059693,rna10k
0.004562933,-0.0013566412,rna10k
0.006526215,0.0020108786,rna10k
-0.0024173015,0.008153289,rna10k
0.007669306,-0.0015976663,rna10k
-0.010764365,0.001643065,rna10k
0.017118888,-0.015482877,rna10k
0.0027207942,-0.024855584,rna10k
0.0026121312,0.0021896602,rna10k
-0.0063979006,-0.022757465,rna10k
0.0029638682,-0.0042448626,rna10k
0.00834246,0.020428542,rna10k
-0.004226641,0.009331223,rna10k
-0.002537461,-0.006316394,rna10k
-0.004309384,-0.005798674,rna10k
-0.0008444933,-0.0047937008,rna10k
-0.0024688824,0.01637481,rna10k
-0.0023733987,0.008910172,rna10k
0.0077067628,0.019559054,rna10k
-0.003557758,0.0057819467,rna10k
-0.005971286,0.020100925,rna10k
0.005747931,0.00095418404,rna10k
-0.032090418,0.004232998,rna10k
-0.0011544068,0.0018998145,rna10k
-0.005018929,0.012760591,rna10k
0.0051598344,0.00063131354,rna10k
0.0036996806,-0.021548782,rna10k
0.0053012613,0.00014596517,rna10k
0.0010168734,0.0018842904,rna10k
-0.02644428,-0.0031731667,rna10k
0.0012683911,0.004554162,rna10k
0.0035517022,0.0016358135,rna10k
-0.0021487155,-0.01974412,rna10k
0.0013305009,-0.0026995807,rna10k
-0.0034857045,0.010450562,rna10k
-0.00062846014,0.0068411026,rna10k
0.0026563653,0.0044395924,rna10k
-0.016797163,-0.008316767,rna10k
-0.010578426,0.0015025588,rna10k
0.0036663418,0.004290536,rna10k
0.0022535925,-0.026291993,rna10k
0.0034305665,0.0013726775,rna10k
-0.008425876,0.0015915843,rna10k
0.00023300521,0.006660151,rna10k
-0.0013810013,0.007345863,rna10k
-0.0012255539,0.0018065452,rna10k
-0.008871164,0.01969567,rna10k
0.012040046,-0.0152489515,rna10k
0.0101767015,-0.005299294,rna10k
-0.0043301345,-0.00401146,rna10k
0.0017411327,0.0038101904,rna10k
-0.008677991,0.0014487887,rna10k
-0.0026408515,0.0022121156,rna10k
0.003413537,0.0024233554,rna10k
0.021816755,-0.015419699,rna10k
-0.006590527,0.019031443,rna10k
0.001174764,-0.0056960774,rna10k
-0.0029355807,0.0096979225,rna10k
0.0089747505,-0.006484021,rna10k
-0.005246448,-0.02223777,rna10k
-0.024869913,-0.0026339164,rna10k
0.009075328,-0.0051448834,rna10k
0.004477119,9.013369e-05,rna10k
-0.0015732349,-0.020431926,rna10k
0.00588541,-0.0034167252,rna10k
0.007864631,0.023790825,rna10k
-0.0075370385,0.012775227,rna10k
0.014619224,0.006340066,rna10k
-0.006820231,0.0021370708,rna10k
-0.012365504,0.0011138045,rna10k
0.002736443,0.0032854232,rna10k
0.0047326433,0.004006671,rna10k
-0.007991525,0.00022733751,rna10k
0.005648583,-0.002105023,rna10k
-0.0014603714,-0.004151733,rna10k
0.004216661,0.0020975068,rna10k
0.0045088828,-0.00093870546,rna10k
-0.0040728953,-0.0056968266,rna10k
-0.0015202969,-0.0003882033,rna10k
0.0017932777,-0.02877737,rna10k
0.003804267,0.001774054,rna10k
0.0069401157,-0.005539108,rna10k
-0.01058216,0.009761784,rna10k
-0.002344012,0.0060807895,rna10k
0.0039337743,0.018533602,rna10k
0.0053713773,0.017846484,rna10k
0.0013081896,0.0024957177,rna10k
-0.012745561,-0.0031072765,rna10k
0.005561433,0.0023623602,rna10k
-0.0052850135,-0.004829895,rna10k
0.002187865,0.0008374507,rna10k
0.00031017885,0.006684469,rna10k
0.0053613596,-0.0051420834,rna10k
0.0085909655,0.011418179,rna10k
-0.016748538,-0.0020141692,rna10k
-0.01606982,-0.01348166,rna10k
0.005308884,-0.005324854,rna10k
0.005476238,-0.0029211966,rna10k
-0.0021266104,0.0045137308,rna10k
-0.010733611,-0.00029799037,rna10k
-0.0060318294,-0.006919445,rna10k
0.005473776,0.019403158,rna10k
-0.0015997963,0.015023168,rna10k
0.0041425447,-0.0035773446,rna10k
-0.0022602386,0.0062955236,rna10k
0.0015775684,0.002388481,rna10k
0.0027688665,0.004703553,rna10k
0.0017647761,-0.0039538764,rna10k
-0.0044315443,0.0017339737,rna10k
-0.0068675145,0.0018411175,rna10k
-0.0047775325,-0.0038345784,rna10k
-0.00511636,-0.012197284,rna10k
-0.0013056232,0.0020553416,rna10k
0.006034232,0.00012566705,rna10k
-0.0012161937,-0.004295406,rna10k
0.0044622826,-0.005307021,rna10k
-0.0006026575,0.0019380319,rna10k
0.024142627,0.026205588,rna10k
0.005884133,-0.00073164434,rna10k
0.0008509004,0.0022802309,rna10k
0.005541293,0.0015393946,rna10k
-0.00061018724,-0.0014576744,rna10k
0.0022544505,-0.02285205,rna10k
0.0021122268,0.004387896,rna10k
-0.003415684,0.00819369,rna10k
0.0018665779,-0.006003643,rna10k
-0.0022488085,0.008472704,rna10k
0.015871244,-0.022949008,rna10k
-0.004324572,-0.004996269,rna10k
-0.01050466,-0.00037887364,rna10k
-0.0068957424,0.020842144,rna10k
0.007553198,-0.006368371,rna10k
0.0009912044,0.0021520879,rna10k
-0.009767124,-0.022875803,rna10k
0.013762182,-0.0025587673,rna10k
-0.0048174444,0.0017393543,rna10k
0.0024169814,0.018497895,rna10k
-0.011586926,-0.020693494,rna10k
-0.0043433565,-0.006553607,rna10k
-0.006377369,0.010933765,rna10k
-0.0025890062,-0.0051750834,rna10k
-0.016132735,0.01581606,rna10k
-0.00012669002,0.01861489,rna10k
-0.0014903786,-0.004900294,rna10k
-0.007868904,0.0013032773,rna10k
0.0039803903,-0.0025906397,rna10k
0.009589621,-0.005270871,rna10k
0.011654284,-0.014599453,rna10k
0.054807328,0.0044771377,rna10k
-0.0011148438,-0.022556435,rna10k
0.009552731,-0.0053090556,rna10k
-0.0026625565,-0.013075171,rna10k
0.005343911,0.018518072,rna10k
-0.009341239,0.0015019979,rna10k
-0.0017359577,0.007685346,rna10k
-0.00072838576,0.0073605133,rna10k
0.0026662652,0.005186395,rna10k
-0.007737593,0.0015061694,rna10k
-0.0013737329,0.0029894514,rna10k
0.0001752123,0.0024594779,rna10k
0.0015346947,-0.0193731,rna10k
-0.0044377265,0.006536996,rna10k
0.0041234703,0.019285152,rna10k
0.007407206,-0.00598437,rna10k
0.0015465072,0.0012304948,rna10k
-0.0027009347,-0.0063251704,rna10k
-0.025266664,0.014001842,rna10k
-0.0012816088,0.0072270236,rna10k
-0.0014009585,-0.022939673,rna10k
-0.004982083,0.011940803,rna10k
-0.02026632,-0.0029832278,rna10k
0.0044638165,0.0011489012,rna10k
-0.0034554251,-0.0035452403,rna10k
-0.0063416427,-0.0054946,rna10k
-0.017898608,-0.0027914823,rna10k
0.013224589,-0.0015109368,rna10k
0.011709882,0.019175552,rna10k
-0.006613871,0.0015019915,rna10k
-0.0037639919,-0.0059346873,rna10k
0.0019341559,0.003817704,rna10k
0.0013712699,0.0025502401,rna10k
0.004827352,0.0019454443,rna10k
-0.0048321667,0.001789907,rna10k
0.0027148086,0.0016122151,rna10k
-0.01594784,-0.00277043,rna10k
-0.0002006037,-0.00039301836,rna10k
0.000589718,0.0020438319,rna10k
0.008462988,-0.0037184185,rna10k
0.04385971,0.0032758284,rna10k
0.0040472834,-0.0023225693,rna10k
0.0041534803,-0.006181203,rna10k
0.016102513,-0.00019196498,rna10k
-0.00512006,-0.022747558,rna10k
0.0032324544,0.01752226,rna10k
-0.004342566,-0.0056461757,rna10k
-0.01062435,0.0011091047,rna10k
0.0015004074,0.0010517929,rna10k
-0.0023009174,0.0026713698,rna10k
-0.000403146,-0.0063034235,rna10k
0.0019584552,-0.024639297,rna10k
0.0039407983,0.0019025727,rna10k
0.008091142,-0.0016414798,rna10k
-0.0044660857,-0.006486056,rna10k
-0.00033689613,-0.0015577063,rna10k
-0.0013085416,0.0074318727,rna10k
-0.017263815,0.0006716773,rna10k
-0.004325174,-0.0061437325,rna10k
-0.0026813382,0.015656862,rna10k
-0.009313198,0.0011652682,rna10k
-0.004239323,-0.0029583,rna10k
0.0025472727,-0.035694793,rna10k
-0.0036431188,0.02019216,rna10k
-0.004398297,-0.004674081,rna10k
-0.0024931112,-0.002714098,rna10k
0.00091314875,-0.0049145645,rna10k
0.0060470267,0.019460319,rna10k
0.003352223,0.0042836154,rna10k
-0.0073007685,-0.0005115134,rna10k
0.015181519,0.0047334568,rna10k
-0.004935114,-0.0060990546,rna10k
-0.0016323904,0.007302705,rna10k
-0.0016776681,-0.0002068457,rna10k
-0.00086435064,0.0074268603,rna10k
-0.008372414,0.02262006,rna10k
0.0049457625,-0.0067656287,rna10k
0.005917065,0.0041028685,rna10k
0.0063644187,-0.00530482,rna10k
-0.0008203721,-0.0019343212,rna10k
0.0064898813,0.00083675236,rna10k
0.0008821712,-0.006216573,rna10k
0.026244802,-0.00018680205,rna10k
0.0035812468,0.0016969217,rna10k
-0.00977831,0.0013548824,rna10k
-0.009609586,0.0014752469,rna10k
-0.010049501,0.019054549,rna10k
-0.0014343369,0.0021447663,rna10k
-0.006563841,-0.00046622328,rna10k
0.000209892,0.0066080866,rna10k
0.0116904965,-0.005080747,rna10k
-0.0012150956,0.001809135,rna10k
0.008778773,-0.005411559,rna10k
-0.007897179,0.021509353,rna10k
-0.0032262232,0.0021074435,rna10k
0.0048172935,0.0011302562,rna10k
0.03382703,0.0011732165,rna10k
-0.0022146578,0.0077274814,rna10k
-0.0066343825,-0.0048598237,rna10k
-0.002213982,-0.003411358,rna10k
-0.0028151895,-0.02156892,rna10k
-0.0038770153,-0.004560995,rna10k
0.0004897785,0.016926281,rna10k
-0.004969266,-0.005701793,rna10k
-0.008945021,-0.001453716,rna10k
-0.0040865927,-0.0043011294,rna10k
0.011070397,0.018926475,rna10k
0.0019110566,0.015683154,rna10k
-0.0020409788,0.0076121856,rna10k
-0.0087983245,-0.0025434725,rna10k
0.0037018757,0.0023234258,rna10k
-0.0011843116,-0.024081621,rna10k
-0.0002945593,0.0064957943,rna10k
-0.006452981,0.019670665,rna10k
-0.0046702293,-0.005093884,rna10k
0.00203877,0.00074501894,rna10k
-0.007065583,0.003542047,rna10k
0.000635904,-0.005143428,rna10k
0.002398891,-0.0020412127,rna10k
-0.004546088,0.006594856,rna10k
-0.009958719,0.0028755574,rna10k
-0.0023134162,0.007876779,rna10k
-0.009323145,-0.0019534496,rna10k
0.0018670007,0.0032037622,rna10k
0.0033230362,-0.0017225906,rna10k
0.0010280127,-0.020541357,rna10k
-0.005279104,-0.0063851355,rna10k
0.014401642,-0.003334559,rna10k
-0.0085286265,0.001996115,rna10k
-0.017235158,-0.0033109505,rna10k
-0.0035732042,-0.0011827886,rna10k
-0.0022347234,0.0078011933,rna10k
0.011742698,-0.0054905564,rna10k
0.0029185913,-0.02010169,rna10k
-0.0019834857,0.0028450117,rna10k
-0.0084779635,0.0018664764,rna10k
0.0093232,-0.00017545804,rna10k
-0.003259023,-0.005812467,rna10k
0.0010309475,-0.004653058,rna10k
-0.010632126,0.0017748672,rna10k
0.0062369667,0.00092476304,rna10k
-0.0023314247,-0.022522667,rna10k
0.0038251698,-0.0058234627,rna10k
-0.0140219955,-0.011046856,rna10k
0.012156065,0.0008232272,rna10k
-0.0053195553,-0.0063988566,rna10k
0.0042253463,0.001369597,rna10k
0.007095178,0.00012960834,rna10k
-0.0036014714,0.0080065215,rna10k
-0.0005737545,-0.022038719,rna10k
-0.0028851852,-0.0056315046,rna10k
-0.001415681,0.0047761053,rna10k
0.003841255,0.0001274257,rna10k
0.0047616814,-0.005431971,rna10k
0.002984205,0.01800041,rna10k
0.005764532,-0.005580217,rna10k
0.00393942,0.0025305448,rna10k
0.0034241155,-0.0043469463,rna10k
-0.00081360794,0.007617953,rna10k
0.002189448,-0.005314371,rna10k
-0.00072395103,0.0021868316,rna10k
-0.030743996,0.00028515773,rna10k
-0.010125226,-0.022367656,rna10k
0.003389172,-0.003907474,rna10k
-0.0051074205,-0.0048043714,rna10k
0.0057851356,-0.001185144,rna10k
-0.0031001344,0.0024362642,rna10k
0.009826097,-0.005517134,rna10k
-0.0038981212,0.009650179,rna10k
0.0040041315,0.0018581512,rna10k
0.0064393366,-0.0022355532,rna10k
-0.005983821,-0.0052677775,rna10k
0.002300207,0.010393296,rna10k
0.0028184152,0.0021199803,rna10k
-6.082214e-05,-0.0039916784,rna10k
-0.006815421,0.0015884122,rna10k
0.00841967,-0.0055951606,rna10k
-0.0010985888,0.0065601957,rna10k
0.0030813306,0.0024058481,rna10k
-0.003512398,0.0018897642,rna10k
0.019904427,0.005195393,rna10k
-0.0029473116,0.007889266,rna10k
-0.011669464,0.0021390559,rna10k
0.005668472,-0.0017090569,rna10k
-0.009909565,0.0011135451,rna10k
0.0016308428,-0.0052034017,rna10k
0.0005425055,-0.020729307,rna10k
0.006762493,0.00068038976,rna10k
0.0054094917,0.0013938831,rna10k
-0.004783924,0.011610893,rna10k
-0.0040291767,-0.005347726,rna10k
-0.0056648618,0.022111416,rna10k
0.010398571,-0.005783925,rna10k
0.002966942,0.003464465,rna10k
-0.005828397,-0.006644058,rna10k
0.0015957583,0.002878697,rna10k
0.011124953,-0.0038041086,rna10k
0.00419374,-0.0036344088,rna10k
-0.0091057755,0.0009268088,rna10k
0.005728404,-0.0037616098,rna10k
-0.0030097002,-0.0037114501,rna10k
-0.0051948694,0.00200346,rna10k
0.0010930846,0.0017570823,rna10k
-0.007353079,0.0019931253,rna10k
0.0013227673,0.0015709684,rna10k
0.0031545276,-0.005950221,rna10k
-0.004389107,0.0014552017,rna10k
-0.001956792,0.007896256,rna10k
0.006708245,-0.0027542051,rna10k
0.0014404817,-0.004100447,rna10k
-0.008309132,-0.008329966,rna10k
-0.0026403929,0.017494129,rna10k
0.0033428771,-0.0051206225,rna10k
-0.008713541,0.0019288717,rna10k
0.0031976206,-0.0015817884,rna10k
-0.0016889344,-0.018665075,rna10k
-0.003180025,0.007830848,rna10k
-0.009881831,0.0014400072,rna10k
-0.0029635995,0.008915026,rna10k
0.0007019815,0.00032873842,rna10k
0.0028864664,-0.020721188,rna10k
-0.0062470296,0.0016060063,rna10k
-0.005553979,0.0033478478,rna10k
-0.0021046635,-0.021674756,rna10k
0.006967002,-0.0049575577,rna10k
-0.00172928,0.0018520846,rna10k
-0.00350326,-0.023487166,rna10k
0.006086376,-0.0040289946,rna10k
-0.0034196035,0.009216202,rna10k
0.0037940955,-0.021331513,rna10k
-0.0016711837,0.0019606273,rna10k
-0.0034985887,-0.022532752,rna10k
0.020211188,0.0058199023,rna10k
0.00025330964,-0.0054796995,rna10k
-0.0041590254,0.0021803547,rna10k
-0.008907985,0.0034530056,rna10k
-0.001515496,0.020186655,rna10k
-0.008438068,-0.011391097,rna10k
-0.0076828883,0.00533639,rna10k
-0.0073915822,-0.0042496487,rna10k
-0.0012128648,0.0022121898,rna10k
0.00035771873,0.0063512903,rna10k
0.0006356487,0.0021585866,rna10k
0.0034992357,-0.0063416413,rna10k
0.0054495316,0.02253056,rna10k
-0.004549641,0.0018074376,rna10k
-0.00937071,0.0013799892,rna10k
0.0048491117,-5.6265475e-05,rna10k
-0.022643447,0.000850107,rna10k
-0.007876272,0.0015863292,rna10k
0.0041333702,-0.0009002759,rna10k
-0.0049533555,0.009184506,rna10k
8.228114e-05,-0.0035456247,rna10k
0.0016456927,0.0027993722,rna10k
-0.0010231889,0.0020736959,rna10k
0.00406925,0.0022155861,rna10k
-0.008053884,0.0016522631,rna10k
0.0016258103,0.0059319315,rna10k
0.0075587635,-0.001055768,rna10k
0.0012238494,0.002227815,rna10k
-4.5796594e-05,-0.022784049,rna10k
0.0008434039,0.0058400966,rna10k
0.009639878,-0.0028492596,rna10k
-0.001476482,0.0059297844,rna10k
0.00091056776,0.0021019229,rna10k
0.0014601143,-0.019722873,rna10k
0.0050036106,0.0017364697,rna10k
-0.005773397,-0.0045683896,rna10k
0.002819317,0.005295773,rna10k
-0.020067986,-0.007933047,rna10k
0.004163169,-0.0005580091,rna10k
-0.005812576,-0.00653755,rna10k
-0.0034928666,-0.0021314572,rna10k
0.0032736997,0.018362535,rna10k
-0.020058505,0.017619427,rna10k
0.0013430914,-0.0145361265,rna10k
-0.0008203903,-0.0053728065,rna10k
-0.00481551,-0.0061465316,rna10k
0.0021221028,0.002411349,rna10k
0.0023760723,0.0021352365,rna10k
0.0021076817,-0.00054364296,rna10k
-0.0007140724,0.0069099963,rna10k
0.001734355,-0.002915979,rna10k
-0.0017323504,0.007609816,rna10k
0.0008013421,0.006473434,rna10k
-0.008343804,-0.006748557,rna10k
0.011373531,-0.0036987902,rna10k
0.0035113327,-0.003949922,rna10k
-0.0023109436,0.0021212613,rna10k
-0.0035768892,-0.021264255,rna10k
-0.0016518092,0.0021863556,rna10k
-0.00080972386,0.00087255426,rna10k
-0.0102967005,-0.00076923874,rna10k
-0.0016208116,0.003132059,rna10k
-0.0038881702,0.012760404,rna10k
0.0033850186,-0.0054073967,rna10k
0.00061484944,0.002705236,rna10k
0.011371768,0.0065666805,rna10k
0.0049870093,-0.0021244085,rna10k
0.006059199,0.00050120364,rna10k
0.004611514,0.0033511128,rna10k
1.3781091e-05,-0.027676187,rna10k
-0.0049549,-0.0067225024,rna10k
-0.009127364,0.005837335,rna10k
-0.00061752595,0.0020163967,rna10k
-0.0006227202,-0.021766527,rna10k
0.0020654057,0.002518857,rna10k
0.030374968,0.0017323643,rna10k
0.0012982206,-0.0009099893,rna10k
0.003513339,-0.005207409,rna10k
-0.0073040645,-0.0067656897,rna10k
0.0007319155,0.0033760886,rna10k
0.0062116324,0.019119859,rna10k
-0.004449053,0.020137316,rna10k
-0.00658261,0.020231482,rna10k
0.003874401,0.018872578,rna10k
0.0040970496,-0.0048202374,rna10k
-0.0035101844,0.0021588814,rna10k
-0.006616564,-0.005800572,rna10k
0.002171007,0.0012950511,rna10k
-0.0014454251,-0.006594629,rna10k
-0.00710145,0.0021855906,rna10k
0.005680787,-0.005548239,rna10k
-0.004106932,-0.00646304,rna10k
-0.0044261646,0.023087377,rna10k
0.0022663467,-0.021022161,rna10k
-0.0061827633,-0.0070367293,rna10k
-0.0012935135,0.006930499,rna10k
0.0007438434,0.0060346355,rna10k
0.00024298707,0.0019042625,rna10k
0.0024372214,0.0024468435,rna10k
0.0015012261,-0.019770458,rna10k
0.006858465,-0.00079135515,rna10k
-0.001495779,0.00297842,rna10k
0.0039830925,0.0019434629,rna10k
0.017889943,-0.02322646,rna10k
-0.0074551874,0.00156182,rna10k
0.006779224,-0.0021155777,rna10k
0.0017171969,0.0018042078,rna10k
-0.030730069,0.0012951597,rna10k
0.00082495017,-0.0032546842,rna10k
-0.004995046,-0.004180199,rna10k
-0.00936216,-0.006487636,rna10k
-0.0011893206,-0.0065915366,rna10k
-0.001031723,0.007947805,rna10k
-0.0049897693,-0.0048990967,rna10k
-0.002438156,0.0022074461,rna10k
0.0037109712,0.0019665798,rna10k
0.0007035308,0.0018418931,rna10k
0.0006661258,-0.020955086,rna10k
-0.03136042,0.0010288216,rna10k
-0.00025844207,0.0018621639,rna10k
-0.0022099311,0.0019227582,rna10k
0.002430657,0.017864825,rna10k
-0.0022673963,0.0017760231,rna10k
0.00591253,-0.00094715145,rna10k
-0.004040114,-0.011408409,rna10k
0.0015146801,-0.0056886747,rna10k
-0.0031303172,0.008139343,rna10k
-0.0063083875,0.012248008,rna10k
-0.0052514886,-0.0038849886,rna10k
-0.004637782,0.002039193,rna10k
-5.0042454e-05,0.0026050801,rna10k
0.018699279,-0.0035144533,rna10k
0.0002230934,0.0040175896,rna10k
-0.007214191,0.020330366,rna10k
-0.0027504005,0.007060204,rna10k
-0.0037356883,-0.0061820415,rna10k
0.0039419187,0.0005848792,rna10k
-0.0012732283,0.016714942,rna10k
0.0040268605,0.0021696426,rna10k
-0.004973715,0.01078873,rna10k
-0.0026982506,-0.006168471,rna10k
0.0009674575,-0.005845045,rna10k
-0.006309958,0.0011075007,rna10k
-0.004089776,0.006679669,rna10k
0.00067240983,0.0019216478,rna10k
-0.0023823013,0.007387894,rna10k
0.038061436,0.001815799,rna10k
0.0030704616,-0.020529669,rna10k
0.014601035,-0.00468702,rna10k
-0.0005771656,0.0067298454,rna10k
-0.0052924375,0.0017653642,rna10k
-0.0005977853,-0.005219429,rna10k
-0.0027650003,-0.0037836465,rna10k
0.0025605499,-0.006020765,rna10k
-0.005961999,0.010019024,rna10k
-0.0067655575,0.0018724595,rna10k
-0.007545871,0.0032338044,rna10k
0.0014041062,0.0018650049,rna10k
0.004701592,0.0019219606,rna10k
-0.006810015,0.0009933455,rna10k
-0.0018684352,0.0017573341,rna10k
-0.016008914,0.0024909687,rna10k
-0.00047928674,0.0018146661,rna10k
-0.010258429,0.0010450691,rna10k
-0.00013454871,-0.005363782,rna10k
-0.0017605007,0.0028901314,rna10k
-0.010305427,0.0021069318,rna10k
0.0015830022,0.002510379,rna10k
-0.0012924863,0.0071594026,rna10k
-0.00082982564,-0.006097592,rna10k
-0.0036345215,0.0019281621,rna10k
-0.0021287473,0.0021530974,rna10k
0.0017631556,0.0053956117,rna10k
-0.0038345568,-0.000470572,rna10k
-0.0019080039,0.009296708,rna10k
-0.0017746682,0.0023928918,rna10k
-0.008849738,0.0008633022,rna10k
-0.00570754,0.0018783574,rna10k
0.0070939027,-0.002245747,rna10k
-0.0036786397,-0.006269272,rna10k
-0.0023505653,0.007895438,rna10k
0.0056190193,0.0005423767,rna10k
0.008634678,-0.0040360773,rna10k
0.008874944,-0.0068174633,rna10k
0.014731392,0.017060611,rna10k
-0.00097076193,0.0065693324,rna10k
5.3071442e-05,0.0007296504,rna10k
-0.0070697754,-0.0130198365,rna10k
-0.008306698,0.001306289,rna10k
-0.0015599895,0.0067519415,rna10k
-0.004717398,0.012990224,rna10k
-0.002233751,-0.0002779317,rna10k
-0.0028319878,0.015904276,rna10k
-0.006772373,0.0012777963,rna10k
0.005700908,0.001138097,rna10k
-0.006226682,0.0070183463,rna10k
-0.007039192,0.01145237,rna10k
-0.0028753013,0.007427652,rna10k
-0.0064346995,0.020586153,rna10k
0.002136204,0.0017837313,rna10k
-0.0019563898,-0.0064717447,rna10k
0.018211199,0.009545498,rna10k
0.0032804327,0.004022704,rna10k
0.0051104245,-0.0050061624,rna10k
0.0025201945,0.01792953,rna10k
-0.036057204,-0.011256209,rna10k
0.0031812293,0.0017966513,rna10k
-0.0017971273,0.0020704963,rna10k
0.00047176535,-0.0050115613,rna10k
0.0036814637,0.0022857017,rna10k
0.031993683,0.0024897973,rna10k
-0.00023236338,0.01093967,rna10k
-0.006294123,-0.006151881,rna10k
-0.008907565,0.0014445016,rna10k
-0.018008828,-0.0021596586,rna10k
-0.0111188125,-0.0048919683,rna10k
0.0057297186,-2.5458032e-05,rna10k
-0.007341453,-0.005193493,rna10k
-0.0029942454,0.0055138483,rna10k
-0.0013824102,-0.005955202,rna10k
0.0027939545,-0.004419627,rna10k
0.04881868,-0.00032204582,rna10k
-0.0097976085,0.0016692854,rna10k
0.0059497333,0.00044068426,rna10k
0.00793076,0.008003876,rna10k
-0.0039020448,-0.004084239,rna10k
-0.0036153805,0.0077934926,rna10k
0.001864148,-0.0012039088,rna10k
-0.009740351,-0.0028244592,rna10k
-0.0009023758,-0.0020350225,rna10k
-0.0059773936,0.0018022332,rna10k
0.021456292,-0.001441113,rna10k
0.0012716273,-0.004063373,rna10k
-0.0035625305,0.002460147,rna10k
-0.005729134,-0.005172969,rna10k
-0.006649406,0.021327559,rna10k
0.0012359875,-0.003271977,rna10k
0.03583656,0.0007462853,rna10k
0.001604701,0.0040884702,rna10k
-0.0033768374,-0.0036000584,rna10k
-0.0071850196,0.0008281379,rna10k
0.005245732,0.00018350543,rna10k
0.0012258737,-0.0062684016,rna10k
0.013153119,0.007619252,rna10k
0.0009009725,-0.0041431063,rna10k
0.00881614,0.0072744843,rna10k
0.0025951308,-0.0040439,rna10k
-0.0055166325,-0.005975948,rna10k
-0.0027421182,0.002411409,rna10k
0.022117075,0.0026574708,rna10k
0.0010135522,-0.020195032,rna10k
0.0036443388,0.00087578024,rna10k
0.0057580536,0.0180037,rna10k
0.0011502128,-0.004837839,rna10k
7.224725e-05,0.00049948157,rna10k
0.012536829,-0.0032462275,rna10k
-0.003404543,-0.0026215396,rna10k
-0.00072888116,0.00089527754,rna10k
0.0044821915,0.0006629806,rna10k
-0.00836349,0.0016480074,rna10k
-0.0037820232,0.0019897458,rna10k
0.0073503866,-0.020389853,rna10k
0.00095013104,-0.020865336,rna10k
-0.0054806126,0.001991302,rna10k
-0.0018510382,-0.0006592564,rna10k
0.001571891,0.0022146055,rna10k
-0.006398032,0.006612851,rna10k
0.005213741,0.0012016061,rna10k
0.0054156883,0.0021452762,rna10k
-0.0024644842,0.008303459,rna10k
0.011536165,-0.005229107,rna10k
-0.0038138698,0.0019627854,rna10k
0.005500379,0.001960711,rna10k
-0.006268428,-0.0060942853,rna10k
0.0019265092,0.001869254,rna10k
-0.0021323964,0.0019709351,rna10k
0.0027919447,0.0023060883,rna10k
0.0016627004,0.0013608913,rna10k
-0.0070079495,0.00054264296,rna10k
0.007160576,0.00991526,rna10k
0.0027356395,-0.0057594324,rna10k
0.00097147183,0.001700125,rna10k
-0.006734269,0.0016819923,rna10k
0.0047752387,-0.002314087,rna10k
2.4886142e-05,0.0023179755,rna10k
-0.0056096683,-0.004126917,rna10k
-0.0043906705,0.0016526107,rna10k
0.011357226,0.007931473,rna10k
-0.006000007,0.007139691,rna10k
-0.0013310821,0.019139402,rna10k
0.0013698868,-0.020352263,rna10k
-0.0007854795,-0.018198682,rna10k
-0.0036912556,-0.00493427,rna10k
0.011081326,0.0044055,rna10k
-0.00085018226,-0.022195028,rna10k
0.0027237001,0.0008668998,rna10k
-0.0014600491,0.0058301203,rna10k
-0.00088597403,0.0073533715,rna10k
0.00086366903,-0.023084009,rna10k
-0.0019427537,0.008047224,rna10k
-0.0051996675,0.02078822,rna10k
-0.0070375465,-0.006124531,rna10k
0.00017410812,0.0027806,rna10k
0.0052776514,0.0020908245,rna10k
0.0015265638,0.001891408,rna10k
0.0058655343,0.0008492933,rna10k
0.00022499016,-0.0012176138,rna10k
-0.0061805723,0.0051132464,rna10k
0.006401726,-0.0011717043,rna10k
0.0022920505,0.002188826,rna10k
-0.008990205,0.00071983313,rna10k
-0.0033360203,-0.0054900805,rna10k
0.0036896297,-0.024211556,rna10k
-0.004354671,0.019628063,rna10k
-0.005608379,0.0021027515,rna10k
-0.0168438,-0.008863227,rna10k
-0.0036064172,0.01560808,rna10k
0.002061678,-0.0030541033,rna10k
-0.0011300026,0.0019838705,rna10k
0.0020457448,0.0049078465,rna10k
0.00024536083,-0.0047584944,rna10k
0.000854436,0.002003143,rna10k
0.0060460535,0.0006805045,rna10k
-0.0018460596,-0.002945925,rna10k
-0.008301187,0.0014582055,rna10k
0.0016837426,0.0038601544,rna10k
-0.00073514465,0.0019626156,rna10k
0.0015380458,0.0018502926,rna10k
0.0039514136,-0.0007678436,rna10k
0.004317487,-0.020814667,rna10k
-0.0040350943,0.0021077197,rna10k
-0.0024905903,0.002331695,rna10k
0.0032164054,-0.02652055,rna10k
0.0052640545,0.018718634,rna10k
-0.0057255947,0.0019186633,rna10k
0.0041472604,-0.0037206972,rna10k
0.018090857,0.0030823986,rna10k
4.7132e-05,0.0029130722,rna10k
-0.00230678,-0.0032922002,rna10k
-0.002215282,0.007827319,rna10k
0.006039477,-0.002216182,rna10k
-0.00072444207,0.002169685,rna10k
-0.0033934622,-0.020434162,rna10k
0.005170789,-0.0034136875,rna10k
0.005946901,-0.006121966,rna10k
0.0027267176,0.0017707957,rna10k
-0.0032475542,-0.0038890066,rna10k
0.0053828103,0.01763974,rna10k
-0.00557386,-0.005609782,rna10k
0.005014735,0.001969787,rna10k
0.0046686465,0.017125553,rna10k
-0.008650051,0.0018482505,rna10k
0.0041684536,0.0018169897,rna10k
0.012740035,-0.019695457,rna10k
-0.0022102739,0.0041188495,rna10k
-0.008080457,0.003361189,rna10k
0.006316458,0.00094463694,rna10k
-0.002682452,0.006525005,rna10k
0.0050966884,0.018801525,rna10k
0.0003262924,0.0019997894,rna10k
-0.0016447632,-0.006366647,rna10k
-0.0054847137,-0.0035203025,rna10k
-0.0061303303,-0.00593894,rna10k
0.0009768796,-0.0018787868,rna10k
0.003989507,-0.001178232,rna10k
-0.021503929,-0.0006876015,rna10k
-0.008969136,0.019429509,rna10k
0.0038684,0.0021124955,rna10k
-0.00061345194,0.0067654806,rna10k
0.006646808,-0.0030591267,rna10k
-0.013963067,-0.00814369,rna10k
-0.0055221105,0.0044753216,rna10k
-0.007112099,0.0017990015,rna10k
-0.023970095,-0.0035067925,rna10k
0.00092529255,0.0016284393,rna10k
0.0008465888,-0.0039404193,rna10k
0.0026587474,0.017341448,rna10k
-0.008711796,-0.0066264924,rna10k
2.3560238e-05,-0.0055728266,rna10k
0.0027885253,-0.0038952099,rna10k
0.0023989615,0.00197606,rna10k
-0.00074363756,0.0017834324,rna10k
0.0036602095,0.00213925,rna10k
-0.0032999841,0.0019200938,rna10k
0.0030118704,0.018197952,rna10k
-0.005102728,-0.022173043,rna10k
0.0040376782,0.000980741,rna10k
0.0074190493,-0.0033339504,rna10k
-0.0047586528,0.011536226,rna10k
0.011696993,0.0076115746,rna10k
0.0016810566,0.0021110496,rna10k
0.00034882213,0.006008916,rna10k
0.005433246,0.0026376608,rna10k
-0.0048686885,-0.0049476544,rna10k
0.015724516,-0.00662765,rna10k
-0.00600955,-0.005277396,rna10k
0.0027570056,0.0008625748,rna10k
0.0012160538,-0.0054758387,rna10k
-0.004492865,0.01110467,rna10k
0.009487609,-0.005857612,rna10k
0.008609195,0.019742237,rna10k
0.00037843987,0.0019850929,rna10k
-0.0027397135,0.008312934,rna10k
0.01762782,-0.0048544565,rna10k
-0.0028689662,0.0015469502,rna10k
0.011054212,0.021889353,rna10k
0.0018507633,0.01791288,rna10k
-0.006871553,0.0021261598,rna10k
0.024343707,-0.0017048842,rna10k
0.0015576477,0.0028067045,rna10k
-9.807924e-06,-0.021073272,rna10k
-0.00603238,0.0023004585,rna10k
-0.00036121003,0.0038289176,rna10k
0.0015902453,0.0032103802,rna10k
0.0036107975,0.0021333483,rna10k
0.0014118276,0.01747578,rna10k
-0.0021227715,0.007290873,rna10k
0.001987049,0.0036161803,rna10k
-0.0030169105,0.006971653,rna10k
0.051946234,0.0018584599,rna10k
-0.026073994,0.0052625113,rna10k
0.018618729,-0.0021200252,rna10k
-0.0025996102,-0.005541965,rna10k
-0.005312997,0.0017831996,rna10k
0.02153609,-0.0010245212,rna10k
-0.007968987,0.025909485,rna10k
-0.020527579,-0.003647472,rna10k
-0.0029221734,-0.0017661909,rna10k
0.0052245087,0.00017454317,rna10k
0.0060511385,-0.0022629772,rna10k
-0.0011040805,0.007094358,rna10k
-0.00048967334,0.00416311,rna10k
-0.0020090141,-0.003569949,rna10k
0.0010457201,-0.0013065698,rna10k
0.004988854,0.0020764887,rna10k
-0.008988635,0.019112708,rna10k
-0.0061132796,-0.0046114535,rna10k
-0.0066708974,-0.004472477,rna10k
-0.006730632,-0.00617415,rna10k
-0.007141662,0.001974126,rna10k
0.0028467583,0.017988013,rna10k
-0.0055356664,0.0009822414,rna10k
-0.004133512,-0.005526926,rna10k
-0.0013477406,-0.0030033297,rna10k
0.0025829126,0.017920623,rna10k
-0.00094974466,0.0016880744,rna10k
0.00426635,-0.0058290116,rna10k
-0.00018654346,0.017498566,rna10k
0.0004124123,0.0020591458,rna10k
-0.002458399,-0.015266662,rna10k
-0.010606081,-2.3638486e-05,rna10k
0.000361491,0.00026227674,rna10k
-0.007681672,-0.0059716804,rna10k
-0.0022663532,-0.0051396186,rna10k
0.0043360293,-0.005595736,rna10k
0.008220117,-0.0008950264,rna10k
-0.037421662,-3.1774664e-05,rna10k
-0.0009845241,0.007462114,rna10k
0.0029404452,-0.0054512667,rna10k
0.007857901,-0.0036477954,rna10k
0.00023386127,0.0017696805,rna10k
0.0033916868,0.002510241,rna10k
-0.00022954139,-0.004651987,rna10k
-0.004249672,0.0022990005,rna10k
0.0051798862,0.017877351,rna10k
0.0004270187,-0.002152047,rna10k
-0.0028804215,0.005954495,rna10k
-0.00048023657,0.002013044,rna10k
-0.0039577493,0.010015943,rna10k
-0.007898389,0.0014847349,rna10k
-0.01146521,-0.007285345,rna10k
-0.02448303,0.01874167,rna10k
0.0014703694,-0.005858591,rna10k
0.0063595315,0.019214356,rna10k
-0.001448113,0.008725589,rna10k
-0.0038038862,-0.020083634,rna10k
0.0016838039,-0.006484211,rna10k
-0.0015054491,0.002246236,rna10k
-0.0027883023,0.019426199,rna10k
-0.010937693,0.0013573886,rna10k
0.006231556,-0.001192808,rna10k
-0.0064757024,-0.004650918,rna10k
-0.0026968177,-0.020944688,rna10k
0.0028070859,0.0024081992,rna10k
-0.0018411143,-0.0041939514,rna10k
0.0034699023,0.00059816457,rna10k
0.0036568926,-0.02919487,rna10k
0.0032340735,-0.0055160015,rna10k
-0.0014620738,0.007820303,rna10k
0.001313526,-0.0059329616,rna10k
-0.003742981,0.013550692,rna10k
-0.0039071287,0.002627219,rna10k
-0.0068781255,0.0024427352,rna10k
-0.01979116,0.00097386405,rna10k
-0.0031533574,-0.0052397074,rna10k
-0.0046763876,-0.022502046,rna10k
0.0031341284,0.0015461945,rna10k
-0.0048695994,-0.0031084307,rna10k
0.0027063328,0.0018908996,rna10k
-0.011081946,-0.007997853,rna10k
0.00016281813,0.0069125844,rna10k
0.013517506,-0.0033597422,rna10k
0.009601995,0.019414479,rna10k
0.0047096335,0.017451389,rna10k
0.0051557194,-0.0059875986,rna10k
-0.009344115,0.0017606035,rna10k
0.004922201,0.0007572586,rna10k
0.0016691381,0.019109612,rna10k
0.005450398,0.001752467,rna10k
-0.009796506,0.0030525776,rna10k
0.015122083,-0.0032819817,rna10k
-0.0047766455,0.010947779,rna10k
-1.3461819e-05,0.0021767565,rna10k
-0.001986396,0.0075331107,rna10k
0.0031097564,-0.0054712025,rna10k
0.0037387335,-0.0016635164,rna10k
0.008529625,-0.0022052496,rna10k
-0.0029830802,0.0074069994,rna10k
-0.010570912,0.0013000029,rna10k
-0.006757533,-0.020584384,rna10k
-0.0026157964,-0.002685977,rna10k
0.000112345624,-0.0057818703,rna10k
0.0042344793,-0.0056830393,rna10k
-0.0012539236,-0.00204377,rna10k
0.0015021946,0.002445125,rna10k
0.004162383,-0.0037494474,rna10k
0.0012150673,0.005689258,rna10k
0.0037082422,0.0010255959,rna10k
0.008352081,-0.0058576902,rna10k
0.019089578,0.0009681025,rna10k
0.0010722864,-0.03209664,rna10k
0.0018974645,0.0019516652,rna10k
0.0036800164,0.0020235036,rna10k
0.00052392675,-0.03195642,rna10k
0.0068559702,-0.0012777754,rna10k
-0.0076634185,0.0020537507,rna10k
-0.0046136472,-0.00026810792,rna10k
-0.002660115,0.001741866,rna10k
0.0029026433,0.0012021246,rna10k
0.005004455,-0.020618623,rna10k
0.0052082613,-0.00047016915,rna10k
-0.0024496764,0.001829581,rna10k
0.0004267674,-0.0056310464,rna10k
0.00493311,0.0041151512,rna10k
-0.0058212816,-0.0024328413,rna10k
0.0018473628,0.002767701,rna10k
8.204908e-05,-0.005757571,rna10k
0.0031511846,-0.0057841106,rna10k
0.00046470395,-0.0060780286,rna10k
0.0034922457,-0.0021086812,rna10k
0.009963028,0.0020962348,rna10k
0.004973664,0.001629666,rna10k
2.2614982e-05,0.002067127,rna10k
-0.004878923,0.022483248,rna10k
-0.0019131684,-0.01957525,rna10k
0.010400552,0.0040231408,rna10k
-0.0024146934,-0.0053086914,rna10k
-0.009751701,-0.0213845,rna10k
-0.005339504,0.0030891094,rna10k
-0.002291122,0.00586558,rna10k
-0.010519038,0.0011865353,rna10k
-0.008552164,0.001827545,rna10k
0.006642162,-0.0039308155,rna10k
-0.008353032,0.0016040889,rna10k
0.0047264933,0.000961122,rna10k
-0.0034103997,0.0018125504,rna10k
0.001153981,0.001743095,rna10k
-0.00397238,-0.0041308366,rna10k
-0.001150746,-0.00035010095,rna10k
0.0063222772,0.0014665949,rna10k
-0.0004716355,0.0057915486,rna10k
-0.009297221,0.0018060642,rna10k
0.0007254838,-0.005969964,rna10k
-0.009508415,-0.0066853743,rna10k
0.005878347,-0.0060197567,rna10k
-0.0010145181,-0.005976701,rna10k
-0.0016149239,-0.02376885,rna10k
0.0036916994,-0.020487867,rna10k
-0.003748425,0.009080174,rna10k
0.029600497,0.0015378428,rna10k
-0.0028888886,0.0008107935,rna10k
0.0062146876,0.0013192943,rna10k
-0.010731692,0.002496406,rna10k
0.003911035,-0.00206404,rna10k
-0.0016152303,0.0073471367,rna10k
-0.0043336106,-0.0031148905,rna10k
-0.0040732436,-0.002944691,rna10k
-0.010036658,-0.019323746,rna10k
-0.0020640425,0.0013363464,rna10k
0.0046278583,0.0017783784,rna10k
0.052540123,0.005453399,rna10k
0.0013920058,-0.0053872904,rna10k
0.0076685315,0.0029609136,rna10k
-0.0044581015,-0.0059532877,rna10k
0.0051625096,0.0033492998,rna10k
0.039421577,0.0003759668,rna10k
-0.0012661166,-0.0064241807,rna10k
0.02514124,0.00031130077,rna10k
0.0022739545,0.0023536955,rna10k
-0.000142816,-0.0046326583,rna10k
0.0028060286,-0.0058153686,rna10k
0.0036717353,-0.01863329,rna10k
-0.0033459414,0.0020647103,rna10k
-0.0020908304,-0.004628185,rna10k
-0.002504248,-0.0041537224,rna10k
-0.009460448,0.0015980186,rna10k
0.0034634676,0.0015912985,rna10k
-0.002365494,-0.0014638152,rna10k
-0.0049159583,-0.006258238,rna10k
0.0033758173,0.017194286,rna10k
0.02795817,-0.0042413888,rna10k
-0.0035322087,-0.004547477,rna10k
0.0062076435,0.0010932274,rna10k
-0.026609855,0.0006355898,rna10k
-0.000400266,0.015540886,rna10k
-0.0011470326,0.008071145,rna10k
-0.0027379245,0.0018638838,rna10k
-0.002917403,0.0022284146,rna10k
-0.004338785,-0.0048121056,rna10k
-0.00026944053,-0.0060555083,rna10k
0.00029200438,-0.006195407,rna10k
0.0038642087,-0.010101705,rna10k
-0.0021402691,0.007708612,rna10k
0.011112604,-0.0051790522,rna10k
-0.00842693,0.001793871,rna10k
0.00031890077,-0.0029408573,rna10k
-0.0018496681,0.0068313405,rna10k
-0.0015247231,0.008252322,rna10k
-0.0037845941,-0.0063333507,rna10k
-0.0016371863,0.0018472464,rna10k
0.0014811559,0.0019147435,rna10k
-0.01611879,-0.008321324,rna10k
-0.004376786,-0.004994037,rna10k
0.0052707745,0.0017912623,rna10k
-0.0007486896,-0.005932004,rna10k
0.003614199,-0.020585692,rna10k
0.008051928,-0.0005811901,rna10k
-0.0027331149,-0.019847928,rna10k
-0.0036795023,-0.023647722,rna10k
0.006727399,-0.0008620349,rna10k
0.03391018,0.0007133416,rna10k
-0.004867147,-0.020295106,rna10k
0.0024736552,-0.0032329354,rna10k
0.002819759,0.022289872,rna10k
-0.0014854367,0.0073956046,rna10k
-0.009608136,0.0017165396,rna10k
-0.0053499155,-0.0017901639,rna10k
0.0028722403,0.002371835,rna10k
-0.0022013797,-0.004776047,rna10k
0.00041699136,-0.022899581,rna10k
0.0048633106,0.003734545,rna10k
0.0055689784,-0.0020258264,rna10k
0.01456612,-0.006284455,rna10k
0.0063755894,-0.00332562,rna10k
-0.009277413,0.0011764686,rna10k
0.01983258,-0.015994081,rna10k
-0.006263391,0.002090838,rna10k
0.0052902168,0.012132192,rna10k
0.0009328911,0.0020473462,rna10k
0.00412961,-0.019561544,rna10k
-0.0018358732,0.0016488765,rna10k
-0.0032858762,0.0018238593,rna10k
0.005282463,0.0017662097,rna10k
0.00714697,-0.004564052,rna10k
0.011039721,0.0014053608,rna10k
0.00096549926,0.0022201901,rna10k
0.0013341516,-0.0046289214,rna10k
-0.017563287,-0.0031972285,rna10k
0.005772588,0.0015276553,rna10k
0.0025012847,0.001480675,rna10k
-0.0038581672,0.007879323,rna10k
-0.0052050757,0.0024662886,rna10k
6.956148e-05,-0.006138093,rna10k
-0.007943068,0.0013263314,rna10k
0.007895859,-0.008083189,rna10k
-0.0077251517,-0.0057062763,rna10k
-0.0013756547,0.007332322,rna10k
-0.00050116476,-0.0026751424,rna10k
-0.00036607447,0.01715995,rna10k
-0.0087295305,0.0004974691,rna10k
0.0018024882,0.0025206164,rna10k
0.0037689924,-0.004603248,rna10k
0.0057012313,0.0022864759,rna10k
-0.02042126,0.00070697285,rna10k
0.009103873,0.0081861615,rna10k
-0.0017227248,0.007530369,rna10k
0.0025153502,0.0022046834,rna10k
-0.00299863,0.006515782,rna10k
-0.0010799665,0.0021790245,rna10k
0.005314285,0.0024927775,rna10k
0.025761146,0.005081054,rna10k
0.048170786,0.0033448874,rna10k
-0.015560736,-0.007712108,rna10k
-0.0060887514,-0.0053615966,rna10k
0.005661394,-0.00089670386,rna10k
0.016142653,-0.005886008,rna10k
0.0027153688,0.002232844,rna10k
0.012920021,-0.0036556541,rna10k
0.01028767,-0.0034488593,rna10k
-0.0072642127,-0.021897051,rna10k
-0.003049484,0.010416145,rna10k
0.006225883,0.0011373496,rna10k
0.007847941,-0.0012705656,rna10k
-0.0031377578,0.021355245,rna10k
0.003203922,-0.0030647172,rna10k
-0.0109065315,-0.011043999,rna10k
0.0006154763,-0.00062839634,rna10k
0.004063971,0.0011947908,rna10k
0.0030582815,0.0016249857,rna10k
0.00636484,-0.00735904,rna10k
0.019344939,-0.01707709,rna10k
0.014492963,-0.026271394,rna10k
7.294776e-05,0.006240886,rna10k
0.007525294,-0.00069309876,rna10k
0.0017841604,0.00620329,rna10k
-0.012391086,-0.006905475,rna10k
0.0025071425,-0.020505035,rna10k
0.0058476063,0.0055945828,rna10k
0.006333623,-0.0041604023,rna10k
-0.0055148173,-0.00659502,rna10k
0.0010273707,-0.0058164303,rna10k
-0.005145418,-0.003937533,rna10k
-0.007951693,0.0015865773,rna10k
-0.0020557593,-0.022554688,rna10k
0.023091072,0.01900656,rna10k
-0.0034513925,-0.0064431285,rna10k
-0.0050428505,0.021902887,rna10k
0.0033044592,0.0018007691,rna10k
0.008754495,-0.005958707,rna10k
0.002187172,0.003856835,rna10k
0.0051022805,-0.0055709733,rna10k
0.0015423654,-0.02202897,rna10k
-0.0015342195,0.00070033927,rna10k
0.0066553373,-0.00012520373,rna10k
-0.0024344272,-0.023015797,rna10k
0.003910998,-0.021454388,rna10k
-0.0069005555,-0.004453102,rna10k
0.0052934536,0.0012616944,rna10k
0.0002877011,-0.02125078,rna10k
-0.006916204,-0.0042388397,rna10k
-0.007471428,-0.004387229,rna10k
-0.0017228099,0.006960803,rna10k
-0.0026403922,-0.00394187,rna10k
-0.0007826116,0.0068743485,rna10k
-0.00041853244,0.0018346441,rna10k
-0.017596131,-0.004437046,rna10k
0.0046896627,0.00011118079,rna10k
0.021436468,-0.0018488874,rna10k
0.004578405,0.00054191536,rna10k
0.0019833047,-0.0051263766,rna10k
-0.007384946,0.02796897,rna10k
0.013323509,-0.0064727785,rna10k
-0.0037512886,0.0020787036,rna10k
0.004959186,-0.006256354,rna10k
-0.0040933494,-0.0064172503,rna10k
0.0054164543,0.0016135348,rna10k
0.00095013785,0.0061697545,rna10k
0.014198336,-0.005491655,rna10k
-0.008403139,0.001800417,rna10k
0.00025655224,-0.005956984,rna10k
0.0021890635,0.00235778,rna10k
0.0063617555,-0.0058656516,rna10k
-0.011758325,0.0025613494,rna10k
0.0002999184,-0.0014292649,rna10k
-0.0010858485,-0.0063175247,rna10k
-0.0072315754,0.021385545,rna10k
-0.0033273438,0.008770088,rna10k
-0.00014207965,0.0027051473,rna10k
0.011946047,-0.005398363,rna10k
-0.007155324,0.0067591486,rna10k
-0.00063229544,0.0072072065,rna10k
0.004183061,0.0021806292,rna10k
-0.0063023763,0.001589411,rna10k
-0.008798605,-0.0056957537,rna10k
0.0026034347,-0.0054361643,rna10k
0.0022157836,0.018435197,rna10k
-0.008032987,0.0013835775,rna10k
0.0041185576,0.0023866624,rna10k
0.011271109,-0.0052698934,rna10k
0.007476474,-0.0015838263,rna10k
-0.0007621325,-0.020518562,rna10k
-0.0047432124,-0.02137803,rna10k
0.0018654794,0.0023540857,rna10k
-0.0007733503,0.0072818557,rna10k
-0.0014208172,0.0076473113,rna10k
0.005397789,0.018994512,rna10k
-0.005207492,-0.0043609967,rna10k
-0.021392085,-0.0035082498,rna10k
-0.00060181477,0.0023715403,rna10k
0.0008449199,0.0052492423,rna10k
-0.0059687947,0.001870647,rna10k
0.0027945635,-0.005539646,rna10k
0.004925915,-0.006267845,rna10k
-0.00023235817,0.0020518552,rna10k
0.0015244833,0.0019391996,rna10k
0.004679359,0.001594575,rna10k
-0.0062673544,0.0017532496,rna10k
0.00040737368,-0.03080624,rna10k
-0.0012218655,0.007073945,rna10k
-0.0007915671,0.0018652225,rna10k
0.0021651608,-0.0057298555,rna10k
0.03999409,0.003680494,rna10k
-0.009502469,0.0015422599,rna10k
0.02633413,-0.0009965153,rna10k
-0.003773906,0.005707886,rna10k
-0.009591038,0.016829275,rna10k
0.00013098457,-0.0021973136,rna10k
0.01431787,0.0021562267,rna10k
-0.0020224052,0.0019568997,rna10k
0.00010982687,0.00565773,rna10k
-0.0061644595,0.024589067,rna10k
0.0009709894,0.005792894,rna10k
-0.0046477914,-0.021821098,rna10k
-0.005265126,-0.008646833,rna10k
0.0018147883,0.0021661462,rna10k
-0.0070345267,-0.0039051077,rna10k
0.00058894476,0.016260117,rna10k
-0.0012689446,-0.0020161383,rna10k
-0.0031672732,0.0080440845,rna10k
0.008116885,-0.0052333777,rna10k
-0.0010023044,-0.0063090655,rna10k
-0.0026542537,-0.0033223657,rna10k
-0.0036143535,-0.0034010122,rna10k
-0.00025644767,0.0069313864,rna10k
0.032665703,0.00016174962,rna10k
-0.005446062,-0.0059797904,rna10k
-0.0019157528,0.0021256611,rna10k
-0.004769926,-0.005668881,rna10k
0.0022125405,-0.021382917,rna10k
0.00466854,-0.0058181295,rna10k
-0.0009468103,0.0021915839,rna10k
0.0064567155,0.00058353686,rna10k
-0.0041665384,-0.006575136,rna10k
0.004256109,0.00039096395,rna10k
0.0022999402,-0.021922132,rna10k
0.013028542,0.007219185,rna10k
0.0074129086,0.0012666653,rna10k
-0.009041273,-0.0049475725,rna10k
0.0072077475,-0.0015593362,rna10k
0.0009832401,-0.02309407,rna10k
-0.0050407313,-0.004806954,rna10k
-0.0087615,0.0035690572,rna10k
-0.0059931693,0.0023396118,rna10k
0.022904834,0.01149983,rna10k
-0.00035520457,0.007343947,rna10k
-0.002774747,0.0019703954,rna10k
0.0058455775,0.001807455,rna10k
0.0045183757,0.002268567,rna10k
-0.0028949003,-0.00403179,rna10k
-0.006902728,0.0020298644,rna10k
0.0011885044,0.0017144796,rna10k
0.0041606394,-0.005614698,rna10k
-0.0028695953,-0.020033596,rna10k
0.0044380818,-0.0063572307,rna10k
0.024876464,-0.00076494337,rna10k
-0.003738325,0.016141655,rna10k
-0.003840056,0.017976593,rna10k
0.0036957234,-0.0007566216,rna10k
0.014471741,0.0028958858,rna10k
0.0037072068,0.0021166103,rna10k
0.003445306,0.00110585,rna10k
0.0077119553,0.021481788,rna10k
0.00030568097,0.0017906793,rna10k
-0.0019408594,-0.01995218,rna10k
-0.002048916,-0.0065289866,rna10k
-0.0007101261,-0.006227813,rna10k
0.0016532427,-0.006322132,rna10k
0.004578566,-0.00433477,rna10k
-0.00039459195,0.0020020728,rna10k
0.01376613,-0.019857584,rna10k
0.0016364321,0.0022128401,rna10k
0.0025299261,-0.0030114357,rna10k
0.0053949733,-0.005614283,rna10k
0.0013410293,0.006389687,rna10k
0.0037879793,0.0020096316,rna10k
-0.00067508593,-0.0019930303,rna10k
0.004656768,-0.022623552,rna10k
0.0028646726,-0.015095193,rna10k
-0.031471085,-0.0034054026,rna10k
-0.00066263555,0.0060475897,rna10k
0.00445436,-0.0068408893,rna10k
-0.0018214355,-0.0032899133,rna10k
-0.027457556,0.0005094603,rna10k
0.005012259,-0.0048572677,rna10k
-6.659097e-05,0.0058303424,rna10k
-0.0058111134,-0.006675376,rna10k
-0.0051825866,0.0018130171,rna10k
-0.0030793499,0.005289343,rna10k
0.00634877,0.00069082325,rna10k
0.0056026033,0.018500553,rna10k
0.022957562,0.0019242105,rna10k
-0.0069615687,0.0021036067,rna10k
0.004208863,0.0021256662,rna10k
0.0034855811,0.0015716727,rna10k
0.00872208,-0.0054832823,rna10k
-0.010493973,-0.00598605,rna10k
0.00793315,-0.0050302697,rna10k
-0.0014905061,-0.0023352203,rna10k
-0.0031949598,-0.023711024,rna10k
0.003850849,-0.00053144974,rna10k
-0.0033144157,-0.020709584,rna10k
-0.000994167,-0.0025234844,rna10k
-0.0066860868,0.0016677828,rna10k
0.0066903266,-0.0049651912,rna10k
-0.0006105776,0.0063388995,rna10k
0.00022961144,0.0022773147,rna10k
0.0050821113,0.0009075381,rna10k
0.00075225177,-0.027145468,rna10k
0.00013433755,-0.00059221353,rna10k
-0.0031535567,0.0018868762,rna10k
-0.0068598306,0.0019293529,rna10k
-0.004932285,0.011103474,rna10k
-0.00511186,0.0005750505,rna10k
0.0034283868,0.0013705711,rna10k
0.0071674874,-0.006207544,rna10k
0.004404177,-0.00018055536,rna10k
-0.0048657446,0.00210702,rna10k
0.00018766467,-0.0062502837,rna10k
0.00226656,0.0043050684,rna10k
0.004723197,-0.0029073907,rna10k
-0.003481004,-0.0063549303,rna10k
0.00013652239,0.0063968133,rna10k
-0.004474508,0.0017756491,rna10k
0.00012501066,0.010821258,rna10k
-0.007618023,0.005177555,rna10k
0.0048654648,0.0008732358,rna10k
-0.011349512,-0.013410764,rna10k
-0.0013784119,0.0020545945,rna10k
0.0005467315,-0.020214176,rna10k
0.0037440124,0.02109242,rna10k
-0.002318453,0.0077964226,rna10k
0.004268307,0.0018449347,rna10k
-0.00055459706,0.0046300413,rna10k
0.009929942,-0.005725541,rna10k
0.00072514644,-0.0049085775,rna10k
-0.0003874228,0.0072913566,rna10k
0.0007366103,-0.005839164,rna10k
-0.0041768653,-0.00069797906,rna10k
0.0046128198,0.0012895685,rna10k
-0.0029890838,0.007976096,rna10k
-0.003762973,0.008068241,rna10k
-0.0064178277,0.0020683156,rna10k
0.048961062,0.003082268,rna10k
-0.00016580013,0.005390851,rna10k
-0.0023565504,0.0059017614,rna10k
0.006251327,-0.00030486367,rna10k
-0.0008085066,0.0035218669,rna10k
-0.005235294,0.0068765893,rna10k
-0.0012817441,0.007133525,rna10k
0.0029254903,-0.005653967,rna10k
-0.004471044,0.010475273,rna10k
-0.0010906288,0.002027591,rna10k
-0.016888874,-0.004939177,rna10k
-0.017480291,-0.0012415828,rna10k
-0.0053457003,0.0020006776,rna10k
-0.0013636647,-0.0058945892,rna10k
-0.00032969346,0.0028566003,rna10k
-0.0029083847,0.008185348,rna10k
-0.00049436354,-0.0059820213,rna10k
-0.004596279,0.00962902,rna10k
-0.016139952,-0.008715898,rna10k
-0.01417078,0.01330573,rna10k
0.020687792,-0.002489411,rna10k
-0.023183135,-0.0038310336,rna10k
0.0008850713,-0.0019000781,rna10k
-0.008411121,0.002100928,rna10k
-0.0014251673,0.018955734,rna10k
0.011018718,0.0034526167,rna10k
0.0022375912,-0.022329798,rna10k
0.003298192,-0.020704448,rna10k
0.023337133,0.01337118,rna10k
-0.01055205,-0.00291551,rna10k
-0.0060544987,-0.0066398215,rna10k
-0.00047734045,0.014448026,rna10k
0.0010681985,-0.021623753,rna10k
0.0015787525,0.018156018,rna10k
-0.005793756,0.0015428343,rna10k
0.015413852,-0.0021744557,rna10k
-0.014595605,-0.0050710673,rna10k
-0.006316864,0.0015787937,rna10k
0.003793738,0.0021662225,rna10k
0.00021907531,0.0021696158,rna10k
0.0036563782,-0.00033963638,rna10k
0.030122008,0.00014172176,rna10k
-0.0025485214,-0.0066098794,rna10k
0.0025551391,0.0038847432,rna10k
-0.01828607,0.0032901072,rna10k
0.0062212907,-0.005467505,rna10k
0.0010367475,0.0027201367,rna10k
-0.00210711,0.007895814,rna10k
-0.0014637279,-0.021551477,rna10k
0.0036432545,0.0020821115,rna10k
0.0013198947,0.016065544,rna10k
-0.0004312497,0.0013507219,rna10k
0.004054106,-0.006372571,rna10k
0.004196855,0.0013041897,rna10k
0.005633143,0.0072601945,rna10k
-0.0069470126,0.0009335026,rna10k
-0.007349679,0.0019143913,rna10k
0.0015569725,-0.021111352,rna10k
-0.010128388,-0.0067446474,rna10k
0.0008948936,0.002155946,rna10k
0.0036384934,-0.0031226524,rna10k
-0.0012564455,0.0076831128,rna10k
-0.0025594286,0.001857708,rna10k
0.0020182524,0.0025668957,rna10k
0.005249938,-0.00094809104,rna10k
-0.004928883,0.0075514265,rna10k
-0.00694989,-0.0058438927,rna10k
0.006065913,-0.005908095,rna10k
-0.003028763,-0.0046758917,rna10k
-0.004860153,0.011080715,rna10k
0.004591928,-0.005558168,rna10k
0.0016206993,-0.0060174107,rna10k
0.008383061,-0.0056454483,rna10k
-0.008521997,0.00090913347,rna10k
-0.0057344707,0.0066654743,rna10k
-0.0029138739,-0.0039596423,rna10k
0.0028010034,-0.021835713,rna10k
-0.0015255378,0.0019481729,rna10k
0.0042474084,-0.0016911175,rna10k
0.0021004707,-0.0064335405,rna10k
-0.0033255776,-0.0057061207,rna10k
0.0012145581,0.0061490065,rna10k
-0.002905853,-0.005139066,rna10k
0.0010776119,-0.0057325065,rna10k
-0.005476568,-0.005686434,rna10k
0.0001357798,-0.00030649456,rna10k
-0.009690326,0.0017197389,rna10k
0.020656548,0.0042547355,rna10k
-0.002062859,0.013179295,rna10k
0.0049643116,0.01858099,rna10k
-0.0108271,-0.005601287,rna10k
0.0039505614,-0.00555578,rna10k
-0.0025958128,0.0025949038,rna10k
-0.0023871886,0.015392618,rna10k
-0.0051827296,0.0041936343,rna10k
0.0028313487,-0.00384597,rna10k
0.0054781,0.0013070143,rna10k
0.0012232324,0.0015404124,rna10k
-0.0018131858,0.0020733762,rna10k
0.0013934788,-0.00046696802,rna10k
-0.0010825051,-0.004825967,rna10k
-0.003081926,0.002012622,rna10k
-0.0029990491,0.0019877166,rna10k
-0.0008391315,-0.006269497,rna10k
-0.0009310175,0.007105401,rna10k
-0.0011570711,0.015785445,rna10k
-0.0014981728,-0.0041373773,rna10k
0.026160367,-7.604143e-05,rna10k
0.009775774,0.005289562,rna10k
-0.0005941654,-0.023518302,rna10k
0.0037753296,-0.004454552,rna10k
-0.0014033761,-0.00031389258,rna10k
0.0034444865,0.0024388758,rna10k
0.0069767656,0.008546539,rna10k
0.0040409802,0.0026524838,rna10k
0.0009651245,0.0019072301,rna10k
0.007260508,-8.592762e-05,rna10k
-0.005121174,0.0016941044,rna10k
-0.004247381,0.018525952,rna10k
-0.00017552762,-0.005030229,rna10k
0.0045247455,0.000782876,rna10k
-0.00052228716,0.0021472806,rna10k
-0.0010208691,0.0022442765,rna10k
-0.0039028546,-0.0050968076,rna10k
0.0017719038,-0.0008862132,rna10k
0.0016974693,0.0023104225,rna10k
0.00065879716,-0.0059704036,rna10k
-0.0075666565,-0.015612994,rna10k
-0.00062116905,0.007025367,rna10k
-0.0019420404,-0.020642582,rna10k
-8.399235e-05,0.0065379967,rna10k
-0.0008186837,0.006941941,rna10k
0.0018129839,-0.003822805,rna10k
0.004439413,0.0021326682,rna10k
-0.0042701475,0.012273787,rna10k
-0.0022839815,0.0018397849,rna10k
0.0041037863,-0.0043161777,rna10k
0.015058991,-0.0029287483,rna10k
-0.0032533656,0.0018430039,rna10k
-0.00594233,-0.004157909,rna10k
-0.004507522,-0.004064801,rna10k
-0.008553554,0.0025187735,rna10k
0.00471898,0.002376503,rna10k
0.0019159181,-0.020763414,rna10k
-0.007350368,0.0017418247,rna10k
-0.006278636,-0.02150556,rna10k
-0.003934914,-0.004704321,rna10k
-0.012862489,-0.006604101,rna10k
-0.0042517213,0.009542792,rna10k
0.005463508,0.003063386,rna10k
-0.024667758,-0.007020607,rna10k
-0.0032386645,0.012931324,rna10k
0.008365775,-0.003535801,rna10k
0.008303435,0.0029212595,rna10k
0.0022824982,3.9041202e-05,rna10k
-0.0021926044,-0.019510802,rna10k
0.0048803636,0.0019464918,rna10k
-0.009353664,0.0017297186,rna10k
-0.057918977,-0.00023100663,rna10k
0.0012312728,-0.004836334,rna10k
0.026767323,0.005069985,rna10k
0.026584545,-0.0009964439,rna10k
-0.00093035225,0.0070526972,rna10k
-0.0059435987,0.0060669486,rna10k
0.0010696112,0.0010400893,rna10k
-0.0052292366,0.019693116,rna10k
0.0027520987,-0.020653637,rna10k
-0.0016536408,0.0074625593,rna10k
0.004508055,-0.0018171472,rna10k
0.0030180255,0.007518247,rna10k
-0.005996618,-0.0038580382,rna10k
0.0018320355,0.005505561,rna10k
0.003733574,-0.004556415,rna10k
0.0047565205,-0.005695817,rna10k
-0.004806466,0.0019149589,rna10k
-0.0028651126,-0.0049593337,rna10k
-4.6006437e-05,0.0068763006,rna10k
0.019774431,0.004465961,rna10k
0.034848735,0.00073825207,rna10k
-0.0001639015,-0.0034526435,rna10k
0.0040403637,-0.003064409,rna10k
0.019416798,0.0008605163,rna10k
-0.009202879,9.474558e-05,rna10k
-0.0014326064,-0.0045837564,rna10k
-0.0019090789,0.001939607,rna10k
-0.0030074539,-0.0015335658,rna10k
0.000951806,-0.011933937,rna10k
-0.002752566,-0.0007480494,rna10k
-0.0028355261,0.0018048924,rna10k
0.008290514,0.019218912,rna10k
-0.00361131,-0.005822148,rna10k
-0.0003326158,-0.0045783096,rna10k
-0.017728038,-0.009921963,rna10k
-0.0012768287,-0.0054457635,rna10k
-0.00048857,0.005790149,rna10k
0.000450873,0.014991285,rna10k
0.0042781252,-0.0016199386,rna10k
0.00048202975,0.0020497672,rna10k
0.00055276474,-0.0060040154,rna10k
0.0008217216,0.006304259,rna10k
-0.01644063,-0.0074514756,rna10k
0.0005104207,-0.005627382,rna10k
-0.011210599,0.0026222323,rna10k
-0.0042165965,0.0146635175,rna10k
0.006327804,0.002336428,rna10k
0.0054887794,0.022541527,rna10k
0.0022580957,-0.0065141045,rna10k
-0.002537607,-0.0041367775,rna10k
-0.0033097344,0.0018603704,rna10k
0.016716253,-0.0030968299,rna10k
-0.0051186904,0.0014717849,rna10k
-0.0062822737,-0.005061553,rna10k
0.0010698546,-0.0061927745,rna10k
-0.0028181842,0.00039883552,rna10k
0.0050296984,0.00095797115,rna10k
0.006316013,-0.0028743942,rna10k
0.015467949,-0.0053068483,rna10k
0.004865299,0.0026681265,rna10k
-0.0033519953,-0.00651719,rna10k
9.085171e-05,-0.006241999,rna10k
-0.0063899574,-0.006663109,rna10k
-0.001742684,-0.005411795,rna10k
0.002964539,-0.0035584325,rna10k
-0.0014084694,0.0019859427,rna10k
0.002261914,0.0018032441,rna10k
-0.002260418,0.015860178,rna10k
-0.0022378853,0.009729866,rna10k
-0.0035722032,-0.0038662208,rna10k
-0.0014526951,0.0023855353,rna10k
-0.00078671175,0.0020056309,rna10k
-0.0044801086,0.001303001,rna10k
-0.009526209,0.021780768,rna10k
-0.006104476,0.002410157,rna10k
-0.0037961972,-0.005810737,rna10k
0.004310889,0.0012757124,rna10k
-0.0015356155,0.007094854,rna10k
0.0027350513,0.0014294896,rna10k
0.0056299693,-0.0022705044,rna10k
0.043200146,0.0032533177,rna10k
-7.225088e-05,0.0054687224,rna10k
-0.001599068,-0.0041497904,rna10k
-0.000630146,0.0063991915,rna10k
0.006264128,0.00086067367,rna10k
0.006523173,-0.00036145194,rna10k
-0.019668251,0.0024933806,rna10k
0.01114981,0.006848234,rna10k
-0.005725458,0.017495122,rna10k
0.01366709,-0.0065818336,rna10k
-0.007423732,0.0018026065,rna10k
-0.0012675474,0.0019946455,rna10k
0.0070295227,0.00356299,rna10k
-0.0039970274,0.0018182017,rna10k
0.0077648703,0.020460041,rna10k
-0.0036694044,-0.006384469,rna10k
0.00041241766,0.021889634,rna10k
-0.004898137,0.018978897,rna10k
-0.0041555883,-0.002522304,rna10k
-0.0016395567,-0.021580243,rna10k
0.0034480467,-0.005384111,rna10k
-0.00022626347,-0.0065730326,rna10k
-0.006026889,-0.004853659,rna10k
0.0036107586,-0.020572072,rna10k
0.0015853293,0.0014447509,rna10k
8.213087e-05,-0.0011409894,rna10k
-0.010376808,0.001325846,rna10k
-0.003663815,0.0019601723,rna10k
-0.002052751,0.008103197,rna10k
0.0007630304,0.0022395956,rna10k
0.00014645887,-0.0062490995,rna10k
-0.0017876173,0.0019861949,rna10k
-0.014160942,0.0041449764,rna10k
0.006260371,0.0006816601,rna10k
0.00015651427,-0.00059989764,rna10k
0.005421264,-2.1674396e-05,rna10k
-0.0021040256,0.0064328145,rna10k
0.001831033,-0.005098149,rna10k
-0.0052298177,0.0017013967,rna10k
0.010682997,0.0052063703,rna10k
0.043636594,-0.00063134276,rna10k
0.0050967373,-0.0020023838,rna10k
0.0009279481,0.0016587806,rna10k
0.0024452356,0.0013040042,rna10k
-0.0005050689,0.0022229117,rna10k
-0.008043121,-0.006046399,rna10k
-0.0033187456,-0.0057728724,rna10k
-0.0008197235,0.00760995,rna10k
-0.0017970352,0.0019463372,rna10k
-0.0044599,-0.003418368,rna10k
-0.010835646,0.0045193024,rna10k
-0.002740508,0.007927197,rna10k
0.0065660616,-0.0021472063,rna10k
-0.0028958966,-0.019681366,rna10k
0.0031566105,0.0036328912,rna10k
0.0513731,0.00062408374,rna10k
0.0036086708,0.002219074,rna10k
0.002437805,-0.001100537,rna10k
-0.0027025263,0.022172369,rna10k
-0.004202085,0.0018776571,rna10k
0.004805228,0.0027272182,rna10k
0.0039019042,0.0029058885,rna10k
0.0014340499,-0.021062024,rna10k
-0.0023047656,0.0086674625,rna10k
0.0032920227,0.0029196725,rna10k
-0.0040103984,-0.0015723378,rna10k
-0.0014988767,-0.0061715967,rna10k
-0.0067297732,0.0015051976,rna10k
-0.001853097,0.0021743653,rna10k
-0.0014942784,-0.0017903042,rna10k
0.0003829233,-0.005647408,rna10k
0.004231216,0.001040446,rna10k
-0.0036877203,-0.003401753,rna10k
0.0045426246,0.0021313261,rna10k
-0.0038059945,-0.0044850507,rna10k
-0.0032698105,0.0021075127,rna10k
-0.0016766241,0.0028014372,rna10k
-0.0013403315,-0.0062652524,rna10k
0.0026542686,0.01957207,rna10k
-0.003222907,0.0020022874,rna10k
0.001284838,-0.01411105,rna10k
-0.00036153194,0.0017459121,rna10k
0.0034248447,0.0003736668,rna10k
0.00055763463,0.0026569942,rna10k
0.0004944435,-0.005629818,rna10k
-5.837585e-05,0.0023832058,rna10k
0.0018009619,0.0014514527,rna10k
0.0041115372,0.0015005736,rna10k
-0.0028541717,0.0075181616,rna10k
0.0029414536,-0.004742704,rna10k
0.00074461685,0.005696417,rna10k
0.013446271,0.0070369234,rna10k
0.005760131,-0.0066444636,rna10k
0.00011484002,0.0023533453,rna10k
0.0014444801,-0.0043055424,rna10k
-0.040907625,0.0008130437,rna10k
0.006319678,-0.020105772,rna10k
-0.008531288,0.0016708787,rna10k
0.0019590792,-0.02164541,rna10k
-0.0047193547,0.0021556716,rna10k
0.009899968,0.0059087384,rna10k
-0.0044431137,0.0020964197,rna10k
0.0022705183,-0.0004720733,rna10k
-0.0055004586,-0.004036044,rna10k
0.000267067,-0.021426946,rna10k
0.001322737,-0.020976936,rna10k
-0.0005591177,0.00166347,rna10k
-0.004390263,0.0025267066,rna10k
-0.0021193386,0.0072641247,rna10k
0.0002828269,-0.005173237,rna10k
0.011063852,0.017542208,rna10k
-0.006822705,0.0019770502,rna10k
0.00277545,0.0022869366,rna10k
-0.008137774,-0.0064185522,rna10k
-0.0030908105,0.0069621177,rna10k
0.0027756002,-0.021097548,rna10k
-0.0013550008,0.002244951,rna10k
-0.004566154,0.009572758,rna10k
-0.0030359963,-0.005641795,rna10k
0.0022611693,-0.0018371806,rna10k
-0.0005576636,0.0016596867,rna10k
-0.0012682338,-0.020491648,rna10k
0.033605,0.00028493104,rna10k
0.00026828688,-0.0029199694,rna10k
-0.0026387754,0.0036324172,rna10k
0.009366898,-0.0033663176,rna10k
-0.007258031,0.0017428577,rna10k
-0.001610778,-0.0038709624,rna10k
0.0009011672,0.002294588,rna10k
-0.0027776794,-0.00601443,rna10k
0.0026454716,0.017812751,rna10k
0.0012514583,-0.0011919963,rna10k
0.000121778954,0.0023324068,rna10k
0.0027824217,0.0014741694,rna10k
-0.015302095,-0.0026915767,rna10k
-0.0024260003,0.0018078831,rna10k
-0.0058805295,-0.0030957914,rna10k
0.0014133345,-0.0032667147,rna10k
-0.001977757,-0.0055750865,rna10k
-0.0025310386,0.0077275583,rna10k
-0.015588291,0.0012106715,rna10k
0.0035874802,0.0012525405,rna10k
0.0057868785,-0.0019185805,rna10k
0.0038885686,-0.004282811,rna10k
0.0011798579,-0.0004943929,rna10k
0.0032048137,0.0024172426,rna10k
-0.0017771069,0.0026292973,rna10k
0.0041345675,0.0022703249,rna10k
-0.00018788273,0.0042423345,rna10k
0.003659311,-0.005236373,rna10k
0.0033928582,0.0028506126,rna10k
0.0022752772,-0.025463274,rna10k
-0.005448827,0.0021175353,rna10k
-0.005621118,0.007077157,rna10k
-0.00032944453,-0.0058724456,rna10k
0.00010553982,0.006457954,rna10k
0.007916283,-0.0060672183,rna10k
0.007945492,-0.004100052,rna10k
-0.025831653,-0.003147568,rna10k
-0.00875185,0.020494012,rna10k
0.008760728,-0.0025829005,rna10k
-0.0042023547,0.0020517686,rna10k
-0.006790823,0.0018269334,rna10k
4.8794696e-05,0.0034581434,rna10k
-1.977489e-05,8.11219e-05,rna10k
-0.0030119221,-0.005824291,rna10k
-0.001838709,0.007698461,rna10k
0.0016808948,-0.005621856,rna10k
6.0308603e-06,0.008527407,rna10k
0.0037205217,0.00084304385,rna10k
-0.005001934,0.0012852612,rna10k
-0.026721967,0.0024079264,rna10k
-0.0026081302,0.0015337195,rna10k
0.002278986,-0.028264519,rna10k
-0.0072956574,0.002177491,rna10k
-0.0071238554,0.0017677709,rna10k
-0.02515592,-0.0024425453,rna10k
-0.0045324066,-0.0032448128,rna10k
-0.006400899,0.021578096,rna10k
-0.0017915112,-0.021154068,rna10k
-0.0015843548,0.0059631104,rna10k
-0.0015422413,-0.0004892693,rna10k
0.0077421865,-0.007077387,rna10k
-0.0003603388,-0.030004732,rna10k
0.0059087244,0.020348223,rna10k
-0.0041025155,-0.005798085,rna10k
-0.0017172993,0.014182243,rna10k
0.003732766,-0.0057271314,rna10k
-0.011940341,0.017693993,rna10k
-0.0015291603,0.0019652152,rna10k
-0.00958734,0.0062997118,rna10k
0.00065225386,0.0020547549,rna10k
-0.0019612988,-0.0015314827,rna10k
0.020379454,-0.0013732687,rna10k
0.00034995176,-0.0059332685,rna10k
0.008120629,-0.0045880848,rna10k
-0.0018206539,-0.0037924766,rna10k
0.00044463822,-0.0053742086,rna10k
-0.0012132297,0.0074605253,rna10k
-0.008342523,-0.0052026086,rna10k
-0.008238383,0.0005485667,rna10k
-0.0068840743,0.0018978353,rna10k
0.0045319283,0.00210143,rna10k
0.0042637014,0.0014949653,rna10k
-0.0019288514,-0.0022799245,rna10k
0.0038491823,-0.0033335742,rna10k
0.005626189,0.0014697573,rna10k
-0.006964259,0.0019159089,rna10k
-0.001750739,0.0024276047,rna10k
-0.0049574967,-0.0062031713,rna10k
0.00020776833,0.006733337,rna10k
-0.000112954636,-0.021776581,rna10k
-0.004629188,0.012277071,rna10k
0.0035664563,0.0013203794,rna10k
-0.0020636015,0.022410367,rna10k
0.005199851,0.0013765915,rna10k
-0.0054104705,0.012362298,rna10k
0.005756824,-0.001967136,rna10k
0.0010002152,0.0019033976,rna10k
-0.003923352,0.0018826029,rna10k
0.0050297393,-7.338633e-07,rna10k
0.0016654939,0.002603356,rna10k
0.001984434,-0.023765136,rna10k
0.004053355,0.0009850867,rna10k
-0.0065215165,-0.0067197857,rna10k
0.0028535358,0.022985151,rna10k
-0.00042757485,0.0020544669,rna10k
-0.0062772203,-0.007939193,rna10k
0.0013591909,0.0017907905,rna10k
0.011910346,-0.0055432217,rna10k
0.004962276,0.0018793824,rna10k
-0.0011264252,0.0070630074,rna10k
-0.006981112,-0.00570177,rna10k
0.00010430197,0.006520534,rna10k
0.0040563717,0.00151831,rna10k
-0.0010781195,-0.006209424,rna10k
-0.017126981,-0.0041082026,rna10k
0.005910852,0.0015371019,rna10k
0.0016405006,-0.007224776,rna10k
-0.0014252953,0.0021175288,rna10k
0.0061055813,-0.0053544687,rna10k
-0.0026312892,-0.0030040932,rna10k
0.0006386102,0.004655848,rna10k
0.0062299427,-0.0026045262,rna10k
0.0014667603,0.0051703574,rna10k
0.00023968765,0.006964024,rna10k
0.0085488185,-0.0055965562,rna10k
-0.010134963,0.020632274,rna10k
0.0025522416,0.004225537,rna10k
-0.00066766655,-0.0051210937,rna10k
-0.0003007846,-0.005453795,rna10k
-3.983626e-06,0.0018735789,rna10k
-0.00053713465,-0.004516726,rna10k
-0.0077389143,0.02020401,rna10k
0.0032441483,0.0024123495,rna10k
0.0056479913,0.0017971242,rna10k
0.0021937445,0.0045692464,rna10k
0.0034268247,-0.006149019,rna10k
-0.051867086,-0.000100300866,rna10k
-0.00586036,-0.0056053502,rna10k
0.0019393353,0.0024236455,rna10k
-0.009950711,0.019473003,rna10k
0.0015089194,-0.006344561,rna10k
0.006289455,0.0023185345,rna10k
0.0038542463,0.0026454807,rna10k
0.0022555701,-0.00531835,rna10k
-0.026637554,-0.0033220437,rna10k
-0.00660847,-0.006747537,rna10k
0.0018848059,-0.0050224406,rna10k
0.0031728682,0.0007282551,rna10k
0.002700889,0.002234705,rna10k
-0.0024429215,0.0019714031,rna10k
-0.003666414,0.0022621246,rna10k
-0.0032421206,0.001967346,rna10k
0.015865516,-0.003338369,rna10k
-0.001939679,-0.0056565907,rna10k
-0.010425328,-0.003531271,rna10k
-0.0033419253,-0.0013881328,rna10k
0.0073626656,-0.0011956581,rna10k
0.014185633,0.018848421,rna10k
-0.016530985,-0.009279388,rna10k
-0.005963296,0.017737562,rna10k
-0.0011861139,0.0021207933,rna10k
-0.006115825,-0.0039336556,rna10k
-0.0011474509,0.0072691417,rna10k
-0.002512376,-0.020525243,rna10k
-0.005067849,-0.0051030577,rna10k
0.010089013,-0.0023222761,rna10k
-0.003909734,-0.025517112,rna10k
-0.0026127324,0.008179907,rna10k
0.0054923017,-0.0003155964,rna10k
-0.007729557,0.0017532129,rna10k
-0.008180659,0.021167915,rna10k
0.0024156002,-0.022141246,rna10k
-0.00061255693,0.015616771,rna10k
0.019888092,0.008558271,rna10k
0.01209828,0.005978093,rna10k
-0.0022808835,0.001945116,rna10k
0.006084064,-0.00092339376,rna10k
-0.0480344,0.0033062196,rna10k
-0.0023101375,-0.0056895385,rna10k
0.0046767252,0.0003270934,rna10k
-0.0023134067,0.008911301,rna10k
0.00090256974,-0.022228012,rna10k
0.0027120393,-0.006122914,rna10k
-0.0032313326,0.009294578,rna10k
-0.010379233,0.001541784,rna10k
0.0003997308,-0.0021966274,rna10k
-0.003699579,-0.0033725258,rna10k
0.0022578589,0.002279204,rna10k
0.005730692,-0.0009282032,rna10k
-0.0055958508,-0.004226835,rna10k
0.0029508849,-0.02147189,rna10k
0.0101695815,-0.0018309329,rna10k
-0.0029558092,0.0019005353,rna10k
0.0008439581,-0.02162202,rna10k
0.004855963,-0.0061050723,rna10k
-0.007487732,0.0019487122,rna10k
0.0012813036,-0.0012500675,rna10k
-0.010896998,-0.0026607646,rna10k
0.0035592278,-0.0056429184,rna10k
-0.0025282607,-0.02079161,rna10k
-0.0047070473,0.010099467,rna10k
2.1303353e-05,0.0021041885,rna10k
0.0053742,7.666358e-05,rna10k
-0.0024589272,0.0020802622,rna10k
0.047900576,0.001358503,rna10k
0.015568347,-0.00565909,rna10k
0.009643375,-0.002565484,rna10k
0.004655146,0.0004936105,rna10k
0.006115595,0.0014232631,rna10k
0.00880978,0.015202164,rna10k
0.0036243307,-0.0010019755,rna10k
-0.00055335753,-0.02147883,rna10k
-0.0008108495,-0.0065351706,rna10k
-0.022503205,-0.0050514243,rna10k
0.0065281726,6.931203e-05,rna10k
-0.0006161472,0.007010719,rna10k
0.0009968382,0.0018352628,rna10k
-0.0035789204,0.0021168778,rna10k
0.00463465,0.0022755452,rna10k
-0.0030629835,-0.023098227,rna10k
0.001980583,0.00045828248,rna10k
0.0032770636,0.0024803458,rna10k
0.0131787,0.0049677435,rna10k
-0.006539391,0.002015389,rna10k
-0.000143443,0.0031882895,rna10k
-0.0056956043,0.0020662036,rna10k
0.0011006098,-0.00563886,rna10k
-0.008709321,0.021241704,rna10k
-0.003386504,0.0080583105,rna10k
-0.005619648,-0.0057595894,rna10k
0.0010603843,0.0018197342,rna10k
-0.006948395,-0.011291777,rna10k
0.0036828648,0.0010804438,rna10k
-0.0013150885,-0.002762578,rna10k
0.0020711196,-0.0057098935,rna10k
0.0029927392,0.0009814153,rna10k
0.022712873,-0.001399123,rna10k
-0.009244567,-0.0035714658,rna10k
3.21829e-05,0.02255558,rna10k
-0.03604212,-0.00037838137,rna10k
-0.0006483745,0.007155017,rna10k
-0.0026112539,0.0014434961,rna10k
-0.008847473,0.01880451,rna10k
0.03320047,0.002560549,rna10k
-0.01083897,-0.0036499754,rna10k
-0.00025146428,0.0017936168,rna10k
0.0027872217,0.0032119898,rna10k
-0.0052451915,0.0019575034,rna10k
0.008818583,0.009383859,rna10k
-0.002044707,0.0019304953,rna10k
-0.0036530616,0.0073272744,rna10k
-0.002931914,0.0022920961,rna10k
-0.0025266106,-0.0028762093,rna10k
0.0024860254,-0.005373308,rna10k
0.002178501,0.0020699266,rna10k
-0.0017835504,-0.006002877,rna10k
-0.00917107,-0.006442227,rna10k
0.026427442,-0.0012211609,rna10k
0.004671356,0.0018488703,rna10k
-0.007478212,-0.021598263,rna10k
0.007199553,-0.0021675518,rna10k
-0.008228597,0.004744761,rna10k
0.002900311,0.018144682,rna10k
0.05040988,0.003120577,rna10k
-0.001451389,-0.021897871,rna10k
0.0009657875,0.005515524,rna10k
-0.0026659262,-0.014898668,rna10k
-0.0012538759,-0.0007052177,rna10k
0.0015820004,0.0017945961,rna10k
-0.0055643315,-0.012478549,rna10k
0.0042537926,0.0011339823,rna10k
0.0033466688,0.0008405958,rna10k
-0.0007757955,0.00714536,rna10k
-0.0037111046,0.0017113761,rna10k
0.0044353176,-0.01964252,rna10k
0.003034059,-0.0013098071,rna10k
-0.0019042408,-0.020421898,rna10k
0.0054819766,0.0020099923,rna10k
0.0043371245,0.001740898,rna10k
0.002809771,-0.0007529561,rna10k
-0.008346631,0.0015951563,rna10k
0.0015290453,0.003994109,rna10k
-0.0016515665,-0.0062345904,rna10k
-0.0015658308,-0.02145165,rna10k
0.008197817,-0.0031759136,rna10k
0.0017127001,0.008092673,rna10k
0.0015573999,-0.0037182053,rna10k
-0.009585562,-0.01452252,rna10k
0.008451858,-0.001738592,rna10k
0.005317145,-8.488822e-05,rna10k
-0.004155291,-0.00012620141,rna10k
-0.0015947965,0.0030427692,rna10k
0.0019695675,0.005861136,rna10k
-0.0023808992,-0.006131156,rna10k
-0.003959256,-0.005790332,rna10k
0.0015259226,0.01891377,rna10k
-0.0019537178,0.0026536637,rna10k
0.005756976,0.017771129,rna10k
0.0047134436,0.0018534194,rna10k
-0.00066237105,0.019622747,rna10k
-0.009064257,0.001247986,rna10k
-0.00010515228,0.00085751264,rna10k
0.006841752,0.020233745,rna10k
-0.003371174,-0.0047515966,rna10k
0.0068539632,-0.00074797054,rna10k
-0.007307113,0.0075426875,rna10k
-0.059052814,-0.00081888656,rna10k
-0.0008373775,-0.022792427,rna10k
-0.00026375506,-0.0046104053,rna10k
0.0022894086,-0.005254497,rna10k
-0.023170073,-0.006204649,rna10k
-0.006522241,0.005343973,rna10k
-0.0026051018,0.001773198,rna10k
0.004340452,-0.0058613587,rna10k
0.0050301775,0.0009636144,rna10k
0.0019170642,0.0014477184,rna10k
-0.00036111256,0.018616443,rna10k
-0.00022276049,0.00220557,rna10k
0.0009177163,-0.0009843581,rna10k
0.0020536275,-0.0025573303,rna10k
0.013559586,0.008855789,rna10k
0.01793292,-0.0043023257,rna10k
0.0065523153,-0.00060970103,rna10k
-0.00225281,0.0017738288,rna10k
-0.0054813786,-0.00552667,rna10k
0.0006381645,0.022351746,rna10k
-0.0055112964,-0.006657078,rna10k
-0.0032920206,0.021262007,rna10k
-0.0027431285,-0.0061279973,rna10k
0.01039954,-0.0051808106,rna10k
-0.008896252,0.0050830054,rna10k
0.013779785,0.019501852,rna10k
-0.0038644583,0.009725375,rna10k
0.0020001822,0.0020774747,rna10k
-0.01389753,0.004959598,rna10k
-0.008479742,-0.01887347,rna10k
-0.0030109398,-0.006311436,rna10k
-0.0042412626,0.009778572,rna10k
-0.007910819,-0.006050777,rna10k
-0.009003434,0.0015398272,rna10k
0.011811199,-0.006416312,rna10k
0.005055765,0.018496543,rna10k
-0.01589813,-0.0039619687,rna10k
-0.001196576,0.001799531,rna10k
-0.0009452766,-0.0043258085,rna10k
0.008714469,0.019234141,rna10k
0.0015551257,-0.0045121834,rna10k
-0.0021854797,0.007061991,rna10k
-0.0038606194,0.010691551,rna10k
-0.009240196,0.021910435,rna10k
-0.001460871,-0.0025306572,rna10k
-0.0021576947,0.008084966,rna10k
-0.006145116,-0.0060024727,rna10k
-0.001946221,-0.0067145387,rna10k
0.0054624467,0.0016162773,rna10k
-0.0030965894,0.0067952694,rna10k
0.0014388975,0.017929146,rna10k
-0.0014442977,0.0024826806,rna10k
-0.008153909,-0.009994599,rna10k
-0.0028288045,0.008634128,rna10k
-0.0057094484,0.0018709474,rna10k
0.0043714084,0.0013404281,rna10k
0.0055081164,0.005380033,rna10k
0.00051730446,-0.0053549195,rna10k
-0.0012378546,-0.021935431,rna10k
-0.00037674975,0.0023114264,rna10k
0.00060535036,0.0018132726,rna10k
0.012019249,-0.0028315664,rna10k
-0.022443928,-0.004779248,rna10k
-0.003952854,-0.0064407326,rna10k
-0.003023634,0.0022425847,rna10k
-0.004722068,0.022160986,rna10k
-0.0058262493,-0.005845772,rna10k
-0.004257495,0.021689806,rna10k
-0.009921805,0.0011902119,rna10k
-0.006984233,0.00174326,rna10k
-0.0065182415,-0.00621333,rna10k
-0.0016405192,0.007836907,rna10k
0.0012277833,0.0018695823,rna10k
-0.001946514,-0.0016133217,rna10k
-0.022313531,-0.0046432735,rna10k
-0.0047737104,0.010681296,rna10k
0.009298656,-0.0032928488,rna10k
-0.0058296174,-0.017900659,rna10k
-0.00030584232,0.015285227,rna10k
0.0076069934,0.021485789,rna10k
-0.00018758471,-0.001790245,rna10k
0.0048065567,0.0017153877,rna10k
-0.0048160283,-0.0061460515,rna10k
-0.0127171455,-0.0030732143,rna10k
0.0028123911,-0.0014543271,rna10k
0.0009924785,-0.0062474906,rna10k
-0.0018340441,-0.020437073,rna10k
0.012722866,-0.0063234884,rna10k
-0.0025919632,0.021586273,rna10k
0.002267327,-0.0036619431,rna10k
0.0069467705,-0.0053003095,rna10k
-0.0020414244,0.001770015,rna10k
-0.0073259883,-0.004012898,rna10k
-0.0021116063,-0.0014808092,rna10k
-0.012186627,0.0017657656,rna10k
-0.0020186186,-0.005117983,rna10k
-0.0047826343,0.002667066,rna10k
-0.0051318305,-0.021705182,rna10k
0.0070542884,-0.0015728588,rna10k
-0.009358377,0.0008352354,rna10k
-0.002318301,-0.0039354144,rna10k
0.0019076674,-0.0063229357,rna10k
-0.011160734,0.0036032402,rna10k
-0.0007161578,0.0018553475,rna10k
0.0036286777,-0.005563112,rna10k
-0.0075317784,-0.005504217,rna10k
0.011015716,0.0023141932,rna10k
0.002311401,0.0020130537,rna10k
0.0104821455,0.0033266118,rna10k
0.0032443781,-0.005712166,rna10k
0.009330305,0.0031313258,rna10k
-0.0084097255,0.0050638877,rna10k
-0.003759382,-0.006272748,rna10k
0.002185578,0.006042685,rna10k
0.052807294,0.0020713706,rna10k
0.0018681261,-0.005999604,rna10k
-0.009657881,0.02181134,rna10k
0.0025533591,-0.00511152,rna10k
-0.011054065,0.0029128336,rna10k
-0.010844764,-0.0069317934,rna10k
0.0037660135,-0.0033433465,rna10k
0.00044557275,0.006291103,rna10k
0.00013085143,-0.0046486277,rna10k
0.008189886,-0.0056676962,rna10k
0.005742832,-0.002172763,rna10k
0.018237188,-0.0001899246,rna10k
-0.0011102668,0.011289746,rna10k
0.0010929113,0.0055527342,rna10k
-0.008306458,-0.005773602,rna10k
0.007127059,-0.0015905007,rna10k
-0.0010093127,-0.0035630125,rna10k
0.0025827975,0.0019906075,rna10k
-0.0025009415,0.0074008023,rna10k
-0.00068140693,-0.021472242,rna10k
-0.0033937788,-0.003743589,rna10k
-0.018091286,-0.0035026616,rna10k
-0.008493592,-0.0031590927,rna10k
0.0075417934,-0.0014207497,rna10k
0.013645555,0.016790062,rna10k
-0.0036566795,0.002531185,rna10k
-0.005863138,-0.0030590591,rna10k
0.006955183,0.00064317824,rna10k
-0.0056266966,-0.021411603,rna10k
-0.00041072542,0.017941937,rna10k
0.00547796,0.0012729833,rna10k
0.0054005994,-0.002439339,rna10k
0.012776605,-0.014260781,rna10k
0.012914858,-0.005411257,rna10k
0.0006044937,0.016133074,rna10k
0.0064555667,-0.005149126,rna10k
0.032253537,0.00033962124,rna10k
-0.00889989,-0.0006394987,rna10k
-0.019870628,-0.0019437523,rna10k
0.007627693,-0.002070934,rna10k
0.012190096,-0.005350529,rna10k
-0.0060747755,-0.011157209,rna10k
-0.002534554,-0.004223064,rna10k
0.0051122084,-0.005821983,rna10k
0.0003588945,0.015863502,rna10k
-0.0025048556,-0.006314456,rna10k
-0.0027478351,-0.0050238585,rna10k
-0.021991929,0.0035795255,rna10k
0.010369107,0.019478526,rna10k
0.006860105,0.0070874114,rna10k
0.0021402896,-0.0058221947,rna10k
-4.3120934e-05,-0.0015544451,rna10k
-0.010264702,0.0045570126,rna10k
0.004436697,0.0011793271,rna10k
0.0025130727,0.0019562775,rna10k
-0.0021845275,0.0082006715,rna10k
-0.0013781064,-0.0008350745,rna10k
0.004665723,-0.0006219709,rna10k
-0.0021660211,0.007922488,rna10k
0.034326706,0.00036009456,rna10k
0.0024663822,0.01651577,rna10k
0.0008390158,-0.0037794411,rna10k
-0.0231316,0.018308531,rna10k
-0.0048661106,0.002947183,rna10k
0.045129053,0.0030548994,rna10k
0.0043837815,-0.005411203,rna10k
0.0038694746,0.0015089015,rna10k
0.003689542,0.0011570784,rna10k
0.012994545,0.019841429,rna10k
0.0026606445,-0.023806145,rna10k
-0.0017463142,0.014196614,rna10k
0.0017372784,-0.022408864,rna10k
-0.00587865,0.012917061,rna10k
-0.0015428499,-0.010129897,rna10k
0.0022772443,0.011169855,rna10k
-0.0022413696,-0.0034695193,rna10k
-0.00080585614,-0.000773934,rna10k
-0.005744938,-0.005354424,rna10k
-0.0053173224,-0.0050557856,rna10k
-0.0003538994,0.0017529331,rna10k
-0.007821871,-0.005653296,rna10k
0.003977004,-0.0053626695,rna10k
0.01852105,-0.0034723955,rna10k
-0.010264612,0.0048515415,rna10k
0.005186924,-0.00066086143,rna10k
-0.0053269104,-0.005641734,rna10k
-0.0023538081,0.0019005707,rna10k
-0.0077431453,0.0017120612,rna10k
0.0020380446,0.0017013001,rna10k
0.0011212734,0.0031134519,rna10k
0.017130526,0.0012627637,rna10k
-0.0048611956,0.020932421,rna10k
0.0030022499,-0.0033412436,rna10k
-0.004501156,0.0016447705,rna10k
0.005721283,-0.005985352,rna10k
-0.0018731445,0.007908583,rna10k
-0.004332596,-0.022343146,rna10k
-0.0117847,-0.006122165,rna10k
-0.007885106,-0.0044834097,rna10k
0.019773507,-0.012563946,rna10k
-0.0007474341,0.0065542073,rna10k
0.0019246404,0.005303319,rna10k
0.010407234,-0.0055040307,rna10k
0.0018560594,-0.0060989037,rna10k
-0.0036161405,-0.0059475778,rna10k
-0.0026944457,0.0022311872,rna10k
-0.005531497,0.010294684,rna10k
0.0065283957,-0.005617075,rna10k
-0.0065057483,-0.0039597005,rna10k
0.0023901588,-0.024696875,rna10k
-0.0013036716,0.005687764,rna10k
0.0020954318,0.001966791,rna10k
0.00036414643,0.002496173,rna10k
0.00977287,-0.0057482747,rna10k
0.004866917,-0.0016219611,rna10k
0.00390106,-0.003318743,rna10k
0.0010055865,-0.006161843,rna10k
-0.009306104,0.0017672974,rna10k
-0.005455909,-0.00371302,rna10k
-0.0004025317,-0.0025153735,rna10k
0.009123329,-0.005917133,rna10k
0.0058933464,-0.0061956714,rna10k
0.0066267424,0.01724676,rna10k
0.009655792,-0.0059360154,rna10k
-0.00038591356,0.006236693,rna10k
0.01066439,-0.015840454,rna10k
0.0065593123,-0.0063506537,rna10k
-0.0012434262,0.006344091,rna10k
-0.0023021086,0.0017208562,rna10k
0.0041101365,-0.002590916,rna10k
0.0016313982,0.0016254841,rna10k
-0.0050018122,0.0018779861,rna10k
-0.0059200474,-0.0003682536,rna10k
0.0047531053,-0.008181788,rna10k
-0.00083356816,0.0026513543,rna10k
0.0034183494,0.0024717203,rna10k
0.0047975713,0.002349118,rna10k
-0.0010237987,-0.0044507408,rna10k
0.00598198,0.017930929,rna10k
0.003830931,-0.020690747,rna10k
-0.008658492,-0.019252941,rna10k
-0.004269225,0.0017635591,rna10k
-0.0067581506,0.024761332,rna10k
0.0042983405,0.0008056774,rna10k
-0.005721069,-0.02135546,rna10k
0.004575133,0.0019254049,rna10k
-0.003755819,0.0019692527,rna10k
-0.0010117923,-0.002230678,rna10k
0.009373075,0.003386024,rna10k
0.0052478276,-0.0009611653,rna10k
0.0010840766,0.017796924,rna10k
0.0010523787,-0.021518612,rna10k
-0.033404175,0.0011929352,rna10k
0.006162383,0.01869076,rna10k
-0.0016432465,-0.0046209735,rna10k
0.005053068,-0.0054886574,rna10k
-0.0039380947,-0.00538029,rna10k
-0.008091672,-0.0054996824,rna10k
0.0043964535,0.002642365,rna10k
0.00060443196,0.001194732,rna10k
0.005400631,-0.0012941497,rna10k
-0.003883893,-0.0027642944,rna10k
0.015491603,0.023845427,rna10k
0.0034905493,-0.0005031415,rna10k
0.011846117,-0.0049330317,rna10k
-0.006927513,-0.0035132847,rna10k
-0.0015191366,0.005966843,rna10k
-0.0032974994,0.0062676566,rna10k
-0.0059902705,-0.004409139,rna10k
-0.0012485817,0.0018438793,rna10k
2.1453365e-05,-0.0046976022,rna10k
-0.015418696,-0.0029191433,rna10k
0.0032646556,0.0014562781,rna10k
-0.0026964892,-0.0040963413,rna10k
-0.004360675,-0.0060236612,rna10k
0.002279824,-0.0059937607,rna10k
0.00062043837,0.0059000514,rna10k
-0.0010644519,0.015874583,rna10k
-0.025354961,-0.0020580727,rna10k
0.05516957,0.0041677905,rna10k
0.0069471733,-0.007480211,rna10k
-0.0050807903,-0.004633623,rna10k
-0.0033454527,-0.004001108,rna10k
0.004102353,-0.0030602033,rna10k
-0.0019999836,0.008196607,rna10k
0.005733339,-0.0057370276,rna10k
0.0048925118,0.0025209212,rna10k
-0.0050296104,-0.006154359,rna10k
7.192381e-05,-0.0059109875,rna10k
-0.0010216463,-0.00029253407,rna10k
0.005049524,0.0020859349,rna10k
-0.007139999,0.020444721,rna10k
0.005619603,-0.0022504416,rna10k
-3.5149318e-05,0.0065493896,rna10k
0.007939079,-0.0013816067,rna10k
-0.0012161916,-0.0038797369,rna10k
0.00021943329,0.0025202923,rna10k
0.049157772,0.00076486706,rna10k
0.0039953967,0.00075660873,rna10k
-0.01085872,0.0025732103,rna10k
0.0012517349,0.0023183164,rna10k
0.0014140154,0.0020828154,rna10k
0.0055391914,-0.0013806116,rna10k
0.00029791534,-0.002584634,rna10k
-0.0009250352,0.007331563,rna10k
-0.006016351,-0.0054545174,rna10k
-0.0011840223,0.0031475849,rna10k
-0.0077362745,0.019647235,rna10k
0.0035368102,0.0017837889,rna10k
-0.005525243,0.0019827355,rna10k
-0.0031444838,0.020750217,rna10k
-0.0061237924,-0.0052050324,rna10k
-0.0021168455,-0.024535801,rna10k
0.001965888,-0.02216831,rna10k
-0.0025535156,0.004316407,rna10k
-0.009704491,0.0014021017,rna10k
-0.0022160327,0.007797563,rna10k
-0.007211874,0.020317663,rna10k
-0.0024534669,-0.0065236273,rna10k
0.002102907,-0.0019990415,rna10k
0.00296206,0.00059251016,rna10k
-0.013491211,-0.0069417357,rna10k
0.004299289,-0.0045364182,rna10k
-0.0035080786,0.0011192184,rna10k
-0.009792758,-0.022695122,rna10k
-0.0027971342,0.0024972474,rna10k
-0.009554341,-0.021069918,rna10k
0.0051405863,0.0017396036,rna10k
0.0011808148,0.017357742,rna10k
-0.016329307,-0.01412202,rna10k
-0.0014368516,0.007401332,rna10k
0.0037609516,0.0015709045,rna10k
0.0019643223,0.0017206194,rna10k
0.045410123,0.0026290773,rna10k
0.007998326,0.0191857,rna10k
-0.010364804,-0.021959273,rna10k
0.0036823838,-0.0031056975,rna10k
-0.0074551324,-7.195553e-05,rna10k
0.0024378204,-0.0059781587,rna10k
0.0020378595,-0.0039371382,rna10k
-0.0069186627,-0.022569887,rna10k
-0.006239598,-0.021815559,rna10k
-0.0011158392,0.0020214664,rna10k
-0.00055113103,0.017313495,rna10k
0.00051198894,-0.006266905,rna10k
-0.0007975288,0.002079908,rna10k
-0.0037961002,-0.005849983,rna10k
0.004489235,-0.0039280634,rna10k
0.0066567822,-0.004954304,rna10k
0.00021419997,0.0058380114,rna10k
-0.0056898827,-0.005319904,rna10k
-0.023557248,0.0036517547,rna10k
-0.004514784,0.012870702,rna10k
-0.0069480166,-0.001039269,rna10k
0.0042187455,0.0026701596,rna10k
-0.00079585245,0.011458345,rna10k
0.0060180514,0.0029152308,rna10k
0.008972654,-0.0087818755,rna10k
0.00575896,0.004992241,rna10k
-0.0013219276,-0.02054588,rna10k
0.0024349676,0.0019916254,rna10k
0.020144857,-0.002002072,rna10k
0.018786147,0.007819275,rna10k
-0.0070763156,0.022567602,rna10k
0.0045898715,-7.7434044e-05,rna10k
0.0040640538,-0.005642703,rna10k
0.010999225,0.0017492875,rna10k
-0.0008314643,0.017342146,rna10k
-0.0009326161,-0.020335449,rna10k
-0.0037197522,-0.004328912,rna10k
0.002544027,0.0019546626,rna10k
-0.004357278,0.0021201193,rna10k
-0.00071683835,0.015307239,rna10k
0.0060838824,-0.004429056,rna10k
0.00032834816,0.00513923,rna10k
0.0007815681,0.0020141457,rna10k
0.00562243,0.0016855233,rna10k
-0.0014198817,-0.0064181974,rna10k
0.0017898653,0.0021008928,rna10k
0.0048676115,0.0020499593,rna10k
0.013771052,0.022407245,rna10k
-0.03666986,0.012864059,rna10k
-0.0038838845,0.02092715,rna10k
-0.020237822,-0.0032693138,rna10k
-0.00052224094,-0.0041955872,rna10k
0.007012226,-0.006906511,rna10k
0.0051060207,0.0019065691,rna10k
-0.0018772165,-0.0046124305,rna10k
0.0011952822,0.022254799,rna10k
-0.0016752256,0.0065365443,rna10k
-0.0022863103,0.0076570157,rna10k
0.0035986914,0.002437064,rna10k
-0.007699147,0.0018688258,rna10k
0.0040139053,-0.021844175,rna10k
0.0047870735,-0.0013112453,rna10k
0.0040991665,0.0025158406,rna10k
-0.008882394,0.001236538,rna10k
0.0013627032,0.0025381816,rna10k
0.0042178803,-0.02257456,rna10k
0.0060187546,-0.00088092516,rna10k
-0.005963041,-0.005028223,rna10k
0.0014889122,0.0018874399,rna10k
-0.008092566,-0.0069932886,rna10k
0.0024044248,0.0174875,rna10k
-0.00018005865,0.015366555,rna10k
0.0056791524,-0.006091273,rna10k
0.003074673,0.0022253217,rna10k
-0.0018766028,0.008518903,rna10k
-0.009234335,0.0013993345,rna10k
0.000853978,-0.022285013,rna10k
-0.00065924803,0.0018218277,rna10k
0.00045969186,0.0063576126,rna10k
-0.005258517,-0.0054266895,rna10k
0.009416698,-0.005794271,rna10k
-0.0013541785,0.0016570678,rna10k
-0.011434505,0.00050940446,rna10k
-0.0022327944,0.0024743653,rna10k
0.004486219,0.0021055285,rna10k
-0.00451958,0.013314296,rna10k
-0.00027536604,-0.0025592688,rna10k
0.003121207,-0.0015619209,rna10k
0.0028143316,0.0028629827,rna10k
0.00015398925,0.005644469,rna10k
-0.0024984037,0.0028975508,rna10k
-0.007235753,-0.0050300327,rna10k
-0.00502768,0.001665609,rna10k
-0.0073173665,0.0019116428,rna10k
0.0008062472,-0.00045251194,rna10k
-0.0063372264,0.011821773,rna10k
0.00083063694,0.004922909,rna10k
-0.01969377,-0.001989874,rna10k
0.0020596273,-0.0058276546,rna10k
-0.0127532445,-0.0064240224,rna10k
0.0026242423,0.020600969,rna10k
-0.020521501,0.002337317,rna10k
-0.0020480582,0.001896805,rna10k
0.0025473034,0.0021151789,rna10k
-0.0042185374,0.0023387396,rna10k
0.018331245,-0.0029927837,rna10k
-0.0058791335,0.020772718,rna10k
-0.006577457,0.0016666703,rna10k
0.003656788,0.0044996734,rna10k
0.0005184201,-0.006164753,rna10k
0.0035667322,0.019071525,rna10k
-2.843688e-05,0.005383977,rna10k
-0.0024164775,0.002517969,rna10k
0.0008146347,-0.00030996284,rna10k
0.0009137905,0.0019110951,rna10k
-0.003001311,-0.0047142934,rna10k
-0.0054705357,-0.02111282,rna10k
0.0077061127,-0.004905874,rna10k
0.00297955,0.018048497,rna10k
-0.0028903875,-0.0043076295,rna10k
-0.007846057,-0.019910226,rna10k
-0.0024685336,-0.002939405,rna10k
-0.00055521383,-0.020777764,rna10k
0.001131139,0.0015296492,rna10k
-0.0021827202,0.0020663969,rna10k
0.0024340402,0.0013889752,rna10k
0.005693666,0.0008415518,rna10k
-0.005195329,0.010067283,rna10k
-5.737744e-05,0.0021176694,rna10k
0.0036302288,-0.0010528287,rna10k
-0.0075924336,0.005203254,rna10k
-0.0014544223,-0.0211432,rna10k
0.002845137,0.017939642,rna10k
0.0010547633,0.0020807243,rna10k
-0.0029666855,-0.0058181356,rna10k
0.0016269023,-0.005301091,rna10k
0.0035721755,-0.0059405994,rna10k
-0.0044176937,-0.020253284,rna10k
-0.0076267174,0.0020010814,rna10k
-0.0006415332,-0.0043945033,rna10k
-0.0072955876,0.0016032691,rna10k
-0.001034522,0.007169119,rna10k
0.0003368791,0.0051578316,rna10k
-0.004230088,0.02142343,rna10k
-0.0016686438,0.007414864,rna10k
-0.0023683556,-0.0029726394,rna10k
-0.009550301,0.0016768115,rna10k
0.0023617204,0.0015912894,rna10k
-0.0023530452,-0.021516334,rna10k
0.0018693408,-0.024648884,rna10k
0.0102321105,0.02218979,rna10k
-0.006783537,0.01855341,rna10k
0.008064475,-0.011078708,rna10k
-0.009088795,0.00017562119,rna10k
0.0006999158,0.0018201048,rna10k
-0.0009670825,0.014257975,rna10k
0.0039123315,0.0012229815,rna10k
0.004495538,0.004173181,rna10k
-0.022104437,-0.007855672,rna10k
0.0061549037,0.00938905,rna10k
0.005866893,0.0018038199,rna10k
0.0029259422,0.01875221,rna10k
-0.003091606,0.021266598,rna10k
0.0072517665,-0.0025451167,rna10k
-0.008994246,0.0014259096,rna10k
0.0042845076,0.001795687,rna10k
-0.010915257,0.0031612637,rna10k
-0.0039797905,-0.0082650725,rna10k
0.010120046,-0.00089853624,rna10k
-0.02189018,-0.0031126388,rna10k
0.0031496896,-0.003473276,rna10k
0.0020180691,0.0026051872,rna10k
-0.006518835,0.0003253673,rna10k
0.0061310944,0.0012773975,rna10k
-0.030785121,0.00045892366,rna10k
-0.039698575,0.0019415013,rna10k
-0.0028729714,-0.0042860527,rna10k
0.0047690435,0.0016311998,rna10k
0.012647084,-0.005185849,rna10k
0.027769921,-0.0008803252,rna10k
0.006116216,0.00048923533,rna10k
-0.0020106828,0.007202921,rna10k
0.003346327,0.0020060225,rna10k
0.012871812,-0.0062495256,rna10k
-0.009978943,0.020295968,rna10k
-0.02013684,-0.0029461912,rna10k
0.0020655685,0.0013666685,rna10k
0.0006742207,0.0020809337,rna10k
-0.0017073535,0.0054323236,rna10k
0.00085288263,0.0023201061,rna10k
0.0020147397,0.01696413,rna10k
-0.007885729,0.0014955037,rna10k
0.0018140884,-0.02277144,rna10k
-0.00044843412,0.016909743,rna10k
-0.014337272,0.004326105,rna10k
0.0025203822,-0.0219634,rna10k
0.0024997783,0.0017310968,rna10k
-0.007905739,0.001895217,rna10k
-0.021009851,0.0028037427,rna10k
-0.00885867,0.0014213694,rna10k
-0.0002840954,-0.0063084504,rna10k
0.0046391613,-0.0010870496,rna10k
0.005230644,0.0030954147,rna10k
0.0014154123,0.0022523913,rna10k
-0.024423987,0.0022883627,rna10k
-0.004533998,-0.022879539,rna10k
0.003590115,-0.005488719,rna10k
-0.0007237106,-0.022383109,rna10k
0.0058672684,0.0005758548,rna10k
-0.003549168,0.0018100342,rna10k
0.007124459,0.015802719,rna10k
-0.0028602881,0.0020161723,rna10k
-0.002632507,0.001887296,rna10k
-0.005539197,0.010578658,rna10k
-0.0026503687,-0.020785006,rna10k
-0.00015094539,-0.005141298,rna10k
-0.010431096,-1.7619437e-05,rna10k
-0.02898671,-0.0028212261,rna10k
-0.00032321652,0.0023191047,rna10k
0.0031591873,0.00073131896,rna10k
0.0034923165,0.00089082104,rna10k
0.002905901,0.0018478208,rna10k
-0.0028948653,0.0021794776,rna10k
-0.0030078816,-0.002332193,rna10k
0.013873528,-0.0017494389,rna10k
-0.0061212485,-0.0068362104,rna10k
-0.00078125205,0.0021695439,rna10k
-0.0076198154,0.021250473,rna10k
0.0014087325,0.0017109807,rna10k
0.0008321315,-0.0058911336,rna10k
0.0009277962,-0.0011972609,rna10k
0.0018480686,0.0033207526,rna10k
0.00024051234,-0.00058640976,rna10k
-0.015141885,-0.0028917633,rna10k
-0.007144135,-0.019390266,rna10k
-0.0012064658,0.006866922,rna10k
-0.0025334472,0.013967072,rna10k
-0.009867751,0.020307243,rna10k
0.018847581,0.00018177391,rna10k
0.062480222,0.00542359,rna10k
-0.004010039,-0.006313471,rna10k
-0.002823234,-0.0024118568,rna10k
0.0013020281,-0.005792519,rna10k
0.004338082,0.0024561542,rna10k
-0.0040541217,-0.0036865668,rna10k
0.011207155,-0.009218432,rna10k
-0.025118154,-0.00601985,rna10k
0.009696703,-0.005099232,rna10k
0.0004799927,0.0065477793,rna10k
-0.009748796,0.00019189875,rna10k
0.009145446,0.007922158,rna10k
0.00370506,-0.000703917,rna10k
-0.0074671763,-0.00361928,rna10k
-0.0014483031,-0.0062060384,rna10k
0.0070676357,0.019163605,rna10k
-0.005240356,-0.004102897,rna10k
0.002704553,0.0023053421,rna10k
-0.0056077633,0.011203656,rna10k
4.9909704e-05,-0.004849722,rna10k
0.0031287202,0.017288772,rna10k
-0.002877379,-0.0032717134,rna10k
0.009880306,-0.020876234,rna10k
-0.0055326875,-0.0032742575,rna10k
0.035880964,0.00067350804,rna10k
-0.0024080116,-0.022429835,rna10k
-0.005946005,0.0022809608,rna10k
0.013543611,-0.02181263,rna10k
-0.002253596,0.008526134,rna10k
0.00041769605,0.0033287513,rna10k
0.004643739,0.0007699798,rna10k
-0.0017333478,0.010104743,rna10k
-0.0026637479,-0.0041416334,rna10k
0.00075597625,-0.0060995216,rna10k
-0.009535877,0.00077780936,rna10k
-0.0025335802,0.0074712257,rna10k
-0.004389061,-0.003102671,rna10k
-0.0029728508,0.003608521,rna10k
0.0024115706,0.004960269,rna10k
0.0054479814,0.002074928,rna10k
0.018524107,0.0061303345,rna10k
0.0037993123,0.0009975288,rna10k
0.0073721902,-0.0026044971,rna10k
0.0016014789,0.019218143,rna10k
0.0017703739,0.0018515352,rna10k
-0.005368017,0.012605455,rna10k
-0.021935849,-0.010661373,rna10k
0.004520492,0.0024571265,rna10k
-0.010294851,0.0021598628,rna10k
0.018639367,-0.0038838268,rna10k
-0.0077167843,0.0009081703,rna10k
-0.0019708516,0.00157088,rna10k
0.0002978984,0.002935175,rna10k
0.0009839663,-0.005798895,rna10k
0.005273984,0.0018871108,rna10k
0.00040878763,0.020517604,rna10k
-0.010741987,0.019455293,rna10k
-0.00065261865,0.008981677,rna10k
0.0044309217,-0.0022743405,rna10k
-0.005326858,-0.0037107137,rna10k
-0.0038252864,-0.0066242875,rna10k
0.0057247775,-0.022137916,rna10k
-0.0017463136,0.0064973347,rna10k
0.008468454,-0.004673797,rna10k
0.0013759675,-0.022308245,rna10k
-0.0095297685,-0.00706414,rna10k
0.0016557452,-0.005680067,rna10k
0.0051652505,0.02056834,rna10k
0.0025072217,-0.00039457055,rna10k
7.764236e-05,0.0065219244,rna10k
0.008098181,-0.009442327,rna10k
-0.0014509778,-0.0024737369,rna10k
0.0071312566,-0.0054480005,rna10k
0.0007153378,0.006091642,rna10k
0.008072424,-0.0052366788,rna10k
-0.00035633775,-0.0013962921,rna10k
-0.0023202123,0.0016659863,rna10k
-0.008749041,-0.00074428576,rna10k
-0.021656701,0.017489633,rna10k
0.0043616276,-0.0059233834,rna10k
-0.04339719,-0.009304146,rna10k
-0.004573529,0.013844078,rna10k
0.0058791516,0.0007425542,rna10k
0.00067828316,0.002173899,rna10k
-0.01008767,-0.0021309627,rna10k
0.0029520679,-0.004251478,rna10k
-0.00024883408,-0.025772344,rna10k
-0.006561589,-0.0058211247,rna10k
0.001551783,-0.023014044,rna10k
-0.0026317898,0.001967256,rna10k
-0.0021687557,0.008604603,rna10k
-0.006864361,0.0025929806,rna10k
0.001659202,-0.02445379,rna10k
-0.0022266838,0.01776556,rna10k
-0.0013749686,0.0023761077,rna10k
-0.0027050343,0.0018315639,rna10k
0.002259492,-0.0056502474,rna10k
-0.0044886647,-0.0021461349,rna10k
0.004662352,0.0011584824,rna10k
-0.007118641,-0.003819738,rna10k
-0.0011161938,-0.0019891786,rna10k
-0.0020949428,0.001979877,rna10k
0.00258781,0.022662878,rna10k
0.005682586,-0.0045567323,rna10k
-0.011855149,-0.0034878873,rna10k
-0.006628244,-0.0063790255,rna10k
-0.00028526317,0.0061995056,rna10k
-0.0014717848,0.0043436713,rna10k
0.0026921013,0.021853724,rna10k
0.0025307355,0.002149407,rna10k
0.0017438413,8.170726e-05,rna10k
-0.0073925247,0.018897502,rna10k
-0.004754853,0.010230728,rna10k
0.0032019534,0.0019424699,rna10k
-0.003332163,-0.0038677172,rna10k
0.00928395,-9.140134e-05,rna10k
-0.0062970305,-0.003388354,rna10k
0.0033112073,-0.0031131953,rna10k
0.0070888847,-0.020925868,rna10k
0.0010764095,0.0018799306,rna10k
0.011192337,0.022556532,rna10k
-0.00200592,0.02160132,rna10k
0.004011187,0.0017912707,rna10k
-0.00075803726,-0.004219706,rna10k
0.007987668,-0.0015464838,rna10k
-0.0012902257,-0.012610913,rna10k
-0.001700325,-0.0064658495,rna10k
0.00482138,-0.005281689,rna10k
-0.0050533484,0.021465622,rna10k
-0.0037362014,-0.004992911,rna10k
0.0052674226,-0.0006451267,rna10k
0.00046195323,0.0060281353,rna10k
-0.007029501,-0.0064447224,rna10k
-0.0034805832,-0.005975715,rna10k
0.003117256,0.0016879267,rna10k
0.0037313031,0.019445406,rna10k
0.0013442435,-0.0047173286,rna10k
0.004935267,0.0020980337,rna10k
0.0035076854,0.0011735153,rna10k
0.0061360905,0.018133914,rna10k
0.003040004,-0.006019747,rna10k
8.29304e-05,0.006145473,rna10k
-0.0058047716,-0.005833198,rna10k
-0.0017547378,-0.003184964,rna10k
-0.0013208914,-0.0038958287,rna10k
-0.0026642145,0.01701873,rna10k
0.005860979,-0.0018860458,rna10k
0.0020535267,0.0048834756,rna10k
-0.005184366,0.0019684867,rna10k
-0.005970686,0.001693068,rna10k
0.015351887,0.0027261411,rna10k
0.005600645,0.00061628205,rna10k
-0.0038692828,0.009212862,rna10k
-0.0015051729,-0.0025378268,rna10k
-0.029155439,0.0051786327,rna10k
-0.0025302477,0.023571407,rna10k
-0.00046654083,0.0075831213,rna10k
-0.0031211954,0.0028613962,rna10k
-0.0100026475,-0.022122059,rna10k
-0.007883195,-0.006749898,rna10k
-0.014561967,-0.015263949,rna10k
-0.0065122345,0.022305613,rna10k
0.00038229703,0.0032546993,rna10k
-0.0038977307,-0.0057244846,rna10k
0.01300943,-0.0021424526,rna10k
0.0045205187,0.016519016,rna10k
0.0056108213,-0.00574797,rna10k
-0.003696935,-0.0030970224,rna10k
0.00274012,0.0020656576,rna10k
0.018917417,-0.004440771,rna10k
0.027361864,0.0056239176,rna10k
-0.002232396,0.0024512308,rna10k
0.0058186124,0.0028570953,rna10k
-0.00948649,-0.0004667104,rna10k
0.0035335133,0.001702251,rna10k
-0.0014001927,0.0073422682,rna10k
0.004991564,-0.0026840863,rna10k
-0.0009708883,-0.0062647453,rna10k
0.0006265349,-0.018802904,rna10k
0.0034791476,0.0016185073,rna10k
0.004047936,-0.0011680168,rna10k
-0.002236749,-0.0061410754,rna10k
0.001407159,0.00043420636,rna10k
-0.0002578199,-0.014085141,rna10k
-0.0012775095,0.0022005753,rna10k
-0.0010007514,-0.0028257133,rna10k
0.006850814,0.0006519688,rna10k
-0.0063038277,0.0018310755,rna10k
0.025605626,0.020620039,rna10k
-8.827817e-05,0.0015146561,rna10k
-0.0009991216,-0.0033263715,rna10k
-0.004899883,0.011893095,rna10k
0.006106097,0.003111546,rna10k
0.002608497,-0.020522304,rna10k
-0.006580057,0.004826368,rna10k
0.013682743,-0.0057152016,rna10k
-0.0075386707,0.001840795,rna10k
0.005453589,-0.005527878,rna10k
-0.008441672,0.0013815919,rna10k
-0.010006695,0.020125985,rna10k
-0.0009854869,-0.004634598,rna10k
0.0012681825,0.0020437636,rna10k
-0.004305299,0.0025412962,rna10k
0.006675885,-0.0057099676,rna10k
0.019324757,0.004214797,rna10k
0.0056737293,-0.0057649375,rna10k
0.015687592,-0.00024630348,rna10k
0.006489987,0.004750919,rna10k
0.00025413284,-0.006177959,rna10k
-0.0058979755,-0.006583386,rna10k
-0.008462408,-0.0055978824,rna10k
0.003833119,0.0018877815,rna10k
-0.005906374,-0.0033601103,rna10k
0.0059929644,-0.0006528147,rna10k
-0.0069554783,-0.0045381496,rna10k
0.0010598386,-0.025584977,rna10k
-0.008816618,0.018996814,rna10k
0.0008474803,0.001966621,rna10k
-0.00053060736,-0.0009071691,rna10k
0.00050187134,-0.031540465,rna10k
0.0011432267,0.0043715895,rna10k
-0.00096359116,0.0025151994,rna10k
-0.00045619486,0.0019862477,rna10k
-0.0073410696,-0.005955649,rna10k
0.004004564,0.0020922166,rna10k
-0.0029908274,0.0017577029,rna10k
0.00045427648,0.0070033316,rna10k
-0.0016712737,-0.015159854,rna10k
-0.0007043788,-0.0062706443,rna10k
-0.005164896,0.011358014,rna10k
-0.0005947596,0.0019540456,rna10k
0.0021026141,0.0024015787,rna10k
-0.0016984082,-0.00673936,rna10k
0.0022771987,-0.0056891707,rna10k
0.003782803,0.0015202973,rna10k
-0.0027956872,-0.006138968,rna10k
1.0911244e-05,0.006177006,rna10k
0.004645309,0.0023119326,rna10k
-0.008796233,0.0014682797,rna10k
-0.0063810074,-0.0053189932,rna10k
0.0043453276,0.0017965103,rna10k
0.0006132299,-0.0061657457,rna10k
-0.00017591196,0.0051008486,rna10k
0.0044115637,-0.0006458556,rna10k
-0.0025105528,-0.005040602,rna10k
0.005902231,0.00047604446,rna10k
0.0027180782,0.0011307443,rna10k
-0.0066847014,0.0053638653,rna10k
0.0017919246,-0.025874486,rna10k
-0.00039918066,0.021071818,rna10k
-0.0035798112,-0.003477987,rna10k
-0.0019494466,0.0028996444,rna10k
-0.0030170295,-0.0039738985,rna10k
-0.011528123,0.011259251,rna10k
-0.04236586,-0.002471612,rna10k
0.0148395235,-0.0027922713,rna10k
-0.0068303957,-0.022255901,rna10k
0.0059211045,0.007996792,rna10k
0.0016613065,0.0019317443,rna10k
0.009990088,-0.0065622255,rna10k
-0.008545854,0.015713414,rna10k
0.00021287211,-0.022372464,rna10k
0.0012253746,-0.003431433,rna10k
0.008049246,-0.0025040107,rna10k
-0.001986741,0.0079484405,rna10k
-0.021587353,0.008645163,rna10k
-0.0010811843,-0.02176532,rna10k
0.005372192,0.0006144269,rna10k
0.0066649364,-0.0020883824,rna10k
0.0037008657,0.000945857,rna10k
0.0007957729,0.007385215,rna10k
0.0034782335,0.0047666696,rna10k
0.0024099823,-0.021500956,rna10k
-0.0068265116,0.02287203,rna10k
-0.015363074,0.001985303,rna10k
0.0028594611,0.0022794288,rna10k
0.0003777769,-0.005790569,rna10k
0.006964147,0.020892894,rna10k
-0.0024889812,0.007631579,rna10k
0.0049664755,-0.00082302175,rna10k
-0.0011045616,0.0018917916,rna10k
0.004320758,-0.005269358,rna10k
0.00088610436,0.0016350336,rna10k
-0.0037443487,-0.0062813633,rna10k
0.002090339,0.0026407584,rna10k
-0.0046517137,-0.0054034395,rna10k
-0.009165824,0.0011262049,rna10k
-0.03549351,-1.1209332e-05,rna10k
0.0033899443,0.019493505,rna10k
-0.0014450083,0.0077891545,rna10k
-0.006067258,-0.005532381,rna10k
0.0020089927,-0.0054601757,rna10k
-0.0028866213,0.0008349067,rna10k
-0.014020536,-0.0014745912,rna10k
0.0020023899,0.002267448,rna10k
0.0017654308,0.013904856,rna10k
0.008337006,-0.0043733777,rna10k
-0.009633407,0.0017207242,rna10k
0.0036998426,0.0015528451,rna10k
0.023234103,0.0043417104,rna10k
-0.00021266406,-0.005957854,rna10k
-0.0048846696,-0.006323834,rna10k
-0.0024725948,0.0020375322,rna10k
-0.0073493836,0.001831422,rna10k
-0.011590347,0.0033804884,rna10k
-0.0013329226,0.001884498,rna10k
-0.013556646,-0.005192448,rna10k
-0.0035531886,0.0037130672,rna10k
-0.00085777225,-0.022422561,rna10k
-0.0011903566,0.008213478,rna10k
0.0018457822,-0.0012200893,rna10k
0.0060522156,-0.0058967248,rna10k
-0.0014778948,0.007959496,rna10k
0.012065918,-0.006119432,rna10k
5.6888883e-05,0.002048843,rna10k
0.009506011,-0.0031734104,rna10k
0.0029350177,-0.005705712,rna10k
-0.010140816,0.001809923,rna10k
-0.006336265,-0.0056509683,rna10k
0.0017699301,-0.0022414485,rna10k
-0.009947857,-0.005861711,rna10k
0.007421196,-0.002443966,rna10k
0.0062007904,-0.005340283,rna10k
-0.0014783831,0.007595875,rna10k
0.049837496,0.019747697,rna10k
0.014239203,0.004552046,rna10k
-0.0010242731,-0.0069420133,rna10k
0.0044508944,0.00041198768,rna10k
-0.001792499,-0.0009904905,rna10k
-0.004373501,-0.0043374626,rna10k
-0.0009899611,0.0072928523,rna10k
0.0067883367,-0.005659521,rna10k
-0.0009269897,0.002414474,rna10k
0.0049720164,-0.0018849074,rna10k
0.0036702356,0.0014512044,rna10k
-0.0050186017,0.0068748766,rna10k
-8.154751e-05,0.0019604412,rna10k
-0.00051608647,0.0022722809,rna10k
0.0020668725,-0.021202149,rna10k
-0.0024054,0.0074977973,rna10k
0.0011906368,0.01650207,rna10k
0.00356573,-0.0033051453,rna10k
-0.0027157953,-0.003996074,rna10k
0.000976859,-0.024614152,rna10k
-0.0025509873,0.0026552395,rna10k
0.00047639536,0.020253858,rna10k
-0.0030389791,-0.001411083,rna10k
-0.0028031582,-0.0043330463,rna10k
0.0016827497,0.0020694165,rna10k
0.0015682414,-0.023032278,rna10k
0.029042192,0.009809499,rna10k
0.0012431834,-0.004316596,rna10k
-0.0012261245,0.019845592,rna10k
-0.0033755137,0.0019011034,rna10k
0.0037887,-0.020225136,rna10k
-0.008272358,0.0014854731,rna10k
0.0014480285,0.022230374,rna10k
0.004945435,0.0012239341,rna10k
-0.00045684687,-0.0063375286,rna10k
-0.0036741374,-0.003967753,rna10k
-0.0024772377,0.007208818,rna10k
-0.0073539494,-0.004536752,rna10k
0.0021196827,-0.0037453198,rna10k
0.021057893,0.022331111,rna10k
0.0049384683,-0.019563962,rna10k
0.001225212,-0.0025554579,rna10k
0.002130707,0.0048459675,rna10k
-0.0040855384,-0.0046442044,rna10k
0.0055851033,0.0014448483,rna10k
-0.012559991,0.010462761,rna10k
0.006026509,-0.0057922723,rna10k
0.0039771525,0.002162183,rna10k
-0.0101002185,0.0017492258,rna10k
0.008843424,-0.020075059,rna10k
-0.0024808021,0.0052298172,rna10k
-0.003956182,-0.005995045,rna10k
0.004951911,0.0030362774,rna10k
-0.0093933055,0.005107121,rna10k
0.0026679386,-0.002155937,rna10k
-0.00042019188,-0.021348588,rna10k
0.018335417,-0.0033292305,rna10k
0.004235795,0.002013848,rna10k
0.0066296468,-0.0014633841,rna10k
-0.0012436671,0.0075054867,rna10k
-0.00064409705,0.0021472147,rna10k
-0.010675006,0.0013511525,rna10k
0.016384521,-0.0010303479,rna10k
-0.0070740376,0.020141859,rna10k
0.0029637069,0.0023857194,rna10k
-0.010436329,0.0014266059,rna10k
0.0011649014,-0.0041577164,rna10k
-0.0041274703,-0.004460549,rna10k
-0.007312688,-0.020331698,rna10k
0.0034254305,-0.0017858002,rna10k
-0.0018606638,0.0046412633,rna10k
0.0027698702,0.004011985,rna10k
-0.0046394016,-0.022943264,rna10k
-0.010175419,0.0011162153,rna10k
-0.0002582091,0.0017646406,rna10k
0.001252255,0.0019942075,rna10k
-0.00774528,0.0015972471,rna10k
0.004264435,-0.005680423,rna10k
-0.00232658,0.0027462833,rna10k
-0.0040316936,-0.0031165695,rna10k
-0.0022010426,-0.0064769895,rna10k
-0.0005615601,-0.021423344,rna10k
0.010513589,-0.010715589,rna10k
0.0018050572,-0.006290089,rna10k
0.007021581,-0.00063493376,rna10k
0.00057398883,-0.021463986,rna10k
0.0052928706,-0.0016978953,rna10k
0.029605305,0.0003463053,rna10k
0.0016805363,-0.022841787,rna10k
-0.007116139,-0.0069615166,rna10k
0.0042579356,0.019463435,rna10k
0.0067581777,0.018644743,rna10k
-0.0022157517,0.00735442,rna10k
0.00013929696,0.0020315456,rna10k
0.0014469848,0.004680023,rna10k
0.002130538,0.018592555,rna10k
-0.0005860815,-0.0018912803,rna10k
0.0005153803,0.0020828317,rna10k
-0.0018348339,0.008506746,rna10k
0.0047788434,0.0030558603,rna10k
0.00094291405,-0.020457292,rna10k
0.001789624,-0.0022187547,rna10k
0.0027439625,-0.006975515,rna10k
0.0009798125,-0.006135677,rna10k
-0.009342107,-0.0012275542,rna10k
0.0023913442,0.004262789,rna10k
-0.0002853339,0.0019262729,rna10k
-0.0031036767,0.006657576,rna10k
0.00012613804,-0.005735019,rna10k
-0.0021630912,0.0018735137,rna10k
0.0007184567,0.0016479373,rna10k
0.0059759337,-0.0037424972,rna10k
-0.019496122,-0.0038540452,rna10k
-0.0057789166,0.018273715,rna10k
0.0031436367,0.0017831452,rna10k
0.013591,-0.00084377726,rna10k
-0.003169574,-0.0049905246,rna10k
-0.004269499,-0.0018558445,rna10k
-0.0018346452,0.00795836,rna10k
-0.0087244315,0.00088754465,rna10k
0.004254029,0.0024385352,rna10k
0.010515792,-0.005184732,rna10k
0.0030725475,-0.0052234335,rna10k
0.0034035984,0.0023110616,rna10k
-0.0042234133,0.0029461947,rna10k
0.00093951623,-0.0027375633,rna10k
-0.003147263,-0.02110984,rna10k
0.0022691493,0.0015859462,rna10k
-0.010136887,-0.0058415136,rna10k
0.0006281957,-0.005811843,rna10k
-0.002849962,-0.006192846,rna10k
0.0059783356,-0.0019914967,rna10k
-0.008284299,0.018848287,rna10k
-0.0005243243,0.001697441,rna10k
-0.0004076163,0.007388925,rna10k
0.013151655,-0.006188124,rna10k
-0.0013594894,-0.005316503,rna10k
-0.0014801951,0.015294621,rna10k
-0.018089635,0.00016065405,rna10k
-0.0069056824,-0.015235331,rna10k
6.481285e-05,0.0068650837,rna10k
-0.0022728066,-0.020567559,rna10k
0.010302272,0.0012411969,rna10k
0.0014881137,-0.02324368,rna10k
-0.006115964,-0.0046615396,rna10k
-0.006271818,-0.0052996757,rna10k
0.0006845638,0.012087011,rna10k
0.00608926,0.0008111103,rna10k
-0.00067035237,-0.002565063,rna10k
-0.012037132,0.023434194,rna10k
0.044041757,0.0030706408,rna10k
-0.010583182,-0.00016722285,rna10k
0.0016994575,0.0026661034,rna10k
-0.003201383,-0.0047782985,rna10k
0.0003915695,0.006591057,rna10k
0.009468088,-0.0023004024,rna10k
0.054364406,0.0035684304,rna10k
0.0026427307,-0.0042734058,rna10k
-0.016634868,-0.004131566,rna10k
-0.0015615142,0.007555829,rna10k
0.0013054333,0.0016361399,rna10k
-0.013981443,0.0039827838,rna10k
-0.010173421,0.0010674769,rna10k
0.003733559,0.0019426573,rna10k
-0.003126736,-0.021584641,rna10k
-0.011418184,0.0033219159,rna10k
0.0033507175,-0.0045293802,rna10k
0.0017490936,0.0068220356,rna10k
-0.01075122,0.0013574539,rna10k
-0.004656992,-0.0021701003,rna10k
-0.013801426,0.002455846,rna10k
-0.006753054,0.0018169757,rna10k
-0.0033058652,-0.0052608633,rna10k
0.0010654592,0.0016029165,rna10k
-0.004880867,0.0109370975,rna10k
0.053271297,0.0045652785,rna10k
-0.0070612817,0.0018457164,rna10k
0.0023546237,-0.029570308,rna10k
0.0039861365,-0.002353136,rna10k
-0.0026639213,0.0019360001,rna10k
0.0037535238,-0.0015697269,rna10k
-0.0024717918,0.007795034,rna10k
-0.0019790593,-0.0062030465,rna10k
-0.0028773441,0.008250322,rna10k
0.01657057,-0.005117323,rna10k
-0.0043606074,0.020791722,rna10k
-0.0012739123,0.0066388943,rna10k
0.003728848,0.0017954594,rna10k
0.0019530156,0.009013845,rna10k
-0.03316706,-0.0046942644,rna10k
-0.0047986186,0.019652324,rna10k
0.0041417615,0.0009617962,rna10k
-0.009624355,-0.0029267448,rna10k
-0.0018429213,0.011370311,rna10k
-0.00011513435,0.0065590804,rna10k
0.002438317,0.022157716,rna10k
0.0013229464,-0.0038764677,rna10k
0.010799358,-0.0050970903,rna10k
-0.006241475,-0.015137522,rna10k
0.04380854,0.00038503786,rna10k
0.0013320727,-0.0035226608,rna10k
-0.00839611,0.001758697,rna10k
-0.001503543,-0.0036421292,rna10k
-0.009609512,0.01968633,rna10k
-0.0055224374,-0.0042232308,rna10k
0.005370983,0.0019935898,rna10k
-0.0066232365,-0.005650972,rna10k
0.0014297736,-0.023174517,rna10k
-0.005591996,-0.00037687342,rna10k
0.00041788962,0.00181493,rna10k
-0.0037573378,0.0015035603,rna10k
6.0124e-05,0.0022268873,rna10k
-0.00047484913,0.0060979645,rna10k
-0.0032893626,-0.0065059895,rna10k
0.0049188877,0.0015146171,rna10k
-0.0075155753,-0.006682008,rna10k
-0.0013808634,-0.0028093485,rna10k
-0.008328161,0.0010474855,rna10k
0.00912155,-0.0038497509,rna10k
-0.0027726796,-0.021144122,rna10k
0.0022010684,0.0025823032,rna10k
-0.0033792104,0.0019388043,rna10k
0.01211796,-0.006758238,rna10k
0.009266348,-0.0054385406,rna10k
-0.0037213347,-0.0036010563,rna10k
0.0054391944,0.0013755073,rna10k
-0.0026231369,0.00871197,rna10k
0.0035994959,0.0015287389,rna10k
0.014682676,0.018535238,rna10k
-0.0032816748,0.008278692,rna10k
-0.0024789942,-0.0036585385,rna10k
-0.0050977566,-0.021726137,rna10k
-0.00693604,0.0015118984,rna10k
0.008747927,0.01985443,rna10k
0.0049748663,-0.00017377031,rna10k
-0.008229947,0.0012458718,rna10k
-0.00896055,-0.0049495646,rna10k
0.0034626946,0.007425663,rna10k
-0.003046752,0.021483468,rna10k
0.00051406043,0.0058394345,rna10k
-0.0032771183,-0.020998012,rna10k
-0.013172208,-0.0032228192,rna10k
0.0011855416,0.0053160656,rna10k
0.002618113,0.0013651203,rna10k
0.0013471971,0.001489956,rna10k
0.0012315253,-0.0042839097,rna10k
0.0032533386,0.0185355,rna10k
0.00031081444,0.015072936,rna10k
-0.0040112566,-0.02027022,rna10k
-0.01389565,-0.004792539,rna10k
-0.0023390597,0.005475285,rna10k
0.0031051284,-0.002056676,rna10k
0.004822192,0.0017981182,rna10k
0.0014848545,-0.010837258,rna10k
0.0020542988,-0.020190114,rna10k
0.0046908646,0.000114107796,rna10k
-0.011677258,0.0039095264,rna10k
0.0073461486,-0.004366458,rna10k
0.0050707767,0.0013488695,rna10k
-0.0046750386,0.0022927795,rna10k
0.0023810428,-0.023430979,rna10k
0.0011669572,-0.0013876965,rna10k
-0.004077741,0.020835327,rna10k
-0.00047944277,-0.004288155,rna10k
-0.004490733,-0.0061159628,rna10k
-0.006785305,0.0017699804,rna10k
0.01623178,-0.020621415,rna10k
-0.019483376,-0.0035711555,rna10k
-0.005903832,0.0014638434,rna10k
-0.00063085614,0.0069140075,rna10k
-0.0023568457,-0.006687082,rna10k
0.032024488,-0.00025548172,rna10k
-0.00044377166,-0.006285539,rna10k
0.0029700163,0.00072674657,rna10k
-0.005458027,-0.0066098957,rna10k
0.018488543,-0.0033155887,rna10k
0.0010717014,-0.00615237,rna10k
0.0017440598,-0.005062639,rna10k
0.0014282236,-0.00233465,rna10k
-0.0026991696,0.0019064094,rna10k
0.003892809,0.0023873104,rna10k
0.004658482,0.0017604143,rna10k
0.0052614603,0.0009104405,rna10k
0.0023003786,-0.003859843,rna10k
-0.00045899965,0.0019297259,rna10k
0.0005188596,0.0065379958,rna10k
-0.006024764,0.0017631742,rna10k
0.0018040315,-0.0046802703,rna10k
-0.004163657,-0.0064067654,rna10k
-0.0065073073,-0.006022681,rna10k
-0.005516634,0.0020382018,rna10k
-0.0068716262,0.00566923,rna10k
-0.0037362569,-0.004758109,rna10k
-0.0010808195,0.0047350135,rna10k
-0.005524547,0.021850778,rna10k
-0.009976914,-0.023277787,rna10k
-0.0009766823,0.0072606453,rna10k
-0.005122742,0.001942683,rna10k
-0.0027366339,-0.020563025,rna10k
-0.0074576265,0.0018638046,rna10k
0.00026910458,-0.004833557,rna10k
0.0010138226,-0.0035675704,rna10k
0.0028884083,-0.0030270466,rna10k
0.009674846,-0.007437354,rna10k
0.0049734106,-0.00086003705,rna10k
0.0029593725,0.0022794376,rna10k
0.0016181403,-0.0018617567,rna10k
0.005394889,0.0018037498,rna10k
0.0020287542,-0.0013464306,rna10k
-0.0017251589,0.022153616,rna10k
0.0030124278,0.0021855822,rna10k
0.0026318969,0.0025443775,rna10k
-0.0009834765,-0.021082778,rna10k
-0.014321893,-0.00340716,rna10k
0.00094119844,0.0018881791,rna10k
0.0015299928,0.0017077659,rna10k
-0.0013917864,0.006509618,rna10k
-0.0013816564,0.0016918572,rna10k
0.002850006,-0.005912391,rna10k
0.0029574744,0.0018091232,rna10k
-0.0013177241,0.006957067,rna10k
-0.004310171,-0.005652824,rna10k
0.020779802,0.004811993,rna10k
0.009150207,0.01997042,rna10k
-0.0071613477,0.001968441,rna10k
-0.001665473,-0.0027117608,rna10k
-0.0011418472,-0.0017146448,rna10k
0.00014933814,-0.006148099,rna10k
0.0051331744,0.018579151,rna10k
-0.009763719,0.001721421,rna10k
0.006733278,-2.6322487e-05,rna10k
0.0066855396,0.019404436,rna10k
-0.0046734917,-0.020646319,rna10k
-0.00084248726,0.007244105,rna10k
0.009015476,-0.014704762,rna10k
0.0009051923,0.0025522516,rna10k
0.0063373544,-0.0062156734,rna10k
-0.006217298,-0.0053184996,rna10k
-0.0021466443,0.021527875,rna10k
0.013798828,0.02010029,rna10k
0.002475774,0.0029922915,rna10k
0.0021795358,-0.0039968723,rna10k
-0.023058346,0.008046951,rna10k
0.0040562595,-0.0054997145,rna10k
0.0060972795,-0.007034681,rna10k
-0.009786507,-0.0059196684,rna10k
-0.0030431382,-0.006496384,rna10k
0.0205949,-0.016437193,rna10k
-0.008488875,0.0020403676,rna10k
0.0033028694,-0.004815631,rna10k
0.010185087,-0.014134583,rna10k
0.0024918679,-0.00599365,rna10k
0.0011982479,0.002094992,rna10k
0.0052807285,0.0021834115,rna10k
-0.00877485,-0.001121092,rna10k
0.0048630335,-0.0056998143,rna10k
-0.002645338,-0.005457749,rna10k
0.0034927183,-0.00037390116,rna10k
0.0040199175,0.0022331665,rna10k
-0.0012688657,0.0081209885,rna10k
0.0017516047,-0.019824725,rna10k
0.0043170257,0.017915342,rna10k
0.0049370625,-0.002089855,rna10k
-0.00490586,0.0071294475,rna10k
-0.0027484198,0.008435787,rna10k
-0.0020429695,-0.022915876,rna10k
0.002878552,0.0017752365,rna10k
-0.0042589433,-0.015138613,rna10k
-0.00886633,0.0015582092,rna10k
-0.0005875264,0.0019566203,rna10k
0.006028658,0.0013118914,rna10k
0.00015864891,-0.021084132,rna10k
0.0052337274,0.0016127058,rna10k
-0.0021433462,0.0075836545,rna10k
-0.0098550115,-0.0033535983,rna10k
0.003895376,-0.0064906892,rna10k
-0.011174547,0.00058749586,rna10k
0.0010791952,-0.0064694756,rna10k
-0.003543521,-0.023437478,rna10k
-0.006375879,-0.005347854,rna10k
0.0038286243,0.0037417898,rna10k
0.010176919,-0.006762579,rna10k
0.0057633366,7.639822e-05,rna10k
0.0051264055,0.0006473723,rna10k
0.0065867705,0.00044160718,rna10k
0.0035879079,0.0063789026,rna10k
0.010413797,-0.0050296695,rna10k
-0.010221787,0.0025707171,rna10k
0.00027397985,-0.006535449,rna10k
-0.0051259343,-0.011614098,rna10k
-0.009453784,0.0020367983,rna10k
-0.017602205,0.0012619052,rna10k
-0.016474206,-0.002957128,rna10k
0.0023023374,0.0039587435,rna10k
-0.004036846,0.026808059,rna10k
0.014704402,0.007477476,rna10k
-0.0068670358,0.020384714,rna10k
-0.002456753,0.0018413047,rna10k
-0.008663569,0.0031280331,rna10k
-0.0002343771,-0.0021948237,rna10k
0.0027526526,0.0015236479,rna10k
0.0053196177,-0.00022565025,rna10k
0.0070643174,-0.0039598495,rna10k
-0.014818479,-0.00337658,rna10k
-0.0035593142,-0.0061642197,rna10k
-0.001132567,0.0021819351,rna10k
-0.005457424,0.0217095,rna10k
-0.007022086,-0.0032467244,rna10k
-0.004017762,-0.006174526,rna10k
0.0034311444,-0.0044514965,rna10k
0.002375277,0.0021461719,rna10k
0.00311408,-0.0058307867,rna10k
-0.0040379767,0.0047474187,rna10k
-0.00644403,-0.0063524456,rna10k
0.0015080388,0.0041384585,rna10k
0.0008360063,0.014646228,rna10k
-0.0055686957,-0.0046105194,rna10k
-0.004106804,-0.005596063,rna10k
-0.006793916,0.0018577016,rna10k
-0.0028325566,-0.0020620662,rna10k
0.0044155107,-0.0033346023,rna10k
0.0041457396,0.0017068752,rna10k
-0.0064281067,-0.005325419,rna10k
0.003793835,0.001474649,rna10k
0.005423588,-0.005525237,rna10k
0.0020273055,0.0020285798,rna10k
0.012883439,0.0071159303,rna10k
-0.0043205344,-0.0055734585,rna10k
0.0048409766,0.0028897682,rna10k
-0.0006465705,0.007071907,rna10k
0.010186446,0.008231318,rna10k
-0.0075462805,0.0020370632,rna10k
0.0033806106,0.0019610403,rna10k
0.00029606823,0.016898312,rna10k
-0.006745608,0.0019055402,rna10k
-0.0020909996,0.008656725,rna10k
0.0033639853,0.0019807604,rna10k
-0.008295216,0.0015633715,rna10k
-0.016084872,-0.0119945025,rna10k
0.0023137338,-0.0030599511,rna10k
-0.020722574,-0.0033871736,rna10k
0.0027613898,0.0020572303,rna10k
0.046384297,0.0050308686,rna10k
-0.003130113,0.015521519,rna10k
0.00094181584,0.022737438,rna10k
-0.0055234903,0.0018310896,rna10k
-0.00063462305,-0.030014614,rna10k
-0.010212009,0.00044237866,rna10k
-0.01137639,0.0018312407,rna10k
-0.004201143,0.020818114,rna10k
0.0021726787,-0.0041858624,rna10k
-0.007413406,0.005148217,rna10k
0.0049650054,-0.00048254372,rna10k
0.0014776627,-0.02391787,rna10k
-0.008254976,0.0017814639,rna10k
0.00048127616,0.002091251,rna10k
-0.005142074,-0.00801895,rna10k
0.0075017484,0.017221835,rna10k
-0.003703391,-0.003631673,rna10k
-0.007930681,-0.017383317,rna10k
0.0070203426,-0.0005745946,rna10k
-9.6553886e-05,0.0022380063,rna10k
-0.0006547156,0.0075426507,rna10k
0.0047764406,0.0016264427,rna10k
-0.0031239828,0.023484958,rna10k
-5.2775213e-05,0.004943397,rna10k
0.041870087,0.0034481424,rna10k
0.033331525,0.0010950065,rna10k
0.00638055,-0.0009635205,rna10k
0.00016846777,-0.005580526,rna10k
0.0034968716,0.0024532047,rna10k
0.0017916196,0.01807652,rna10k
0.012620294,0.019739492,rna10k
0.006386635,0.021087429,rna10k
-0.0016490927,0.0018414799,rna10k
0.00036286522,0.0029965832,rna10k
0.0024238594,0.018028596,rna10k
0.0062955455,-0.0054487255,rna10k
0.015837334,-0.0016426671,rna10k
-0.0008535718,-0.004976257,rna10k
-0.0013575528,0.0019105526,rna10k
-0.0047204234,-0.0034207017,rna10k
0.00090930384,0.0023259132,rna10k
-0.0066434797,0.0020293517,rna10k
-0.0038033589,0.0050240005,rna10k
-0.0039605047,-0.0034216733,rna10k
-0.0041132946,0.019097095,rna10k
-0.0040764795,-0.0060469746,rna10k
-0.0043194406,-0.0030861557,rna10k
0.0032431027,0.00537069,rna10k
-0.0081377905,0.0053489436,rna10k
0.00026831863,0.0015926374,rna10k
-0.031433262,-0.012555092,rna10k
-0.00386211,0.014054366,rna10k
0.0113641005,-0.0038308855,rna10k
-0.0088422205,0.02184239,rna10k
0.010331589,0.0070477123,rna10k
0.0047137793,-0.019195912,rna10k
-0.008783619,0.021703621,rna10k
-0.01771688,-0.0025549964,rna10k
-0.008220589,0.0016447636,rna10k
0.0028852278,0.0020846198,rna10k
-0.005263991,-0.005751771,rna10k
0.0034352513,-0.0019143588,rna10k
-0.0062534497,-0.001885759,rna10k
0.00022883035,-0.0054604267,rna10k
0.0008571216,0.001769185,rna10k
0.0014462537,0.0047228597,rna10k
-0.008696609,-0.014458557,rna10k
-0.0046600513,0.0020182473,rna10k
0.0011864131,-0.021771133,rna10k
0.0032995078,0.0020379515,rna10k
0.0020090304,0.0023485061,rna10k
-0.0010911588,0.007228401,rna10k
0.004941393,0.0015331149,rna10k
0.012934796,-0.0046929284,rna10k
-0.008823516,0.001121679,rna10k
0.01957117,-0.024968516,rna10k
-0.00200109,-0.0013324964,rna10k
-0.0054360162,-0.006425595,rna10k
0.0010189532,0.013138705,rna10k
-0.0023820489,0.0074330224,rna10k
0.00068460987,-0.021043502,rna10k
-0.012199982,-0.006485252,rna10k
0.0076070735,0.01849855,rna10k
-0.0047298335,0.020852793,rna10k
0.00542292,0.0022321828,rna10k
-0.0049086264,-0.0031730104,rna10k
-0.0012556356,-0.0018036204,rna10k
-0.021008343,-0.00078293326,rna10k
-0.0035158435,0.002098571,rna10k
0.006204707,0.0010331585,rna10k
-0.021639228,-0.0052004294,rna10k
-0.00344196,-0.006099668,rna10k
-0.011092934,-0.0044132513,rna10k
-0.0006393436,0.0021222688,rna10k
-0.0026010459,-0.0063508297,rna10k
0.00677512,-0.0059458963,rna10k
0.009877739,0.0180242,rna10k
-0.021552185,-0.0029766313,rna10k
-0.0031538722,0.0010173437,rna10k
0.0024212743,0.0050544646,rna10k
-0.0034820682,0.0027178484,rna10k
-0.0072915424,0.0016663291,rna10k
0.0048698476,-0.0013241764,rna10k
-0.01594293,0.007195889,rna10k
0.013828381,-0.003922609,rna10k
0.010217332,0.0024717434,rna10k
0.0062836786,-0.0021669304,rna10k
-0.0055638226,-0.0036355518,rna10k
0.008167721,-0.002929689,rna10k
-0.01657657,-0.0028794408,rna10k
0.009845255,-0.0057894783,rna10k
-0.0019081016,0.0020090893,rna10k
-0.006965345,0.0021426734,rna10k
-0.014063232,-0.0035344828,rna10k
0.022017762,0.0046319836,rna10k
0.00051246764,0.0020536608,rna10k
0.0101239765,0.007648721,rna10k
0.00025983714,-0.0007600574,rna10k
0.052036766,0.0058075516,rna10k
-0.0015905249,0.0021840923,rna10k
-0.0009065095,-0.0061566294,rna10k
-0.010288412,0.0014001098,rna10k
0.0050014416,-0.005693154,rna10k
-0.00060436694,-0.0032015305,rna10k
-0.0019100561,-0.0062777163,rna10k
0.00028583428,-0.0059993668,rna10k
-0.0015186031,0.0019778255,rna10k
0.0087421825,-0.0053222594,rna10k
0.0006015609,0.00231382,rna10k
0.0047854804,-0.0036510509,rna10k
0.0021133083,0.017601276,rna10k
-0.012915832,-0.013601728,rna10k
-0.0018183283,0.008702172,rna10k
0.0072943605,-0.0013328362,rna10k
-0.022353444,0.003205969,rna10k
0.005475833,-0.02193169,rna10k
-0.004057609,-0.006455388,rna10k
0.052235663,0.003591952,rna10k
-0.005445582,0.001963964,rna10k
0.0027089538,-4.0955398e-05,rna10k
0.0047800615,-0.0032966374,rna10k
0.002389703,-0.0062917066,rna10k
-0.0038191522,0.008239359,rna10k
0.02231557,0.005378129,rna10k
0.006477406,0.019339606,rna10k
0.0030415193,0.0020666833,rna10k
-0.0015876215,0.00770149,rna10k
0.0052679316,0.017761592,rna10k
0.004683679,-0.021018485,rna10k
-0.0064651673,0.001813813,rna10k
3.7869006e-05,0.0062438073,rna10k
-0.0022343744,0.002317421,rna10k
-0.010723575,0.0015729117,rna10k
-0.009276954,0.0015350634,rna10k
-0.004251284,-0.02588282,rna10k
-0.00083043333,-0.020747678,rna10k
-0.0044088666,-0.019096743,rna10k
0.009085534,0.019380938,rna10k
0.010300933,-0.0051479884,rna10k
0.011844841,0.019723658,rna10k
0.009475234,-0.005323425,rna10k
0.0043802965,-0.0053135525,rna10k
0.008577827,0.018167881,rna10k
0.0027100008,-0.0006852706,rna10k
0.0060903323,-0.019861886,rna10k
-0.00541457,-0.0042491364,rna10k
0.0065073385,-0.0023946525,rna10k
0.005465484,-0.0051540835,rna10k
0.005855079,-0.0012800796,rna10k
0.013426287,-0.004625981,rna10k
0.0026138003,-0.0042342823,rna10k
0.0007679758,-0.005422205,rna10k
0.008078173,-0.006039763,rna10k
-0.0019662844,0.007943917,rna10k
0.05377543,0.005984811,rna10k
-0.0014162362,0.0074860104,rna10k
-0.004026372,-0.0044114026,rna10k
0.0029432762,-0.0036468685,rna10k
0.001424291,0.00028039113,rna10k
-0.001946709,0.002006187,rna10k
0.004713247,0.002465051,rna10k
-0.0015397783,-0.0046808193,rna10k
-0.0009917447,-0.028272126,rna10k
0.008158612,0.019067716,rna10k
-0.004967842,-0.0060250508,rna10k
0.002080022,-0.0008629673,rna10k
0.021515366,0.0014980565,rna10k
0.022943566,-0.0014806741,rna10k
0.0032386784,0.002297881,rna10k
-0.004021165,0.013449503,rna10k
-0.006137158,-0.0025204371,rna10k
0.0005347385,0.0019420111,rna10k
-0.004771351,0.010906637,rna10k
-0.0016855085,-0.0034579963,rna10k
-0.006555893,0.0019535152,rna10k
0.0027279712,0.0042533367,rna10k
0.035989642,0.004353446,rna10k
0.0072405455,0.019190598,rna10k
-0.00023221136,0.006408007,rna10k
0.010455684,-0.008309791,rna10k
0.0040070126,0.016052932,rna10k
0.0009430958,0.0024321012,rna10k
-0.0063198316,-0.022516653,rna10k
0.0010784838,0.0020999236,rna10k
0.007981128,-0.0014877432,rna10k
-1.3052697e-05,-0.006275248,rna10k
0.010545126,0.018674206,rna10k
-0.0062969937,-0.005047499,rna10k
-0.008396052,0.01915574,rna10k
0.008829275,0.003779377,rna10k
-0.0010781704,0.0021535233,rna10k
0.008152028,-0.0013826627,rna10k
-0.005591226,0.0026557914,rna10k
-0.0015509716,-0.0038019172,rna10k
0.0022082834,0.001721256,rna10k
-0.00023083233,-0.0059826584,rna10k
0.00097916,0.0022955758,rna10k
-0.002548898,0.0072994884,rna10k
-0.0020205232,-0.0011788,rna10k
-0.00049971294,0.0018635115,rna10k
0.00024928636,0.00012902405,rna10k
0.005443024,0.018560123,rna10k
-0.004678694,0.010986569,rna10k
0.001547242,-0.005384309,rna10k
0.0020609458,0.0011286439,rna10k
0.0042653396,0.001139975,rna10k
-0.0037829932,0.0022287706,rna10k
0.0034215176,-0.0054007107,rna10k
-0.0003837755,-0.0026381083,rna10k
0.03519927,0.00051801745,rna10k
0.00029875876,0.002310494,rna10k
0.0047033927,-0.0055004517,rna10k
-0.008684592,0.0017042053,rna10k
-0.0024445707,0.0077120946,rna10k
-0.0024860601,0.007353873,rna10k
0.00025456972,-0.0034229888,rna10k
-0.0070027406,-0.0049395035,rna10k
-0.00033384928,-0.0034031102,rna10k
-0.0053914264,-0.0063470025,rna10k
0.0031637268,0.01699475,rna10k
0.0026196728,-0.0004379804,rna10k
0.0047770566,-0.0014019365,rna10k
-0.00045000858,0.0017639275,rna10k
0.0072860694,-0.0022692822,rna10k
-0.009662291,0.0011575246,rna10k
0.006104462,-0.0053505874,rna10k
0.0023177771,-0.0020301952,rna10k
0.0025598381,-0.0064048227,rna10k
-0.0020403692,-0.0033945234,rna10k
0.016458692,0.002608432,rna10k
-0.0038252699,0.0069653094,rna10k
-0.005572637,0.0025635483,rna10k
0.002302654,0.0012278499,rna10k
-0.005785464,0.0012058823,rna10k
-0.010742539,0.0018976261,rna10k
-0.00863913,0.0003153122,rna10k
0.0040966403,0.00092967605,rna10k
0.016380964,0.006710272,rna10k
0.015856516,-0.0064392793,rna10k
-0.003350554,0.004895688,rna10k
-0.0072393473,0.0057006767,rna10k
0.001401351,-0.0040479866,rna10k
0.007008542,-0.001216538,rna10k
-0.0057420726,-0.005924958,rna10k
-0.0034024857,0.014141094,rna10k
0.0044735265,-0.0025999518,rna10k
-0.004321545,0.0017934479,rna10k
0.0041823224,-0.004761188,rna10k
0.0065249493,-0.004458035,rna10k
-0.003489342,0.007756336,rna10k
-0.00010975782,-0.005244775,rna10k
-0.0032862131,-0.020846952,rna10k
0.0018474121,0.0021601326,rna10k
0.002528073,0.0023560259,rna10k
0.027544659,0.008812893,rna10k
0.0010998147,0.0019131992,rna10k
-0.00951245,0.0012966504,rna10k
0.0011504402,-0.006009585,rna10k
0.0036304784,-0.021301644,rna10k
0.016777402,-0.004713562,rna10k
-0.006634182,-0.0050501167,rna10k
0.0061845584,-0.00012180731,rna10k
0.010764072,-0.0014337312,rna10k
0.00024383616,0.0027839113,rna10k
5.3832817e-05,0.006556435,rna10k
0.0053869993,0.002076364,rna10k
0.0041192602,0.0012416027,rna10k
-0.0014397537,0.001854143,rna10k
-0.002186995,-0.005511977,rna10k
-0.02257963,-0.0036717444,rna10k
0.04751017,0.00081753236,rna10k
0.009152794,-0.002661844,rna10k
-0.0011549782,-0.0034738819,rna10k
-0.0010791442,-0.0051536607,rna10k
-0.009443426,-0.003791323,rna10k
-0.009686174,0.021823494,rna10k
0.024737518,-0.0033542453,rna10k
0.00011416736,-0.006051488,rna10k
-0.003241792,-0.0060193804,rna10k
0.0023427939,0.0012674639,rna10k
-0.024566518,0.00096442935,rna10k
-0.0023254694,0.008140859,rna10k
-0.0029355695,-0.0060991663,rna10k
-0.0029274463,0.019556297,rna10k
-0.0051006125,-0.0037196574,rna10k
0.0032010667,0.0025327108,rna10k
0.0062555308,-0.0035453965,rna10k
0.0011793348,0.00471683,rna10k
-0.0008035017,0.002077606,rna10k
0.0012123823,0.0036039248,rna10k
0.0028015827,0.0020503039,rna10k
-0.0030395212,-0.021308169,rna10k
0.0034791464,0.0024052965,rna10k
-0.010773041,-0.0021475756,rna10k
0.002433979,0.0016510229,rna10k
-0.0014587094,-0.024013873,rna10k
-5.4095555e-05,-0.019470721,rna10k
0.003871771,-0.004387575,rna10k
0.0018930625,-0.020927424,rna10k
0.005398419,0.0013500659,rna10k
0.009961837,-0.0056079044,rna10k
-0.010157238,0.001465481,rna10k
-0.0011910589,0.0073012216,rna10k
-9.5303934e-05,-0.024244994,rna10k
-0.0020832457,0.0062492737,rna10k
0.00043570783,0.0066219512,rna10k
-0.008750394,0.0019194323,rna10k
-0.004073827,0.002044116,rna10k
0.0050272676,-0.0035894813,rna10k
-0.008682296,0.0029366503,rna10k
-0.00078683335,0.007398936,rna10k
-0.0002564257,0.0022512325,rna10k
0.0016073498,0.0021166229,rna10k
0.0034069836,0.0014273206,rna10k
-0.010731561,0.0012110253,rna10k
-0.006369849,0.0030734064,rna10k
-0.005694557,-0.023141008,rna10k
0.001202925,0.0030489373,rna10k
-0.005279865,0.0014942491,rna10k
-0.008229883,-0.020648079,rna10k
-0.0034282901,-0.004640152,rna10k
-0.0013508262,-0.005246746,rna10k
-0.0014516673,-0.0031775224,rna10k
-0.024003712,-0.0023882843,rna10k
-0.00630687,0.0022510935,rna10k
-0.0015643829,-0.0049503352,rna10k
0.0056665926,0.0013121108,rna10k
0.00498078,0.01811119,rna10k
0.013435344,-0.02000349,rna10k
0.004796594,0.0025611194,rna10k
-0.005363445,-0.022484953,rna10k
0.0035575768,0.0028790832,rna10k
-0.00020380646,-0.021856565,rna10k
0.0019338959,0.0049610455,rna10k
-0.0021035313,-0.004104002,rna10k
0.0016684926,0.0020835279,rna10k
-0.0066123176,0.0020207164,rna10k
-0.00064862764,-0.023622783,rna10k
0.0008318992,0.0051192227,rna10k
0.0017940378,-0.00055910624,rna10k
-0.0017997538,-0.005176885,rna10k
0.004093925,-0.005131284,rna10k
-0.009029358,0.017842595,rna10k
0.011802608,-0.0013287122,rna10k
-0.002327213,-0.0038140824,rna10k
-0.005572166,0.012837931,rna10k
-0.0051665744,0.019866854,rna10k
0.010626962,-0.005214586,rna10k
-0.0034451496,0.0021285848,rna10k
0.001554939,-0.004493008,rna10k
-0.0057613975,0.0018612219,rna10k
0.00088750344,0.0051216264,rna10k
-0.00017438595,-0.021870442,rna10k
-0.006238395,-0.0047638398,rna10k
0.0040864116,0.0010634791,rna10k
0.0011459604,0.016095133,rna10k
0.006549216,0.008141728,rna10k
0.0074218484,-0.0024647298,rna10k
0.0025464697,-0.004476379,rna10k
-0.0014468879,0.0064668446,rna10k
0.0071521383,-0.005332422,rna10k
-0.01162544,-0.00080610573,rna10k
0.0042746933,-0.0061594145,rna10k
-0.0081313215,0.0009085866,rna10k
-0.005509706,0.0020691415,rna10k
-0.004767499,0.011715005,rna10k
0.014263833,0.0021623361,rna10k
-0.00019607306,0.0017968834,rna10k
-0.016511232,-0.003340992,rna10k
0.020783404,-0.0016497453,rna10k
-0.005428018,-0.014613898,rna10k
0.007063012,-0.0065806163,rna10k
0.005926871,0.0018242096,rna10k
-0.0029101127,-0.004991779,rna10k
0.009346467,0.019265324,rna10k
0.009260905,0.019807862,rna10k
0.005749793,0.0005030792,rna10k
0.00727225,-0.0054004705,rna10k
0.03801561,0.002822408,rna10k
0.0020246103,0.0011571365,rna10k
-0.004078093,-0.0040813135,rna10k
0.0038299519,0.00036175988,rna10k
0.0013628597,-0.0051965937,rna10k
0.003552496,-0.00093672733,rna10k
-0.0019509728,-0.00072289153,rna10k
0.00015824087,0.00054194254,rna10k
0.007900395,-0.0021996137,rna10k
0.0062829615,-0.005356727,rna10k
0.0016438706,0.0035612225,rna10k
0.003699355,-0.001884772,rna10k
0.0073290057,-0.002646599,rna10k
-0.005036118,0.0017230147,rna10k
-0.0029880446,0.018073887,rna10k
0.0052249525,-0.01992,rna10k
-3.5382054e-05,0.005853787,rna10k
-0.018269895,-0.004510994,rna10k
-0.0019852023,-0.020883951,rna10k
-0.005863526,0.0018524267,rna10k
0.00037772694,-0.004329125,rna10k
-0.01025837,0.0017850036,rna10k
-0.00012429447,0.0043007056,rna10k
0.01210761,0.0071622063,rna10k
0.023838716,0.0043830704,rna10k
0.007135908,-0.0027268594,rna10k
0.005201867,0.000918587,rna10k
-0.0022641604,0.0021381276,rna10k
-0.008592736,0.020385878,rna10k
-0.00474985,-0.021773923,rna10k
0.009316215,0.003415729,rna10k
-0.0062818443,0.0025225587,rna10k
0.0048769936,0.0005868131,rna10k
-0.0017406029,-0.004274818,rna10k
0.012066115,-0.0052934345,rna10k
-0.0037392154,0.0018752597,rna10k
-0.0018876741,0.008045963,rna10k
0.0044893445,0.0013533378,rna10k
0.0014852566,-0.022467187,rna10k
0.0015057985,-0.022508327,rna10k
-0.008894467,0.0015962179,rna10k
-0.021272637,-0.002484205,rna10k
0.0077730617,-0.015098959,rna10k
-0.0011448012,0.0019696562,rna10k
0.0031402754,0.0024097515,rna10k
-0.0003778782,-0.006286616,rna10k
-0.0027734148,0.0020901442,rna10k
0.0044858423,0.0015265782,rna10k
0.0039998135,0.00012686168,rna10k
0.0054144366,0.0014270403,rna10k
-0.01255745,-0.008858725,rna10k
0.0001798228,-0.021380555,rna10k
-0.0042602723,-0.022844061,rna10k
0.005829737,0.00586674,rna10k
-0.004185536,0.0019606475,rna10k
0.013302626,-0.003670641,rna10k
0.0026417659,0.0023853777,rna10k
0.009970077,-0.0053235167,rna10k
-0.008088173,0.0019318705,rna10k
-0.0013208409,-0.004512239,rna10k
-0.0051647173,-0.0039917906,rna10k
-0.026711501,-0.0062599694,rna10k
-0.008984373,0.0011749557,rna10k
0.0053528124,0.00088645244,rna10k
-0.0031002234,0.00078179984,rna10k
-0.0012532359,-0.0060854456,rna10k
-0.0070803417,0.0015187091,rna10k
0.0058591743,0.018718079,rna10k
0.0020916115,-0.020831432,rna10k
0.0042049205,0.001083999,rna10k
0.0028679236,-0.0010719738,rna10k
0.0038257756,-0.022607366,rna10k
0.0033961835,0.0025042107,rna10k
0.00283664,0.0043443744,rna10k
-0.005274108,-0.004381842,rna10k
0.010518012,0.021676524,rna10k
0.0023627346,0.0017258612,rna10k
-0.00065102585,0.0036780576,rna10k
0.0011739926,-0.021781042,rna10k
-2.8280587e-05,0.002294051,rna10k
-0.017095072,0.004512142,rna10k
0.0052129747,0.018952856,rna10k
-0.006916611,-0.021301143,rna10k
0.00094798754,-0.006452099,rna10k
-0.0030587807,0.0017548025,rna10k
-0.00023415686,-0.0031865118,rna10k
0.0040386682,0.000730831,rna10k
-0.0034877444,-0.004696912,rna10k
-0.0041939416,0.0018776673,rna10k
-0.01290748,-0.021432402,rna10k
-0.001821624,0.021519268,rna10k
-0.0018312136,0.0047719134,rna10k
-0.008132744,-0.006080401,rna10k
-0.0074830735,0.0017420078,rna10k
0.004094415,0.0008815354,rna10k
-0.0032561717,-0.005930697,rna10k
0.027162183,0.0007129476,rna10k
0.0243129,0.016457526,rna10k
-0.016727734,-0.003085181,rna10k
0.00087361404,0.004698264,rna10k
-0.0040419735,-0.0031964532,rna10k
-0.0038692188,0.0077945446,rna10k
0.006474083,-0.004821762,rna10k
0.0042555346,-0.02376023,rna10k
0.0043445914,-0.0057976143,rna10k
-0.010295225,0.0060398,rna10k
-0.009644708,-0.00085450924,rna10k
-0.00700366,-0.0054146154,rna10k
-0.0024567202,0.0077335807,rna10k
0.0006227602,-0.003951525,rna10k
-0.006102594,-0.0053638383,rna10k
-0.0018217729,-0.0050872504,rna10k
-0.0009670922,0.0017568575,rna10k
0.00057822664,-0.003379598,rna10k
0.002793824,-0.0018976283,rna10k
0.0004140094,0.0023691445,rna10k
-0.0023275237,-0.0050080535,rna10k
0.002413697,0.0049344064,rna10k
0.0044286754,0.00054598984,rna10k
-0.004256591,-0.040899493,rna10k
0.00035246534,-0.0068156444,rna10k
-0.010863715,0.00075827294,rna10k
0.008905859,-0.0014064598,rna10k
0.01819431,-0.0040362305,rna10k
0.0011344602,0.0061321487,rna10k
0.00149919,-0.0058446294,rna10k
0.006532481,0.018630885,rna10k
-0.0011305463,0.009301268,rna10k
0.0015428535,-0.004664558,rna10k
0.015109435,0.008475445,rna10k
-0.006119761,0.0045909793,rna10k
-0.00042101773,0.0024983315,rna10k
-0.0053259106,0.021083876,rna10k
0.0029580484,-0.0012434005,rna10k
-0.0033259776,0.0021365972,rna10k
-0.039459143,0.0009891064,rna10k
0.00085487205,0.001937379,rna10k
0.0041860114,-0.002201443,rna10k
0.0024896094,0.0029976196,rna10k
0.010646433,-0.0066129947,rna10k
-0.0014977575,-0.016689122,rna10k
-0.0069662975,0.0018923662,rna10k
7.0110385e-05,-0.004750515,rna10k
-0.0022741891,0.0025999062,rna10k
-0.0069008903,0.0017976353,rna10k
0.005915994,-0.0065264134,rna10k
-0.0069403215,0.001983606,rna10k
-0.008952442,0.0015905155,rna10k
0.0033646608,0.001898873,rna10k
-0.0019205449,0.0053026066,rna10k
-0.007734059,0.0017824863,rna10k
-0.0057404097,0.0047256383,rna10k
-0.005768864,0.0020260105,rna10k
0.0033686445,-0.004322026,rna10k
-0.022151822,-0.011318854,rna10k
0.008672274,0.019336833,rna10k
-0.016864942,-0.00444517,rna10k
0.009027454,-0.005148366,rna10k
0.007786667,-0.0017595621,rna10k
-0.007353895,-0.005712053,rna10k
-0.00051688484,-0.020015862,rna10k
-0.003701725,0.013386241,rna10k
-0.0022734208,0.0030951824,rna10k
0.008940736,0.004377083,rna10k
0.00041897665,0.005677185,rna10k
0.001237382,0.0016877663,rna10k
0.00450997,-0.005947795,rna10k
0.0069151013,0.019288108,rna10k
0.0011496161,-0.003238314,rna10k
0.02103526,0.0037682652,rna10k
0.0005157271,-0.022163332,rna10k
0.011441048,-0.005299025,rna10k
-0.0031113927,-0.00088299677,rna10k
0.00029563878,-0.0057937494,rna10k
-0.0027382728,0.0019278725,rna10k
0.008718479,-0.032420978,rna10k
-0.00994143,-0.02223197,rna10k
0.003026951,0.02200397,rna10k
0.0047653913,-0.0032587731,rna10k
-0.0051261764,-0.0062515624,rna10k
0.016774239,0.0032088913,rna10k
-0.0026887155,0.0018661618,rna10k
0.005499248,0.001606406,rna10k
-7.468554e-05,0.0046843262,rna10k
-0.004531974,-0.0022384264,rna10k
-0.0045617805,-0.019262224,rna10k
-0.00055699155,0.006001436,rna10k
-0.0054626474,-0.01158273,rna10k
-0.011919937,5.067245e-05,rna10k
-0.012152272,-0.002752432,rna10k
0.0024517167,-0.021684835,rna10k
-0.0022778548,-0.0028205772,rna10k
0.0043858187,0.0023807616,rna10k
-0.0017315666,-0.00621048,rna10k
-0.0011155532,-0.005046402,rna10k
0.011137935,0.019397907,rna10k
0.002288219,0.0026179464,rna10k
0.004726478,-0.005524055,rna10k
0.008545196,-0.015164709,rna10k
0.002773039,0.017207794,rna10k
-0.05575699,0.00030616947,rna10k
0.0018027826,0.0038476323,rna10k
0.010978191,-0.0072457683,rna10k
-0.004171793,-0.005983987,rna10k
-0.023655219,0.013733833,rna10k
-0.0040423446,-0.0051102233,rna10k
-0.00078679057,-0.006447346,rna10k
-0.0015803281,-0.0034726805,rna10k
-0.004070278,-0.0063170046,rna10k
0.0023409498,-0.0009685999,rna10k
0.0065668626,-0.0057387166,rna10k
-0.003942215,0.01299877,rna10k
-0.01546812,0.013738431,rna10k
-0.004930916,0.021641204,rna10k
-0.0059799147,0.0023720951,rna10k
0.0021628053,0.0021494457,rna10k
0.0021462007,-0.006327937,rna10k
-0.023347171,0.014505348,rna10k
-0.0034933703,0.005043129,rna10k
-0.008818607,0.0013544181,rna10k
-0.007932759,0.0016823765,rna10k
0.007860579,-0.006141339,rna10k
0.0029096322,0.0035197432,rna10k
0.01942366,0.0038205031,rna10k
0.0032485342,-7.703529e-05,rna10k
-8.377434e-05,0.0021931874,rna10k
-0.047108103,0.00010659641,rna10k
0.00048450814,-0.0061392095,rna10k
0.00041508532,0.0056884433,rna10k
-0.00024327247,0.0058221812,rna10k
-0.0019415097,0.0031331666,rna10k
-0.008511727,0.020810958,rna10k
0.01121898,0.019664057,rna10k
-0.004461449,-0.0064199097,rna10k
0.004340835,-0.0055583543,rna10k
-0.022357808,0.0012135718,rna10k
-0.00033810438,0.002163115,rna10k
-0.0033218125,-0.022701904,rna10k
-0.0015319637,-0.0048093055,rna10k
-0.0020934842,-0.0064731934,rna10k
-0.0005368708,0.003195652,rna10k
-8.476791e-07,-0.005995055,rna10k
0.0014039902,0.0015976168,rna10k
0.032313388,0.0032142375,rna10k
-0.0042587607,0.021468341,rna10k
0.0054935366,0.0009801917,rna10k
-0.0023443433,0.0018928456,rna10k
-0.008722888,0.0013802564,rna10k
0.0037394287,0.0023633274,rna10k
0.004067649,0.0015163873,rna10k
-0.0027847984,0.013502458,rna10k
0.001896574,-0.006211206,rna10k
0.0060987347,-0.0029021185,rna10k
0.004695806,0.002426756,rna10k
-0.0020616967,0.015127156,rna10k
0.004030466,-0.0037591942,rna10k
-0.0015297706,-0.0063763917,rna10k
0.00046397734,-0.0062825778,rna10k
-0.009168449,0.0015449913,rna10k
0.0022886372,0.0022601476,rna10k
-0.0028871833,-0.006798646,rna10k
-0.01305514,0.021709006,rna10k
0.0026630703,-0.006677113,rna10k
0.0140399635,-0.0052669127,rna10k
0.0006088496,0.0066435863,rna10k
0.0021819999,0.0021503028,rna10k
-0.0012160302,0.022084123,rna10k
0.003173552,0.0027127634,rna10k
0.002016097,0.015123201,rna10k
-0.0026713621,-0.0020073014,rna10k
0.0034837357,-0.002587446,rna10k
-0.0038613249,0.0020747383,rna10k
0.0004338655,0.0021871307,rna10k
-0.011080015,0.0009818822,rna10k
-0.0040061837,0.0018355966,rna10k
0.0005597849,0.005337428,rna10k
-0.0022144706,-0.019901086,rna10k
0.051959828,0.0137396725,rna10k
-0.0006320819,-0.024831345,rna10k
0.0014899923,-0.0053017875,rna10k
-8.054703e-05,0.0019982993,rna10k
0.00013619746,0.0068077547,rna10k
0.0067210067,-0.0031334304,rna10k
-0.009257245,0.0014425981,rna10k
-0.0055635585,0.0116315195,rna10k
0.008798532,-0.0025721577,rna10k
-0.005229562,0.0020959168,rna10k
-0.0067762285,-0.004528408,rna10k
0.0035626618,-0.005666673,rna10k
0.001348203,0.002384501,rna10k
-0.00445442,0.0108386865,rna10k
0.000581278,0.0034391603,rna10k
-0.003991946,0.0023353542,rna10k
0.0011374773,-0.02351558,rna10k
0.001367617,-0.021309428,rna10k
-0.0017748479,-0.0012913495,rna10k
-0.0020600846,0.0069508287,rna10k
0.02199891,-0.02542404,rna10k
0.0025024926,-0.007959767,rna10k
-0.0072394204,-0.007566823,rna10k
-0.0062378054,-0.005235172,rna10k
-0.0063398406,0.0017652451,rna10k
-0.0025492308,0.0076134284,rna10k
0.005221972,0.0013446773,rna10k
0.007859104,0.02166413,rna10k
0.0014882216,-0.005762118,rna10k
0.015961329,-0.0027790393,rna10k
0.004548972,0.0036321508,rna10k
-0.006832105,0.02116758,rna10k
0.0169124,-0.0024019964,rna10k
0.0054708584,0.0018829278,rna10k
-0.005443461,-0.008475163,rna10k
0.0042998246,-0.0057530794,rna10k
-0.009405937,0.01963822,rna10k
0.005112657,6.3419335e-05,rna10k
0.011861968,-0.0060061277,rna10k
0.011331595,-0.008317491,rna10k
0.0026804737,-0.004614269,rna10k
0.0053637507,0.0010886696,rna10k
0.0024023044,-0.004055143,rna10k
-0.005100523,0.010471324,rna10k
0.0014655921,0.0020421904,rna10k
0.005006756,0.019156903,rna10k
-0.0023169606,0.008221036,rna10k
0.0026395759,0.00353437,rna10k
-0.0050878,-0.0049089054,rna10k
-0.007426004,0.0017689759,rna10k
-0.006087655,0.007850347,rna10k
-0.005761528,0.010907846,rna10k
0.007284857,0.00025280533,rna10k
-0.013553286,0.0021616954,rna10k
-0.0007952002,6.9209535e-05,rna10k
0.00088872627,0.01962423,rna10k
0.0034681035,0.002095357,rna10k
-0.001144716,0.0018766221,rna10k
0.0019946329,-0.02094311,rna10k
-0.0007583895,-0.002682065,rna10k
-0.024599208,0.0021453556,rna10k
-0.0015319027,-0.02289762,rna10k
-0.009487225,-0.01535808,rna10k
-0.006425275,0.0017022064,rna10k
0.004067045,0.0020294003,rna10k
0.0017721605,0.0017109044,rna10k
0.004730595,-0.0047997963,rna10k
0.0042499453,0.0023762318,rna10k
-0.00781011,0.0018534578,rna10k
-0.007133107,0.00035131033,rna10k
-0.009121326,0.001953522,rna10k
-0.0040643765,0.0018457761,rna10k
0.00012287755,0.012761255,rna10k
0.007034005,0.019723691,rna10k
-0.0006052063,0.004361877,rna10k
-0.0073692966,0.00081724586,rna10k
-0.0050761676,-0.0051237857,rna10k
0.0017154618,0.0054096966,rna10k
-5.9370745e-05,0.006666155,rna10k
0.0074662627,-0.0031879256,rna10k
0.010129317,-0.007995822,rna10k
-0.0038147187,0.005124128,rna10k
-0.0053996583,0.0020188396,rna10k
-0.0033704743,-0.006399181,rna10k
0.0044568307,-0.022378258,rna10k
0.005059351,0.0007574674,rna10k
0.003337862,0.0036445784,rna10k
-0.00018997246,0.0074589453,rna10k
0.0210366,-0.0019360449,rna10k
-0.008844084,0.023002233,rna10k
-0.00014195923,-0.0061592814,rna10k
0.0057674004,-0.0056354813,rna10k
-0.0069796126,-0.021196475,rna10k
0.0028396097,-0.0009280542,rna10k
0.0047602924,-0.0014549152,rna10k
0.0040012985,-0.003647773,rna10k
-0.014238294,-0.0030941006,rna10k
-0.00023479247,-0.0061703166,rna10k
0.0014709099,-0.022849979,rna10k
0.00518568,0.0024267593,rna10k
-0.014229573,-0.0040744776,rna10k
0.00057682913,0.0055997577,rna10k
0.00035849106,0.0037574538,rna10k
-0.007623214,-0.004708652,rna10k
0.0026686073,0.0035816326,rna10k
-0.00093580387,-0.018858535,rna10k
-0.028351787,-0.0055090957,rna10k
-0.0027799984,0.0023262787,rna10k
-0.0016437102,0.007987023,rna10k
0.0014450455,0.0021551563,rna10k
-0.0013463516,-0.0022249832,rna10k
0.0035596942,-0.0029418697,rna10k
0.0035858806,-0.005822399,rna10k
-0.0054601636,0.0019419149,rna10k
-0.00010661478,-0.0043266024,rna10k
0.0006134993,0.0062635005,rna10k
-0.0013617128,-0.006183621,rna10k
-0.022651536,-0.0033953977,rna10k
-0.0076431683,-0.005405701,rna10k
0.006737668,-0.0011851264,rna10k
0.0020918425,-0.020711476,rna10k
0.04622991,0.0030833853,rna10k
-0.0062756725,0.011417259,rna10k
-0.005846816,-0.0045598764,rna10k
-0.006718084,0.001766325,rna10k
-0.0016045398,-0.0045054313,rna10k
-0.001362368,-0.003134313,rna10k
0.0051648975,-0.0006293652,rna10k
0.0008403978,-0.020966975,rna10k
0.0013674224,0.002461527,rna10k
0.0058584893,-0.0057131406,rna10k
0.0060496735,-0.004989422,rna10k
-0.0022573075,-0.0063886805,rna10k
-0.0032343604,0.007587261,rna10k
-0.0015748891,-0.005415137,rna10k
-0.036472853,-0.0014129153,rna10k
0.0008788918,0.0018442569,rna10k
-0.01832424,-0.012133165,rna10k
-0.003673238,-0.0040705353,rna10k
0.0020707627,-0.020026937,rna10k
0.0015911721,0.0060394546,rna10k
0.0014395417,-0.004126553,rna10k
0.0042019547,-0.0017342761,rna10k
-0.006322049,0.0019153561,rna10k
-0.003622555,0.0071421308,rna10k
0.00019613265,0.007568362,rna10k
-0.00042258148,-0.022249535,rna10k
-0.009318442,0.0012985134,rna10k
-0.013853691,-0.005327783,rna10k
-0.0012229696,-0.02118268,rna10k
0.0010525029,-0.02244883,rna10k
-9.761684e-05,0.0029553703,rna10k
0.007030377,0.01757228,rna10k
-0.0003521612,0.0021165654,rna10k
-0.0058379066,-0.0025617967,rna10k
-0.0011397469,0.0073869913,rna10k
0.06852642,0.016910123,rna10k
-0.0026025625,0.0023679994,rna10k
0.0037228733,-0.0035849551,rna10k
0.0050177993,0.0016893223,rna10k
-0.00018448273,0.002283977,rna10k
-0.0014731216,-0.022016587,rna10k
0.001182356,0.0041777026,rna10k
0.023111558,-0.0017446929,rna10k
-0.00259878,0.016775232,rna10k
0.00016352336,-0.004039927,rna10k
0.0014325362,0.015949424,rna10k
0.0030267967,0.0018491411,rna10k
-0.0027005107,0.021520205,rna10k
-0.00914033,0.0016469787,rna10k
-0.0051844562,0.0021793297,rna10k
0.008998906,0.019881593,rna10k
9.6080275e-06,0.006198246,rna10k
-0.00036433808,0.0073306155,rna10k
0.0011842509,0.0020031272,rna10k
-0.0024238443,-0.0027429773,rna10k
0.0044811745,0.0013922632,rna10k
-0.0016750256,0.00735341,rna10k
0.0028499463,0.0030716273,rna10k
0.016321596,-0.002552413,rna10k
-0.0053159683,-0.005354824,rna10k
0.008840764,-0.0067707137,rna10k
0.0043980777,-0.0011848016,rna10k
0.0028177896,-0.0030106795,rna10k
0.00062699657,0.001967364,rna10k
0.0038960157,0.0009955035,rna10k
6.30249e-05,-0.0063465275,rna10k
0.0042045736,-0.002745237,rna10k
-0.0024677035,0.015174237,rna10k
0.0028170238,-0.005319615,rna10k
-0.0099258525,-0.0062521645,rna10k
-0.0058071846,0.0026378313,rna10k
-0.00022312404,-0.0002182122,rna10k
-0.020210838,-0.0016666133,rna10k
0.013020161,-0.020338526,rna10k
0.0035120284,0.0017463618,rna10k
0.00016069582,-0.0041105077,rna10k
0.002366988,-0.0059319064,rna10k
0.003411474,-0.022571556,rna10k
-0.007530175,-0.0071091205,rna10k
-0.0051029213,0.01086023,rna10k
0.002558656,-0.0051039057,rna10k
-0.0027205118,0.0018051558,rna10k
0.017107736,0.004716956,rna10k
-0.0059623746,0.006961043,rna10k
-0.018218001,0.0031639824,rna10k
0.010377198,0.018991446,rna10k
0.052250434,0.0019695384,rna10k
-0.00253813,0.0025545142,rna10k
5.4917215e-05,0.0061246236,rna10k
-0.0065313247,0.0019890917,rna10k
-0.00068763527,0.0023716297,rna10k
0.0040060547,-0.027671397,rna10k
0.002761635,0.0019330803,rna10k
0.004667653,-0.00608625,rna10k
0.00964951,-0.0028014171,rna10k
0.0035145907,0.0013614458,rna10k
0.030982843,0.0004033053,rna10k
0.006622821,0.0005695449,rna10k
0.0056369035,0.001831635,rna10k
-0.002750777,-0.0062795496,rna10k
-0.0029618219,-0.02292395,rna10k
0.000980211,-0.02170711,rna10k
0.0017147022,-0.0056897164,rna10k
-0.00045469022,-0.0024744826,rna10k
0.0009779267,0.004474989,rna10k
0.039919373,0.0002647271,rna10k
-0.0058271126,0.0016755487,rna10k
0.0040480946,-0.022085859,rna10k
0.012837192,-0.0022616556,rna10k
0.019658286,0.004929881,rna10k
-0.01070286,-0.003072105,rna10k
-0.0010569093,0.0075160568,rna10k
-0.000477791,0.015429205,rna10k
-0.0024728016,-0.022863666,rna10k
-0.002926921,0.002195815,rna10k
0.0033954417,0.0015259794,rna10k
-0.0017127891,-0.005531382,rna10k
0.006457367,0.00022169252,rna10k
0.0043126843,0.00027300706,rna10k
0.0076694977,-0.004881949,rna10k
0.00040720194,0.020210521,rna10k
0.008704288,-0.0059141014,rna10k
0.0063769436,-0.004800423,rna10k
-0.006628886,-0.0064168624,rna10k
0.049726013,0.0040636505,rna10k
0.0060415477,0.0013325497,rna10k
0.006040125,0.02292582,rna10k
0.0049051726,0.0015897388,rna10k
-0.008926583,0.0016324256,rna10k
-0.00829007,-0.006592046,rna10k
0.0012131686,-0.020992165,rna10k
0.002205086,0.008622876,rna10k
-0.0012321199,-0.0051005553,rna10k
-0.0013018234,0.0019441393,rna10k
0.004314705,0.0010193187,rna10k
0.00648567,0.01951023,rna10k
0.000534515,-0.0053131883,rna10k
0.0043339324,-0.0013266043,rna10k
-0.009289117,0.001577969,rna10k
0.07414008,0.014860944,rna10k
0.0012705696,-0.0050871377,rna10k
-0.008018427,0.00053717004,rna10k
0.00021549381,-0.005599824,rna10k
0.002296729,0.002243621,rna10k
-0.00056847173,0.0019018949,rna10k
-0.0029001285,0.0018049385,rna10k
-0.00062692,0.0075206426,rna10k
0.0036185645,0.0017747019,rna10k
0.0051019364,0.0028218948,rna10k
0.003956244,-0.0020197716,rna10k
0.01656688,-0.00089982006,rna10k
0.0034445007,-0.0042795343,rna10k
0.002635105,0.017765185,rna10k
-0.007049443,-0.014898653,rna10k
0.004814519,-0.005490538,rna10k
0.0044905012,0.0017933417,rna10k
-0.0067270794,0.00029045017,rna10k
8.407789e-05,0.0062356824,rna10k
0.0011188189,0.0022587841,rna10k
0.015657993,-0.023146477,rna10k
0.005324198,0.002036881,rna10k
0.006957686,2.4883233e-05,rna10k
-0.0057254084,-0.006150766,rna10k
0.005479199,0.0002452894,rna10k
-0.005384258,0.018128904,rna10k
0.0026329758,-0.021485101,rna10k
-0.0016731812,0.0078964755,rna10k
0.0038008406,-0.0011804606,rna10k
-0.010657433,-0.006852642,rna10k
0.0054955375,0.0019759915,rna10k
0.00019833054,0.0057744132,rna10k
-0.0023347032,-0.005136089,rna10k
-0.0017843582,0.008294826,rna10k
0.004667078,0.0020008746,rna10k
0.0028611582,-0.014370167,rna10k
0.0059441878,0.006844805,rna10k
-0.001442043,0.00746076,rna10k
0.0083285365,0.019819887,rna10k
-0.006027812,0.0022565348,rna10k
-0.009326282,0.0022193664,rna10k
-0.0049033845,0.0122872135,rna10k
0.0049959347,-0.0029208953,rna10k
-0.011719087,0.02249922,rna10k
0.0025256202,-0.0026268987,rna10k
-0.008506508,0.0020916623,rna10k
-0.021160828,0.00057742663,rna10k
-0.0056299986,-0.0056521683,rna10k
-0.004444732,0.010485737,rna10k
-0.037744034,0.0014047753,rna10k
-0.012704725,-0.0022700843,rna10k
0.004756305,0.00032946098,rna10k
0.0004873216,-0.02518358,rna10k
0.0035266401,0.0022893478,rna10k
-0.0063271634,-0.004139336,rna10k
-0.0026341726,-0.0044463575,rna10k
-0.004697517,0.011589175,rna10k
-0.006838269,0.002125131,rna10k
0.00016077464,-0.02127541,rna10k
0.0028327962,0.021921754,rna10k
-0.007316921,0.0007751129,rna10k
-0.015293846,0.003446151,rna10k
-0.009835129,0.0014260395,rna10k
0.0037990957,0.001456811,rna10k
0.006394125,-0.0022657039,rna10k
-0.0025969017,0.013106912,rna10k
-0.00086502824,0.0018927284,rna10k
-0.004845166,-0.0057168547,rna10k
-0.0049202484,-0.0047829757,rna10k
0.004293081,0.0036649876,rna10k
0.007681162,0.016058221,rna10k
-0.011041333,0.00073868583,rna10k
-0.005149212,0.0132223135,rna10k
-0.0033815017,-0.0040415213,rna10k
-0.002947186,-0.005972154,rna10k
0.008319061,-0.0029368415,rna10k
0.0014516802,0.0166636,rna10k
0.0027974935,-0.018729245,rna10k
-0.0051300703,-0.004360763,rna10k
0.0115219215,0.019713974,rna10k
0.0038708001,0.0046086162,rna10k
-0.0011161724,-0.005791537,rna10k
0.0029677488,0.002755282,rna10k
-0.016551979,0.00041312023,rna10k
-0.00020701857,0.0011109636,rna10k
-0.0019566054,-0.006063001,rna10k
0.0022205226,-0.023530796,rna10k
-0.00390975,0.002089311,rna10k
-0.006646326,0.0016012257,rna10k
-0.0027328744,-0.0058095125,rna10k
0.006439301,0.019961432,rna10k
-0.00229987,0.007886089,rna10k
-0.0018054527,-0.006722655,rna10k
-0.0023750819,0.007979357,rna10k
0.0035621924,0.018855171,rna10k
0.051855963,0.0012399828,rna10k
-0.0023560044,0.006688068,rna10k
-0.003455532,0.008700363,rna10k
0.005471554,0.00095707143,rna10k
0.0033113519,-0.012339231,rna10k
0.005804684,0.0005944518,rna10k
9.502676e-06,0.001733038,rna10k
-0.0034573516,0.0021369162,rna10k
-0.0032735623,-0.0052637584,rna10k
0.0013087476,-0.000835704,rna10k
-0.001752587,0.0079188915,rna10k
0.00080761046,-0.005433816,rna10k
0.0036197652,0.00096050097,rna10k
-0.0036762962,-0.0064509343,rna10k
0.023310354,-0.0021690542,rna10k
-0.0049545607,0.0016621284,rna10k
-0.0013378545,-0.0033617343,rna10k
0.0009948227,0.017085163,rna10k
-0.012268967,-0.008543756,rna10k
-0.0069716736,-0.0050851326,rna10k
-0.01898992,-0.0015345588,rna10k
-0.003845856,-0.0019074032,rna10k
-0.0017850331,0.007903935,rna10k
-0.0018705698,0.0021670135,rna10k
-0.0024479132,-0.003129609,rna10k
0.001882245,0.0013152465,rna10k
0.010460256,-0.021793125,rna10k
-0.0027771557,0.0018246507,rna10k
0.00082366203,-0.0037904137,rna10k
0.003984284,-0.004726419,rna10k
-0.008687075,0.02020739,rna10k
0.000471676,-0.0046457523,rna10k
0.004055906,-0.005609813,rna10k
0.00063316873,-0.0037003187,rna10k
-0.0039109658,-0.0052828286,rna10k
-0.0041678725,0.021770455,rna10k
-0.003097936,-0.0015513942,rna10k
0.008489065,-0.021445379,rna10k
0.004050785,0.0022517373,rna10k
0.0007914187,-0.02270096,rna10k
-0.0021833177,0.0019779361,rna10k
0.0045660688,0.018551517,rna10k
0.0055771195,-0.00080620253,rna10k
0.00021162153,0.01678031,rna10k
0.00055780704,0.0014168309,rna10k
-0.0021373236,-0.0047805193,rna10k
-0.008151969,0.023526805,rna10k
-0.0044673355,0.007960976,rna10k
0.0076190424,0.0062524937,rna10k
-0.023834122,-0.0031627165,rna10k
-0.0039444403,-0.0057477355,rna10k
-0.00029328812,0.0067510875,rna10k
-0.0015863659,-0.004812107,rna10k
-0.001105884,-0.0063498775,rna10k
-0.005812164,0.0019091159,rna10k
-0.0039286413,-0.0056306636,rna10k
0.0006503353,-0.003200859,rna10k
0.0038117568,-0.0005309248,rna10k
0.0128470715,-0.0044418047,rna10k
0.005146735,0.0015069023,rna10k
-0.009003397,0.004324492,rna10k
0.0061833924,-0.005678055,rna10k
0.0041698674,-0.0047045564,rna10k
-0.0026485024,0.012368475,rna10k
0.0032886937,0.0013101043,rna10k
-0.0032348065,0.0023565053,rna10k
-0.0062533533,0.021116825,rna10k
-0.0013210654,0.0074708243,rna10k
-0.026540074,0.00019901678,rna10k
0.0024282264,-0.003682347,rna10k
-0.0024474505,-0.005729475,rna10k
0.0003952354,0.0016718761,rna10k
-0.0076270415,0.006395396,rna10k
-0.006144407,-0.0064132456,rna10k
0.0019248002,-0.0033375225,rna10k
0.011598354,-0.005759135,rna10k
0.00794343,-0.0010680021,rna10k
0.006150251,-0.0034027514,rna10k
-0.0058462345,-0.0028223116,rna10k
0.0045643174,0.0023173236,rna10k
0.0064306674,-0.0018015306,rna10k
-0.003328445,0.0021198415,rna10k
-0.0032863002,0.0018685443,rna10k
0.0027656,0.007000941,rna10k
0.0030267325,-0.0015877469,rna10k
0.006436901,0.021605752,rna10k
-0.0046679843,0.020150924,rna10k
0.002113106,0.0019271725,rna10k
0.0039647133,-0.0049605453,rna10k
-0.0015127801,-0.006223436,rna10k
0.0036249764,-0.0049796477,rna10k
-0.0038060818,0.009251186,rna10k
-0.0034822011,-0.003178965,rna10k
-0.0009980464,-0.024235986,rna10k
6.174615e-05,-0.005815487,rna10k
0.0085905325,0.0037138818,rna10k
0.00040794077,0.0019408459,rna10k
0.0033478874,0.0007135627,rna10k
0.00047795178,-0.0038628015,rna10k
-0.0026636627,0.0070387768,rna10k
0.0034356816,0.0038667663,rna10k
-0.003812163,0.0019369982,rna10k
-0.0006376358,-0.0037177587,rna10k
0.002114575,0.0040909243,rna10k
-0.0028635748,0.01601004,rna10k
-0.004831337,0.021449951,rna10k
0.005490025,0.0018958191,rna10k
0.0022800402,0.003565879,rna10k
-0.005667069,-0.009996434,rna10k
0.0038299817,0.0012782834,rna10k
-0.0047219014,-0.0049699848,rna10k
-0.009889215,-0.006363432,rna10k
-0.0010157706,0.0017345028,rna10k
0.004762182,0.0008292538,rna10k
-0.013385158,0.01891598,rna10k
-0.00074857473,0.0047693364,rna10k
-0.011114904,0.0018259856,rna10k
0.0035380009,0.0021190504,rna10k
-0.00013876609,0.0015507385,rna10k
0.00094407744,-0.0058197496,rna10k
0.008291147,-0.0027347659,rna10k
-0.002338592,-0.00468651,rna10k
-0.0045616557,0.013622746,rna10k
0.0024990072,-0.00029938843,rna10k
0.0057000914,0.0017409695,rna10k
0.05461187,0.0013194334,rna10k
-0.00014386552,0.017585095,rna10k
0.0014740498,-0.0035054144,rna10k
0.0053743306,0.0021370929,rna10k
-0.0037244377,-0.002333835,rna10k
0.034985702,0.0008918841,rna10k
-0.004444729,-0.0066763638,rna10k
-0.00044579257,-0.0062090866,rna10k
-0.0010632252,0.0020395748,rna10k
0.0004021465,-0.021148704,rna10k
-0.005176788,-0.014751533,rna10k
-0.0023528154,0.001769861,rna10k
-0.0037019951,0.021497086,rna10k
0.006624629,0.018075414,rna10k
-0.0016968364,0.0016947585,rna10k
-0.005431854,-0.013519195,rna10k
-0.011594881,-0.0004705221,rna10k
-0.0073186825,0.0017512616,rna10k
0.0028697932,-0.005817179,rna10k
0.0048781005,0.0018884825,rna10k
0.005820939,0.0003450243,rna10k
0.003615799,0.00194693,rna10k
-0.0052046054,-0.015437601,rna10k
0.0033920563,0.00040721378,rna10k
0.001395471,-0.0057863453,rna10k
0.015176244,0.00812017,rna10k
0.005914835,0.019520685,rna10k
-0.0021265408,0.005447944,rna10k
0.00010120553,-0.01925723,rna10k
0.0062005916,-0.0034268247,rna10k
-0.005193118,0.0021781374,rna10k
0.0114106005,-0.003949618,rna10k
0.013004646,0.0019881125,rna10k
-0.0024156957,-0.005965549,rna10k
0.0113840485,0.022225037,rna10k
0.0103064915,-0.0042553833,rna10k
-0.005387379,-0.0040485407,rna10k
-0.0009098455,0.0074506877,rna10k
0.0025661557,0.0026802104,rna10k
-0.0012412159,0.007539402,rna10k
-0.00027175245,-0.0055903266,rna10k
-0.008596364,0.020239083,rna10k
-0.00068685453,-0.006246486,rna10k
-4.3790864e-05,0.01729087,rna10k
-0.0026273304,-0.0037199764,rna10k
-0.0011884749,0.007071977,rna10k
-0.0009229279,-0.005388881,rna10k
-0.0063905343,-0.005365144,rna10k
0.0061498126,0.0012234569,rna10k
0.0024815202,0.0021792129,rna10k
0.0010840507,-0.0058446713,rna10k
0.0031062902,0.0020024306,rna10k
-0.003107346,0.010645409,rna10k
0.0051051467,0.002278093,rna10k
0.002036238,0.0026169806,rna10k
0.014183697,-0.0031335766,rna10k
0.0011727689,-0.0058493917,rna10k
-0.005358594,-0.0047903704,rna10k
-0.005760192,-0.00498126,rna10k
0.005597477,-0.0003200552,rna10k
-0.0025768555,-0.0029226919,rna10k
-0.00076940923,-0.0030027067,rna10k
-0.00967497,0.00046559316,rna10k
0.01441935,-0.005371586,rna10k
-0.00029740128,0.008976468,rna10k
-0.0066897217,0.02036946,rna10k
0.008239628,-0.006141487,rna10k
-0.0117379995,-0.0076103043,rna10k
-0.0047984733,0.0029607052,rna10k
0.003761345,-0.004852365,rna10k
3.6500107e-06,-0.002156042,rna10k
0.0021964053,-0.0028697012,rna10k
0.002060388,0.0046337377,rna10k
-0.005971801,-0.0048659123,rna10k
-0.005835924,-0.009423382,rna10k
0.003338468,0.0032780312,rna10k
-0.008118751,0.0022541136,rna10k
0.0063174134,0.0009925726,rna10k
-0.008749798,0.0013846997,rna10k
0.012240987,-0.003549617,rna10k
-0.0053097475,0.011539176,rna10k
-0.0076414235,0.0019972723,rna10k
0.0030411845,0.0036653825,rna10k
0.0022002528,0.0010746481,rna10k
-0.006099209,0.0021876693,rna10k
0.0008977224,0.0051088496,rna10k
-0.006569583,0.0017839323,rna10k
-0.011145014,0.0034855716,rna10k
-0.00540067,-0.005838889,rna10k
-0.004352147,-0.019908288,rna10k
0.003411335,0.0016127733,rna10k
-0.0054886607,0.0016932349,rna10k
0.010044102,-0.006285916,rna10k
-0.0023040378,0.008585116,rna10k
-0.0029149032,0.0020110398,rna10k
0.0015398732,-0.005530371,rna10k
0.0035545453,0.0009040194,rna10k
-0.0023579847,0.01237401,rna10k
-0.0071342173,0.0014141963,rna10k
0.001007625,0.009086553,rna10k
0.002623188,-0.0030512745,rna10k
0.005095974,0.001371205,rna10k
0.005853303,-0.0001140572,rna10k
0.0044062086,0.020799015,rna10k
0.0011924247,0.006599468,rna10k
-0.003719272,0.0025504073,rna10k
-0.0019767506,-0.002847098,rna10k
0.0014017315,-0.0245923,rna10k
-0.0013744483,-0.021309102,rna10k
-0.0008517634,0.0021854923,rna10k
0.005843026,-0.0019347952,rna10k
-0.0055106105,-0.005089445,rna10k
-0.0013454552,0.007901265,rna10k
0.003199642,-0.005267523,rna10k
-0.0058472045,-0.004790437,rna10k
-0.0038097964,0.010830675,rna10k
0.00030692448,0.014749854,rna10k
0.017891979,0.007961839,rna10k
0.01049941,-0.0033658566,rna10k
0.005149312,-0.0054199933,rna10k
-0.0042615295,-0.004075993,rna10k
-0.0023666783,0.002078019,rna10k
0.0040787277,0.0028865614,rna10k
-0.02307549,0.0009482033,rna10k
-0.0046034376,0.013045343,rna10k
-0.0033389856,0.002073733,rna10k
-0.00645143,0.0015923171,rna10k
0.013092917,-0.0060346103,rna10k
-0.0015488457,0.002317032,rna10k
0.005306157,0.0011261042,rna10k
-0.0024356437,0.009146944,rna10k
0.0036516294,0.0013719382,rna10k
-0.0010670307,-0.0033841473,rna10k
0.0016975398,-0.006676139,rna10k
0.006370601,-0.009254521,rna10k
0.0053311316,0.0039025063,rna10k
0.00020906146,-0.019356478,rna10k
-0.0051080612,0.0021242888,rna10k
-0.005800639,-0.0064276624,rna10k
-0.002376734,0.0033431074,rna10k
-0.0032529375,-0.006371195,rna10k
0.010681041,-0.005252561,rna10k
0.0075016133,-0.003933419,rna10k
-0.0025528371,0.0075017624,rna10k
-0.005570852,-0.0046324236,rna10k
0.005007028,0.0020477644,rna10k
0.00028649982,-0.0021325487,rna10k
-0.00240369,-0.02094905,rna10k
0.004226545,-0.0012480961,rna10k
0.0036281722,0.0027933228,rna10k
0.014093403,-0.0015008628,rna10k
0.008846055,-0.0016369026,rna10k
0.0051368214,-0.0007435356,rna10k
0.014342814,0.0015813595,rna10k
-0.006456582,0.0019370326,rna10k
-0.003991073,0.002354631,rna10k
0.005373796,0.0020897998,rna10k
0.0026412408,-0.022704847,rna10k
0.0031646427,0.005307252,rna10k
0.0004143637,-0.0063818144,rna10k
0.0028969436,-0.026059221,rna10k
-0.0002605167,0.0019488875,rna10k
-0.002981582,-0.0021481395,rna10k
0.00022831291,-0.0031752528,rna10k
-0.0035883426,0.007867074,rna10k
-0.004762484,0.0021375332,rna10k
0.0035369664,0.0011702024,rna10k
0.0046546594,-0.00031195124,rna10k
0.02968835,0.00021284573,rna10k
0.008087841,0.018001508,rna10k
0.0051323324,-0.008705619,rna10k
-0.0017524323,0.008173067,rna10k
-0.00582571,-0.0036443819,rna10k
-0.0016871383,0.0019000333,rna10k
-0.008065316,0.006880146,rna10k
-0.00061432086,-0.0035430004,rna10k
-0.010225295,0.0019193442,rna10k
-0.014891954,-0.004367606,rna10k
-0.0007052385,-0.005621098,rna10k
0.027834639,0.0071549783,rna10k
0.00083394774,-0.0034355507,rna10k
0.0028789288,-0.004297327,rna10k
0.0040949765,0.00058424985,rna10k
0.009952248,0.00074787176,rna10k
0.0024687732,-0.0011239301,rna10k
-0.0030318564,-0.006627059,rna10k
-0.0014028702,-0.005100759,rna10k
-0.034412652,-0.0048368513,rna10k
-0.021529986,0.013322641,rna10k
0.0071713934,0.01883309,rna10k
-0.015379359,-0.0007956197,rna10k
-0.004504238,0.011953871,rna10k
0.0028233465,-0.021069076,rna10k
0.0068385517,-0.002516612,rna10k
-0.008992506,0.0013566308,rna10k
0.007813639,-0.0044987663,rna10k
0.0061572455,0.0006305339,rna10k
0.0005701317,-0.02199678,rna10k
0.004185893,0.0012498705,rna10k
-0.019096602,0.0016482278,rna10k
0.005163558,-0.0065319715,rna10k
0.002764066,0.0040786485,rna10k
-0.019384377,-0.003851765,rna10k
-0.0066933855,0.0015769475,rna10k
0.009189473,0.0087506445,rna10k
-0.018864777,-0.0023753606,rna10k
0.002527188,-0.00077635265,rna10k
0.005836432,-0.0063771578,rna10k
0.0008248546,-0.0037249494,rna10k
-0.0041570202,0.0020912117,rna10k
-0.012590938,0.0032739425,rna10k
-0.0057449797,0.013219858,rna10k
0.0037471298,0.0033266232,rna10k
-0.0046671946,0.0021499821,rna10k
0.0038590294,0.0016744233,rna10k
0.00087309175,-0.0037049837,rna10k
0.0010267852,0.0027956767,rna10k
0.000550085,0.005511531,rna10k
-0.008253323,-0.0060551087,rna10k
0.002271162,0.0018267179,rna10k
-0.005488629,0.011503868,rna10k
-0.0023240137,0.0022386832,rna10k
-0.019035397,-0.012025154,rna10k
0.0049277064,-0.0031377878,rna10k
-0.0044303844,-0.0064662234,rna10k
-0.0008047243,-0.005309777,rna10k
-0.007866419,-0.0064975107,rna10k
-0.0038185443,0.0018180637,rna10k
-0.016604168,0.0051535117,rna10k
-0.0041632513,0.010473902,rna10k
-0.001230895,0.0020123585,rna10k
-0.001336533,0.0071246973,rna10k
0.0037811215,0.002477006,rna10k
0.0041283313,-0.0028707436,rna10k
0.020741785,-0.0030807212,rna10k
0.011802032,-0.0018977479,rna10k
-0.0060477452,-0.01523519,rna10k
0.00522824,0.0018085235,rna10k
0.001977345,-0.023862088,rna10k
0.032868933,0.00013071684,rna10k
-0.002080235,0.008078726,rna10k
-0.00046171108,0.0045389086,rna10k
-0.009706942,0.0194032,rna10k
-0.0023584852,-0.0047643925,rna10k
-0.003233236,-0.006792542,rna10k
0.0044054016,0.002241283,rna10k
0.00258016,-0.0039001242,rna10k
0.0064563574,3.9534086e-07,rna10k
0.0055148285,0.00035768957,rna10k
0.005679011,-0.0010926703,rna10k
0.0034657374,0.002583415,rna10k
-0.007702353,0.021083282,rna10k
-0.0053258003,0.0067603067,rna10k
0.0048340885,-0.0054708696,rna10k
0.0053772447,0.0015627509,rna10k
0.004249354,-0.001301419,rna10k
0.011763855,-0.004852663,rna10k
0.002425976,0.0017755065,rna10k
0.0029688673,0.0012343342,rna10k
0.0012415095,-0.0020648977,rna10k
0.0009262047,-0.00030468364,rna10k
-0.0034675428,0.008021142,rna10k
-0.0016057735,-0.021061722,rna10k
-0.0019415184,-0.00472791,rna10k
-0.003136788,0.0212722,rna10k
-0.011725966,-0.020826515,rna10k
-0.001171831,0.0021597554,rna10k
0.00087238033,0.023090484,rna10k
0.004208662,0.0007583462,rna10k
0.0030710842,0.0011092625,rna10k
-0.002538585,0.007746835,rna10k
-0.0021867715,-0.002177032,rna10k
-0.0041312976,-0.004855116,rna10k
0.0033420676,0.0015870065,rna10k
-0.00025511655,-0.005659855,rna10k
0.0039171996,-0.0059575224,rna10k
-0.003929069,0.0051811174,rna10k
-0.026047112,0.0028900427,rna10k
-0.0010472398,0.021956472,rna10k
-0.009368863,-0.0170851,rna10k
-0.010308714,0.00045876714,rna10k
-0.005384691,0.0020392986,rna10k
0.0052541224,-0.020483984,rna10k
0.0029681935,-0.004536109,rna10k
-0.002647743,0.0018586214,rna10k
-0.0018602171,-0.020522634,rna10k
-0.015966466,-0.00036427446,rna10k
0.0075834133,-0.019698352,rna10k
-0.0033505072,0.01377624,rna10k
-0.0027846016,-0.0029993062,rna10k
-0.020945242,-0.008077393,rna10k
0.0021248283,-0.0014568778,rna10k
-0.00391371,0.011211182,rna10k
0.003677014,0.0022197983,rna10k
0.001545995,0.01784178,rna10k
0.04351691,0.001629871,rna10k
-0.008467676,-0.022187542,rna10k
-0.0029198008,-0.003997945,rna10k
0.011230555,0.020418255,rna10k
-0.00080620183,0.016942136,rna10k
0.0016616023,0.017382821,rna10k
-0.004337884,0.007014124,rna10k
0.0020601072,0.004430751,rna10k
0.0011481232,0.0018041687,rna10k
-0.0065183467,0.015187363,rna10k
0.005748511,0.0034904578,rna10k
-0.0034016648,0.0030307802,rna10k
-0.0050561978,-0.005254685,rna10k
0.0014233388,0.0019759708,rna10k
-0.0048201447,0.011270951,rna10k
-0.0056787427,0.0018398424,rna10k
-0.0013535273,-0.007014765,rna10k
0.0009812033,-0.002060439,rna10k
0.013178296,0.035054807,rna10k
0.00065397593,0.020659275,rna10k
-0.0007981653,0.006435681,rna10k
-9.2434406e-05,0.0026933262,rna10k
0.005175861,0.004678863,rna10k
-0.00758488,0.0017705,rna10k
-0.0013226897,0.0016138476,rna10k
0.014138241,0.0068948963,rna10k
-0.0021919177,0.0057639335,rna10k
0.010746263,-0.0064471914,rna10k
-0.0025691693,0.007950682,rna10k
-0.0013458347,0.002116506,rna10k
-0.024867421,-0.0032894786,rna10k
0.0036126117,0.0017496898,rna10k
0.010798195,-0.005519916,rna10k
-0.0027521376,0.0060958182,rna10k
-0.0012241029,0.008063885,rna10k
-0.0028904786,0.007910398,rna10k
-0.0063433493,0.0021114664,rna10k
-0.0076877903,0.017381212,rna10k
-0.015485583,-0.00045723908,rna10k
0.0065603834,-0.004058791,rna10k
0.001094094,0.0033505443,rna10k
-0.004189695,0.007509051,rna10k
-0.00268975,-0.0034838186,rna10k
-0.002507705,-0.0028637433,rna10k
-0.00406547,0.0017375061,rna10k
-0.0057421075,0.010796011,rna10k
-0.0017080639,0.0073516783,rna10k
-0.001796604,0.007533595,rna10k
-0.0002555846,0.017179566,rna10k
0.007113156,-0.005846222,rna10k
-0.0064137494,-0.02081819,rna10k
-0.0025356628,0.006362462,rna10k
-0.0015353208,0.0019100104,rna10k
0.002846174,0.0017302444,rna10k
-0.006471727,0.021814981,rna10k
-0.0026295846,0.0016325231,rna10k
-0.0033410501,0.0078104543,rna10k
-0.0013194124,0.0019938245,rna10k
0.0015684576,0.021708455,rna10k
-0.00033904926,-0.0062388973,rna10k
0.0059027313,-0.007140314,rna10k
0.0042842724,-0.0005138417,rna10k
-0.0023180225,0.002477716,rna10k
-0.0011677733,0.0020810287,rna10k
-0.004236578,0.013923346,rna10k
-0.021353,0.0029231354,rna10k
-0.0032240436,0.0018736527,rna10k
-0.002372454,0.0021843028,rna10k
-0.0037421733,-0.0038566214,rna10k
0.00013333908,0.018769441,rna10k
0.0011194661,-0.004101791,rna10k
0.003780998,-0.0016966179,rna10k
0.019542191,0.0046083014,rna10k
-0.0021901263,0.014893753,rna10k
-0.022371443,-0.005173894,rna10k
0.0036716666,0.018506847,rna10k
-0.004721387,0.00196341,rna10k
0.0014122115,0.0020993992,rna10k
-0.0026680473,-0.00022973346,rna10k
0.0022174618,0.0021009205,rna10k
-0.013323269,-0.0011696623,rna10k
-0.009431807,0.0017038538,rna10k
-0.0033145982,0.020794483,rna10k
-0.0023013994,-0.006244352,rna10k
0.0027458698,0.018217564,rna10k
0.0040874495,-0.0045104427,rna10k
0.003368362,-0.005687888,rna10k
8.5900894e-05,-0.005538427,rna10k
0.004212905,-0.005374862,rna10k
-0.00080120034,-0.0057896175,rna10k
-0.011003078,-0.0042172777,rna10k
0.002487597,0.001403963,rna10k
0.004107793,-0.0051364503,rna10k
0.0038619107,0.0020597025,rna10k
-0.00035524354,0.0021927566,rna10k
-0.00044680655,-0.023452476,rna10k
0.0022865988,0.002444071,rna10k
0.006940084,-0.020514857,rna10k
0.0063484106,-0.002439991,rna10k
-0.009242609,-0.0065837004,rna10k
0.0004955219,0.0025695765,rna10k
-0.0022157896,-0.005513128,rna10k
-0.00212918,0.02054629,rna10k
-0.017103296,-0.00806171,rna10k
0.00654664,-0.003380444,rna10k
-0.0020550962,0.008261468,rna10k
0.00225624,0.017748494,rna10k
-0.00058975024,-0.005034181,rna10k
-0.000100077305,-0.0043041618,rna10k
-0.0062405937,0.0020550967,rna10k
0.0018106075,-0.0064598056,rna10k
0.004894333,0.0018706542,rna10k
0.0029074305,-0.0052433275,rna10k
0.0013609005,-0.0057919836,rna10k
-0.0034655356,0.012608887,rna10k
0.0034606208,0.0005555441,rna10k
0.008005434,-0.004651072,rna10k
-0.0031250096,-0.0047197733,rna10k
-0.0051203878,0.0017225526,rna10k
-0.009004707,0.0012388013,rna10k
-0.0009959759,0.00023513072,rna10k
0.0051955194,0.001186007,rna10k
0.0034866577,-0.0028117122,rna10k
-0.0215569,-0.0062983437,rna10k
0.0114033865,0.0034705442,rna10k
0.0033449573,-0.0076892143,rna10k
-0.0067630336,0.0018190528,rna10k
0.008005542,-0.004128506,rna10k
0.0009310938,0.0015398992,rna10k
0.0023660637,0.016567536,rna10k
-0.012053775,0.0020965568,rna10k
-0.006245331,0.0014994371,rna10k
0.001853378,-0.0057844734,rna10k
0.0068956907,0.008100301,rna10k
-0.0026125815,0.0074110487,rna10k
-0.0040287664,0.0023191865,rna10k
-0.0043391315,0.006459634,rna10k
-0.015234524,-0.0077579394,rna10k
-0.009012271,0.0013415312,rna10k
-0.0055918167,-0.003635585,rna10k
-9.1469534e-05,0.004314306,rna10k
-0.0070756366,-0.004518971,rna10k
-0.0059700487,0.001617984,rna10k
-0.00647229,0.0021121958,rna10k
0.004281457,0.0061901235,rna10k
0.0027781164,0.017821489,rna10k
-0.0065120347,0.0013557059,rna10k
-0.0053537674,0.0020734475,rna10k
-0.0009465534,-0.005839578,rna10k
-0.0031467536,0.0094689345,rna10k
-0.0038252424,-0.00661073,rna10k
0.0025413493,0.004425108,rna10k
0.013976613,-0.003616611,rna10k
-0.0013413114,-0.0051187905,rna10k
0.0016282958,0.0022741193,rna10k
0.013882259,0.0005862421,rna10k
-0.006612709,-0.014465205,rna10k
0.0044297185,0.0017693947,rna10k
0.0007967372,0.013821756,rna10k
0.0050160363,0.0017103817,rna10k
-0.0039573233,0.011814703,rna10k
-0.0067990506,0.0016658212,rna10k
0.00079722574,0.0020352888,rna10k
-0.0022054128,-0.0033215638,rna10k
0.0100968145,-0.007075463,rna10k
0.0008761986,-0.0037927672,rna10k
-0.0055794497,0.01355617,rna10k
-0.00062877825,0.0052077244,rna10k
0.017488712,-0.0047457544,rna10k
0.02270884,-0.014120686,rna10k
-0.006471424,-0.021190893,rna10k
0.00078220695,0.0017386818,rna10k
0.009251837,0.019392975,rna10k
-0.00019210331,0.003345474,rna10k
-0.0008664535,0.0025752934,rna10k
0.00080342847,0.0020244883,rna10k
-0.0012789712,0.014424567,rna10k
-0.02524109,-0.0026334072,rna10k
-0.0004908184,0.005525757,rna10k
0.007891175,0.002930112,rna10k
0.0060225786,-0.00479201,rna10k
0.006073121,-0.002147664,rna10k
-0.0008081301,-0.0063449806,rna10k
0.0058904337,0.00025604907,rna10k
-0.0040477384,0.0017572136,rna10k
0.00053821644,-0.0036162974,rna10k
-0.001282233,0.0018616482,rna10k
-0.012512137,-0.0036317247,rna10k
-0.013030747,0.0030190744,rna10k
0.005294646,-0.004241011,rna10k
-0.0029617944,0.014493234,rna10k
0.0021510622,0.001433219,rna10k
0.0048811776,-0.024498442,rna10k
0.002237486,0.0029499994,rna10k
-0.00026059672,0.007187532,rna10k
-0.00042771385,0.0059527624,rna10k
0.0006128788,-0.023290915,rna10k
-0.0017520008,0.0023578284,rna10k
-0.0016461271,0.002062084,rna10k
0.004777754,-0.0072360574,rna10k
-0.0021355522,0.0077790827,rna10k
0.0012036887,-0.023394866,rna10k
-0.00614693,0.0019163854,rna10k
-0.007814494,0.00201433,rna10k
-0.023848802,0.0040109027,rna10k
-0.0074480474,0.0017129036,rna10k
-0.0043780524,-0.0053674667,rna10k
-0.0011278916,-0.0059412275,rna10k
-0.0076794736,-0.0049288184,rna10k
-0.0013769398,0.007569765,rna10k
0.00803414,0.0018678289,rna10k
0.005736585,-0.0055067404,rna10k
-0.0019303729,0.0021443502,rna10k
0.0069577703,0.018534455,rna10k
-0.0053152293,0.0020730775,rna10k
0.0060932897,0.018057508,rna10k
0.0023291262,0.0019062281,rna10k
-0.010280056,0.018113432,rna10k
0.004038451,0.0010576838,rna10k
-0.0061566094,0.019477393,rna10k
0.021519301,0.0015736441,rna10k
0.0005404153,0.0066869706,rna10k
0.00447521,-0.0012680428,rna10k
-0.0008179248,0.0072730896,rna10k
-0.006105822,0.020887723,rna10k
-0.007882854,0.0014306773,rna10k
0.009083088,-0.0033138257,rna10k
-0.007810178,0.017435925,rna10k
-0.0017196445,2.5285979e-05,rna10k
-0.008121245,0.0025216793,rna10k
0.0009406617,-0.006251401,rna10k
0.0064347624,-0.0011433917,rna10k
-0.0030690872,-0.0030647507,rna10k
-0.006797185,-0.0034705366,rna10k
-0.0018914681,-0.0046892245,rna10k
0.0017965736,-0.015331744,rna10k
0.0015330348,-0.0059814374,rna10k
-0.0076476713,0.0018041672,rna10k
0.00063176005,0.0023450826,rna10k
-0.004715093,-0.004307891,rna10k
-0.002985921,-0.0025651816,rna10k
0.007987095,-0.0038781583,rna10k
0.0015183799,-0.024870295,rna10k
-0.009004978,-0.0061770924,rna10k
-0.0005005911,-0.005542653,rna10k
-0.009714992,0.017200224,rna10k
0.0077963914,-0.007343692,rna10k
-0.00081752695,-0.005387677,rna10k
-0.0072288313,-0.006002015,rna10k
-0.0024049543,-0.020306915,rna10k
0.0041573313,-0.0058670547,rna10k
-0.010336784,-0.020528555,rna10k
-0.0022942512,0.007849861,rna10k
0.0058467807,-0.0054594073,rna10k
-0.008384637,-0.0010036611,rna10k
0.0048787724,0.017986076,rna10k
-0.0058631566,-0.0055220407,rna10k
-0.00011739901,-0.00061543804,rna10k
-0.006157902,-0.0057953536,rna10k
0.05468085,0.0036085383,rna10k
0.008018102,-0.0020524228,rna10k
0.0028690354,-0.006078733,rna10k
0.001255837,0.0020275293,rna10k
0.0070496793,0.02019008,rna10k
0.0083998125,0.018952593,rna10k
0.0039842916,0.001941111,rna10k
0.0037501047,0.0014319239,rna10k
-0.001480838,0.0150318,rna10k
0.0032236762,0.005690266,rna10k
-0.004374545,0.009179881,rna10k
0.00031750245,0.0062146042,rna10k
0.0015443203,0.0017467791,rna10k
0.0038483993,0.0015763433,rna10k
0.0030769156,0.0013028668,rna10k
0.006618174,-0.0009951333,rna10k
-0.002869953,-0.003443974,rna10k
0.0012081369,-0.0058158264,rna10k
0.0021529845,0.0016617033,rna10k
-0.0133147305,0.017683676,rna10k
-0.0055370843,-0.0134912515,rna10k
-0.0034078164,-0.0042631095,rna10k
-0.0011488524,0.0068976837,rna10k
0.0011168917,0.0026038825,rna10k
0.006063718,-0.0026344217,rna10k
-0.008513179,0.0009540918,rna10k
-0.0017595065,-0.0034952594,rna10k
0.00081872084,-0.02734327,rna10k
-0.0051437914,-0.0019037088,rna10k
0.01345967,0.022409929,rna10k
-0.004654546,0.0019174195,rna10k
0.0036355976,-0.0059763477,rna10k
0.0062364093,-0.0039174804,rna10k
-0.002651012,0.0076735727,rna10k
-0.0020657787,0.006944417,rna10k
-0.005034373,0.010659696,rna10k
-0.030128142,0.0005877902,rna10k
0.028637785,0.0002223579,rna10k
-0.0049544987,0.0021978687,rna10k
-0.00190955,-0.0039472957,rna10k
-0.002173812,0.00786611,rna10k
-0.005267327,0.0016425753,rna10k
-0.0024013869,-0.02115228,rna10k
0.003555395,-0.023408024,rna10k
-0.0063127223,-0.0051445486,rna10k
-0.0076167537,-0.005905322,rna10k
-0.008109806,0.019553669,rna10k
-0.004546832,-0.0064188777,rna10k
-0.00019153027,-0.0061906003,rna10k
0.00028495112,-0.0036019569,rna10k
0.00040274434,0.0019751047,rna10k
-0.0006945411,0.002004052,rna10k
-0.0015342574,0.002369793,rna10k
-0.009250945,0.0046228557,rna10k
-0.011816612,-0.0075442144,rna10k
-0.001703146,-0.020851325,rna10k
0.0048187617,0.018371997,rna10k
-0.008453263,0.0013006441,rna10k
-0.0040769777,-0.006258762,rna10k
-0.0037412895,-0.0036742387,rna10k
-0.0013831458,0.022906242,rna10k
0.017935017,-0.0028094987,rna10k
0.0062913536,-0.0064718523,rna10k
0.0030535883,0.018295547,rna10k
0.002415146,0.0018196631,rna10k
-0.0049675712,0.006106331,rna10k
-0.0005840302,0.016373307,rna10k
0.000655526,0.007349884,rna10k
-0.00043165838,0.008078527,rna10k
-0.0014095373,0.0079109585,rna10k
0.0030455284,-0.0003347741,rna10k
-0.0006196427,-0.0053467946,rna10k
-0.0016760594,-0.020071661,rna10k
-0.007046751,-0.004576865,rna10k
-0.0029757496,-0.0026612605,rna10k
-0.0022307136,0.0071076103,rna10k
0.0027289079,0.0019076666,rna10k
0.007358228,-0.0055387258,rna10k
-0.0029582991,0.008053007,rna10k
0.0013118495,0.0056533385,rna10k
-1.6325156e-06,-0.002277027,rna10k
-0.0041735005,0.0018767627,rna10k
-0.004536214,0.010727156,rna10k
0.0022920165,-0.0072416523,rna10k
-0.0012963152,-0.006388848,rna10k
-0.007394684,0.0013521089,rna10k
0.003508075,0.002144838,rna10k
0.0006669953,0.0059822234,rna10k
0.001312671,-0.0027827157,rna10k
0.00058115175,0.0028125301,rna10k
-0.003959102,0.02201067,rna10k
-0.010003574,0.004657567,rna10k
0.005587162,-0.0005958639,rna10k
0.005204427,-0.022151187,rna10k
-0.00010283142,-0.00242026,rna10k
-0.00083370967,0.0026669104,rna10k
0.0033902128,-0.001165243,rna10k
-0.005779088,0.0020523446,rna10k
0.042282414,0.0003548512,rna10k
0.0035754042,0.01870921,rna10k
0.016858304,-0.014896611,rna10k
0.005660881,-0.006257194,rna10k
0.003670433,0.0022186055,rna10k
0.009299611,-0.0071378136,rna10k
-0.001109056,-0.020254776,rna10k
0.0032399914,-0.0041614934,rna10k
-0.004747267,0.008435502,rna10k
-0.00013083764,0.005968424,rna10k
0.0056557674,0.0017411013,rna10k
-0.004090599,0.021333423,rna10k
0.010218163,0.019501125,rna10k
0.048746873,-0.00025763715,rna10k
-0.0016755115,0.0074139433,rna10k
0.0043188925,-9.103074e-05,rna10k
-0.009945383,0.0018179313,rna10k
0.004193269,-0.0023035773,rna10k
0.0016109643,-0.0027424232,rna10k
-0.0069383397,-0.0066415863,rna10k
0.0036911012,0.0012123606,rna10k
0.0028429166,0.0026558512,rna10k
-0.00041461905,-0.0057647545,rna10k
-0.009689555,0.018150272,rna10k
-0.00087584305,-0.005810422,rna10k
-0.006164446,0.0025833298,rna10k
-0.007886751,0.019020127,rna10k
-0.0043295636,-0.005959449,rna10k
0.00010814303,0.0018836579,rna10k
0.018627318,0.0029866647,rna10k
0.00013287895,0.0021474937,rna10k
0.0048823035,0.0012402644,rna10k
0.01074164,-0.006347446,rna10k
-0.0010663333,-0.0061018006,rna10k
0.0012251866,-0.0034450425,rna10k
-0.0045522493,0.0074756895,rna10k
0.0006926308,0.0024986526,rna10k
-0.0014187389,-0.004209781,rna10k
-0.0005165607,0.008699236,rna10k
0.0047519454,-0.0021676063,rna10k
0.012633253,-0.0036231733,rna10k
0.00017873637,0.0017669597,rna10k
-0.0036454871,0.0015081393,rna10k
-0.03508034,-0.00017880679,rna10k
0.00032799918,0.0060203136,rna10k
-0.0116738565,-0.0023442884,rna10k
-0.0008092976,-0.019193167,rna10k
-0.004112891,-0.006564881,rna10k
0.015219948,0.006646434,rna10k
0.012525568,-0.0058882083,rna10k
0.0007471078,-0.024204822,rna10k
-0.0040363553,-0.0045558396,rna10k
-0.003784549,0.0019443267,rna10k
0.0046836664,0.001751575,rna10k
0.022538478,-0.015810933,rna10k
0.0022482327,0.018490696,rna10k
0.0008954541,-0.020783309,rna10k
0.0008160958,0.004762262,rna10k
0.0007899305,0.0019726004,rna10k
-0.0066273194,-0.005829285,rna10k
0.00935177,-0.005101095,rna10k
-0.0013455357,0.00613747,rna10k
-0.0018712498,0.0074930578,rna10k
-0.002448702,0.01573674,rna10k
0.0037977044,-0.0018007245,rna10k
-0.00028605293,0.016462957,rna10k
-0.0076732105,0.0015284749,rna10k
0.009448195,-0.0021280083,rna10k
-0.0040275324,-0.0020909114,rna10k
0.0018844568,-0.006086762,rna10k
-0.0018658438,0.0019897674,rna10k
-0.0034572387,0.007513123,rna10k
-0.02287182,-0.0015524187,rna10k
-0.0058128987,0.0021761435,rna10k
0.0033009965,0.0021498767,rna10k
-0.0030467238,0.010210336,rna10k
0.005329717,-9.1755144e-05,rna10k
0.028105412,-0.0003856767,rna10k
-0.0036065727,0.0020165918,rna10k
-0.0017138327,0.016703414,rna10k
0.0045835343,0.0019100505,rna10k
0.000889011,0.002266096,rna10k
-0.0014058654,0.0058310614,rna10k
0.0019276304,-0.0056911055,rna10k
-0.00058489176,-0.00570648,rna10k
-0.0013082589,-0.003337816,rna10k
-0.0020143942,0.0024403709,rna10k
0.015546127,0.017272409,rna10k
0.013906315,-0.0031310942,rna10k
0.0015618451,-0.022482472,rna10k
-0.004729232,-0.0026062473,rna10k
-0.050540783,0.00013141305,rna10k
-0.0013480689,0.008084414,rna10k
-0.005114023,-0.00520169,rna10k
0.0041099396,0.019420773,rna10k
0.004475589,-0.021728031,rna10k
-0.00239513,0.0020445045,rna10k
-0.00048706637,-0.020965649,rna10k
-0.010570652,0.0010667336,rna10k
-0.008804448,0.0017813832,rna10k
-0.0003968609,-0.001589887,rna10k
-0.0007064765,0.0047522914,rna10k
0.00082804717,-0.004220296,rna10k
0.0038556166,-0.002771342,rna10k
0.0005558972,-0.006364775,rna10k
-0.006031269,0.0011489226,rna10k
-0.0061296225,-0.005281216,rna10k
0.0035834392,0.002117135,rna10k
0.003345955,0.0176652,rna10k
0.005113386,0.017812718,rna10k
-0.0046734074,-0.0033200579,rna10k
0.0023087994,0.008027465,rna10k
-0.00078494154,-0.00025441113,rna10k
-0.0073776846,0.0016769564,rna10k
0.00071054423,0.022709653,rna10k
0.0018081435,-0.006268001,rna10k
-0.0014250567,0.007189066,rna10k
-0.03539117,0.0013882378,rna10k
-0.0067062224,-0.00058835547,rna10k
0.0037507839,0.0020631822,rna10k
0.002877756,-0.005093069,rna10k
-0.007248431,0.0029695218,rna10k
-0.0063473363,0.013216718,rna10k
-0.0050907056,-0.005602004,rna10k
0.0031133764,0.0020518939,rna10k
-0.004103844,0.0017603558,rna10k
-0.0010083612,0.007037679,rna10k
-0.0002230912,-0.024689112,rna10k
0.008843892,-0.0026010845,rna10k
0.0049473345,-0.0049710637,rna10k
-0.00088210555,-0.0028526434,rna10k
-0.0040868428,0.0057629766,rna10k
-0.004533058,0.0077794204,rna10k
-0.0020821088,0.007562357,rna10k
0.000700243,0.0052337074,rna10k
-0.0012665066,-0.0053885966,rna10k
-0.00611542,0.0221245,rna10k
-0.0016406786,-0.019900924,rna10k
0.003919288,-0.005655394,rna10k
0.019245751,-0.023177452,rna10k
0.004468775,0.0019271441,rna10k
-0.009645836,0.0012051031,rna10k
0.010745037,0.004786582,rna10k
-0.00031850013,0.0038776193,rna10k
0.0073508564,0.0020515032,rna10k
-0.003126514,0.020390848,rna10k
-0.00645224,0.01111455,rna10k
0.004740352,0.0028074915,rna10k
-0.00087546284,-0.021152565,rna10k
-0.0039697723,0.008224175,rna10k
-0.0052276836,-0.006858873,rna10k
-0.021483595,-0.007962272,rna10k
0.0020387694,0.0021417956,rna10k
-0.0068376577,-0.0060470444,rna10k
-0.0027964984,-0.006395722,rna10k
0.001221407,-0.005703675,rna10k
0.0002296443,0.0024123671,rna10k
0.02118152,0.0047842846,rna10k
-0.022170492,-0.0031053047,rna10k
-0.0024792568,-0.02227518,rna10k
0.0079719545,0.019898115,rna10k
0.003932577,-0.0057436554,rna10k
0.00028591423,0.0019285,rna10k
-0.005291608,-0.006450352,rna10k
0.0031260336,0.0016930468,rna10k
0.006814926,-0.0034981368,rna10k
0.055287234,0.005744217,rna10k
-0.0024985701,-0.003824448,rna10k
-0.0018813984,0.0019001815,rna10k
0.023073247,0.008459739,rna10k
-0.0061695245,-0.0060119103,rna10k
-0.01220139,0.018306086,rna10k
-0.0023616755,0.0007618282,rna10k
0.0041088215,-0.0056842337,rna10k
0.006847891,0.0139323985,rna10k
0.006354808,-0.0034968413,rna10k
-0.009962906,0.0016538767,rna10k
0.00375884,0.0021727753,rna10k
-0.0022316324,-0.0016987835,rna10k
-0.0043350547,0.0022687693,rna10k
-0.030835534,0.0013676359,rna10k
-0.0294721,-0.0032543258,rna10k
-0.0015489785,-0.004728191,rna10k
0.0007151197,-0.020540757,rna10k
0.0021242944,0.0018034473,rna10k
0.005576477,0.0008132411,rna10k
-0.0059260577,0.0018770829,rna10k
-0.002374115,-0.023628332,rna10k
0.0051206453,0.0010340721,rna10k
-0.011117892,-0.0012274126,rna10k
-0.0065690596,0.021972133,rna10k
-0.010162224,-0.020354358,rna10k
-0.012298922,-0.0024593773,rna10k
-0.010340216,0.01862931,rna10k
-0.006058251,0.0019371667,rna10k
-0.00026537036,0.0042870245,rna10k
0.0030529646,0.0021968374,rna10k
0.0011280748,-0.006102688,rna10k
-0.006731596,0.021257928,rna10k
-0.0024767108,0.0062346635,rna10k
-0.005753354,-0.005692562,rna10k
-0.0043763956,0.01318152,rna10k
-0.012227351,0.0021285422,rna10k
-0.0019217173,0.0021190052,rna10k
0.002246568,-0.020294435,rna10k
-0.0029392163,0.0022537427,rna10k
-0.017240366,-0.00012541554,rna10k
0.0011330291,0.018189149,rna10k
-0.008281871,0.022145983,rna10k
-0.00042877128,0.0033001709,rna10k
-0.003708654,-0.004294479,rna10k
-0.0011076587,-0.0049065594,rna10k
-0.005739646,0.017478008,rna10k
0.0026255648,-0.0025740128,rna10k
-0.0022925923,-0.021930644,rna10k
0.024450507,0.003136439,rna10k
-0.0007402061,-0.0022519387,rna10k
-0.0039911056,0.006382154,rna10k
0.029136805,0.0026739552,rna10k
-0.018926917,-0.0094594145,rna10k
0.0012016589,0.0021351078,rna10k
-0.0028901922,0.0020254336,rna10k
0.009584296,-0.0063962545,rna10k
-0.0037644443,-0.006511238,rna10k
-0.0046076938,-0.005820571,rna10k
0.006716068,-0.0056948746,rna10k
-0.00422212,0.001197922,rna10k
-0.0034871537,0.0019939689,rna10k
-0.0014997377,-0.0055904617,rna10k
0.004994348,-0.006023988,rna10k
-0.024013037,-0.0037339474,rna10k
0.006052614,-0.0004533964,rna10k
-0.0042179306,-0.01179853,rna10k
-0.0017669441,0.003084749,rna10k
-0.006249301,-0.005595918,rna10k
0.010543944,0.022853944,rna10k
0.00018027524,0.0035642136,rna10k
0.0015411035,-0.0054640686,rna10k
0.0028176114,0.017821584,rna10k
-0.0013148282,0.007733837,rna10k
-0.00039954775,0.0018777694,rna10k
-0.005331981,-0.020258255,rna10k
-0.015882293,-0.011633776,rna10k
0.004569613,0.0023872044,rna10k
-0.009872582,0.0010697108,rna10k
0.00097566686,0.006246532,rna10k
0.037699442,0.0033557063,rna10k
0.03017479,0.0016743088,rna10k
-0.00064995966,0.0020283205,rna10k
0.020093495,-0.023095649,rna10k
-0.0015364977,-0.021646904,rna10k
-0.007686883,0.0016991738,rna10k
-0.0043697567,0.0020223062,rna10k
0.0007895808,-0.005794225,rna10k
0.0027937065,-0.022729253,rna10k
0.010062721,-0.0045356127,rna10k
-0.00312958,0.008018834,rna10k
-0.0101881055,0.0014059029,rna10k
0.0074358694,-0.0016562928,rna10k
0.004246595,0.019067785,rna10k
0.0028248604,0.0011789427,rna10k
0.00029526916,0.0021141556,rna10k
0.00028556614,-0.0047868593,rna10k
-0.002642576,-0.0026277325,rna10k
0.00837207,-0.0026706674,rna10k
0.0005756458,-0.006297931,rna10k
-0.0028899126,0.0020748544,rna10k
-0.007363976,0.0014054377,rna10k
0.0032177323,-0.000116592564,rna10k
-0.0021191372,-0.0059637674,rna10k
0.0075128484,-0.0029095844,rna10k
0.004515161,-0.0050005424,rna10k
0.0010514292,0.020837221,rna10k
-0.03999647,0.0014474964,rna10k
-0.003769518,0.008833841,rna10k
-0.0023908613,0.022306094,rna10k
-0.0032674044,0.007050164,rna10k
-0.00344173,0.009848714,rna10k
0.0013861314,0.001900349,rna10k
0.0009234195,0.0033114671,rna10k
0.0063380986,-0.0023298173,rna10k
0.0029218153,-0.0020291386,rna10k
-0.005004025,-0.005458761,rna10k
0.0005209985,0.0018944736,rna10k
0.009655873,-0.0016202916,rna10k
-0.00016312794,0.002293804,rna10k
0.0027650832,-0.003173517,rna10k
0.001410497,0.005833001,rna10k
0.0008453672,0.0027728276,rna10k
0.0071219546,-0.00071028306,rna10k
0.008744625,-0.0052411146,rna10k
-0.0063204975,0.001864776,rna10k
-0.0011709305,-0.0051741987,rna10k
-0.0059743556,-0.0050476873,rna10k
0.013767204,0.019320522,rna10k
-0.0014977643,-0.0051605795,rna10k
-0.006578318,0.002206132,rna10k
0.013967648,-0.0032610507,rna10k
-0.0056362646,0.0014567864,rna10k
0.003960056,-0.0037272389,rna10k
0.0017090528,0.0020651186,rna10k
0.00080822397,-0.005995357,rna10k
-0.006760916,0.0017693287,rna10k
-0.0026493114,0.0068666944,rna10k
-0.0012465899,-0.006446706,rna10k
0.0030628918,-0.0058129225,rna10k
-0.0018613237,0.0022059989,rna10k
-0.01030486,-0.014911177,rna10k
-0.00012851274,0.015187609,rna10k
-0.0025615022,0.0077801156,rna10k
0.01363986,2.7697693e-05,rna10k
0.0057924883,0.019338861,rna10k
0.0015290688,0.0019118311,rna10k
0.0057323165,-0.003065872,rna10k
0.011980058,-0.0027096642,rna10k
-0.01008483,0.0017062381,rna10k
0.006024538,-0.005891353,rna10k
0.00013991703,-0.005923751,rna10k
0.025926655,0.005389417,rna10k
0.0025716317,-0.003707693,rna10k
-0.009295294,-0.022491407,rna10k
0.0001311995,0.0017454393,rna10k
0.0003839278,0.005888864,rna10k
-0.006934319,0.010896359,rna10k
-0.0038077051,0.0073791915,rna10k
0.0039512105,-0.0057527353,rna10k
0.003069112,0.00014624736,rna10k
-0.0009331477,0.005570251,rna10k
-0.0012467672,-0.0042378725,rna10k
0.001806742,0.0022558884,rna10k
-0.00061886833,0.0069993986,rna10k
-0.0064418106,-0.004575301,rna10k
-0.004698407,0.009802544,rna10k
0.00014411051,0.006486396,rna10k
0.0027477376,0.0022924072,rna10k
-0.00052793353,0.005039849,rna10k
0.0017635269,-0.002847799,rna10k
-0.0019579951,0.0023180577,rna10k
0.0006428707,0.0019128375,rna10k
0.0028548252,-0.0028530348,rna10k
0.005642205,4.147417e-05,rna10k
0.022336472,0.00510778,rna10k
-0.005656637,-0.0040511144,rna10k
-0.00037046956,0.0036874702,rna10k
0.011367836,-0.0073807593,rna10k
-0.0024050681,0.0002143665,rna10k
-0.010607566,0.0014258383,rna10k
0.0015481106,0.005476666,rna10k
-0.020796945,0.0029367513,rna10k
0.009081949,-0.0023815988,rna10k
-0.0037927264,-0.023082897,rna10k
-0.00075788057,-0.006104585,rna10k
-0.0011968758,-0.0065117683,rna10k
-0.0018222253,0.0021659762,rna10k
-0.0045734006,-0.0058341273,rna10k
-0.0029751586,0.001999453,rna10k
-0.0048969933,-0.004280775,rna10k
0.0057725147,0.0008775151,rna10k
0.00011496949,0.0019551746,rna10k
-0.0018596423,-0.0026205564,rna10k
0.004116388,-0.004224228,rna10k
-0.004251291,-0.0044436194,rna10k
-0.0027626397,-0.001117041,rna10k
-0.0010937395,-0.0153858615,rna10k
-0.0011849719,-0.0058502904,rna10k
0.00934266,-0.005177748,rna10k
-0.004302663,-0.00479887,rna10k
-0.005908224,-0.0033755868,rna10k
0.003551275,-0.018977541,rna10k
0.008725927,0.019253215,rna10k
0.0058695315,-0.01981226,rna10k
0.0017435476,0.005174437,rna10k
0.0047086193,0.0018006555,rna10k
0.0074139195,0.008686851,rna10k
0.0181034,0.00471919,rna10k
-0.0029699851,0.0020329289,rna10k
0.007714739,-0.005159908,rna10k
-0.0062684817,-0.0061155926,rna10k
0.00021765642,0.00278896,rna10k
-0.00015647753,-0.0030331113,rna10k
0.0027742975,-0.003853351,rna10k
-0.012355105,0.0015006004,rna10k
-0.0019830838,0.0020553775,rna10k
0.001655439,0.0062564895,rna10k
-0.0022772301,0.0025534406,rna10k
0.001790196,-0.0035746084,rna10k
0.0051194644,0.0014243724,rna10k
0.001242849,-0.00093424245,rna10k
0.0043645143,-0.0031641978,rna10k
0.0022182616,-0.0018073856,rna10k
-0.017191637,0.008160807,rna10k
-0.006365038,-0.0037454537,rna10k
-0.013704112,-0.0027699312,rna10k
0.008744062,-0.0040902025,rna10k
0.011326948,-0.005235885,rna10k
-0.0014940912,0.007509282,rna10k
0.007652563,-0.005607358,rna10k
-0.00061675714,-0.015002485,rna10k
0.0019287481,0.0013642907,rna10k
-0.0013720368,-0.02196551,rna10k
0.0004711385,-0.0029663595,rna10k
-0.00056299043,-0.005573113,rna10k
0.00071800046,0.0023120854,rna10k
-0.0041326513,0.0024233705,rna10k
0.0010598653,-0.0046321047,rna10k
-0.0062601003,0.0019046932,rna10k
0.0012321621,0.0008892173,rna10k
0.0014713558,0.0019787562,rna10k
0.003403859,-0.0046664146,rna10k
-0.0035635212,0.0024004811,rna10k
0.0002924844,0.018513529,rna10k
-0.005100229,0.0019989503,rna10k
-3.866053e-05,0.0023125727,rna10k
-0.0067172498,0.0013682472,rna10k
0.0027259528,-0.0052157007,rna10k
0.007984612,-0.0017535771,rna10k
-0.0070525804,-0.0052538267,rna10k
-0.0020933119,0.0074387044,rna10k
-0.0077102017,-0.0055688503,rna10k
0.001360085,0.0013506362,rna10k
0.00022079021,-0.023235349,rna10k
0.0018529234,0.0055878893,rna10k
-0.001424788,0.007447403,rna10k
0.016919324,0.0008698048,rna10k
-0.0017896588,0.00018988429,rna10k
-0.00034988855,-0.019962896,rna10k
9.184913e-05,0.0019664448,rna10k
-0.017661117,0.002544718,rna10k
0.0029714138,0.001197803,rna10k
0.0067960415,0.019213613,rna10k
-0.0076016197,0.0015956268,rna10k
-0.008674402,0.0016433765,rna10k
0.007847874,-0.0005263576,rna10k
-0.0007617601,0.0019379943,rna10k
0.003846105,0.0012628146,rna10k
0.000112926704,0.017327068,rna10k
-0.0027308105,0.007783136,rna10k
-0.001412541,-0.005508761,rna10k
0.006533433,-0.0023307381,rna10k
0.0003713573,0.0052184276,rna10k
0.00014787857,-0.021166043,rna10k
0.0019326048,0.0054544294,rna10k
-0.0022775263,0.008213381,rna10k
-0.0029922996,-0.004298759,rna10k
-0.046296295,-7.826233e-05,rna10k
0.0057232757,0.00108203,rna10k
-0.00017329196,-0.005989068,rna10k
-0.020302653,-0.0033465205,rna10k
-0.002690188,-0.004168605,rna10k
0.0016061515,-0.022716388,rna10k
-0.004552792,-0.0044594402,rna10k
-0.0040251743,-0.003092349,rna10k
-0.0035247738,0.015217086,rna10k
0.004305786,0.0024899296,rna10k
-0.006617551,-0.0038563274,rna10k
0.00054567214,-0.0034862778,rna10k
-0.0015160978,0.007969948,rna10k
0.005163099,0.018834837,rna10k
0.00091071887,-0.021534806,rna10k
-0.004783061,0.0020367887,rna10k
0.005738458,0.0017704483,rna10k
-0.0029959206,-0.00615147,rna10k
-0.014007938,-0.005983455,rna10k
-0.0068372968,0.0022908393,rna10k
0.003587512,0.008772817,rna10k
-0.0032201165,0.0017077461,rna10k
-0.002284024,0.0077958284,rna10k
-0.0039259153,0.009568253,rna10k
-0.011769889,-0.021555405,rna10k
0.00096409454,-0.0040046293,rna10k
0.0069485423,-0.006815829,rna10k
-0.002663106,-0.0054055867,rna10k
0.0026122828,-0.006115813,rna10k
-0.004065742,0.017850082,rna10k
0.0053548696,-0.0011345086,rna10k
-0.004817834,-0.0040285457,rna10k
0.0008152055,0.016492115,rna10k
0.00051730865,0.015765605,rna10k
-0.004485339,0.001846025,rna10k
-0.0065484927,0.0013896947,rna10k
0.0030307146,-0.0238577,rna10k
0.006585518,-0.000549937,rna10k
-6.20539e-05,-0.026746852,rna10k
-0.009444712,-0.013314536,rna10k
-0.004065714,0.0042133215,rna10k
0.0010685595,0.0021993532,rna10k
-0.010376866,-0.014630373,rna10k
-0.013545758,-0.0026228689,rna10k
-0.0060170717,-0.0051878975,rna10k
0.0028223689,0.0015132987,rna10k
0.003263157,0.002273803,rna10k
-0.0058421465,0.0017047483,rna10k
0.005541315,-0.0049305144,rna10k
-0.0052271546,-0.0063418103,rna10k
0.030042237,-0.0017558695,rna10k
0.0040857224,0.0022745002,rna10k
0.013393478,0.0041547264,rna10k
0.005819414,-0.0007812304,rna10k
-0.008382378,-0.021038303,rna10k
0.0040521845,0.017648604,rna10k
0.004934188,0.0013659452,rna10k
-0.0019372134,0.014919636,rna10k
-0.000680056,0.005359885,rna10k
0.004979185,0.0009536299,rna10k
0.0034786824,0.0023213313,rna10k
-0.001954885,0.008242503,rna10k
-0.014132682,0.01795033,rna10k
0.000649572,-0.011146092,rna10k
-0.0044098194,0.0024966444,rna10k
0.0044468776,-0.0059075844,rna10k
-0.0023871385,-0.0022721726,rna10k
-0.00043433948,-0.00027666407,rna10k
-0.001465692,0.0072069936,rna10k
0.0029736932,0.0018721244,rna10k
-0.000141895,0.0019674865,rna10k
-0.004008154,-0.006142811,rna10k
-0.0022770632,-0.005920963,rna10k
-0.0034508773,-0.004352091,rna10k
0.01996562,-0.015142509,rna10k
0.0038824258,0.017788062,rna10k
-0.008830227,0.0014873113,rna10k
-0.009815488,9.184793e-05,rna10k
-0.009721259,0.0033830744,rna10k
-0.001767847,0.007316777,rna10k
0.0018295815,0.0009347809,rna10k
-0.0024235926,-0.00389034,rna10k
0.004257279,-0.021753453,rna10k
-0.000604775,0.01765708,rna10k
-0.0099806525,-0.005107608,rna10k
-0.010184076,-0.0035026253,rna10k
0.055109456,0.0038298194,rna10k
-0.016110081,-0.0032585978,rna10k
0.002383651,0.0035129325,rna10k
-0.008922716,0.0015326719,rna10k
-0.011789511,0.005897879,rna10k
0.017122816,-0.002696127,rna10k
0.007225714,-0.0004721577,rna10k
2.0220127e-06,0.0062159905,rna10k
-0.0035187113,-0.0038565677,rna10k
-0.010593085,0.0010914851,rna10k
0.0011523622,-0.0059600924,rna10k
0.0036410505,0.001560729,rna10k
-0.0064597637,-0.024303539,rna10k
-0.0038114374,-0.0038601817,rna10k
0.00069915724,0.022262495,rna10k
0.0040840236,-0.0034018755,rna10k
0.0005883405,-0.0018162379,rna10k
-0.0016614845,-0.020937668,rna10k
0.005971616,0.018662393,rna10k
-0.0042761713,0.010098188,rna10k
-0.00712564,-0.004998105,rna10k
-0.013976164,0.011628652,rna10k
0.0009443364,0.0054175477,rna10k
0.007167085,-0.005203035,rna10k
0.005590592,0.0013778311,rna10k
-2.9281238e-05,0.0065627485,rna10k
0.0054519842,-0.0022776208,rna10k
-0.00029211616,-0.002732766,rna10k
-0.0002915924,-0.0053067915,rna10k
-0.011845773,-0.02018651,rna10k
-0.006216382,0.016735492,rna10k
0.005655363,0.0019908175,rna10k
0.005219057,-0.0067593814,rna10k
-0.0031135788,0.0073162634,rna10k
-0.0019143078,-0.0053177252,rna10k
0.0023035896,0.003682734,rna10k
-0.0023649703,0.0020338073,rna10k
-0.004385566,0.0019529166,rna10k
-0.007605908,0.00246796,rna10k
0.007135214,0.0022781102,rna10k
0.002126473,-0.0035892897,rna10k
0.01783161,-0.005220786,rna10k
0.005633406,-0.005793441,rna10k
-0.0020090507,0.006952754,rna10k
0.0038108297,-0.0016067422,rna10k
0.0052696518,0.0019406109,rna10k
-0.0053625363,-0.004794384,rna10k
-0.0010874392,0.0020784647,rna10k
0.062052798,0.0057996195,rna10k
-0.004648054,0.010359644,rna10k
-0.00034298675,0.020679718,rna10k
0.005032031,0.00051666546,rna10k
-0.007445639,-0.018499088,rna10k
-0.005954273,-0.0060225297,rna10k
0.0011067814,-0.0064624157,rna10k
0.009523312,-0.0077597946,rna10k
0.008186783,-0.00493154,rna10k
0.0057023684,-0.019689016,rna10k
-0.0020404065,-0.0010456537,rna10k
-0.0026007113,0.016086,rna10k
0.0007896033,0.002785879,rna10k
0.00042799322,-0.020706479,rna10k
-0.0015077309,-0.0053873966,rna10k
-0.008000679,0.0015752749,rna10k
-0.014930986,0.01826586,rna10k
0.00014617304,-0.0047181714,rna10k
0.0007211317,-0.02370843,rna10k
-0.0067101447,0.021060465,rna10k
-0.020805921,-0.0029550504,rna10k
0.005218818,0.0019369664,rna10k
0.0068690376,-0.004212267,rna10k
-0.0076816687,0.0015410422,rna10k
0.0009331653,0.017442508,rna10k
-0.004447922,-0.0041620373,rna10k
-0.00044905522,-0.0023871486,rna10k
0.0042457124,-0.005513878,rna10k
-0.00400397,0.0020992637,rna10k
-0.010493285,0.0012608501,rna10k
0.0009389116,0.0018451394,rna10k
0.0044068126,0.018809283,rna10k
0.014785929,-0.006464874,rna10k
0.0005386115,-0.021073416,rna10k
0.0054321014,-0.0056099673,rna10k
-0.0033910093,-0.0066553922,rna10k
0.002660143,-0.022995226,rna10k
0.0015176783,0.0013113733,rna10k
-0.0013204637,-0.0060722907,rna10k
0.004182278,0.0025574309,rna10k
-0.0026555315,-0.006367925,rna10k
-0.008188379,-0.014559871,rna10k
0.0046969973,-0.0012505633,rna10k
-0.018470395,0.0013129668,rna10k
0.0005789193,-0.0067768684,rna10k
0.001456965,0.0023749075,rna10k
0.000819796,0.004905476,rna10k
0.0032583291,-0.002131277,rna10k
-0.0031004795,0.009087466,rna10k
-0.00089635066,-0.020618495,rna10k
5.4884185e-05,-0.0055392315,rna10k
-0.0021377872,0.021760695,rna10k
-0.0032607578,0.016645933,rna10k
-0.006716069,-0.011181183,rna10k
-0.0017492014,0.021538986,rna10k
-0.0044998038,0.012606411,rna10k
0.0006488233,-0.021763574,rna10k
0.0034103347,0.0012179604,rna10k
0.008306305,-0.0053178156,rna10k
-0.0074633393,-0.0043911505,rna10k
-0.0037146495,-0.0036152166,rna10k
-0.0023835895,0.008032251,rna10k
0.00053019484,0.0063424823,rna10k
-0.003122986,0.0018937025,rna10k
-1.202462e-06,0.0020726847,rna10k
0.009487019,-0.0036057525,rna10k
0.0007635001,-0.0037711607,rna10k
-0.008410116,-0.0056389356,rna10k
0.0038299316,-0.0040862192,rna10k
-0.0018186092,0.0073802546,rna10k
-0.009517966,0.0015693208,rna10k
0.00045199992,0.0015797156,rna10k
0.0022742853,-0.0011176373,rna10k
-0.0007522609,0.0021000565,rna10k
0.0069296192,-0.0054433607,rna10k
0.004583533,0.0020676947,rna10k
-0.010789979,-0.0039475155,rna10k
-0.002484641,0.0016210963,rna10k
-0.0036455696,0.0069243726,rna10k
-0.0024144251,3.2217333e-05,rna10k
-0.0015234462,0.0106224045,rna10k
-0.0092167,-0.00074183795,rna10k
-0.0009008157,0.007345118,rna10k
0.011695607,0.008587465,rna10k
-0.0019758167,0.0035952167,rna10k
-0.00391979,-0.0042122086,rna10k
-0.00086729653,-0.003106885,rna10k
0.005017694,-0.003969742,rna10k
0.004726015,0.0016642399,rna10k
0.0011942404,0.004386358,rna10k
0.0035303643,0.0039806906,rna10k
0.00050946494,-0.014086354,rna10k
-0.0039409874,0.0022966657,rna10k
0.005222336,0.0029109856,rna10k
-0.0027662618,0.002522398,rna10k
0.0071915663,-0.0062738527,rna10k
0.0046370244,-0.00076215074,rna10k
-0.009858553,0.0009207556,rna10k
0.0024903317,0.01993669,rna10k
-0.0052678566,-0.0011489632,rna10k
0.010852992,0.01906429,rna10k
-0.0051801917,0.020999834,rna10k
-0.004898408,0.0017805655,rna10k
-0.00039727715,0.007006217,rna10k
-0.0032324211,0.006349461,rna10k
0.0015349293,0.02024464,rna10k
-0.0011061117,-0.00571085,rna10k
-0.0029763903,0.008489168,rna10k
-0.0017661458,0.0070572738,rna10k
0.004592776,-0.0058283173,rna10k
0.0020131771,0.00454176,rna10k
-0.005085639,-0.0066492804,rna10k
-0.0017993149,0.01462676,rna10k
-0.0066828756,-0.02152378,rna10k
-0.0014791338,0.007740815,rna10k
-0.00032346754,0.0020011896,rna10k
0.00025472752,0.0018441873,rna10k
-0.0021600518,0.0050706784,rna10k
0.0008425442,-0.019533094,rna10k
-0.016447043,-0.016038653,rna10k
-0.00049681135,0.019223703,rna10k
-0.009068552,0.001632464,rna10k
-0.004393913,0.018775037,rna10k
0.0047190455,0.001701799,rna10k
-0.00026699528,0.006143073,rna10k
0.015032808,-0.003463465,rna10k
-0.008316253,0.0017836918,rna10k
0.0029525994,-0.003122497,rna10k
0.0004912386,0.005440171,rna10k
0.010526532,-0.0060709254,rna10k
0.0072374637,-0.005351547,rna10k
0.0023902305,0.0042400416,rna10k
0.005749509,-0.0005800185,rna10k
0.0010560892,0.0028775926,rna10k
-0.019499373,-0.00080878765,rna10k
-0.005985182,-0.0042742207,rna10k
-0.0036548567,-0.005845009,rna10k
-0.010795017,0.001634411,rna10k
-0.01192617,-0.004253497,rna10k
0.002640703,-0.005858626,rna10k
-0.010486724,0.0015498435,rna10k
-0.006427548,0.00076170365,rna10k
0.004266444,-0.01890908,rna10k
0.0058634477,0.0014085928,rna10k
-0.007888057,-0.0046129837,rna10k
0.005098659,-0.00041102633,rna10k
-0.0025104682,0.0024156794,rna10k
-0.0014993303,-0.0019120125,rna10k
-0.0059714844,0.0018199112,rna10k
-0.0033613897,0.012337496,rna10k
-0.006976211,-0.005338965,rna10k
-0.002197317,0.008278098,rna10k
0.020732371,-0.022338023,rna10k
-0.0006809564,0.0020780766,rna10k
0.0015048997,0.021973174,rna10k
-0.00806784,-0.021302268,rna10k
-0.002394394,-0.026148755,rna10k
-0.0029607601,0.0020437662,rna10k
-0.015859116,0.0028377871,rna10k
-0.003751977,-0.0004510117,rna10k
0.003176075,0.0019008036,rna10k
-0.0026427754,-0.005705399,rna10k
-0.0011108913,0.006756515,rna10k
0.018916741,-0.004852306,rna10k
0.015088926,0.0033340133,rna10k
0.01083665,-0.019744076,rna10k
-0.0076978966,0.0011604101,rna10k
-0.003650355,-0.0055943476,rna10k
-0.0031906597,0.0018811931,rna10k
0.0068561076,-0.0004391469,rna10k
0.0013606132,0.021098102,rna10k
-0.021645358,-0.0032074233,rna10k
-0.0020525532,0.0068055345,rna10k
0.003646988,-0.005685254,rna10k
0.0010797905,0.0023703862,rna10k
0.0028819647,0.0017610219,rna10k
0.00029653148,0.0058982116,rna10k
-0.003547174,0.0021197654,rna10k
-0.007939852,0.0015976598,rna10k
0.0019226264,0.002250038,rna10k
0.008781264,-0.0026386906,rna10k
-0.0087448,-0.0007200247,rna10k
0.0053960066,-0.015877986,rna10k
0.005121694,0.0010134086,rna10k
-0.022058813,-0.002969704,rna10k
0.0024602413,6.520672e-05,rna10k
-0.0085674655,-0.007024645,rna10k
-0.00046847074,0.016050968,rna10k
-0.006594415,-0.005463107,rna10k
0.0038146514,0.00056061306,rna10k
-5.354206e-05,0.01862563,rna10k
0.0071005668,-0.0008843522,rna10k
0.01020315,-0.0028171916,rna10k
-0.008099467,-0.0098741045,rna10k
0.0027978246,-0.005791688,rna10k
-0.0017064478,0.0033411244,rna10k
-0.0057608094,0.0013856536,rna10k
-0.008884447,-0.0065050414,rna10k
0.0036144126,-0.022939965,rna10k
0.0017480713,0.0021270984,rna10k
8.308845e-05,0.0021291918,rna10k
0.0026178686,0.0018375544,rna10k
-0.00089939917,0.0064090616,rna10k
0.0070796316,-0.005641345,rna10k
-0.018106814,0.0018454266,rna10k
0.007958745,-0.0011591767,rna10k
0.0016861925,0.0026639488,rna10k
0.001520305,0.0022414387,rna10k
-6.63244e-05,0.00041573422,rna10k
0.017317701,-0.003960866,rna10k
0.00058894226,-0.00635829,rna10k
-0.0025912726,0.0026870582,rna10k
-0.0012646365,-0.020663355,rna10k
0.0012914699,-0.0021357231,rna10k
-0.005017277,-0.004276895,rna10k
0.005308059,-0.0053088535,rna10k
0.0044622472,0.0009306461,rna10k
-0.0046804748,0.0073319287,rna10k
0.0011636456,0.0042208694,rna10k
-0.0019492855,0.0014783181,rna10k
-0.0020560415,-0.0037354692,rna10k
0.0130166765,0.008353618,rna10k
0.0010758898,-0.0015899423,rna10k
-0.0042823367,0.0024706253,rna10k
-0.030545823,0.0013736145,rna10k
0.0028863384,0.00095043174,rna10k
-0.003304521,-0.0060689175,rna10k
-0.0023512025,0.008099777,rna10k
0.0029742017,-0.0059615765,rna10k
-0.000763942,0.0019398647,rna10k
0.009287057,0.006388411,rna10k
0.00012897146,0.014637327,rna10k
-0.0012718197,0.005434624,rna10k
0.0042962553,-0.0014829522,rna10k
-0.001023671,-0.0023159324,rna10k
-0.010179698,0.0014382157,rna10k
-0.00028133937,-0.006358034,rna10k
-0.006903504,0.0015542944,rna10k
0.0017770195,0.0018805485,rna10k
-0.021903059,-0.0036002924,rna10k
0.0058726193,0.0015694302,rna10k
-0.009527042,0.0015140901,rna10k
0.008144802,-0.0045054844,rna10k
-0.004685075,0.002046504,rna10k
0.014485143,-0.0026245788,rna10k
0.0045120437,-0.02265578,rna10k
-0.00458277,0.002291214,rna10k
-0.0028677362,0.0019305504,rna10k
0.015953217,0.007646468,rna10k
-0.004191392,0.001931872,rna10k
0.00428899,0.0016455759,rna10k
-0.0012761499,0.0017597044,rna10k
-0.009344789,0.002325898,rna10k
-0.0016641287,-0.0051017962,rna10k
0.0025477079,0.003931745,rna10k
-0.0021887901,0.0019896645,rna10k
-0.0070482916,0.0036229405,rna10k
-0.0058710533,0.00218118,rna10k
-0.0005927771,-0.024416212,rna10k
0.00018079058,0.0021773733,rna10k
0.03288111,0.019017272,rna10k
-0.006453177,0.00198728,rna10k
-0.0027614713,-0.021288007,rna10k
-0.0016488017,-0.0061127953,rna10k
0.016560774,0.0044116424,rna10k
0.0010459197,-0.00481866,rna10k
-0.0022007758,-0.0050041317,rna10k
-0.0049173264,-0.0060827695,rna10k
0.0047114007,0.0017219695,rna10k
-0.00078855944,0.0068187686,rna10k
0.0012791514,-0.0036462925,rna10k
0.0017611819,0.0014912896,rna10k
0.0018529173,0.0025679301,rna10k
0.0048817005,0.0021571086,rna10k
0.0058078393,-0.00033720306,rna10k
-0.005112818,0.0017668817,rna10k
0.00012191246,-0.0033438706,rna10k
0.02914611,-0.000641659,rna10k
-0.0007796614,-0.0060573537,rna10k
0.0019865958,-0.022052798,rna10k
-0.0023496444,-0.004512795,rna10k
0.009818939,0.0038062898,rna10k
0.008148928,0.019353503,rna10k
-0.008651616,0.0016435821,rna10k
0.0010407635,0.0024154892,rna10k
-0.00082279457,0.015974542,rna10k
-0.018103618,0.0043485668,rna10k
-0.0009531247,-0.021052942,rna10k
0.018120505,-0.015515808,rna10k
0.002795369,-0.0039887936,rna10k
-0.003029401,0.01753918,rna10k
0.0022112874,0.0013192934,rna10k
-0.005168751,0.001805677,rna10k
-0.0017804258,0.0150432745,rna10k
-0.00037396743,-0.00557397,rna10k
-2.9632569e-05,-0.0049415827,rna10k
-0.0013021732,-0.00020042244,rna10k
0.003807075,-0.021102987,rna10k
0.0014110636,0.0051579652,rna10k
0.0004848014,-0.004610062,rna10k
-0.01127577,0.0013492623,rna10k
-0.0015664094,0.007572787,rna10k
0.0005874883,0.0022437342,rna10k
-0.0013556901,-0.0062106033,rna10k
0.0008005625,-0.005376989,rna10k
-0.0029975607,0.0018903876,rna10k
0.0054924404,0.0018549564,rna10k
0.0022664182,-0.0036306914,rna10k
-0.0039187376,-0.005645857,rna10k
0.0027870582,0.0011871791,rna10k
0.0035192166,0.0026289227,rna10k
-0.031043658,0.0013670715,rna10k
-0.00055414723,0.0061146244,rna10k
0.018663414,-0.024018016,rna10k
-0.025655465,0.00094659894,rna10k
-0.004308677,-0.0067157974,rna10k
0.02008419,-0.029671218,rna10k
-0.0036334235,-0.0055766557,rna10k
0.006561663,0.0007456758,rna10k
0.0031186154,0.005111809,rna10k
-0.004066313,0.008055082,rna10k
-0.0040507964,-0.005812162,rna10k
-0.0006815712,0.001953159,rna10k
-0.002225963,-0.003087345,rna10k
0.0048972224,0.0010599899,rna10k
-0.0013953778,0.0058058966,rna10k
0.003912266,0.021956673,rna10k
0.00028138678,0.0023738185,rna10k
0.0052777696,0.0015873424,rna10k
0.00014715992,0.0042254413,rna10k
-0.0052030077,-0.006044693,rna10k
-0.012382695,-0.014653872,rna10k
-0.0047668177,-0.006633151,rna10k
-0.004806592,0.022717584,rna10k
-9.285622e-05,0.0019880717,rna10k
0.023868997,-0.00087332685,rna10k
0.0056096837,0.018452669,rna10k
-0.0070326356,-0.005072386,rna10k
-0.0031921917,-0.0010214585,rna10k
0.0068403753,-0.00433264,rna10k
-0.005578116,-0.005042475,rna10k
-0.0036754878,-0.012977581,rna10k
-0.00013157865,0.00016649392,rna10k
-0.029024564,0.0048192013,rna10k
0.0016022181,-0.001166301,rna10k
-0.004250149,-0.0056224708,rna10k
-0.006398014,-0.0037823392,rna10k
-0.0044510537,-0.020156065,rna10k
0.00403677,0.0017326619,rna10k
0.00346505,-0.0059006256,rna10k
-0.0050402367,-0.019776013,rna10k
-0.003681006,0.0019191722,rna10k
0.0042519295,-0.019427342,rna10k
0.0018516394,-0.00320576,rna10k
0.005908917,-0.0045561236,rna10k
-0.0015790086,0.0150309205,rna10k
-0.009295775,0.020298352,rna10k
-0.0027018476,0.002633554,rna10k
-0.006026555,0.0018561401,rna10k
0.0035737883,0.019966945,rna10k
0.005326953,0.0020929347,rna10k
0.004876474,-0.011539679,rna10k
-0.0076384638,0.0017879216,rna10k
0.008591668,-0.0038804063,rna10k
-0.00293335,-0.005069247,rna10k
-0.0047845193,0.020633828,rna10k
-0.0006830768,-0.0018671547,rna10k
-0.010638263,0.00065458746,rna10k
0.0026180388,0.019938508,rna10k
-0.007945974,0.0018077958,rna10k
0.0015918367,-0.021321952,rna10k
-0.0023132714,-0.021881644,rna10k
-0.003616662,-0.0027283113,rna10k
-0.007240704,-0.0055750096,rna10k
0.0018181048,0.0031122472,rna10k
-0.0068724314,-0.0025952545,rna10k
-0.0033501012,0.018014424,rna10k
-0.0025149696,0.0054138564,rna10k
-0.017920736,-0.0025081043,rna10k
0.006166321,-0.00023333966,rna10k
-0.0011751762,0.007499677,rna10k
0.0024935955,0.0024641133,rna10k
-0.0019600866,-0.0021003922,rna10k
0.010034367,0.019366972,rna10k
0.050767556,0.002723104,rna10k
-0.008907277,0.0017078326,rna10k
0.004133155,-0.0035245216,rna10k
0.005308128,-0.0048368587,rna10k
-0.022798872,-0.009648552,rna10k
-0.0029512723,0.002963816,rna10k
0.0046327673,0.0021142773,rna10k
0.00071204576,0.0013468568,rna10k
-0.0043433993,0.011927231,rna10k
-0.002864058,0.007885613,rna10k
0.006255577,0.01936232,rna10k
-0.0023323311,0.0024406456,rna10k
-0.004244791,-0.0054735183,rna10k
-0.011066255,0.0016442195,rna10k
0.0026637916,-0.00087009434,rna10k
-0.0013981385,0.0024253482,rna10k
-0.0030726006,0.01231993,rna10k
-0.0048062657,-0.0064606043,rna10k
-0.004171587,0.0021814983,rna10k
0.00482925,-0.0067028715,rna10k
0.004177256,-0.0032165274,rna10k
0.00040239363,0.0019394,rna10k
0.0073627746,-0.00010645261,rna10k
0.0046127057,-0.002134878,rna10k
0.0064885174,-0.0059253224,rna10k
-0.0012985355,-0.022052744,rna10k
-0.008105608,-0.0058939685,rna10k
0.017406587,-0.0044008037,rna10k
0.0070955157,-0.0028390423,rna10k
-0.0077764555,0.0016760428,rna10k
-3.790913e-05,-0.005512536,rna10k
-0.0046504023,0.0013976713,rna10k
-0.010874436,-0.006661094,rna10k
-0.008391281,0.0016467668,rna10k
-0.0057772226,-0.0025650335,rna10k
-0.012880163,-0.020563764,rna10k
-0.0050606583,0.0016986951,rna10k
-0.006013671,0.0019981796,rna10k
-0.00095040456,0.0018181108,rna10k
0.0058237496,0.000729812,rna10k
-0.001287395,-0.02035201,rna10k
0.0038249807,-0.0047583943,rna10k
0.0063865553,0.00065826735,rna10k
-0.00029542478,0.0016569186,rna10k
0.0021366072,0.0018519462,rna10k
-0.026153907,0.00061372755,rna10k
-0.0054031815,-0.011409228,rna10k
0.0044996585,-0.0019419069,rna10k
0.0031139879,-0.0025789428,rna10k
0.011896413,0.006570368,rna10k
0.006779596,-0.00014647045,rna10k
-0.00027970877,-0.00043842336,rna10k
-0.00078809645,-0.030836284,rna10k
0.013994747,0.008043419,rna10k
-0.0031358479,-0.004566546,rna10k
-0.00021386656,-0.020685546,rna10k
0.005735846,0.002040038,rna10k
0.010291324,-0.01541918,rna10k
-0.0010974698,-0.0039438354,rna10k
0.0020366514,-0.027213573,rna10k
0.0029898852,0.0016127093,rna10k
-0.0010167419,0.0073899874,rna10k
-0.01624875,-0.0072271856,rna10k
0.001848496,-0.005130327,rna10k
0.005832447,-0.018182632,rna10k
0.019843921,-0.0024533097,rna10k
0.024372777,-0.0003397674,rna10k
0.009884385,-0.0054963795,rna10k
0.018068634,-0.0061384495,rna10k
-0.0012524703,0.0021222348,rna10k
0.0032808303,0.0013942987,rna10k
0.0106559815,-0.01720541,rna10k
0.0056092623,0.018342426,rna10k
0.003538083,0.001789336,rna10k
0.0053234333,-0.0029666102,rna10k
-0.0039788685,0.009694534,rna10k
-0.0018028733,-0.018255338,rna10k
0.005128167,0.0018976057,rna10k
0.0047421604,-0.0053528845,rna10k
0.0058699343,-0.0033289136,rna10k
0.009983409,-0.0033811098,rna10k
0.00017615434,-0.0025573703,rna10k
-0.0058503854,0.0019118817,rna10k
-0.003587066,0.0010697732,rna10k
-0.0013770579,-0.0041486607,rna10k
0.004517864,-0.0039452775,rna10k
-0.011005525,0.0011405274,rna10k
0.005048849,-0.0057222657,rna10k
0.005121089,0.0015350627,rna10k
0.00010941138,0.0020994623,rna10k
0.0054802154,-0.0034158307,rna10k
-0.010635411,0.019342054,rna10k
-0.004616008,0.0128621645,rna10k
-0.00900864,-0.015147973,rna10k
-0.0015760788,-0.0051521114,rna10k
-0.0024247174,0.008187519,rna10k
0.015762232,-0.0071823625,rna10k
0.015875077,-0.0032187563,rna10k
-0.003040699,0.005453984,rna10k
0.005743987,-0.005717219,rna10k
0.0059242602,-0.0015682231,rna10k
0.00075474335,-0.004785948,rna10k
-0.005061586,-0.015198478,rna10k
0.0014092049,-9.290991e-05,rna10k
-0.043408133,-0.0058983965,rna10k
-0.0022729742,-0.0052449615,rna10k
-0.008766963,0.0016864646,rna10k
0.0038463587,-0.005766784,rna10k
0.0034166472,0.0020217185,rna10k
0.0048901597,0.0026943686,rna10k
0.0011399704,0.001477137,rna10k
-0.001834557,-0.027000885,rna10k
-0.009257994,0.0013928242,rna10k
0.00090438663,0.0021503363,rna10k
-0.008977557,0.0014566767,rna10k
0.0027582364,0.0018680859,rna10k
-0.007361947,0.0017030033,rna10k
-0.0005796166,0.0049272124,rna10k
-0.0022099616,0.0018890041,rna10k
0.0017112608,0.01872789,rna10k
1.915643e-05,0.018552974,rna10k
0.0046945456,0.018460419,rna10k
0.004628697,0.0014706552,rna10k
-0.003947275,0.0018471705,rna10k
-0.00868071,0.006716888,rna10k
-0.016397461,-0.004901556,rna10k
-0.0069565647,-0.005284478,rna10k
0.0063059023,-0.0020067738,rna10k
-0.008250895,0.0017081827,rna10k
0.009279936,-0.005629817,rna10k
0.004596553,-0.0051271687,rna10k
-0.0011798323,0.0045714537,rna10k
0.0013878052,0.0012330418,rna10k
0.00088017003,-0.023522248,rna10k
0.00041284415,0.0028582255,rna10k
0.0018185328,-0.021456145,rna10k
0.05510815,0.0052678436,rna10k
-0.0051680934,-0.006425465,rna10k
0.0005355941,0.001995334,rna10k
0.00026696874,0.0017950633,rna10k
-0.013577749,-0.006250556,rna10k
-0.01908475,0.0016032585,rna10k
-0.001469831,0.002041793,rna10k
0.0018197017,-0.0015829938,rna10k
0.0016307204,0.017361715,rna10k
-0.0077682184,0.0016329521,rna10k
0.0028246127,0.00077338604,rna10k
0.0024290604,0.022039875,rna10k
0.00093635835,-0.0024491397,rna10k
-0.004143576,-0.0061316215,rna10k
-0.0016337287,-0.02124531,rna10k
0.014550704,-0.004909158,rna10k
-0.0052887597,0.0024699573,rna10k
0.0011519688,0.0193663,rna10k
0.00621302,-0.0015923765,rna10k
0.0015821082,0.01734794,rna10k
0.0009784686,0.0019391779,rna10k
-0.017899353,-0.0035284113,rna10k
0.00200222,0.0056903674,rna10k
-0.020590456,0.0014141347,rna10k
-0.004592076,0.0021012852,rna10k
-0.0040760697,-0.00067303004,rna10k
-0.0059464956,0.0018542358,rna10k
-0.0013737153,0.007128452,rna10k
-0.001917033,0.0070489645,rna10k
-0.0008666577,-0.006223019,rna10k
0.0145934895,-0.0051190886,rna10k
-0.002083244,0.0022022289,rna10k
0.0023468682,0.0031063454,rna10k
-0.0037128713,-0.0063152662,rna10k
-0.0018543054,-0.0067046545,rna10k
-0.027615469,0.0010992014,rna10k
-0.009589332,0.0016706339,rna10k
0.0016014765,0.0019891397,rna10k
0.03868392,0.00014514347,rna10k
-0.008254791,0.00025921816,rna10k
-0.00833081,0.0016690051,rna10k
0.0058411304,0.001663541,rna10k
0.0012638269,0.0030146458,rna10k
0.007397955,0.01974838,rna10k
-0.0049089314,-0.006023353,rna10k
-0.005520312,-0.002074095,rna10k
0.0015404014,-0.02307656,rna10k
0.020972122,-0.023695547,rna10k
0.0029959222,-0.005774121,rna10k
-0.00048000106,-0.0022768055,rna10k
0.0015185972,-0.020112438,rna10k
-0.0013011036,0.019641593,rna10k
0.005594207,0.018560609,rna10k
-0.002404588,0.009286995,rna10k
0.001186002,0.0020458547,rna10k
-0.003127162,-0.0030800342,rna10k
-0.0036155959,-0.0020937151,rna10k
0.004856973,0.0020953475,rna10k
-0.009000257,0.0016334978,rna10k
-0.001690031,-0.006126781,rna10k
0.007797709,-0.0057266825,rna10k
-0.008663481,0.00083979935,rna10k
0.0059322175,0.016921045,rna10k
-0.011382968,0.0010860404,rna10k
0.021301273,0.004962347,rna10k
0.00372017,0.00131276,rna10k
-0.0014215613,0.007803715,rna10k
0.0008225471,0.004031431,rna10k
0.0024362826,0.0021616747,rna10k
0.009086133,-0.0053066127,rna10k
-0.0071964264,0.0022395505,rna10k
0.007803536,0.008297195,rna10k
-0.0038241877,0.014557732,rna10k
0.0033621415,0.0021580143,rna10k
0.0017019953,0.002354679,rna10k
0.0035846515,0.0022081195,rna10k
-0.0064479727,0.0019026482,rna10k
0.007509101,-0.005441275,rna10k
-0.0101866,-0.023028404,rna10k
-0.0014749584,0.015006424,rna10k
-0.00784744,0.0044143363,rna10k
-0.009674177,0.0022833643,rna10k
-0.002207672,0.001989409,rna10k
0.022196783,0.0004093092,rna10k
0.0010172997,-0.0052785575,rna10k
0.0042629316,-0.0021088535,rna10k
-0.0037695759,-0.001055508,rna10k
-0.0011145424,0.009654823,rna10k
-0.0035659254,-0.0025918877,rna10k
0.0066924,-0.006604696,rna10k
-0.010690829,-0.0005618225,rna10k
-0.0060516405,-0.005111618,rna10k
-0.010402669,0.019259471,rna10k
0.00048390264,0.0058816206,rna10k
-0.006397092,0.022681173,rna10k
-0.012833328,0.009866887,rna10k
-0.007563869,-0.010691457,rna10k
-0.0045647817,-0.0045562345,rna10k
-0.00080369494,0.0021839796,rna10k
0.0003750447,0.0020073524,rna10k
0.001243737,-0.0060852715,rna10k
7.5090466e-05,0.0025443363,rna10k
-0.0036023187,0.00046564158,rna10k
-1.8210305e-05,-0.0035592993,rna10k
-0.003724679,-0.004324953,rna10k
-0.007109982,0.0048778136,rna10k
0.0058872355,-0.00091627846,rna10k
0.00016301365,0.0061650868,rna10k
0.018733859,0.008284798,rna10k
-0.0016729812,0.008869705,rna10k
-0.006110888,-0.0041176057,rna10k
-0.009080919,0.0014334788,rna10k
0.0046496615,0.0012385587,rna10k
0.0047498927,0.00021385108,rna10k
0.005016756,0.002410629,rna10k
-0.0032186378,0.014471039,rna10k
0.006257303,-0.0039759586,rna10k
0.00072743517,0.0022579702,rna10k
-0.0030363218,0.0023878426,rna10k
-0.0068057314,0.0015918199,rna10k
-0.038292345,0.001479705,rna10k
-0.014389316,-0.004825915,rna10k
-0.0023958045,-0.005295911,rna10k
0.0013552216,0.019362042,rna10k
0.006276034,0.00025691526,rna10k
0.00513378,-0.006366527,rna10k
-0.025278822,0.002574204,rna10k
0.017348453,0.005307976,rna10k
0.003416528,0.00186387,rna10k
0.0058835056,0.00034537943,rna10k
0.0072347536,-0.018715797,rna10k
-0.001705277,0.0050631766,rna10k
-0.0022283224,0.008165694,rna10k
-0.0074153803,0.00043465142,rna10k
-0.0033462723,-0.024287956,rna10k
0.0041873464,-0.006265955,rna10k
0.006082737,-0.0017661131,rna10k
-0.0015319138,-0.0005550959,rna10k
0.0031344735,0.0022742448,rna10k
-0.00041392492,-0.020547245,rna10k
-0.0005016062,-0.003137996,rna10k
0.0022840442,0.001992305,rna10k
-0.011336484,0.021771254,rna10k
-0.0010603138,-0.003993888,rna10k
-0.0064661857,-0.004586158,rna10k
-0.025561722,0.0029920863,rna10k
0.041355744,0.014043953,rna10k
0.0063861515,0.00023491507,rna10k
0.000982218,0.0049830186,rna10k
-0.0016565452,0.0020075582,rna10k
-0.011403821,0.0015982167,rna10k
-0.020873588,-0.0015858588,rna10k
0.0037147196,4.2425985e-05,rna10k
-0.011560562,-0.0025241917,rna10k
0.011564031,-0.002697884,rna10k
0.0070316102,-0.005543811,rna10k
0.0006317271,0.001975196,rna10k
-0.0043484583,-0.009270261,rna10k
-0.0055194185,0.0016909606,rna10k
-0.0009999496,-0.0275291,rna10k
-0.014714202,0.0013582058,rna10k
-0.0032775116,0.020994874,rna10k
-0.0029109714,0.002241157,rna10k
0.025534945,0.007949219,rna10k
0.013738644,0.00080360076,rna10k
-0.022757025,0.0014237269,rna10k
0.005863743,0.0008901241,rna10k
-0.0025458587,0.02600819,rna10k
-0.0062681613,-0.0049615456,rna10k
0.0016118765,-0.002131555,rna10k
0.0058742776,0.01907923,rna10k
0.0013574413,0.0023669214,rna10k
0.0037037854,0.0012969808,rna10k
-0.008347001,-0.0057646153,rna10k
-0.002115881,0.007683572,rna10k
0.027189475,-0.023091838,rna10k
-0.0005475506,-0.0025882472,rna10k
0.0039413804,0.0015681181,rna10k
-0.0005234513,0.0014555706,rna10k
-0.023639426,0.015526377,rna10k
0.0031656716,0.0026304151,rna10k
-0.0068775443,0.0008093561,rna10k
0.0050226282,0.00057380367,rna10k
-0.0018274224,0.0025215382,rna10k
0.0059396937,-0.02031103,rna10k
-0.0018425318,0.008202536,rna10k
0.0029562167,-0.002889642,rna10k
-0.0056857686,-0.006376107,rna10k
-0.005782718,-0.0047127893,rna10k
0.0043232664,0.0005578628,rna10k
-0.001834156,-0.0007324328,rna10k
0.00015368825,0.0020270096,rna10k
-0.0036471926,-0.0060524135,rna10k
-0.004070808,-0.00478986,rna10k
0.01026155,-0.0055975583,rna10k
-0.004855465,0.0016968461,rna10k
-0.0032602558,0.007792112,rna10k
-0.0031897393,0.0060838847,rna10k
-0.0074225143,-0.011541286,rna10k
0.0008532097,-0.005607363,rna10k
0.019657118,-0.0053442167,rna10k
0.0038194275,-0.004436229,rna10k
-0.00010065455,0.0030364175,rna10k
0.011436828,-0.0007083389,rna10k
-0.0033161552,-0.0026678364,rna10k
-0.003180698,0.0016748692,rna10k
-0.009118376,0.0024206773,rna10k
0.0035170044,0.0012349908,rna10k
0.0036441204,0.0028018733,rna10k
-0.0057417704,-0.00608526,rna10k
-0.0027604913,0.010758222,rna10k
-0.0012106223,-0.0042369342,rna10k
-0.0031369806,0.0027706688,rna10k
-0.0072000846,-0.0052488493,rna10k
0.0037711733,0.018446526,rna10k
0.0050731986,0.002399996,rna10k
0.021535426,0.021059085,rna10k
-0.0040728487,-0.0043698843,rna10k
0.0042596967,0.0018172368,rna10k
0.006853172,-0.0029368931,rna10k
0.03975877,0.0008404084,rna10k
-0.009340643,0.0018027151,rna10k
0.017258888,-0.0042749713,rna10k
0.0011733528,-0.00499622,rna10k
0.0066432725,0.015895283,rna10k
-0.008159987,-0.005751496,rna10k
0.004281538,0.0014165135,rna10k
0.0049883598,-0.005668114,rna10k
0.004002164,0.0022659888,rna10k
-0.0095351,0.0018303567,rna10k
0.00016206199,0.0021883529,rna10k
-0.00039991268,-0.021282258,rna10k
0.006383719,-0.001721072,rna10k
-0.004622491,0.01945389,rna10k
0.037077654,0.0017488694,rna10k
0.008260075,-0.0027556217,rna10k
-0.00863304,-0.00258601,rna10k
-0.0036016079,-0.004474684,rna10k
0.004549631,0.00036813246,rna10k
-0.0026429961,0.007765997,rna10k
0.004331628,-9.092894e-05,rna10k
-0.005843835,-0.0045655486,rna10k
0.0059161615,4.74075e-05,rna10k
0.006739966,-0.0061850315,rna10k
-0.008780755,-0.024936685,rna10k
-0.00067459606,-0.0040243436,rna10k
0.0021843556,-0.005871521,rna10k
0.0020410358,-0.0027145208,rna10k
0.007383518,-0.0006941126,rna10k
-0.0046535167,-0.0060063084,rna10k
0.0043048034,0.0022255718,rna10k
-0.009743471,0.007761908,rna10k
-0.002135373,-0.006527809,rna10k
0.0017539101,-0.005316519,rna10k
-0.0030649612,-0.0065854285,rna10k
0.0028825859,0.018500926,rna10k
0.0021869547,-0.0053756316,rna10k
0.012489614,-0.005150158,rna10k
-0.0031885414,0.0022614833,rna10k
0.0103806425,0.0017196111,rna10k
0.0033110061,-0.00093627215,rna10k
-0.013347608,-0.009319368,rna10k
-0.003370159,0.0024994584,rna10k
-0.003015763,0.002161058,rna10k
-0.0029657288,0.020167703,rna10k
-0.0012151705,-0.0062844255,rna10k
0.004259658,0.0016401552,rna10k
0.0036487915,0.0017350247,rna10k
-0.0030959907,0.021961957,rna10k
5.3996064e-07,-0.003176893,rna10k
0.007374904,-0.002469118,rna10k
-0.00876223,-0.014647509,rna10k
-0.0026660103,0.0019339854,rna10k
-0.016657302,-0.0026513506,rna10k
-0.0043984232,0.014172226,rna10k
0.002018639,0.0024737192,rna10k
-0.006252372,0.019529259,rna10k
-0.00014496433,0.0061858357,rna10k
-0.0015440955,0.0063967,rna10k
-0.005606044,-0.014566911,rna10k
-0.00064639316,0.0019083825,rna10k
-0.004807746,0.0018161868,rna10k
0.0037272049,-0.00233281,rna10k
-0.001957816,0.0015612643,rna10k
0.005844064,-0.005039907,rna10k
-0.008146139,0.0016285671,rna10k
0.018611534,-0.0042288867,rna10k
0.0059191384,-0.00233405,rna10k
-0.0045788996,0.015214481,rna10k
0.0006497858,-0.00097173016,rna10k
-0.0058588274,-0.005106196,rna10k
-0.009516662,-0.004362174,rna10k
-0.004523787,0.0021183274,rna10k
-0.005590228,0.0020046867,rna10k
0.0053903502,-0.019328704,rna10k
0.0028870688,0.0022273283,rna10k
-0.011668281,0.003477937,rna10k
0.0008588444,0.0019337975,rna10k
0.011891945,0.00453168,rna10k
-0.0012151296,-0.0050215903,rna10k
0.013390074,-0.0054824166,rna10k
-0.024190972,0.0036062228,rna10k
-0.010243599,-0.014837649,rna10k
-0.0018018092,-0.003755671,rna10k
0.0048983824,-0.02001457,rna10k
-0.0008976431,0.006320429,rna10k
-0.0055675483,0.020476969,rna10k
-0.008659255,0.007870965,rna10k
0.029219404,0.0044289776,rna10k
0.004839201,-0.0037368983,rna10k
-0.0021288504,0.007782967,rna10k
-0.009459095,0.019254196,rna10k
-0.0005722827,-0.0013470605,rna10k
0.0021572795,-0.021793878,rna10k
0.0034440828,-0.003666556,rna10k
-0.0027127976,0.015337104,rna10k
0.0055179466,0.0018212048,rna10k
0.003724911,0.018139062,rna10k
-0.0049901237,0.012998828,rna10k
-0.005321483,0.0023252515,rna10k
-0.02984699,-0.00029938266,rna10k
0.004696671,-0.0037040787,rna10k
-0.014884765,-0.0029130667,rna10k
0.0007761589,0.0023070916,rna10k
0.005230531,-0.0035900837,rna10k
-0.015429562,-0.0049164915,rna10k
0.009334947,-0.009182744,rna10k
0.0038726297,-0.0021339094,rna10k
-0.0007021267,0.0034247842,rna10k
-0.002363748,0.0017770911,rna10k
-0.0023629598,-0.00066645636,rna10k
0.000114401315,-0.0008305815,rna10k
0.00802537,-0.005410811,rna10k
0.007336805,-0.0055397633,rna10k
-0.0030160893,-0.006760404,rna10k
-0.0013449413,0.0025241806,rna10k
0.0004895076,-0.00613336,rna10k
0.0070423232,-0.0020972681,rna10k
0.004448819,0.0013607225,rna10k
0.004047456,-0.0018836439,rna10k
-0.00072182884,-0.00038943315,rna10k
-0.067003004,-0.004380906,rna10k
-0.005223665,0.003695054,rna10k
-0.009455669,-0.019975707,rna10k
0.0063862978,0.00013210716,rna10k
0.0019000933,0.0024424633,rna10k
-0.004392928,-0.0063471836,rna10k
-0.006560656,-0.0057033636,rna10k
-0.00570073,0.0021143358,rna10k
-0.0051697223,0.0017509854,rna10k
0.005982664,-0.0020716114,rna10k
0.027390571,-0.00042160772,rna10k
-0.0021350605,-0.0023423585,rna10k
-0.0040269867,0.0024953063,rna10k
0.0027871635,0.004403039,rna10k
0.004506545,-0.0033425707,rna10k
-0.005887346,0.0059633087,rna10k
0.00018886974,-0.0052318024,rna10k
0.0022471282,0.0020141094,rna10k
-0.0026999735,0.02059845,rna10k
-0.00037144072,-0.0046773944,rna10k
0.00017688023,0.004837054,rna10k
-0.022345955,0.011444416,rna10k
0.003936797,0.0017463276,rna10k
-0.008701775,0.0020565726,rna10k
0.0013024445,0.0005456728,rna10k
-0.026215587,0.00035289125,rna10k
-0.006672949,-0.002399691,rna10k
-0.00072200893,0.0013317866,rna10k
0.0034526573,-0.0050550993,rna10k
0.008847467,0.020309016,rna10k
0.0010552752,0.002276204,rna10k
0.0060680564,0.0005533599,rna10k
-0.033348013,3.5640966e-05,rna10k
-0.0014473478,-0.0010555243,rna10k
0.009083255,-0.0035335687,rna10k
-0.00088495074,-0.0028980095,rna10k
0.012005497,-0.005395929,rna10k
-0.0006086756,0.005531959,rna10k
-0.0030451475,0.0016440375,rna10k
-0.0019935674,0.018716047,rna10k
-0.000588761,0.0070647267,rna10k
0.00031836863,0.0024488468,rna10k
0.0055076648,0.0030159778,rna10k
0.0010241274,0.020354051,rna10k
-0.0027390833,0.002433918,rna10k
-0.0005235755,0.0025710072,rna10k
-0.007547093,-0.0064273886,rna10k
0.009657724,0.022469403,rna10k
0.002351196,-0.02133318,rna10k
0.004384729,-0.005716636,rna10k
-0.031989943,-0.0011560655,rna10k
-0.002157991,0.01856325,rna10k
0.015802622,-0.014447156,rna10k
0.00076850364,-0.008897445,rna10k
-0.004241188,0.022193829,rna10k
-0.0022442653,0.0017459375,rna10k
0.0011842384,0.018292056,rna10k
-0.00046121713,-0.015020288,rna10k
-0.007734813,0.0018094904,rna10k
-0.002723335,0.0023626024,rna10k
-0.0019597153,0.00024427864,rna10k
-0.003730719,0.011300523,rna10k
-0.029666672,0.00060914183,rna10k
-0.0006111162,0.0072431383,rna10k
0.006699043,-0.00022239117,rna10k
0.0022266852,-0.0057106838,rna10k
-0.004010612,0.010257445,rna10k
0.005268469,-0.0017332773,rna10k
0.01951552,-0.0015791578,rna10k
-0.0021654689,-0.00019255713,rna10k
0.006148699,-0.0012593621,rna10k
0.017104408,-0.0017478233,rna10k
-0.00065805344,-0.0056655495,rna10k
-0.0045936266,-0.004137097,rna10k
0.035119675,0.000399664,rna10k
0.017596545,0.004172201,rna10k
-0.0024884474,-0.00012511197,rna10k
0.0011425934,-0.006212207,rna10k
0.0053678835,-0.00010311959,rna10k
0.0049041878,-0.004182616,rna10k
0.0014465178,0.014312648,rna10k
0.006004449,-0.005701549,rna10k
-0.007890498,0.0020040604,rna10k
-0.0031114775,-0.0040104794,rna10k
-0.0037799932,0.021802736,rna10k
0.0046968726,-0.005758838,rna10k
0.00024635706,-0.006178373,rna10k
-0.006799632,-0.0033931276,rna10k
-0.0016187701,0.007848871,rna10k
0.018175833,-0.0046677818,rna10k
0.017889962,-0.0021203582,rna10k
-0.0019763638,-0.004986749,rna10k
0.0011519415,-0.0046933373,rna10k
0.007172501,-0.002913896,rna10k
-0.0049709296,0.0027915724,rna10k
-0.00095384865,-0.0043617478,rna10k
-0.0054966668,0.0057225623,rna10k
-0.0026474455,0.001965867,rna10k
-0.0033813412,-0.0040819603,rna10k
0.0014957286,-0.002690792,rna10k
-0.013461941,0.016865926,rna10k
-0.0017456047,0.006577995,rna10k
0.0059540863,-0.005036321,rna10k
0.0011521576,0.01591139,rna10k
0.004396139,0.0022037204,rna10k
-0.00889573,0.0016358334,rna10k
-0.0034802507,-0.0037038438,rna10k
-0.0025176066,-0.0032909277,rna10k
-0.0067976625,0.0056385724,rna10k
-0.0020360653,0.0020713864,rna10k
-0.002031353,-0.021601139,rna10k
-0.010202488,0.0046447027,rna10k
0.00022694479,0.0013051295,rna10k
0.009044115,0.01910104,rna10k
-0.01583252,0.0055449014,rna10k
0.0011218926,0.0016222425,rna10k
-0.0038649272,0.012955819,rna10k
0.0015135659,-0.00294041,rna10k
0.004933509,0.0011467347,rna10k
-0.0010330023,-0.0062457826,rna10k
-0.021954453,-0.0027050755,rna10k
4.109862e-05,0.0052573783,rna10k
-0.003772792,0.0022254903,rna10k
-0.008385194,0.001495707,rna10k
0.004125601,0.0017119221,rna10k
-0.0035496769,0.006409479,rna10k
-0.006637683,-0.009911845,rna10k
0.003762748,0.018317755,rna10k
0.003471562,0.0018499444,rna10k
-0.008036036,-0.0058894716,rna10k
-0.0045916084,0.011331753,rna10k
0.0034053253,0.001974475,rna10k
0.00491331,0.0021818464,rna10k
-0.0017364209,0.0018767741,rna10k
-0.0073019136,-0.005121696,rna10k
0.0031409338,0.0021840665,rna10k
-0.009377433,0.019700631,rna10k
0.0062634256,0.0012763037,rna10k
-0.0041865106,-0.0061368477,rna10k
0.0050914655,-0.0051162164,rna10k
0.006365396,-0.020142157,rna10k
-0.03680978,-0.00027969616,rna10k
0.00087397674,0.0017663802,rna10k
-0.0021108517,-0.020273315,rna10k
-0.0020777187,0.0019561725,rna10k
0.0058375443,-0.00091524806,rna10k
0.00036793898,-0.0009711449,rna10k
0.0010158573,-0.020029524,rna10k
-0.00517542,-0.0057441615,rna10k
-0.029677447,0.0047482783,rna10k
-0.023059076,-0.010409677,rna10k
-0.045686577,-0.0021638807,rna10k
0.006299967,-0.0031240478,rna10k
-0.003350667,0.0064646634,rna10k
0.003112895,-4.4744294e-05,rna10k
-0.009622516,0.0016901764,rna10k
-0.008045676,0.02095617,rna10k
-0.0045200507,0.0020306092,rna10k
0.0015486651,0.0040414003,rna10k
-0.0023596715,0.0041818316,rna10k
0.0032099946,-0.0016592263,rna10k
-0.0044673462,-0.0061768913,rna10k
-0.0009863852,-0.0036406533,rna10k
-0.0037597723,-0.023239175,rna10k
-0.0013919584,0.0019381979,rna10k
0.0045999778,-0.0056926403,rna10k
-0.0013726357,0.0065137567,rna10k
-0.0016007066,0.0065692323,rna10k
0.003812393,-0.019607432,rna10k
0.020852624,-0.0032196285,rna10k
0.0063620703,-0.0066972836,rna10k
-0.007800663,0.0016209302,rna10k
0.003205457,-0.011445719,rna10k
0.0048394343,-0.005739305,rna10k
0.008935223,-0.0048818826,rna10k
-0.004190593,0.020630116,rna10k
-0.003227907,0.014240795,rna10k
-0.00012539489,-0.005927847,rna10k
-0.00069520035,0.0021098857,rna10k
0.007673663,-0.0050740195,rna10k
0.0044464315,-0.0050684554,rna10k
0.0097775115,-0.004109091,rna10k
0.0017808834,-0.004757428,rna10k
0.001353198,0.016335428,rna10k
0.0057408903,-0.0024942113,rna10k
0.0039744205,0.0016995805,rna10k
-0.009197336,0.0093246475,rna10k
-0.007957325,0.0017532529,rna10k
-0.00655317,0.0017136289,rna10k
-0.0032272004,0.01655057,rna10k
0.006304759,-0.0038822456,rna10k
-0.009757311,0.007909157,rna10k
0.004168158,-0.004593801,rna10k
0.0024247265,-0.0047836597,rna10k
-0.0043051885,0.02093526,rna10k
0.0013048208,0.02288533,rna10k
-0.0036138238,0.0013615575,rna10k
-0.0032805258,0.0068643847,rna10k
-0.0064601833,0.0013564948,rna10k
0.00762947,0.019008623,rna10k
0.0053771,-0.005793363,rna10k
0.021785915,0.0053821355,rna10k
0.001371408,0.016471328,rna10k
-0.0103052305,0.001853229,rna10k
-0.0034706148,0.0020578185,rna10k
-0.0028432868,0.022976415,rna10k
0.0050577275,0.0015233202,rna10k
-0.0048274575,0.0016110771,rna10k
-0.0009549255,0.01588582,rna10k
-0.0085112285,0.0027397648,rna10k
-0.0020149036,0.00802276,rna10k
0.0048143025,-0.0005977471,rna10k
-0.0018286656,-0.019923372,rna10k
-0.009808696,0.0027093645,rna10k
0.0096347155,-0.0065956656,rna10k
-0.001108096,-0.021288874,rna10k
-0.0045453813,0.010245952,rna10k
0.013124684,0.013517618,rna10k
-0.0014635368,-0.00463288,rna10k
-0.0063891695,-0.005391395,rna10k
-0.013725956,0.0013937013,rna10k
-0.0033462306,0.007656357,rna10k
-0.001172277,-0.0062719164,rna10k
-0.009261691,0.0013343875,rna10k
-0.0065626726,0.0019854335,rna10k
0.0002189917,-0.0034612194,rna10k
0.00483717,0.0038123755,rna10k
-0.0049162325,0.0096912,rna10k
0.0013388691,0.019801987,rna10k
0.0010825112,0.003070322,rna10k
-0.00034189163,-0.005312391,rna10k
0.0021138405,0.0017007658,rna10k
0.0046526087,-0.0018301038,rna10k
-0.006061855,0.0014285998,rna10k
0.03004848,-0.00010600094,rna10k
-0.00132887,-0.026683481,rna10k
0.0558779,0.0052422644,rna10k
0.010746752,-0.002582967,rna10k
0.0018549659,0.0038462074,rna10k
0.0070963455,0.0021009685,rna10k
-0.020946031,-0.0028341329,rna10k
-0.0032636037,-0.004042122,rna10k
0.0030982702,0.0024964274,rna10k
-0.0023051035,-0.020195192,rna10k
0.0034663335,0.0021423474,rna10k
0.0030492076,-0.00069799885,rna10k
-0.0021961862,-0.0022783265,rna10k
0.00786524,-0.0010455591,rna10k
-0.0025293434,-0.021634908,rna10k
-0.001975061,0.007315864,rna10k
-0.004886311,0.0020622173,rna10k
-0.00021283548,-0.018959552,rna10k
0.005380227,0.0011722745,rna10k
-0.002541154,0.0011566423,rna10k
-0.0019621784,0.012137389,rna10k
0.006412791,-0.005957177,rna10k
0.0010922425,0.0056127254,rna10k
0.004109584,0.0022324752,rna10k
-0.0006106293,0.0020577095,rna10k
0.005953738,-0.0069017024,rna10k
0.0018968458,0.0020247763,rna10k
-0.0030738215,0.0017914558,rna10k
-0.06110925,-0.0107431505,rna10k
-0.04118486,0.0014107579,rna10k
0.0026461075,-0.0041776095,rna10k
0.004957455,0.0009252423,rna10k
0.0028632642,0.0046250396,rna10k
0.01023263,-0.0038931456,rna10k
0.010985534,-0.0054864488,rna10k
-0.004927891,-0.006525254,rna10k
-0.0013910279,0.0071450756,rna10k
0.002720833,-0.0022292584,rna10k
0.004449175,-0.0022234423,rna10k
-0.006952454,-0.0037815024,rna10k
0.0137354415,-0.008413555,rna10k
0.0023694157,0.021901725,rna10k
-0.0032094105,0.013236211,rna10k
-6.0559672e-05,0.0026035188,rna10k
-0.0043312116,0.020721357,rna10k
0.0024421795,0.0022594677,rna10k
-0.0018032036,0.0017116528,rna10k
-0.008558155,-0.006980329,rna10k
0.0004998943,0.004844336,rna10k
-0.008051032,0.022350244,rna10k
0.0064959195,-0.00076313654,rna10k
0.0010366183,-0.022395995,rna10k
-0.0013218393,-0.0038849716,rna10k
0.002344284,0.0031032132,rna10k
0.008190073,-0.002564922,rna10k
-0.00075048296,0.0066207973,rna10k
4.055421e-05,-0.004097205,rna10k
0.00437122,-0.005784843,rna10k
-0.019360313,-0.0026057987,rna10k
0.004543865,-0.0055956417,rna10k
-0.0049570985,-0.0057353107,rna10k
-0.0037958222,0.014489888,rna10k
0.0012463765,-0.0059727635,rna10k
0.0020193036,-0.0030284524,rna10k
0.0031185898,-0.0016630016,rna10k
-0.0066953534,-0.0064684157,rna10k
-1.6596974e-05,-0.022770349,rna10k
-0.0018889786,0.003957853,rna10k
0.005042899,-0.0057741953,rna10k
-0.0076000276,-0.0048443824,rna10k
0.0019202158,0.0014313069,rna10k
-0.0057079312,0.0013158681,rna10k
-0.006573006,0.0020476112,rna10k
0.006888525,-0.0024557305,rna10k
0.0034768155,0.0020465862,rna10k
0.0058433423,0.0005721251,rna10k
0.002983209,0.0016209112,rna10k
-0.026011791,-0.0038627672,rna10k
0.0035308115,0.00031032052,rna10k
-0.0097239455,-0.0061703664,rna10k
-0.0074308515,0.0016219673,rna10k
0.01393098,-0.0024776463,rna10k
-0.0013067974,0.002482563,rna10k
0.0011373804,0.0020154943,rna10k
-0.004872395,-0.005579567,rna10k
-0.014441221,0.0033635164,rna10k
-0.004293509,-0.0054441104,rna10k
-0.004957873,0.001747536,rna10k
0.0015956764,-0.0003307436,rna10k
0.002959154,-0.020763434,rna10k
-0.0034674772,0.021353653,rna10k
0.0006114749,-0.022767445,rna10k
-0.0013691598,0.00191898,rna10k
-0.0044791233,0.0018412714,rna10k
-0.0061847023,0.001623784,rna10k
-0.020271089,0.0024837803,rna10k
0.0014530089,-0.00055430765,rna10k
0.0035782836,-0.0016339849,rna10k
-0.0026031171,0.0019723517,rna10k
0.0043132463,-0.017955003,rna10k
-0.006308964,0.0017133586,rna10k
-0.0016859071,-0.001589155,rna10k
0.0022106878,-0.0036335932,rna10k
0.0031809013,0.008072354,rna10k
-0.01029519,0.0005926493,rna10k
0.00074860774,0.0018234092,rna10k
-0.0017001113,0.007945224,rna10k
-0.0048815813,-0.0039488054,rna10k
0.00017263608,0.005812162,rna10k
-0.004258724,-0.024303293,rna10k
-0.025942096,-0.0036973858,rna10k
-0.00032043125,0.0035453227,rna10k
-0.00247701,-0.006170909,rna10k
-0.0035750766,0.0034423673,rna10k
-0.002007003,-0.0038576168,rna10k
0.017297221,-0.004493016,rna10k
0.0031449453,0.004009045,rna10k
0.006437935,-0.005074513,rna10k
-0.0034683708,0.0022258633,rna10k
-0.009147708,0.0016216076,rna10k
0.005050116,0.0030824249,rna10k
0.0091504175,-0.0051237056,rna10k
0.0050163493,0.0022337553,rna10k
0.05091705,-2.7300615e-05,rna10k
0.0060294955,-0.0047640773,rna10k
-0.010377512,0.001993103,rna10k
0.008158383,-0.0026037476,rna10k
-0.0036671443,0.0024648374,rna10k
-0.00084106525,-0.00042796362,rna10k
-0.0005357891,-0.006340047,rna10k
0.014936565,-0.005899448,rna10k
-0.0035667666,-0.0047003604,rna10k
-0.008526667,0.022011828,rna10k
-0.0036278411,0.0013265616,rna10k
0.0011814302,-0.0053527397,rna10k
-0.019203251,0.0019149601,rna10k
-0.010762588,0.0012481894,rna10k
-0.007623038,0.001537424,rna10k
-0.0009939432,0.0080683315,rna10k
-0.0036659823,0.00546194,rna10k
-0.0027772253,0.002345799,rna10k
0.0037047975,-0.0022711258,rna10k
-0.0016892684,0.0026437193,rna10k
0.0054147514,-0.005806774,rna10k
-0.002045784,0.0023724192,rna10k
0.0057878033,-0.0018954113,rna10k
0.00012978328,0.00499806,rna10k
-0.005566858,-0.0065311245,rna10k
-0.011023405,0.0018440157,rna10k
0.009511006,-0.0047962693,rna10k
0.00136379,0.0016784591,rna10k
-0.001583988,-0.0062707677,rna10k
-0.023469832,-0.010268328,rna10k
0.003805318,0.00045120763,rna10k
-0.022030175,-0.0033959989,rna10k
-0.0015084491,0.015069209,rna10k
-0.007429276,0.0016248213,rna10k
-0.014801942,-0.0046894704,rna10k
0.02006557,-0.022052698,rna10k
-0.0043134275,0.010877733,rna10k
-0.0061561386,-0.006059539,rna10k
0.013034312,-0.005532736,rna10k
0.0030515278,0.008829756,rna10k
0.018218009,-0.0021101134,rna10k
-0.0064173727,0.015863711,rna10k
-0.019273065,0.0015150998,rna10k
-0.00084478274,0.020470584,rna10k
0.0017092985,-0.005838125,rna10k
0.0029308107,-0.0055439826,rna10k
0.009205435,-0.0030067703,rna10k
-0.017288828,-0.003088939,rna10k
-0.00396233,-0.0067500477,rna10k
0.0032697082,0.0015636346,rna10k
-0.011967235,-0.0008951429,rna10k
0.0055656973,0.0015786639,rna10k
0.0010243991,-0.0051739425,rna10k
-0.00997807,0.0013851965,rna10k
0.0502161,0.0010157606,rna10k
-0.0075483173,0.0014169494,rna10k
0.005371583,-0.0033545694,rna10k
-0.018643294,-0.0027677626,rna10k
0.009310354,-0.0065215826,rna10k
-0.0009970745,-0.0065624053,rna10k
0.004799832,0.018038606,rna10k
0.0070575685,0.01907922,rna10k
0.0056536086,-0.009015085,rna10k
-0.0015559281,0.008462877,rna10k
0.00013199174,0.0022703775,rna10k
0.0018577079,0.004582496,rna10k
-0.032176696,0.00079179514,rna10k
-0.010142612,-0.008927112,rna10k
0.009650581,0.007763254,rna10k
-0.008560294,-0.0044876533,rna10k
-1.7558445e-05,-0.023014208,rna10k
-0.002076231,0.0017804463,rna10k
0.0062419386,0.00019589021,rna10k
0.008060743,-0.007403429,rna10k
0.011095895,-0.002884741,rna10k
0.050803866,0.0033935788,rna10k
-0.009483443,0.0013492636,rna10k
-0.0036782871,-0.0011145566,rna10k
0.005280204,-0.0063668857,rna10k
0.0029821363,-0.005794268,rna10k
-0.0021250625,-0.006187823,rna10k
-0.0020944972,0.0072864657,rna10k
0.0010102027,0.0031417417,rna10k
0.005871922,-0.0050573386,rna10k
0.01978925,-0.0030767845,rna10k
-0.00046630195,0.0068595028,rna10k
-0.003930822,0.0019257013,rna10k
-0.0009061636,0.021849751,rna10k
0.008762271,-0.0025664147,rna10k
0.0021957231,0.00247977,rna10k
0.0021621473,0.018606156,rna10k
-0.005356912,-0.0038388825,rna10k
-0.006343302,-0.004118208,rna10k
0.005879958,-0.003896946,rna10k
-0.0054091755,-0.021476649,rna10k
0.0024226021,-0.005084748,rna10k
-0.0012051273,0.006580415,rna10k
0.00060101657,0.0019177137,rna10k
0.012484149,0.019802185,rna10k
-0.0011317548,-0.019695448,rna10k
0.0018499482,0.0012041264,rna10k
0.0023610233,-0.018695736,rna10k
0.00676093,-0.0042825374,rna10k
-0.0020421164,-0.004226509,rna10k
-0.014599636,-0.015558174,rna10k
-0.002424913,-0.022370154,rna10k
-0.010315486,0.0030257928,rna10k
-0.019949393,-0.0019578596,rna10k
0.0056992746,-0.0036665625,rna10k
-0.0024502322,-0.0059576496,rna10k
-0.029439067,-0.0012176324,rna10k
-0.006876626,0.001871857,rna10k
-0.0033222872,-0.00056218094,rna10k
0.011913756,-0.0073017944,rna10k
0.00063617906,0.017512273,rna10k
-0.0005163994,0.0020880084,rna10k
0.007912396,-0.0013346283,rna10k
-0.0041802237,-0.020983651,rna10k
-0.0020438465,-0.005414611,rna10k
-0.00059825566,0.0057450687,rna10k
0.0015432348,-0.0059891697,rna10k
-0.0081119975,0.0015722096,rna10k
0.0005453294,-0.020188963,rna10k
-0.007345466,-0.004310514,rna10k
-0.0009292526,-0.006287324,rna10k
-3.2323027e-05,0.0066180127,rna10k
0.0068899584,-0.0022567338,rna10k
0.005762489,0.0001952815,rna10k
-0.018640388,-0.0010808223,rna10k
-0.004227825,0.012611925,rna10k
-0.0024622069,0.017122049,rna10k
-0.008188535,0.0016699698,rna10k
0.011191133,0.019237587,rna10k
0.007596943,-0.0038964099,rna10k
-0.006448279,-0.02116097,rna10k
-3.473389e-05,0.0020557458,rna10k
-0.0017715408,0.007993222,rna10k
-0.018093055,-0.00089509884,rna10k
0.004635044,0.004131915,rna10k
0.007830025,-0.0010179264,rna10k
0.019287847,0.0006127139,rna10k
-0.0038937286,-0.0322615,rna10k
-0.0021182243,0.02139166,rna10k
-0.0059131146,-0.0047039497,rna10k
-0.0008858274,0.0020524464,rna10k
-0.008228405,-0.006619606,rna10k
0.0014708679,-0.0059790947,rna10k
0.00094767276,-0.0046707424,rna10k
-0.0021679276,0.001969101,rna10k
-0.0005016083,0.0064588943,rna10k
0.004567849,0.001051792,rna10k
-0.005173093,0.0020889246,rna10k
-0.002959632,0.00682449,rna10k
0.004627138,-0.005534691,rna10k
0.010790663,-0.020859718,rna10k
-0.0010902308,-0.005915681,rna10k
-0.0036098566,-0.0023183727,rna10k
-0.0022976382,-0.005600686,rna10k
0.019305669,0.009040715,rna10k
-0.0067170584,-0.0045866068,rna10k
-0.0014774794,-0.010108117,rna10k
-0.0017170494,-0.004569039,rna10k
-0.015197476,-0.02432697,rna10k
-0.0055968156,0.001646904,rna10k
0.0057415282,0.0013115254,rna10k
-0.0051061227,-0.003912511,rna10k
-0.00042497204,-0.004792249,rna10k
0.0031982642,0.0022594302,rna10k
-0.0007718252,0.003414997,rna10k
0.003447368,0.002211265,rna10k
-0.0085876,0.0020164507,rna10k
-0.00043352935,-0.005034834,rna10k
0.0017056235,0.005539342,rna10k
-0.0055701733,-0.006109579,rna10k
-0.023970624,-0.0016828268,rna10k
0.009822104,0.007931235,rna10k
0.008396666,0.0026503147,rna10k
0.005029754,0.0017258982,rna10k
-0.0042245123,-0.002387537,rna10k
-0.023911867,0.0037692904,rna10k
0.0005460751,0.0052622305,rna10k
0.00072555384,0.017102739,rna10k
-0.0088716075,0.00216303,rna10k
0.0107270535,-0.020593975,rna10k
-0.0017666693,0.002323724,rna10k
-0.0017487772,-0.002376124,rna10k
-0.00037168438,-0.0060642064,rna10k
0.0072953324,-0.0012910842,rna10k
-0.0020523113,0.009373627,rna10k
-0.022912944,-0.002346358,rna10k
0.0122626545,0.00317462,rna10k
-0.010781542,0.006500738,rna10k
0.0020725299,-0.0046378747,rna10k
-0.0034342569,0.00029841234,rna10k
0.00028732637,0.0067781145,rna10k
0.00026057762,0.0056404914,rna10k
-0.008614495,0.0022947297,rna10k
0.0046381447,-0.0063400688,rna10k
-0.0056754462,0.0016670756,rna10k
-0.010271267,0.0065589356,rna10k
0.0015125268,0.00091520883,rna10k
-0.011339168,-0.002719853,rna10k
0.012573944,0.0037109426,rna10k
0.0048190905,0.0024440738,rna10k
0.0052811834,0.0012657155,rna10k
-0.00900244,0.022183208,rna10k
-0.002994714,0.008896907,rna10k
0.0040862933,0.0020561174,rna10k
-0.000304926,0.006999191,rna10k
-0.0069604097,0.0012190975,rna10k
0.0031904548,0.0035110635,rna10k
0.0014894617,0.002268792,rna10k
0.018420681,-0.01475457,rna10k
-0.0026030745,-0.0022213676,rna10k
-0.002717288,-0.022580205,rna10k
0.006737728,-0.0020234005,rna10k
0.0062398724,-0.0051336745,rna10k
0.006025254,-0.004647887,rna10k
-0.004585718,0.02169669,rna10k
-0.0020919556,-0.0037810365,rna10k
-0.004423566,0.0019766125,rna10k
-0.0033928363,-0.0060991775,rna10k
0.0010747194,0.0041989307,rna10k
0.00091810443,-0.0019073297,rna10k
0.004710406,0.0018843719,rna10k
0.0037039435,0.00014059953,rna10k
-0.009297083,0.0015160381,rna10k
0.0005035735,0.0050618933,rna10k
-0.0038733487,0.002331655,rna10k
-0.0023189636,0.0075945673,rna10k
0.0020029934,-0.0027602362,rna10k
-0.012281804,-0.0036853922,rna10k
-0.0028940171,-0.003665398,rna10k
-0.008043082,0.0014407445,rna10k
0.0047934433,0.0031408453,rna10k
-0.0011090126,-0.003312152,rna10k
-0.00019256092,-0.010099452,rna10k
-0.0010775075,0.013645245,rna10k
0.0033170644,-0.019616839,rna10k
0.005584965,0.0019455501,rna10k
0.00010560663,-0.0029098408,rna10k
-0.001086776,6.599715e-05,rna10k
0.0010007824,-0.021577539,rna10k
0.00032333864,-0.0056209867,rna10k
-0.028758038,0.0003840733,rna10k
-0.009607316,0.02352913,rna10k
-0.0016285821,0.011109952,rna10k
0.0062243864,-0.0006532922,rna10k
-0.0040352438,-0.020901745,rna10k
0.0020866767,0.0014215753,rna10k
-0.015649797,-0.015495899,rna10k
-0.00070954364,0.0073062484,rna10k
-0.0017670598,0.013605692,rna10k
0.014555688,0.0037735235,rna10k
0.0044974675,0.0018301504,rna10k
0.0008780644,0.0048076008,rna10k
-0.003310565,0.0020837758,rna10k
-0.0040449654,0.0016993962,rna10k
-0.007902471,0.0017491995,rna10k
0.007907039,-0.002089244,rna10k
0.00059946213,0.0018923035,rna10k
-0.02538208,-0.0014818738,rna10k
0.013172455,-0.014513416,rna10k
-0.007142683,0.0016433912,rna10k
-0.00636274,0.02024533,rna10k
0.01033819,-0.020439146,rna10k
-0.0027425296,-0.004865261,rna10k
0.008325891,-0.00544684,rna10k
-0.02460412,0.0009039731,rna10k
-0.008858281,0.0013884366,rna10k
-0.005280265,0.0017377208,rna10k
-0.01057854,-0.0049070646,rna10k
0.0023843893,-0.0054460973,rna10k
-0.014316179,0.0025753048,rna10k
-0.023033254,-0.0057845754,rna10k
-0.0022572228,0.0077936584,rna10k
-0.0089061335,0.004215209,rna10k
-0.0014795758,-0.0007272494,rna10k
0.0011474149,0.002666076,rna10k
-0.007243587,0.001073299,rna10k
0.00046694835,0.00216387,rna10k
-0.003332045,0.0070277853,rna10k
-0.006898417,-0.003965126,rna10k
0.0017641077,0.00024936025,rna10k
-0.005697711,-0.0004891661,rna10k
0.0010676625,0.005673584,rna10k
-0.0052398024,-0.005516225,rna10k
0.0049839383,-0.0053685145,rna10k
0.0006250496,0.0059897196,rna10k
0.0025004484,0.0024854932,rna10k
0.0020027035,0.0023597227,rna10k
-0.0031058646,0.0026735726,rna10k
-0.00032731672,0.009060084,rna10k
0.0014009422,0.0011187694,rna10k
-0.0009836749,-0.005622682,rna10k
0.015937196,-0.02290574,rna10k
-0.0015049942,0.019758904,rna10k
0.0032625494,0.0010639435,rna10k
-0.00740927,-0.021515395,rna10k
-0.0035460182,0.00026713134,rna10k
0.002081731,0.0030000338,rna10k
-0.0026520833,-0.0050934246,rna10k
-0.008745308,0.015566676,rna10k
-0.002141411,0.008829835,rna10k
0.003454304,-0.0057450123,rna10k
-0.005810279,0.002103149,rna10k
-0.0065955943,-0.0054350803,rna10k
-0.004431805,0.006355377,rna10k
0.008541427,-0.002258655,rna10k
-0.0056345975,-0.004768223,rna10k
-0.0034825876,0.012911896,rna10k
-0.0027527898,-0.0030372497,rna10k
0.007487389,-0.0060552163,rna10k
0.0076646768,0.00789806,rna10k
0.011869397,-0.0031826342,rna10k
0.009522463,-0.0032781097,rna10k
-0.0005648197,0.006202641,rna10k
-0.011080512,0.0009340731,rna10k
0.0025146552,-0.0055228313,rna10k
0.0024405345,0.002359547,rna10k
0.008793118,0.020001926,rna10k
0.0031693315,0.0023151238,rna10k
0.000887866,0.0062645283,rna10k
0.0014214922,-0.006014807,rna10k
0.0112767145,0.006367986,rna10k
0.0069777803,0.001055614,rna10k
-0.007524075,0.0017615916,rna10k
-0.00497485,0.0015623495,rna10k
0.0043169362,0.002159452,rna10k
0.006285384,0.00015189986,rna10k
0.006340663,0.00093995745,rna10k
0.0039356137,-0.0031504845,rna10k
0.004266052,0.002373315,rna10k
-0.008722899,0.001928684,rna10k
0.001240569,0.017178731,rna10k
0.001961329,0.0175216,rna10k
0.0074414727,-0.005584021,rna10k
-0.0077528427,0.0142015675,rna10k
0.004226959,-0.005602065,rna10k
0.0077964044,-0.0034985305,rna10k
-0.0034969533,0.010656044,rna10k
0.0028230604,-0.005656039,rna10k
-0.000563633,0.0024451676,rna10k
0.005770493,0.0006898074,rna10k
0.044566557,0.00033162648,rna10k
0.006041776,0.0013298724,rna10k
-0.016972182,-0.021104524,rna10k
-0.020321377,-0.0033301455,rna10k
0.015979977,0.0051471097,rna10k
0.0018119639,-0.0037037577,rna10k
-0.00580136,0.026851175,rna10k
0.026174447,-0.00089401053,rna10k
-0.0077945017,0.00229372,rna10k
0.011875038,0.004080065,rna10k
0.0033304938,-0.0015027607,rna10k
-0.0043534623,-0.005903198,rna10k
-0.0038487324,-0.00025751026,rna10k
0.0027138414,0.0022001972,rna10k
0.004400125,-0.0011090792,rna10k
0.0016246947,-0.0041023022,rna10k
-0.003773515,-0.0052989563,rna10k
-0.009417866,0.0015203338,rna10k
0.026308743,0.019538688,rna10k
-0.009242133,0.0013500233,rna10k
0.027019797,-0.0008807178,rna10k
0.0023293467,0.0049640946,rna10k
-0.005230115,-0.0067620175,rna10k
0.0022118276,0.0026340333,rna10k
-0.005517321,0.0020507663,rna10k
0.0016893466,-0.006106998,rna10k
-0.002111395,0.0021103832,rna10k
-0.0010908254,-0.0038497928,rna10k
0.005330488,5.2404077e-05,rna10k
0.0038147531,0.00021305692,rna10k
0.0022070552,0.0047280174,rna10k
0.0010147461,-0.021558544,rna10k
-0.0014742063,0.0021529954,rna10k
0.005413325,0.020051712,rna10k
0.0011321321,0.017106073,rna10k
0.004140562,-0.006611622,rna10k
0.029912638,-0.00042913874,rna10k
-0.013370663,0.0030200146,rna10k
0.0015605504,0.0030721717,rna10k
-0.0004519215,0.006657553,rna10k
0.00047563956,-0.005872751,rna10k
-0.0039050102,0.021896703,rna10k
-0.008778449,-0.0010512065,rna10k
-0.001163018,0.002344815,rna10k
-0.0025849366,-0.003419894,rna10k
-0.0051864292,0.01164585,rna10k
0.0030088567,0.0039000006,rna10k
-0.01000586,-0.002283375,rna10k
0.012867385,-0.007099993,rna10k
0.008109595,0.01904619,rna10k
0.0043828236,-0.0056341877,rna10k
-0.0020337559,0.006608857,rna10k
0.001564104,0.0019772982,rna10k
0.0032922584,0.0032653126,rna10k
-0.00055502536,-0.0047408375,rna10k
0.005714185,-0.004216153,rna10k
0.0032960575,-0.004212531,rna10k
0.0061293826,0.018527174,rna10k
0.0007835011,0.0057758857,rna10k
-0.022432508,-0.028116602,rna10k
-0.0035883929,-0.004387325,rna10k
-0.010642681,0.001345543,rna10k
-0.006449457,-0.0015553997,rna10k
0.005062653,0.0018893646,rna10k
-0.00093005673,0.006630784,rna10k
0.007158169,-0.0052617383,rna10k
0.0011019452,-0.0028547859,rna10k
-0.00015845471,-1.9314153e-05,rna10k
-0.0011208891,0.001886183,rna10k
-0.0044630375,0.011822462,rna10k
0.00074131775,0.0152118625,rna10k
0.02279354,-0.0017305714,rna10k
-0.021740263,0.0009344798,rna10k
-0.007327905,-0.0024033496,rna10k
0.004992014,-0.00018201867,rna10k
-0.00083829195,0.017939275,rna10k
-0.0062704077,0.0020239677,rna10k
0.0038416886,-0.0037878165,rna10k
-0.016201716,-0.0035308932,rna10k
-1.5685417e-05,-0.0044972077,rna10k
-0.002297877,-0.006282749,rna10k
0.0012450108,-0.0064308094,rna10k
-0.0015557251,-0.023030005,rna10k
-0.006086483,-0.022976352,rna10k
-0.0029214667,-0.003733498,rna10k
0.009261877,-0.0038797292,rna10k
-0.0028053988,0.0070580905,rna10k
0.0039169113,0.01714839,rna10k
-0.0021375685,-0.006446937,rna10k
0.003615372,0.0016578609,rna10k
0.00523285,0.00042340165,rna10k
0.01129299,-0.0021594565,rna10k
0.00027281305,0.00615754,rna10k
0.0010723298,0.0055955998,rna10k
-0.0006744556,0.018719766,rna10k
-0.004157349,-0.006265264,rna10k
-0.0060976464,0.002112963,rna10k
0.0011147631,0.002355928,rna10k
0.009554314,-0.0016064055,rna10k
-0.016144369,-0.026104322,rna10k
-0.010478549,0.019611333,rna10k
-0.0052144295,-0.0031153313,rna10k
0.008042093,-0.0024353012,rna10k
-0.0011962773,-0.019855658,rna10k
-0.0006068509,0.0072020222,rna10k
-0.0015024046,0.019014366,rna10k
-0.004951676,-0.0009898556,rna10k
-0.0076593235,0.0017575702,rna10k
-0.00075749145,-0.0061032977,rna10k
-0.0021245365,0.012101716,rna10k
-9.064769e-05,-0.0058557894,rna10k
0.0006882864,-0.0018206964,rna10k
0.017035572,-0.0022519499,rna10k
0.0048128753,0.0009373985,rna10k
-0.008408767,0.0015815047,rna10k
0.0014897315,0.0021016812,rna10k
0.011913736,-0.005781267,rna10k
-0.00043143786,-0.020898635,rna10k
0.004192474,0.00071787776,rna10k
0.0068968358,-0.005841241,rna10k
-0.011120987,0.00821981,rna10k
0.004443155,0.0009206627,rna10k
-0.002229501,0.0020629144,rna10k
-0.0067776632,-0.005290011,rna10k
0.00018859384,0.0061900984,rna10k
-0.0013384515,-0.006024312,rna10k
0.0037461862,-0.0056413333,rna10k
0.01615812,-0.021875635,rna10k
-0.002616879,-0.0053508994,rna10k
-0.0025965525,0.015446325,rna10k
-0.0076099755,0.0023599705,rna10k
0.00078360934,0.0050574667,rna10k
-0.00986545,0.004198198,rna10k
-0.0055541275,0.016095892,rna10k
0.01842636,0.0001617734,rna10k
0.011215328,-0.0036712403,rna10k
-0.0068103075,0.0034795965,rna10k
-0.00036886224,0.0020213933,rna10k
-0.0025467526,0.0028800666,rna10k
0.001225309,0.0019667305,rna10k
0.024407053,0.006960677,rna10k
-0.033998534,0.00681398,rna10k
0.0015503826,0.0022776984,rna10k
0.017139863,-0.004906214,rna10k
-0.0066982266,0.0016347045,rna10k
0.001159709,0.0054794136,rna10k
-0.011480149,0.019077925,rna10k
-0.0014863273,0.002229148,rna10k
-0.013471786,0.020725336,rna10k
0.0011259284,-0.0032883333,rna10k
-0.007953211,0.0017515888,rna10k
-0.0033044682,-0.0056631593,rna10k
-4.543208e-05,0.0022088583,rna10k
-0.0047729732,0.0057985913,rna10k
0.005151179,0.0019420548,rna10k
-0.045937214,3.0826537e-05,rna10k
0.0015297937,0.004034896,rna10k
0.0045549236,-0.00220424,rna10k
0.007019851,0.0009734892,rna10k
-0.0060018487,-0.004611772,rna10k
-0.006239973,0.0020244024,rna10k
0.008146093,-0.001975188,rna10k
-0.006292748,-0.005098429,rna10k
0.0027683326,0.0019511445,rna10k
-0.0021468836,0.007948145,rna10k
-0.0065802876,-0.006139529,rna10k
0.0032117732,0.018949406,rna10k
0.007727629,-0.0047510383,rna10k
0.019222278,-0.015395138,rna10k
-0.008207251,0.00049939496,rna10k
-4.2628762e-06,-0.02303441,rna10k
0.0073945443,0.019439172,rna10k
0.0012579358,-0.0029374636,rna10k
-0.008629344,0.0014929959,rna10k
0.005610615,-0.0016157046,rna10k
0.0023451946,0.00010432582,rna10k
-0.013369549,-0.0027080916,rna10k
0.009221854,0.015484566,rna10k
-0.0041248607,0.005144672,rna10k
-0.0032549356,0.002360403,rna10k
0.0023114542,-0.0059910505,rna10k
-0.0051981565,-0.005361509,rna10k
0.003976012,0.018761646,rna10k
0.00028806514,0.0160535,rna10k
0.006839678,-0.0028118622,rna10k
-0.003214223,-0.0063627297,rna10k
0.0015903888,-0.00604714,rna10k
0.007218179,-0.0057411874,rna10k
0.014484251,-0.0072706738,rna10k
-0.006329269,0.0049007107,rna10k
-0.0011292859,0.0070736716,rna10k
-0.005920365,-0.00023775564,rna10k
0.011068222,0.019397832,rna10k
-0.009146515,0.0036013133,rna10k
0.026317313,-0.0007438729,rna10k
-0.0060901204,-0.0049929647,rna10k
-0.02072971,-0.009465892,rna10k
-0.003292791,-0.022973284,rna10k
-0.0052509494,0.012730869,rna10k
-0.000545839,-0.0053607463,rna10k
0.0023899784,-0.0061352984,rna10k
-0.023114363,-0.0056897486,rna10k
0.00068758446,0.0021447646,rna10k
0.00219318,0.0026014654,rna10k
-0.009803974,0.00019274972,rna10k
-0.0031160577,0.0013900403,rna10k
0.0023245448,-0.00019812876,rna10k
0.0017750037,0.0040497505,rna10k
-0.00937648,0.0020059098,rna10k
0.0027038383,0.0023258985,rna10k
-0.0003841988,0.002004435,rna10k
-0.0041334587,-0.022418538,rna10k
0.008971175,0.02122667,rna10k
0.0019787762,-0.0022306328,rna10k
0.014046533,-0.0032725432,rna10k
-0.006309559,0.005768055,rna10k
-0.0048068212,0.013176148,rna10k
0.006049881,-0.001444837,rna10k
-0.005522459,0.0013653666,rna10k
-0.006275976,-0.0047469554,rna10k
0.0067517767,0.0035350698,rna10k
0.0022259578,0.0020192903,rna10k
0.0008536065,0.0022025004,rna10k
-0.008746908,0.0010229985,rna10k
0.034299016,0.0009701008,rna10k
-0.0054371036,-0.0043310807,rna10k
0.0019816791,-0.0058342125,rna10k
-0.0052049863,0.011123254,rna10k
0.0041474965,-0.0061250175,rna10k
-0.006735767,0.0220048,rna10k
0.009680717,-0.00539483,rna10k
-0.005244107,0.0020708253,rna10k
-0.0052619483,0.0020907042,rna10k
0.0072061615,-0.0065915766,rna10k
-0.005001838,-0.0051416685,rna10k
-0.0070862,-0.0016830583,rna10k
0.014382106,0.018463947,rna10k
-0.0047251997,0.0019282073,rna10k
0.001822232,-0.005628007,rna10k
-0.0014818357,-0.020949395,rna10k
0.0044231573,0.0002796349,rna10k
-0.0009594212,0.0075400136,rna10k
-0.023157662,-0.0035210398,rna10k
0.014505371,0.0047280104,rna10k
-0.007888388,0.0014422571,rna10k
0.008755092,-0.021548443,rna10k
-0.0013121336,0.007405366,rna10k
-0.00078562635,0.0068666567,rna10k
0.005674019,-0.0019177044,rna10k
0.0151797775,0.0049783555,rna10k
-0.003296126,0.00844712,rna10k
-1.5561614e-06,0.0033339537,rna10k
0.0042591486,-0.0056345062,rna10k
0.014031676,-0.0031476615,rna10k
-0.0030984632,0.00787798,rna10k
0.005234254,0.0018762727,rna10k
0.004793546,0.0006756841,rna10k
0.00847328,-0.0049876734,rna10k
-0.005594258,0.0024227442,rna10k
-0.000879801,-0.00675122,rna10k
-0.0041438485,0.002130322,rna10k
-0.0025188546,0.013834555,rna10k
-0.0062688775,-0.005251144,rna10k
0.002257784,-0.0028144033,rna10k
0.0018207482,-0.024711963,rna10k
-0.010574033,-0.0005560479,rna10k
0.030557046,0.0004625538,rna10k
-0.007046423,-0.0057211565,rna10k
0.0031726165,0.002370452,rna10k
0.017012546,0.0033246628,rna10k
0.003672086,0.0011144327,rna10k
0.013684371,0.019101951,rna10k
-0.001565449,0.0060456456,rna10k
0.0004736644,0.0031260762,rna10k
-0.0020646784,0.001744362,rna10k
-0.003278639,0.0063712997,rna10k
-0.0028756836,0.0019063606,rna10k
-0.0022438087,0.008582213,rna10k
0.0067068334,2.7085378e-05,rna10k
-0.004984324,0.011426206,rna10k
-0.005040828,0.021655979,rna10k
0.0049606,-0.0075845052,rna10k
-0.00012496246,-0.0060630688,rna10k
0.007439159,-0.001245414,rna10k
0.0036187863,-0.0061154035,rna10k
0.008614739,-0.0022948047,rna10k
0.0034328147,0.0026209515,rna10k
0.0027177413,0.0023019596,rna10k
0.00079944544,0.002836922,rna10k
0.0009639732,0.0033825424,rna10k
0.038497783,0.0031848606,rna10k
0.0024678947,-0.0035955317,rna10k
-0.0002752271,0.0010202313,rna10k
-0.0066916863,-0.0032572625,rna10k
-0.0010723203,0.0024867465,rna10k
0.011688296,0.004632189,rna10k
0.006773992,-0.0005733202,rna10k
-0.0023856538,0.007559482,rna10k
-0.003046235,0.0076980223,rna10k
-0.0019390936,-0.0063791284,rna10k
-0.00050012994,0.0071340706,rna10k
0.012065941,-0.0024713844,rna10k
0.0020382034,-0.005098346,rna10k
-0.0023055898,0.0036694147,rna10k
-0.0061988635,0.002423736,rna10k
0.0018213302,0.0012507299,rna10k
-0.0027371135,0.022280697,rna10k
-0.0065609366,0.010762838,rna10k
0.0039117136,-0.02031735,rna10k
0.0035731883,-0.004289977,rna10k
0.012504581,0.019399254,rna10k
0.013881416,-0.0033586365,rna10k
-0.0030720579,-0.0061324374,rna10k
-0.001099259,0.0020051221,rna10k
-0.0014358464,0.0063327295,rna10k
-0.005987908,-0.0057287808,rna10k
-0.005308688,0.020786557,rna10k
-0.006709943,-0.0044853333,rna10k
0.006850285,-0.005154344,rna10k
-0.0030638597,0.0020898224,rna10k
-0.006201875,-0.00518299,rna10k
-0.005227416,-0.0032556325,rna10k
0.0016059447,0.0037022163,rna10k
-0.014724957,-4.3671054e-05,rna10k
-0.0015153051,-0.038147945,rna10k
-0.006503397,-0.0065528476,rna10k
-0.0022158923,0.012432097,rna10k
0.0031895584,0.003668541,rna10k
-0.0037499678,0.001897334,rna10k
-0.006400723,-0.004414029,rna10k
-0.00021399732,0.0064457348,rna10k
0.0063197613,-0.0004277451,rna10k
4.7632937e-05,-0.0030005993,rna10k
0.0030540125,0.0022276563,rna10k
-0.0010293681,0.0023386793,rna10k
0.034547295,0.0029212239,rna10k
-0.0010462069,-0.02193921,rna10k
-0.005500677,0.010673811,rna10k
-0.00048408654,-0.0060500125,rna10k
0.0068778056,-0.0031157269,rna10k
0.00037121488,-0.02656859,rna10k
-0.0051614065,-0.006351587,rna10k
0.0048884717,-0.0022428161,rna10k
-0.023560569,0.000609855,rna10k
-0.002532085,-0.0026136327,rna10k
-0.012942219,-0.0076829367,rna10k
0.0017648307,0.0029916915,rna10k
0.0011701286,-0.0056846957,rna10k
0.0014398124,0.008391608,rna10k
0.002705862,0.018422447,rna10k
0.002370523,-0.0051136115,rna10k
-0.051985763,-0.0031398286,rna10k
0.0060417666,0.00091916963,rna10k
0.0049595325,-0.005744215,rna10k
0.0019861197,-0.0031372209,rna10k
-0.002178556,0.007689749,rna10k
0.009365224,-0.0035172622,rna10k
-0.0019308731,-0.0014819384,rna10k
-8.207146e-05,-0.0064670057,rna10k
0.010551003,-0.0052938443,rna10k
0.0012767112,-0.0063596857,rna10k
0.0035867004,0.00078658824,rna10k
0.00542047,-0.014044011,rna10k
0.0048236274,0.0020240052,rna10k
-0.010893872,0.00035793806,rna10k
0.002272732,-0.0066223796,rna10k
-0.0057313936,0.0022788944,rna10k
-0.0045584333,0.0022687996,rna10k
0.0010837504,0.0051501924,rna10k
0.05050148,0.000554541,rna10k
5.2422406e-06,0.016957069,rna10k
-0.006240877,0.0016918659,rna10k
0.0041481727,0.0009309236,rna10k
0.004758236,-0.005161674,rna10k
-0.005451949,0.0020147085,rna10k
0.0011310652,0.0023091612,rna10k
5.012314e-05,0.0017708727,rna10k
0.0055061146,0.00096437265,rna10k
0.008103375,-0.0063198726,rna10k
0.004072638,-0.0024880837,rna10k
-0.007010814,0.0020312946,rna10k
-0.0010483133,0.014216407,rna10k
-0.0020150756,0.007932083,rna10k
0.0018286562,0.0017528434,rna10k
0.000418976,0.0023000515,rna10k
-0.013714111,0.0015253377,rna10k
-0.005100326,0.002005997,rna10k
-0.002061371,-0.022013664,rna10k
0.003598307,0.0019622506,rna10k
-0.0076781027,0.0016159029,rna10k
0.007740576,-0.0043097767,rna10k
-7.365346e-05,0.01648635,rna10k
0.009694193,-0.005012189,rna10k
-0.0039086156,0.0018547219,rna10k
0.00010284065,0.00176915,rna10k
-0.0021635573,-0.021222072,rna10k
0.003780831,-0.0059351246,rna10k
0.0008128218,0.0063359505,rna10k
-0.000997081,0.007804656,rna10k
0.0027738921,0.011161203,rna10k
0.009990389,0.00021889151,rna10k
-0.00051615934,-0.02182826,rna10k
0.0116736535,0.007988654,rna10k
0.0016497226,-0.0004713814,rna10k
0.0057851993,-0.003975592,rna10k
-0.004316245,-0.004332357,rna10k
0.0064205527,-0.006635091,rna10k
0.0011865916,-0.0037295823,rna10k
0.0069038677,0.022030847,rna10k
0.007276766,-0.0063685803,rna10k
-0.006199355,0.02248453,rna10k
-0.005323545,0.022612683,rna10k
0.0073499177,-0.0055442676,rna10k
-0.00056773506,0.006793375,rna10k
-7.950123e-05,0.0063336315,rna10k
0.025753492,0.005647024,rna10k
-0.0031623428,-0.02179927,rna10k
0.00585925,-0.020720236,rna10k
0.0010645933,-0.020518914,rna10k
-0.003797328,-0.021119494,rna10k
0.0043382007,0.0016089459,rna10k
0.0025422166,-0.003598846,rna10k
0.0076384833,-0.00654498,rna10k
-0.0021651988,0.00451775,rna10k
0.002057473,0.0021191507,rna10k
-0.0043659243,0.007602693,rna10k
-0.0013789397,-0.0056953677,rna10k
0.0006424823,-0.0017445217,rna10k
-0.0059169126,-0.0046641505,rna10k
0.0040405197,0.0012731649,rna10k
0.0048650615,-0.0230941,rna10k
-0.0067548356,-0.0008320528,rna10k
-0.0054886644,-0.006058082,rna10k
0.0022652836,0.0016180996,rna10k
0.0058983853,0.021655908,rna10k
-0.0039106156,-0.004395965,rna10k
-0.014905965,0.0069307555,rna10k
-0.002657611,0.0017868202,rna10k
-0.0002830821,-0.0021053022,rna10k
-0.0036817235,-0.0062217657,rna10k
-0.00017705263,0.006636378,rna10k
-0.00014694605,-0.021456394,rna10k
0.011124413,0.018476171,rna10k
0.004381248,-0.0035872164,rna10k
-0.0065240515,-0.0060249404,rna10k
0.005888963,-0.0031832478,rna10k
-0.004386757,0.0062299147,rna10k
0.010914063,0.0034298175,rna10k
0.00012319967,-0.004984976,rna10k
0.0033712497,-0.0010000297,rna10k
-0.0006831657,0.007562727,rna10k
-0.0037845536,-0.0066134115,rna10k
-0.0022867166,0.008041096,rna10k
0.0051731924,-0.0040689246,rna10k
0.020787116,-0.015051628,rna10k
-0.0028968847,-0.0022046424,rna10k
-0.0048368196,0.0019953472,rna10k
0.0002518891,-0.00055451074,rna10k
-0.003911749,0.00061898585,rna10k
-0.0008915738,-0.005891526,rna10k
-0.0044381265,-0.005058278,rna10k
-0.0052952194,-0.004893459,rna10k
-0.0013495592,-0.0058342335,rna10k
0.013477935,-0.0059851427,rna10k
0.001908676,-0.020675087,rna10k
0.002105156,7.746951e-05,rna10k
-0.0039019608,0.0022126127,rna10k
0.01647212,0.010978062,rna10k
-0.0049011977,-0.0058660735,rna10k
-0.008890683,0.0013445598,rna10k
-0.0009295085,0.0018764082,rna10k
-0.0017761997,-0.005238329,rna10k
0.0036957606,0.018183434,rna10k
-0.006280567,0.005581139,rna10k
0.009284253,-0.0010645638,rna10k
0.021726327,-0.014085419,rna10k
0.00021196209,0.017407486,rna10k
-0.00524747,0.0015884178,rna10k
-0.00046832004,-0.00636867,rna10k
-0.010616021,0.00055758806,rna10k
-0.00027974125,0.007285788,rna10k
0.00697011,0.021772787,rna10k
0.00439024,0.0040628896,rna10k
0.0065011033,-0.0016606683,rna10k
-0.0034985815,-0.0054938677,rna10k
-0.0012942768,0.00734558,rna10k
-0.008478436,0.019105941,rna10k
0.011243572,-0.006995921,rna10k
-0.0009192065,0.0046441904,rna10k
0.005584061,-0.0036845123,rna10k
-0.0053922334,-0.0052412157,rna10k
-0.00031444215,-0.002145002,rna10k
-0.0077390396,0.010953089,rna10k
0.0035953405,0.0013604228,rna10k
-0.001280337,0.006521625,rna10k
-0.008758231,-0.0076861363,rna10k
-0.007954727,-0.0006578307,rna10k
0.00018908142,-0.0055602365,rna10k
0.001624422,-0.0014172641,rna10k
0.023568472,0.004910331,rna10k
0.0022706583,0.018831827,rna10k
0.0051785526,-0.00036389136,rna10k
-0.004477388,0.01740087,rna10k
-0.006827317,0.0013990293,rna10k
0.0031353685,-0.021000942,rna10k
-0.004086365,-0.0045556966,rna10k
0.0031912036,0.0022243152,rna10k
0.00045012374,0.020518266,rna10k
0.0063631134,-0.006194673,rna10k
-0.0017941219,0.0069754976,rna10k
-0.0023767154,0.007114574,rna10k
-0.0025975802,-0.0050319186,rna10k
0.0027581116,0.0020112188,rna10k
0.018928839,-0.015276047,rna10k
0.0012368036,0.005121444,rna10k
0.0044618784,-0.003634563,rna10k
-0.0025449998,-0.003599001,rna10k
0.003936753,-0.002347697,rna10k
-0.0030942915,-0.002382836,rna10k
-0.003354447,-0.00587466,rna10k
-0.0023011935,0.0010260929,rna10k
-0.0010479384,0.0017528497,rna10k
-0.0006534925,0.005334625,rna10k
0.0035297691,0.0017016283,rna10k
0.0032932016,-0.0014080211,rna10k
0.0021160373,-0.0049006767,rna10k
0.0009915347,0.0040066317,rna10k
-0.000857926,0.0010577183,rna10k
-0.0054266765,0.0018403877,rna10k
-0.0002258434,-0.003138143,rna10k
0.0021672407,-0.00080965325,rna10k
-0.0014940128,0.0024585577,rna10k
-0.00024397096,-0.003514865,rna10k
0.0049075806,-0.0010387021,rna10k
-0.0019346661,-0.023843786,rna10k
0.0028852501,-0.0028196564,rna10k
0.00514444,0.0022719766,rna10k
0.001552492,0.0015771755,rna10k
0.004601754,0.0014512981,rna10k
-0.0012904725,0.0064873393,rna10k
-0.00020441994,0.0058623604,rna10k
-0.0025162532,0.0048312303,rna10k
0.0013278234,-0.0028287503,rna10k
-0.000643158,0.0052817133,rna10k
-0.0048218034,-0.00563055,rna10k
-0.0033077688,-0.006168419,rna10k
0.003412334,-0.001545825,rna10k
-0.0036524,0.0016010337,rna10k
0.018751962,-0.003387882,rna10k
0.015157415,0.013747335,rna10k
0.001153816,-0.0021893512,rna10k
0.023352765,-0.0012154614,rna10k
0.004618854,-0.001848817,rna10k
0.003324895,0.00076687447,rna10k
-0.0036049658,0.0024189597,rna10k
-0.006023782,-0.005808659,rna10k
-0.0017880435,-0.021038616,rna10k
0.0060828826,0.0030753575,rna10k
-0.0052375137,0.010981395,rna10k
0.0043152897,0.001927382,rna10k
-0.02442254,0.0029063313,rna10k
0.007238439,-0.0023475415,rna10k
-0.0012616686,-0.0050014034,rna10k
0.00054374954,0.018830206,rna10k
0.0016373771,0.0018976725,rna10k
0.007826354,-0.0020732225,rna10k
0.0048911376,0.002244019,rna10k
-0.00033426093,-0.0025732056,rna10k
0.003090405,-0.0046717324,rna10k
-0.000440572,0.006850988,rna10k
-0.0037052622,-0.007899395,rna10k
0.0017962294,0.0018360032,rna10k
0.029468326,-0.00049672596,rna10k
-0.010764366,0.00017217093,rna10k
-0.0017032695,-0.018229416,rna10k
-0.005663628,-0.0044191503,rna10k
-0.0014525274,-0.025878537,rna10k
-0.0007758187,-0.0026146884,rna10k
-0.002904539,0.0076624895,rna10k
-0.015334445,-0.01586252,rna10k
0.011020434,0.025170544,rna10k
-0.02059331,0.0041916114,rna10k
0.0033078084,0.0018501608,rna10k
-0.013706596,-0.009958993,rna10k
0.021219479,0.0052748993,rna10k
0.0042279707,0.0020123713,rna10k
0.015074387,-0.002276414,rna10k
-0.0054174294,-0.0052230135,rna10k
-0.0036933676,0.01923646,rna10k
0.0047133174,0.0016229517,rna10k
0.002386784,0.0032552602,rna10k
0.0023563216,0.0018389511,rna10k
0.0052709603,-0.022564378,rna10k
-0.0035158598,0.0020219376,rna10k
-0.0023536861,-0.0048952694,rna10k
0.00045254573,0.0018477076,rna10k
-0.005109207,0.010622385,rna10k
4.969873e-05,0.017979722,rna10k
-0.0024769004,-0.0027480798,rna10k
0.004761531,0.001724334,rna10k
0.0029857699,-0.0043112747,rna10k
0.0076119187,0.01920635,rna10k
0.00024664402,0.0061898837,rna10k
0.0017463039,0.001989154,rna10k
0.0048939995,-0.005193022,rna10k
0.0046005985,-0.0038717173,rna10k
0.0062814346,0.019114502,rna10k
0.0007858112,0.0023498079,rna10k
-0.0033316414,0.022589212,rna10k
0.00012633565,0.0019903693,rna10k
0.0022796826,0.0025347427,rna10k
4.5971818e-05,0.0017869604,rna10k
0.0056847404,-0.018882535,rna10k
0.0025089104,0.010403051,rna10k
0.0019008418,-0.005023498,rna10k
-0.00034424601,-0.006085035,rna10k
-0.01100097,0.019174818,rna10k
-0.008416951,0.0015239567,rna10k
-0.00069219706,-0.0035996318,rna10k
0.0029323702,0.0007803229,rna10k
0.0013370519,0.0027500647,rna10k
8.39576e-05,0.0017006899,rna10k
-0.008010548,0.019610347,rna10k
-0.00425495,0.021153467,rna10k
0.0004948884,-0.00016836592,rna10k
-0.0035209318,0.007864238,rna10k
0.001459818,0.0060016215,rna10k
0.006118549,-0.0019395351,rna10k
0.005196898,0.018953742,rna10k
-0.001625934,-0.0036974987,rna10k
-0.0063652187,-0.007575433,rna10k
-0.0031806896,0.0018965685,rna10k
-0.0030092525,0.0020231279,rna10k
-0.0055009783,0.0008393158,rna10k
0.0044392436,0.017810699,rna10k
0.0013933061,0.0029191577,rna10k
0.00062383024,-0.0056740264,rna10k
-0.0016652958,-0.006090246,rna10k
0.004866389,0.0013368828,rna10k
0.001436983,-0.021399084,rna10k
0.0053255996,-0.0059773414,rna10k
-0.002100381,0.0076898634,rna10k
0.0016863445,-0.0039478624,rna10k
-0.0033642312,-0.0032927631,rna10k
-0.0050842324,-0.00428487,rna10k
-0.00060795166,0.018210078,rna10k
0.0055203433,-0.020367058,rna10k
-0.0034825539,-0.006483059,rna10k
-0.008395167,0.0016165642,rna10k
-0.0027329258,0.008080639,rna10k
0.002045874,-0.0037277369,rna10k
0.0027872708,0.0020064139,rna10k
-0.00078782573,-0.0018456716,rna10k
0.0013622412,-0.0067806533,rna10k
-0.00052054937,0.0007057351,rna10k
0.00886199,0.007946638,rna10k
0.019227503,-0.023432955,rna10k
0.019810054,-0.025393989,rna10k
0.0047182096,-0.0002098596,rna10k
0.010727074,0.019148845,rna10k
-0.0048303404,-0.0030810486,rna10k
0.0045071794,-0.021947611,rna10k
-0.00017175473,0.0013885609,rna10k
0.0025737493,0.002342145,rna10k
-0.0040346244,-0.005352285,rna10k
0.012301083,-0.0016001015,rna10k
0.00020005475,-0.0059254495,rna10k
0.0035893451,-0.022284774,rna10k
0.0049144384,-0.0013862572,rna10k
0.0018300503,-0.020963471,rna10k
0.0006880809,0.0019878938,rna10k
-0.010982545,0.0012631281,rna10k
-0.0013531004,5.4125943e-05,rna10k
0.0035316884,0.021908203,rna10k
-0.00047662115,0.011702936,rna10k
0.0054584853,0.018686056,rna10k
-0.0018138102,0.010232777,rna10k
0.008666336,0.006416509,rna10k
0.0059391176,-0.0021418652,rna10k
-0.004895931,0.0016868218,rna10k
0.0074417954,-0.0041297795,rna10k
0.00063961843,0.0019449511,rna10k
0.0027700395,-0.01797263,rna10k
-0.006513488,-0.0063253273,rna10k
-0.0030025872,0.0020727185,rna10k
-0.0019483038,0.014592849,rna10k
0.015274491,-0.001321224,rna10k
-0.0015806955,-0.02050837,rna10k
0.043491423,0.0022522171,rna10k
-0.0020210391,-0.0036075143,rna10k
-0.005454178,0.0054958947,rna10k
0.005357473,0.018197905,rna10k
0.0056844708,0.0014422874,rna10k
-0.0021785526,0.0077224546,rna10k
0.0066962508,-0.00015291647,rna10k
0.0043836194,-0.002730404,rna10k
0.014328313,-0.0061971624,rna10k
0.002470798,-0.0007740281,rna10k
-0.0033704487,-0.00094443455,rna10k
-0.0024441336,-0.005873158,rna10k
-0.032134634,0.0012215402,rna10k
0.0030144507,0.002000949,rna10k
0.00044486963,-0.023062509,rna10k
0.007040046,0.019057127,rna10k
0.00534048,0.0019460181,rna10k
0.0046904245,-0.020924268,rna10k
-0.0007944169,-0.011186268,rna10k
0.0049309,-0.005515544,rna10k
0.00824745,0.0057812496,rna10k
-0.002802592,0.0031058881,rna10k
0.003846883,0.018138818,rna10k
-0.010072079,-0.019904455,rna10k
-0.00062289723,0.0025242646,rna10k
0.0044449214,0.0012827817,rna10k
0.0013685517,0.021534627,rna10k
-0.0028613128,0.0018676898,rna10k
-0.0007834048,-0.004840128,rna10k
0.011804683,0.0019421082,rna10k
-0.0023445312,0.00827648,rna10k
-0.0030158204,-0.004330686,rna10k
0.01871441,-0.003259911,rna10k
0.0032939804,-0.0036130804,rna10k
-0.0050109047,-0.00454836,rna10k
-0.0046158913,0.02426059,rna10k
0.0049132505,0.0017665777,rna10k
0.003492441,0.0015578798,rna10k
0.026287992,-0.0023253611,rna10k
0.0043373504,0.0011380581,rna10k
0.014914822,0.0076788156,rna10k
0.004672347,-0.0046559367,rna10k
0.0013545575,-0.005749851,rna10k
-0.00041357125,0.0064578434,rna10k
-0.0013914311,0.006773829,rna10k
-0.008846111,0.0013570494,rna10k
-0.0030103382,0.0021764429,rna10k
-0.0044632195,-0.005622321,rna10k
0.011504893,-0.0029640757,rna10k
-0.005863626,0.0022687872,rna10k
-0.002636849,0.002255812,rna10k
0.0027962246,0.0021818283,rna10k
0.0002491672,0.0021076547,rna10k
-0.0014714143,0.004134714,rna10k
-0.0012061526,-0.006416535,rna10k
-0.000108008906,-0.0029556544,rna10k
-0.0030069286,0.007761284,rna10k
-0.0009158598,-0.0045790956,rna10k
0.019360304,0.0069722976,rna10k
0.0028909694,-0.005458028,rna10k
-0.0028552182,-0.021911182,rna10k
-0.005364112,0.014133391,rna10k
0.008434181,-0.0019181966,rna10k
-0.0029961113,0.0017367854,rna10k
-0.00916347,0.00082940416,rna10k
0.0005162613,-0.00045726736,rna10k
0.002127427,-0.0046616504,rna10k
-0.0041888426,-0.0035892797,rna10k
-0.0042022387,-0.0032668693,rna10k
0.0009880145,0.0043108347,rna10k
-0.004804623,-0.005809002,rna10k
-0.0025531973,-0.003068709,rna10k
-0.00022746404,-0.005046848,rna10k
-0.019169396,-0.006395411,rna10k
0.006613157,-0.0020737238,rna10k
0.005053295,-0.0056743617,rna10k
0.001502165,0.017577834,rna10k
0.0031383631,0.000191709,rna10k
0.006076644,-0.00032977556,rna10k
-0.007966908,0.020604515,rna10k
0.000556624,-0.019286493,rna10k
-0.0019284385,0.008288744,rna10k
0.0019578822,0.0021066125,rna10k
0.0048409174,0.0011218828,rna10k
0.031174628,0.002730748,rna10k
0.020699078,-0.001828927,rna10k
-0.00545399,-0.005937357,rna10k
-0.004080604,-0.020879652,rna10k
-0.014630846,0.000863699,rna10k
0.001655789,-0.0031227753,rna10k
-0.00028021398,-0.022479804,rna10k
-0.015449252,-0.0031984672,rna10k
-0.014579542,-0.003038223,rna10k
-0.027063832,0.00086743763,rna10k
-0.0028747476,0.0017799783,rna10k
-0.00054364675,0.0022930899,rna10k
0.01505488,-0.0070569874,rna10k
0.008057625,-0.00015645268,rna10k
-0.006874635,-0.005757232,rna10k
0.0007408115,-0.0030147582,rna10k
0.006006735,-0.0072782747,rna10k
0.014600091,-0.0025107367,rna10k
0.004546757,0.0010268828,rna10k
0.0010829116,0.0031769152,rna10k
-0.00014907023,-0.0030373938,rna10k
-0.0072153704,0.0029550286,rna10k
0.0010830767,-0.004773646,rna10k
0.0011097364,0.0019035402,rna10k
0.0031187886,0.0038763718,rna10k
-0.0010917356,0.01757597,rna10k
0.005732529,-0.0010771932,rna10k
-0.00461144,-0.0064252187,rna10k
-0.004066452,0.0020174398,rna10k
-0.0042335787,-0.00504577,rna10k
0.010646457,-0.007022354,rna10k
0.029060375,0.005255256,rna10k
0.002622944,0.0029361688,rna10k
0.002737749,-0.0059461887,rna10k
0.0007245951,-0.022272505,rna10k
-0.002547377,0.008756485,rna10k
-0.04053711,-0.0016231027,rna10k
0.005234492,0.0017427851,rna10k
-0.0024950253,-0.0034607425,rna10k
-0.015302289,-0.0025949627,rna10k
0.04461704,0.013440774,rna10k
0.0023653598,0.0017508788,rna10k
-0.005412848,-0.007003044,rna10k
-0.00061885716,0.0019826028,rna10k
-0.0048347116,0.011254469,rna10k
-0.0006425948,-0.0052480223,rna10k
-0.0051701386,0.00042563904,rna10k
-0.0013436171,-0.022406146,rna10k
-0.0019235458,0.008244865,rna10k
-0.023665171,-0.0032249943,rna10k
0.0017285342,0.0062013296,rna10k
-0.00897592,0.0016241941,rna10k
0.008046668,-0.002435501,rna10k
0.0075879227,-0.0068625696,rna10k
-0.022728823,-0.0024064712,rna10k
-0.0057435175,0.0017367243,rna10k
-0.0067007905,-0.0054090926,rna10k
-0.0033904745,0.0073318845,rna10k
0.00437245,-0.0028028053,rna10k
0.004611421,0.0014395256,rna10k
-0.0064227255,-0.004797084,rna10k
-0.003178776,0.008108246,rna10k
0.015750742,0.021496912,rna10k
0.0051248893,0.001109042,rna10k
0.0015665769,-0.021783674,rna10k
-0.012149562,-2.7025353e-05,rna10k
-0.0033790427,-0.020704355,rna10k
0.00272211,0.015607514,rna10k
-0.008744814,-0.015146324,rna10k
-0.0059535624,-0.004684641,rna10k
-0.002284691,-0.0061982074,rna10k
0.01914998,-0.00025529502,rna10k
-0.005492039,-0.0048471494,rna10k
0.007002953,-0.0061134743,rna10k
-0.00045082462,-0.005233059,rna10k
-0.0026733826,0.0025499412,rna10k
0.0005533526,0.013538113,rna10k
0.0029551077,0.001866395,rna10k
0.0037988715,-0.02406627,rna10k
0.0019396485,-0.006022486,rna10k
-0.00015623319,-0.020317432,rna10k
-0.005338462,-0.004779937,rna10k
0.015113397,-0.005848012,rna10k
-0.020665942,-0.0037719947,rna10k
0.0010408615,0.0012461297,rna10k
-0.00025829967,0.007187413,rna10k
0.0021542753,-0.0065887854,rna10k
-0.00028166588,-0.0061264834,rna10k
-0.0028975366,-0.0034829406,rna10k
0.047745,0.0028675448,rna10k
-0.010450126,0.0002515219,rna10k
0.0019485937,0.016020218,rna10k
0.0006572059,0.0163691,rna10k
-0.00039624385,0.006730856,rna10k
-0.0042888112,-0.0024178408,rna10k
0.0032691455,-0.021551149,rna10k
0.0012446813,-0.00424585,rna10k
0.003279017,0.0020985634,rna10k
-0.0042267223,0.0017025758,rna10k
0.0041099363,-0.015564523,rna10k
0.012458443,-0.0042551933,rna10k
-0.0014291597,0.01740176,rna10k
-0.0044683293,-0.006395972,rna10k
-0.001595707,0.02354455,rna10k
0.007862236,-0.0025281974,rna10k
0.0013476772,-0.0052590272,rna10k
0.002858734,-0.0042354045,rna10k
-0.0023647696,-0.005719706,rna10k
0.0004255458,-0.0053884136,rna10k
-0.003800907,0.009619995,rna10k
0.00024196098,0.0031598813,rna10k
0.018289674,0.004789692,rna10k
-0.0045116236,-0.002056862,rna10k
-0.0018778205,0.0018706633,rna10k
-0.005259582,0.0017414253,rna10k
0.0059644333,0.0015805088,rna10k
-8.843646e-05,0.006489919,rna10k
0.0011001629,0.0063154646,rna10k
0.0039307014,0.019551339,rna10k
-0.010202687,0.0037261385,rna10k
-0.0012634769,0.007645526,rna10k
-0.0045205946,0.00035537902,rna10k
0.0029007688,-0.0055813706,rna10k
0.015130264,-0.030702965,rna10k
-0.022459202,-0.008227423,rna10k
-0.009289356,0.0027317554,rna10k
0.0050227693,0.001610736,rna10k
0.003955964,-0.005223608,rna10k
-0.0058164974,0.0027965726,rna10k
0.0015046144,-0.0010041873,rna10k
-0.0024053256,0.001831353,rna10k
0.0018256127,-0.0028190392,rna10k
-0.005174055,0.0016159512,rna10k
0.00019898117,-0.0060912054,rna10k
-0.0013345071,-0.02140348,rna10k
0.008404703,-0.0019413149,rna10k
0.0021158175,-0.0012154484,rna10k
-0.010711647,0.018538387,rna10k
0.0001933298,0.0022217832,rna10k
0.011367409,-0.0037274002,rna10k
-0.0007736157,-0.0010731071,rna10k
-0.0015545591,-0.006066698,rna10k
-0.0010654279,-0.0051334426,rna10k
0.006997772,-0.0010810996,rna10k
-0.0018947889,0.0022200875,rna10k
-2.175275e-05,-0.0019349435,rna10k
0.0021284597,0.002108896,rna10k
0.0006500796,-0.0031433282,rna10k
0.004277923,-0.0017292233,rna10k
-0.004774235,-0.0043155905,rna10k
0.009172571,-0.006038216,rna10k
0.005773765,0.018495694,rna10k
0.0050189756,0.018835893,rna10k
-0.0040586432,0.012276572,rna10k
0.006803098,-0.0014275189,rna10k
0.005686044,0.00050997746,rna10k
-0.0038317665,0.0017074092,rna10k
-0.006367898,0.0018193199,rna10k
-0.003581837,0.010961216,rna10k
-0.005701385,-0.0058056503,rna10k
0.000867857,0.00012581285,rna10k
7.666621e-05,0.002515255,rna10k
-1.0335649e-05,0.0018854829,rna10k
0.0004981332,-0.0061035906,rna10k
0.005093781,0.018751245,rna10k
0.0013579113,-0.026820885,rna10k
0.0009974774,0.0029752671,rna10k
0.012583635,-0.018444028,rna10k
-0.010743752,0.0007179989,rna10k
0.0009300398,0.0024856098,rna10k
-0.0033944251,0.002455338,rna10k
2.7431695e-05,-0.0059909327,rna10k
-0.008234972,0.0016013988,rna10k
0.002681474,0.0016146854,rna10k
0.0059708697,0.001485358,rna10k
0.024248326,-0.0036503868,rna10k
-0.0066047646,-0.0037875858,rna10k
0.0028232185,-0.0060150693,rna10k
0.004150546,0.0011229165,rna10k
-0.007840634,0.0017285174,rna10k
0.011689729,-0.0067379796,rna10k
-0.0024689676,0.0019239405,rna10k
0.0131296,-0.00242007,rna10k
-0.0034474807,0.0022698427,rna10k
0.009476059,-0.007938429,rna10k
-0.004367292,-0.0045648697,rna10k
0.005727215,0.0070828605,rna10k
-0.005119364,0.00910785,rna10k
-0.021374727,-0.0015139396,rna10k
0.003365681,0.002382361,rna10k
-0.008078029,-0.0060154535,rna10k
-0.0016603366,0.007420349,rna10k
0.0019277853,0.0022477359,rna10k
-0.0061302874,0.0008576644,rna10k
0.003833662,0.0008792487,rna10k
-0.0041871285,0.009993658,rna10k
0.007821253,-0.0012938231,rna10k
0.0029320496,0.0013113212,rna10k
-0.016149385,-0.008967589,rna10k
-0.00235429,0.0019307922,rna10k
0.00084528996,0.0015669868,rna10k
-0.0056585562,-0.00012085653,rna10k
-0.00401131,0.024471255,rna10k
-0.0049715815,0.0125284055,rna10k
0.0030904163,-0.024298264,rna10k
-0.019650294,-0.0039017336,rna10k
-0.0003833332,-0.02128162,rna10k
0.007626478,0.018961146,rna10k
-0.007293322,0.022180688,rna10k
0.0011417188,-0.02493588,rna10k
-0.021677777,0.00495455,rna10k
-0.004968114,-0.020659106,rna10k
0.019227512,-0.013086342,rna10k
0.0010229569,-0.0026289502,rna10k
0.022816125,0.0022258537,rna10k
-0.00069564185,0.0021363418,rna10k
-0.004305646,0.009910988,rna10k
0.00313903,0.005273998,rna10k
-0.015531965,-0.0009151037,rna10k
0.0047049327,0.001417105,rna10k
-0.011894569,-0.00067602587,rna10k
-0.003838482,0.002240288,rna10k
0.0025043224,-0.0042089564,rna10k
0.00263842,-0.023856616,rna10k
-0.0031719308,-0.002841872,rna10k
0.0055681723,-0.0041352925,rna10k
-0.008252962,0.0015527238,rna10k
0.011698984,0.018762767,rna10k
-0.0025949364,-0.00641707,rna10k
0.0054674954,0.018576238,rna10k
0.004214841,-0.022176655,rna10k
-0.0071750735,-0.021440549,rna10k
0.0066399183,0.00037773253,rna10k
0.004753329,-0.005975923,rna10k
0.004059948,0.022329666,rna10k
0.003389699,0.0021154694,rna10k
0.004167248,0.002742159,rna10k
0.0066554653,0.0192344,rna10k
-0.009803621,0.001262786,rna10k
-0.0006796229,-0.0029404527,rna10k
0.0017723272,-0.0211609,rna10k
-0.0024216203,-0.0014433977,rna10k
0.008046979,-0.005148869,rna10k
0.003262414,-0.007147409,rna10k
-0.008340238,-0.0026284528,rna10k
0.00023653418,0.0019788346,rna10k
0.004994824,-0.0037573765,rna10k
0.004743371,-0.0052457666,rna10k
0.0062000286,-0.006517079,rna10k
-0.009297011,0.0020321521,rna10k
-0.0059864568,0.0021547142,rna10k
0.0033785286,-0.005286015,rna10k
-0.0025358878,0.007894733,rna10k
0.021793582,-0.028966857,rna10k
0.0039457926,-0.003394714,rna10k
-0.0013260656,-0.02049552,rna10k
0.004329134,0.0011185477,rna10k
-0.017193222,-0.00089103746,rna10k
0.004557059,-0.004584041,rna10k
-0.0045444393,0.0104269665,rna10k
-0.0074606854,0.0012856618,rna10k
0.002525081,-0.0056895656,rna10k
-0.009846904,0.004863044,rna10k
0.013510884,0.004263988,rna10k
-0.0031323887,0.0019322567,rna10k
0.01799328,-0.0023971866,rna10k
0.0034774123,-0.0030366266,rna10k
-0.01647559,0.0057759117,rna10k
0.0039691385,0.0019846132,rna10k
-0.0010396341,0.0077295294,rna10k
-0.005086734,0.012503689,rna10k
-0.0046740687,0.004902922,rna10k
-0.0001995793,-0.0013358246,rna10k
-0.021395963,0.0052539534,rna10k
-0.004508967,0.008580374,rna10k
-0.0016414972,-0.0038360285,rna10k
-0.0049718097,0.0016974331,rna10k
0.020096527,-0.0024134861,rna10k
-0.0045727445,0.021610273,rna10k
-0.0017766464,-0.006249715,rna10k
-0.0051303003,0.0018847733,rna10k
0.0047547854,0.001913849,rna10k
0.015266164,-0.0031429909,rna10k
0.0046706605,0.0016454558,rna10k
-0.005835343,-0.0051437546,rna10k
-0.0017483239,0.0075371205,rna10k
-0.022308148,-0.0022046545,rna10k
0.0101945475,-0.0060200403,rna10k
0.0037918277,0.0012119224,rna10k
0.049087174,0.0013981322,rna10k
0.00082113827,0.002770769,rna10k
0.006145793,0.0011782544,rna10k
-0.0012379378,-0.0026719063,rna10k
-0.0067155366,-0.0060626417,rna10k
-0.0054493416,-0.0019593341,rna10k
-0.0026769151,0.008269201,rna10k
-0.006839136,0.020240493,rna10k
0.013476732,-0.007428621,rna10k
-0.00076616387,0.012149413,rna10k
-0.00064915355,-0.00047685503,rna10k
0.0054367464,0.0021414657,rna10k
-0.005432427,0.009792864,rna10k
-0.0029991888,0.0063645965,rna10k
-0.0096824085,0.0012336092,rna10k
-0.0037539857,-0.0035504608,rna10k
0.006907838,-0.005383753,rna10k
-0.0016180681,0.00572065,rna10k
-0.033388976,-0.0031979075,rna10k
-0.00018913561,-0.0050129937,rna10k
-0.023292452,0.0023243225,rna10k
-0.0033619064,0.0073203435,rna10k
-0.0014040429,0.0074712294,rna10k
-0.0034584464,0.007662456,rna10k
-0.0048492337,0.0036470005,rna10k
-0.003434466,-0.005133348,rna10k
0.0019050558,-0.002728807,rna10k
-0.0050610304,0.0018616902,rna10k
0.0064631617,-0.00060124137,rna10k
0.0009602435,0.001697842,rna10k
-0.008883226,0.0015298421,rna10k
-0.007618377,0.0017482538,rna10k
-0.0059559476,-0.009623358,rna10k
0.0007589313,-0.006762675,rna10k
-0.0039986703,-0.0057557668,rna10k
-0.0015570681,0.007652231,rna10k
0.0065638907,3.911398e-05,rna10k
-0.004102322,-0.005511833,rna10k
-0.0007591659,0.007460275,rna10k
0.012919536,-0.0053485506,rna10k
-0.0040404126,-0.005554553,rna10k
0.0037584978,0.001574227,rna10k
0.0020796142,0.017960297,rna10k
-0.037115123,-0.002191268,rna10k
0.009472422,0.019479562,rna10k
0.0048936754,-0.0023983095,rna10k
-0.0015816997,0.008073642,rna10k
-0.0014121591,0.015182366,rna10k
-0.009482066,-0.003572885,rna10k
0.004875787,0.0018835402,rna10k
0.0017828498,-0.00604098,rna10k
0.008108141,-0.005478455,rna10k
-0.0084551405,-0.010296144,rna10k
0.0023841094,0.0015010651,rna10k
-0.006368478,-0.0049139243,rna10k
0.0012376208,-0.023029212,rna10k
0.0042841733,-0.0032528082,rna10k
-0.000554519,0.005842457,rna10k
0.0025941373,0.00443799,rna10k
0.039771903,-0.0013360676,rna10k
0.0035097783,0.023359405,rna10k
-0.002458734,0.007643203,rna10k
-0.002491762,-0.004597357,rna10k
-0.0025039362,-0.008937581,rna10k
-0.01965292,0.011035749,rna10k
-0.006739281,0.020885034,rna10k
-0.00559063,0.002643026,rna10k
-0.0032667874,-0.00420401,rna10k
0.00029009403,0.016935557,rna10k
-0.001935089,0.0018306936,rna10k
0.0054508434,0.0015484543,rna10k
0.0048506055,0.0011690868,rna10k
-0.0009082683,-0.021183537,rna10k
-0.00774937,0.0017072594,rna10k
-0.0019666215,0.00292872,rna10k
0.0018863683,-0.0064228144,rna10k
0.0018610063,-0.005996235,rna10k
-0.001303884,-0.024494663,rna10k
-0.0013655964,0.017654255,rna10k
-0.0074259113,-0.0065037943,rna10k
0.009273372,-0.0022523901,rna10k
-0.0014182794,0.005087552,rna10k
-0.0013700597,-0.006089511,rna10k
0.0034396295,-0.020558853,rna10k
0.003906476,0.0025075234,rna10k
-0.019358953,0.0024165611,rna10k
0.00045954715,-0.0061599696,rna10k
-0.0036032395,-0.021890586,rna10k
0.00029643864,0.0023779846,rna10k
0.0010780053,0.0048484746,rna10k
0.008312323,0.008060236,rna10k
-0.010926504,0.000991844,rna10k
0.017346567,-0.004648491,rna10k
0.0076607126,-0.00709712,rna10k
0.0065779723,0.019258495,rna10k
-0.018519968,0.0031876054,rna10k
-0.0011590156,-0.005196647,rna10k
-0.0038558755,0.026994504,rna10k
0.025669856,-0.0028459798,rna10k
-0.0013269074,-0.0031218042,rna10k
-0.0046371636,-0.0066318125,rna10k
0.008304216,-0.0041435095,rna10k
0.0044076517,0.019085927,rna10k
4.727304e-05,-0.0046508396,rna10k
-0.008782203,0.0014539225,rna10k
-0.0049128784,-0.02010112,rna10k
0.0048411824,-0.020970212,rna10k
0.0009188897,0.0022931877,rna10k
0.012031861,0.019345388,rna10k
0.005370912,0.0016047877,rna10k
0.013147223,-0.022932675,rna10k
-0.001650147,-0.0066243,rna10k
-0.007847618,0.021074183,rna10k
0.0043523097,-0.0037473685,rna10k
-0.003127307,0.002157142,rna10k
-0.00342527,-0.00298114,rna10k
-0.0018594102,0.0076923105,rna10k
0.0032058475,0.010961023,rna10k
-0.02224258,-0.0077792704,rna10k
-0.00530438,-0.005415862,rna10k
0.006923423,-0.00055882253,rna10k
-0.004131658,0.0025384934,rna10k
-0.0038980772,0.010472945,rna10k
0.005592294,0.01725768,rna10k
0.030520586,-0.00078668114,rna10k
0.032177247,0.007014843,rna10k
-0.00017953235,0.0065556313,rna10k
-0.0020974833,0.008104853,rna10k
0.0037847643,-0.0013435067,rna10k
-0.004852827,0.011737271,rna10k
0.004768955,-0.006701541,rna10k
-0.004190507,0.01386893,rna10k
0.0032319373,-0.0009013879,rna10k
-0.0046420116,-0.021942195,rna10k
0.00027561508,0.0023100814,rna10k
0.0023962876,-0.02243292,rna10k
0.007098481,-0.00019085397,rna10k
-0.0013352783,0.004928848,rna10k
0.0011715118,-0.021380503,rna10k
-0.0029563892,-0.00659626,rna10k
-0.0023352208,-0.0039042684,rna10k
-0.0010679631,-0.006246888,rna10k
-0.007685178,-0.0012814371,rna10k
-0.00060121075,-0.024529872,rna10k
0.009661889,0.0061044367,rna10k
0.0049646823,-0.0009456671,rna10k
0.0019914932,-0.0030267667,rna10k
-0.001294418,-0.006019711,rna10k
0.0008507555,-0.022470554,rna10k
0.0004670056,0.0023233332,rna10k
-0.0018277084,0.0024067613,rna10k
-0.0008144929,-0.0063761026,rna10k
0.0007705469,-0.017694866,rna10k
-0.0071915123,-0.0059138644,rna10k
-0.00048367507,-0.020129042,rna10k
-0.0051303497,-0.004852697,rna10k
-0.0030399414,0.015153558,rna10k
-0.0013500529,0.0076731825,rna10k
-0.0022814374,0.007949565,rna10k
-0.0091757355,0.0014519142,rna10k
0.001698276,-0.004178692,rna10k
-0.0020722975,0.0017597321,rna10k
0.0031141671,-0.020992737,rna10k
0.0123557625,0.0067590866,rna10k
-0.005579519,0.012379858,rna10k
0.0058713574,-0.002405599,rna10k
0.00026154905,-5.101451e-06,rna10k
0.007026332,0.018717015,rna10k
-0.008806466,0.02062264,rna10k
-0.003377919,-0.005425272,rna10k
-0.0051420843,0.01129344,rna10k
0.005000163,-0.004677002,rna10k
0.0056903358,0.018890833,rna10k
0.0014116938,0.0018341694,rna10k
0.0067891786,0.022296494,rna10k
0.0036896507,-0.020023696,rna10k
-0.0078062867,0.0016190875,rna10k
-0.0071647754,0.0021273978,rna10k
-0.005458947,-0.003484848,rna10k
0.0016015723,0.0149465585,rna10k
-0.0071793376,0.01989861,rna10k
-0.008383341,0.021376595,rna10k
0.0034679521,0.0022936435,rna10k
0.0030752653,0.0015347346,rna10k
-0.024523728,-0.0035225153,rna10k
0.0044802707,0.0024453567,rna10k
-0.001783556,0.001804861,rna10k
0.00044915394,0.0021116966,rna10k
0.0069082403,-0.02023825,rna10k
-0.0068076607,-0.0070244493,rna10k
-0.0013016431,0.006930744,rna10k
0.003399689,0.0030105542,rna10k
-0.0036474057,-0.005125002,rna10k
0.017296234,0.009482527,rna10k
-0.0023073538,0.0020293638,rna10k
0.005031451,-0.0012998638,rna10k
0.0067834514,0.018387225,rna10k
0.0021592283,0.004729665,rna10k
-0.0007174317,0.006356706,rna10k
-0.002969191,0.008095537,rna10k
0.0025930945,-0.022433251,rna10k
0.0053367754,-0.002043559,rna10k
-0.010806586,-0.02226071,rna10k
-0.00393862,0.0109162005,rna10k
-0.0032340558,-0.0043425653,rna10k
0.0042298627,-0.01994726,rna10k
0.00159183,0.0047921054,rna10k
-0.0020123855,0.0076429136,rna10k
0.005120675,-0.0045589334,rna10k
0.004644196,0.0036106473,rna10k
-0.007784596,0.0011303924,rna10k
-0.008091074,0.001869985,rna10k
-7.4164686e-06,0.0009697255,rna10k
-0.0104695745,0.019228106,rna10k
0.004217656,0.0021048079,rna10k
-0.011390503,0.023339689,rna10k
0.0020587307,0.0023444565,rna10k
-0.002022682,-0.02272774,rna10k
-0.0003345338,-0.00026388845,rna10k
0.0037663516,-0.0019970103,rna10k
-0.002847145,0.011252038,rna10k
0.014648062,0.000731364,rna10k
0.0031419704,-0.0057103336,rna10k
-0.0023870994,0.022113796,rna10k
0.0010048043,-0.0057083415,rna10k
0.00040600178,0.006832786,rna10k
0.0012829112,0.001496114,rna10k
-0.005926463,-0.0040972186,rna10k
0.0040978743,0.0018601824,rna10k
0.003606209,0.0017458708,rna10k
-0.0025603694,0.0069292947,rna10k
-0.0360901,-0.007320319,rna10k
-0.010114468,0.021201009,rna10k
0.047696266,0.00082539255,rna10k
0.018226413,-0.004514706,rna10k
-0.00017882824,-0.0063233,rna10k
0.050007094,0.00065368606,rna10k
-0.004669558,0.011508399,rna10k
-0.0022762732,-0.0028244331,rna10k
7.855421e-05,0.0025150392,rna10k
-0.003592115,0.0018794329,rna10k
-0.0075361277,0.0012412394,rna10k
-0.006425889,-0.006209353,rna10k
0.004937938,0.018633956,rna10k
-0.004309712,-0.0043777223,rna10k
-0.0045499834,-0.0024044162,rna10k
-0.006799356,0.00022618056,rna10k
-0.010913191,0.00018713437,rna10k
-0.008424949,0.0018246059,rna10k
0.014281116,-0.006286811,rna10k
-0.0034174297,0.021968974,rna10k
-0.009466319,-0.0046447003,rna10k
0.0028348104,-0.0011590668,rna10k
-0.006663425,-0.0010887854,rna10k
-0.0022340505,-0.0025235459,rna10k
0.0007296361,0.0043960493,rna10k
0.016476415,0.0049963687,rna10k
-0.005061913,0.025681548,rna10k
0.0029953131,0.002145051,rna10k
0.009761711,0.001688317,rna10k
-0.0052116774,-0.006041877,rna10k
-0.00048508693,0.0018372566,rna10k
-0.0054358635,0.0019010972,rna10k
-0.0008640911,-0.0040650438,rna10k
0.0071290894,-0.00062151824,rna10k
0.003269463,-0.005058539,rna10k
0.0027232878,0.0022777277,rna10k
-0.0036168168,-0.0030287367,rna10k
-0.00042548933,0.0040373257,rna10k
-0.0028060155,-0.013603528,rna10k
-0.005143,-0.014598566,rna10k
-0.0042374055,0.010792425,rna10k
0.00047508534,0.0021891,rna10k
-0.002989058,0.0018967765,rna10k
-0.00017183092,0.002126647,rna10k
-0.0023738905,0.008345274,rna10k
-0.008836871,0.01783682,rna10k
-0.0020362404,-0.020073356,rna10k
0.00040850078,0.0018954823,rna10k
0.00061226054,0.006089732,rna10k
0.0061650556,-0.0021446787,rna10k
0.024065735,0.018791728,rna10k
-0.00013474187,-0.0052995277,rna10k
-0.0026369425,0.0022962661,rna10k
0.0123259835,-0.007913569,rna10k
0.0011407974,0.0020378025,rna10k
-0.0040939613,-0.007530838,rna10k
0.00023754765,0.006434563,rna10k
0.00526623,0.00037708334,rna10k
0.000693491,0.01846057,rna10k
0.0010826599,0.018217623,rna10k
0.0038269772,-0.005974423,rna10k
-0.008710553,0.000521878,rna10k
0.003200091,-0.0018305121,rna10k
-0.006421336,-0.0064379224,rna10k
0.010621675,-0.002959669,rna10k
0.00899497,-0.0023382562,rna10k
0.0018849168,0.011210975,rna10k
0.011778311,-0.021067537,rna10k
-0.029487913,0.0045262873,rna10k
0.0011511407,0.0017918202,rna10k
-0.0007636422,-0.018477952,rna10k
0.007213847,-0.0042052194,rna10k
0.0023750155,0.0015526337,rna10k
-0.007505324,0.020242251,rna10k
-0.020980738,0.00024363573,rna10k
-0.0014204857,-0.004943531,rna10k
-0.0041665016,-0.008174626,rna10k
-0.005041729,0.010384072,rna10k
-0.011464314,0.0017208545,rna10k
0.027178442,-0.0007871119,rna10k
-0.021927292,0.000905727,rna10k
0.006579277,-0.00017302828,rna10k
-0.007939176,0.0041331607,rna10k
0.024589531,0.011424319,rna10k
-0.003206637,-0.0039063958,rna10k
-0.007311515,-0.005935501,rna10k
-0.015379026,-0.0050421874,rna10k
0.0028342896,0.0014035541,rna10k
0.0044463384,0.0018014499,rna10k
-0.0010346781,0.0069960714,rna10k
0.00087760016,-0.004849134,rna10k
0.0027376653,-0.019430637,rna10k
-0.0020395834,-0.0062525733,rna10k
-0.0054415017,-0.0058747767,rna10k
-0.003408303,-0.02500518,rna10k
0.0006518389,0.016286563,rna10k
-0.0015814677,0.0073616714,rna10k
-0.0015463831,0.0050357967,rna10k
-0.011864846,0.018522637,rna10k
-0.0037079907,-0.0049985237,rna10k
0.007613309,0.019927757,rna10k
0.014554624,0.007463762,rna10k
0.0016304132,0.002102776,rna10k
0.0012692997,-0.0031753713,rna10k
0.0029234618,0.004015104,rna10k
-0.0046143737,0.010577535,rna10k
0.0048724064,-0.0001938767,rna10k
-0.0012349244,-0.019456761,rna10k
-0.0021955825,-0.005874567,rna10k
0.0031477471,-0.0038142044,rna10k
0.002052409,0.01739543,rna10k
-0.013007963,0.00010929801,rna10k
0.005375085,-0.0062687476,rna10k
0.012126489,-0.005136564,rna10k
0.004179689,0.002190775,rna10k
-0.0065756487,0.014703208,rna10k
-0.0069268756,0.0051933327,rna10k
0.0037472742,-0.0015138485,rna10k
-0.00669591,0.0017294111,rna10k
-0.030553725,0.0106931375,rna10k
0.0066592717,-0.0055426583,rna10k
0.00076225086,0.0066870884,rna10k
-0.003573627,0.0028897964,rna10k
-0.0059313807,-0.004703737,rna10k
-0.00082642527,0.0068076956,rna10k
-0.007767739,-0.0012829395,rna10k
0.00374112,-0.021984592,rna10k
0.0041678916,-0.0194664,rna10k
0.0039401674,-0.005605176,rna10k
-0.00415891,0.0057631694,rna10k
-0.011939657,0.017774737,rna10k
0.0018296972,-0.0031344593,rna10k
0.0043441826,-0.005774433,rna10k
-0.00011167296,-0.023064615,rna10k
0.0026660052,0.001597723,rna10k
-0.007187972,-0.004993341,rna10k
-0.0053175073,0.021935847,rna10k
-0.0032675462,-0.002642626,rna10k
0.006195525,-0.005679894,rna10k
0.011316127,-0.020496134,rna10k
-0.006445582,0.0016199087,rna10k
-0.007637404,-0.010689045,rna10k
0.003196111,0.002589404,rna10k
-0.0063412064,-0.015287369,rna10k
-0.008096428,0.0016145823,rna10k
-0.009576653,0.0019269614,rna10k
0.0033225166,-0.005828495,rna10k
-0.007083584,-0.004287033,rna10k
0.001670829,0.0015618232,rna10k
0.0074721114,-0.0050161523,rna10k
0.005680011,-1.2769661e-05,rna10k
0.0012449364,-0.0036734326,rna10k
-0.00538394,-0.0065129343,rna10k
-0.0023914196,0.016817916,rna10k
0.01730217,-0.0034624462,rna10k
0.037523463,-0.00032450733,rna10k
0.0017676807,0.0018566957,rna10k
0.005308976,-0.00028874536,rna10k
0.0031898275,-0.0041364664,rna10k
-0.00043168463,-0.0042018136,rna10k
-0.0016091128,0.0076422673,rna10k
0.0016663239,-0.0011042785,rna10k
0.0028058398,-0.009947418,rna10k
-0.0071521965,-0.0056645204,rna10k
-0.037785586,0.004113301,rna10k
-0.004994392,-0.0059401616,rna10k
-0.0059600556,0.001924429,rna10k
0.0030241942,0.0014599465,rna10k
0.0025779868,0.0023606718,rna10k
-0.0026226807,-0.019569995,rna10k
0.006731922,0.018291026,rna10k
-0.011649121,0.0014241047,rna10k
0.0049797436,0.001416132,rna10k
0.00190375,2.4224835e-05,rna10k
0.02049324,0.0073479223,rna10k
-0.00046495645,0.00682825,rna10k
0.010928842,-0.005503591,rna10k
-0.0035347207,0.013109535,rna10k
0.006990785,-0.006404119,rna10k
0.0050243246,0.0019108867,rna10k
-0.0087779835,-0.00038334806,rna10k
0.0047519766,0.001990002,rna10k
-0.0041182647,-0.020818498,rna10k
-0.00087215053,0.0024031322,rna10k
0.0018529828,0.0037947337,rna10k
-0.0075891716,-0.0060455543,rna10k
-0.005075891,-0.004175285,rna10k
-0.008639925,-0.020793064,rna10k
0.009876611,0.0008249351,rna10k
-0.0008728826,-0.0027435324,rna10k
0.00044964225,-0.015023748,rna10k
-0.0002920378,0.0021887724,rna10k
0.0016558798,0.002075755,rna10k
-0.002188829,0.007740508,rna10k
-0.007528107,-0.0011708328,rna10k
0.0056215473,0.018077614,rna10k
0.0043693455,0.0027776551,rna10k
0.0023501257,-0.003955624,rna10k
-0.03294019,0.0022780253,rna10k
0.0004187938,-0.00037998584,rna10k
-0.005719536,-0.004252062,rna10k
-0.0034427007,0.0032293973,rna10k
0.003932878,-0.005692943,rna10k
0.0027795518,0.0035872404,rna10k
-0.002805116,0.0016975936,rna10k
0.0031134565,0.0027454454,rna10k
4.420433e-05,-0.0036795144,rna10k
-0.0017891325,-0.00466819,rna10k
-0.005783495,0.011380012,rna10k
-0.007901263,0.0018991142,rna10k
-0.005452176,0.009780669,rna10k
0.00901183,-0.009246277,rna10k
-0.003316093,0.0074457615,rna10k
0.005416258,-0.0059878784,rna10k
0.0015221065,-0.0052050804,rna10k
0.002518849,0.002308507,rna10k
0.0014231644,-0.022526816,rna10k
-0.0127598345,-0.0017745905,rna10k
-0.0064921477,0.0017888088,rna10k
-0.00026129218,-0.0032363872,rna10k
-0.002772443,-0.0026619262,rna10k
-0.03563505,0.0015623845,rna10k
-0.0007177219,0.002183654,rna10k
-0.024552085,0.0043266974,rna10k
-0.0070824907,-0.00035262413,rna10k
-0.0016594736,-0.0020322704,rna10k
-0.0071999435,0.0018364886,rna10k
0.0055021825,-0.0051185214,rna10k
-0.0035306267,-0.006108562,rna10k
-0.007402924,0.005717811,rna10k
-0.0046820035,0.008971682,rna10k
0.01439243,-0.003893004,rna10k
-0.00082650036,-0.0062120333,rna10k
0.013963077,-0.00536812,rna10k
0.0028222778,-0.019667167,rna10k
0.001992726,0.00213565,rna10k
0.0056185885,0.0015905944,rna10k
-0.0028966297,0.021527268,rna10k
0.0008254936,-0.022879668,rna10k
-0.008715975,0.0015244763,rna10k
-0.004311313,0.0045304177,rna10k
0.0019985305,-0.023053512,rna10k
-0.00020479654,0.0065225153,rna10k
-0.0048266966,-0.0048222234,rna10k
0.011458583,-0.005949556,rna10k
-0.0018258559,0.007131975,rna10k
-0.009645895,0.020891769,rna10k
-0.0005166946,0.020827878,rna10k
0.0064621805,-0.0022387614,rna10k
0.0017391425,-0.021734046,rna10k
-0.01137062,0.002956649,rna10k
-0.0027526838,0.0067879288,rna10k
0.0067676436,-0.0067504034,rna10k
0.008088101,0.008554783,rna10k
-0.0022131645,-0.005819753,rna10k
0.0005724757,0.0022577785,rna10k
-0.0002167311,-0.006005524,rna10k
-0.0016146983,0.006209793,rna10k
-0.001734536,-0.01478585,rna10k
0.0034596205,-0.0046856957,rna10k
0.0040838323,0.00042924975,rna10k
-0.011325734,0.0028420181,rna10k
0.0016040355,-0.0025236427,rna10k
0.006001017,-0.0004550324,rna10k
-0.0073632454,0.0015365041,rna10k
0.0032208508,-0.0014080768,rna10k
-0.0024709492,0.0077777463,rna10k
-0.001894684,-0.003525517,rna10k
0.0013393739,-0.02020249,rna10k
-0.0039404845,-0.01434322,rna10k
-0.000776477,0.007765604,rna10k
-0.0076565896,0.021072073,rna10k
-0.009403651,0.0075611128,rna10k
0.009156082,0.019680284,rna10k
-0.0014886535,0.017451474,rna10k
0.04992093,-0.00058785034,rna10k
0.0037557678,-0.021506758,rna10k
0.0012403758,0.012213512,rna10k
0.0045017772,-0.0031060511,rna10k
0.010142004,-0.0025402005,rna10k
-0.002407404,0.0013759319,rna10k
-0.0017138629,0.0075239227,rna10k
0.0005825394,-0.0037504411,rna10k
0.005896044,-0.002168328,rna10k
0.049031626,0.0018196097,rna10k
0.0036051767,-0.02271418,rna10k
0.003923907,0.0005367923,rna10k
0.0018838352,0.0016669501,rna10k
0.00094860955,0.0020877405,rna10k
0.009073797,-0.0022205736,rna10k
0.005279363,0.0012871968,rna10k
0.0030110453,-0.020600457,rna10k
0.012884424,-0.0070203887,rna10k
0.00248114,0.0013207941,rna10k
-0.00029536927,-0.021313313,rna10k
-0.0017951739,-0.0037409777,rna10k
0.0019274858,0.0021923364,rna10k
0.0015836578,-0.013654062,rna10k
0.0031801972,0.0021519626,rna10k
-0.0006701397,0.006949141,rna10k
0.009588179,-0.0017130307,rna10k
0.021645779,0.005496659,rna10k
-0.0076584266,-0.006552811,rna10k
-0.005567003,-0.0062228893,rna10k
0.0046511786,0.0012970711,rna10k
-0.006384052,-0.0044257655,rna10k
-0.0017204362,-0.0064462167,rna10k
0.00804532,0.019035926,rna10k
0.0055526323,-0.0044929683,rna10k
-0.01654089,-0.0024723432,rna10k
0.01657157,0.0035834091,rna10k
-0.00092759466,0.002157586,rna10k
-0.019806307,0.009739802,rna10k
0.019783314,-0.0020856534,rna10k
0.0034280398,0.0021891717,rna10k
0.0036694661,0.0019838747,rna10k
-0.00352929,-0.0038744363,rna10k
-0.009198105,0.021246603,rna10k
-0.004571928,-0.0014087918,rna10k
0.0025166557,0.0031670495,rna10k
0.004018224,0.019257808,rna10k
0.0025079139,-0.0213732,rna10k
0.04266825,0.0031652271,rna10k
0.003011358,0.0022611965,rna10k
0.008595734,-0.0063503566,rna10k
0.008246141,-0.001983003,rna10k
-0.0047398554,0.002587488,rna10k
0.014575301,-0.014916159,rna10k
0.0070790816,-0.0022310193,rna10k
0.0027597188,0.0062642605,rna10k
0.005288006,-0.0057525793,rna10k
0.0047078277,-0.0037701777,rna10k
-0.0028873265,0.0025231284,rna10k
-0.010026851,-0.0069075753,rna10k
0.00070579106,0.0060444404,rna10k
0.006995475,-0.005727001,rna10k
0.0063032284,-0.020427613,rna10k
-0.013308807,0.011486554,rna10k
0.022581095,-0.0018267455,rna10k
-0.0023222629,0.007079712,rna10k
0.009938962,-0.006351298,rna10k
0.008367245,0.018396247,rna10k
-0.0060906536,0.0064294287,rna10k
-0.0050788387,0.0018410307,rna10k
-0.009193175,-0.010387001,rna10k
-0.015804913,-0.0009681366,rna10k
-0.003484974,0.0015099223,rna10k
-0.0038292834,0.010281362,rna10k
-0.00085352705,-0.004601155,rna10k
-0.0024403017,0.007856146,rna10k
0.02747899,0.0018009396,rna10k
-0.0059354547,-0.004781018,rna10k
-0.0015122406,-0.0008707606,rna10k
-0.0001372261,0.007040619,rna10k
0.012782071,-0.0032199118,rna10k
-0.012400728,0.018784951,rna10k
0.0064332807,0.018868146,rna10k
-0.004887378,0.001954496,rna10k
0.011066248,0.019298578,rna10k
-0.0036574497,-0.00605492,rna10k
-0.0034011349,0.010355559,rna10k
-0.0039211614,0.011384496,rna10k
-0.0037284917,0.007847708,rna10k
-0.004122064,0.0022618072,rna10k
-0.0074531604,-0.0048992457,rna10k
-0.0025228844,0.0024410104,rna10k
7.2734925e-05,0.0021239803,rna10k
-0.0023371982,-0.020758258,rna10k
-0.009618509,0.01920756,rna10k
0.00271804,-0.0037352394,rna10k
-0.004178542,0.013362091,rna10k
-0.0017646849,0.0020396644,rna10k
-0.009198843,0.0013806366,rna10k
-0.003309331,0.0075134705,rna10k
-0.011370898,0.00094194926,rna10k
0.00066720473,-0.006605762,rna10k
0.0066396426,0.01096704,rna10k
-0.00960611,0.0012871581,rna10k
0.0038901023,0.0025353997,rna10k
0.0035096246,-0.0031356527,rna10k
0.00037046053,0.00603585,rna10k
-0.0046205507,0.0019003544,rna10k
-0.010077331,-0.011087746,rna10k
0.0015089527,-0.0034724579,rna10k
0.0017566549,0.0092112245,rna10k
-0.0037434977,-0.0067255255,rna10k
0.005568052,0.0017119836,rna10k
-0.011312149,0.018286556,rna10k
0.004622157,0.004095663,rna10k
-0.0034306198,-0.006472938,rna10k
0.00050650403,0.0062241126,rna10k
0.0037327004,0.0071655503,rna10k
-0.00039709712,0.0055172644,rna10k
-0.0051548774,-0.0049107177,rna10k
0.0035721746,-0.005953197,rna10k
-0.0055143964,-0.0025416424,rna10k
-0.011709945,0.0055632675,rna10k
0.0046943836,-0.0061465893,rna10k
-0.0044059074,0.0016907894,rna10k
0.0058500273,-0.0023377275,rna10k
-0.001781548,0.0021895918,rna10k
-0.0048335134,0.0018259234,rna10k
-0.0037499233,0.014217509,rna10k
-0.008388455,-0.0036054684,rna10k
-0.007849328,-0.01581333,rna10k
-0.0035495313,0.0074492246,rna10k
-9.977086e-05,-0.003908399,rna10k
0.00090705714,0.0024293254,rna10k
0.010812951,0.010811387,rna10k
-0.001987703,-0.020174706,rna10k
-0.008402328,0.0018528707,rna10k
0.00175238,0.0015327511,rna10k
-0.0016342589,0.0044601294,rna10k
-0.008876341,0.020613968,rna10k
-0.0010418897,0.00200504,rna10k
-0.00457973,-0.0054205335,rna10k
0.008298194,-0.006371122,rna10k
0.0018859898,0.0017505689,rna10k
0.0008422887,-0.005062116,rna10k
-0.030474367,-0.006119781,rna10k
0.0050235093,-0.0006783017,rna10k
-0.006272181,-0.006172547,rna10k
0.000891049,0.0019843173,rna10k
0.0019929593,0.001782678,rna10k
-0.009135939,0.004101936,rna10k
0.0012147013,-0.020802317,rna10k
-0.008893678,0.0012514694,rna10k
-0.001968934,-0.023194434,rna10k
0.0018221724,-0.00086048216,rna10k
-0.012102368,0.0006186819,rna10k
0.011430417,0.00396985,rna10k
-0.0027583065,-3.7973277e-05,rna10k
-0.003730007,-0.015939418,rna10k
0.0035469444,3.385471e-05,rna10k
0.0036610675,-0.00011297466,rna10k
0.0019375471,0.00073491153,rna10k
-0.0071829325,-0.0034794456,rna10k
0.001000479,-0.0035075983,rna10k
0.001365452,-0.024363866,rna10k
0.0011270957,0.021732239,rna10k
0.019541059,0.0049536666,rna10k
0.0016130503,-0.00220627,rna10k
-0.0009750182,0.0056878394,rna10k
-0.0030986792,-0.013200381,rna10k
-0.010120515,0.0012395761,rna10k
-0.001165588,-0.005851319,rna10k
0.008098523,-0.0027009435,rna10k
-0.00013852394,-0.0051993593,rna10k
0.00019204462,0.006401312,rna10k
-0.003890822,0.008827685,rna10k
0.017899683,-0.022559356,rna10k
-0.007384532,0.002722545,rna10k
-0.0058265585,0.0016974615,rna10k
0.0424485,0.004856623,rna10k
0.0047064684,-0.0059447726,rna10k
0.0049218778,-0.0059088287,rna10k
0.009833056,0.0053362963,rna10k
0.0003637605,0.0022521887,rna10k
0.008341981,-0.0057608187,rna10k
-0.010184802,0.0009398624,rna10k
0.004393821,0.002136891,rna10k
0.0033737896,0.0006829812,rna10k
0.0003904114,-0.005372618,rna10k
-0.0031332497,-0.00308877,rna10k
-6.160332e-05,0.003103933,rna10k
0.0027926774,0.006414683,rna10k
-0.0048822598,0.002891735,rna10k
0.00016783088,0.006242661,rna10k
-0.007205568,-6.966889e-05,rna10k
-0.0031298273,-0.0036839251,rna10k
0.004636728,-0.0035044942,rna10k
-0.0018125689,-0.020976685,rna10k
-0.0045480514,0.0018721374,rna10k
0.0061106,0.0016422133,rna10k
0.007851328,0.019751519,rna10k
0.007664317,-0.0024175688,rna10k
-0.0012463998,-0.0037010645,rna10k
0.027782016,-0.0015387506,rna10k
0.0016583949,0.0015489778,rna10k
0.0032508287,0.0015175187,rna10k
0.0005182355,0.0064938813,rna10k
0.011734973,-0.0015326615,rna10k
-0.0034133068,0.0028416605,rna10k
-0.0031329824,-0.024966257,rna10k
0.0010158517,0.004953827,rna10k
0.002480706,-0.0025567473,rna10k
-0.0075103585,0.0016116721,rna10k
0.0006315809,-0.0033780932,rna10k
0.0022266344,-0.021631747,rna10k
0.00011398542,-0.005169289,rna10k
0.02023481,0.0047767493,rna10k
0.0026103,0.0021850627,rna10k
0.0016634113,-0.0052076043,rna10k
-0.0086731715,0.011056752,rna10k
0.053299017,0.00089895376,rna10k
-0.0015808673,0.0079755895,rna10k
0.0040821796,-0.0019298674,rna10k
0.0025738077,-0.0060175047,rna10k
-0.027895847,0.001221899,rna10k
0.0031526587,0.0030498886,rna10k
0.0007995098,-0.005668333,rna10k
0.002432309,-0.021696188,rna10k
0.001953535,-0.027735531,rna10k
-0.0069225347,0.0018127778,rna10k
0.004749339,0.0013713093,rna10k
-0.0037473796,0.013286701,rna10k
0.0062092375,-0.0018273301,rna10k
-0.020598091,0.0042491117,rna10k
-0.0032606495,0.015011321,rna10k
0.005228562,0.0010262543,rna10k
-0.0014716496,-0.003548023,rna10k
-0.0046192813,-0.021109324,rna10k
-0.0074961674,0.001733323,rna10k
-0.00172215,0.0050220005,rna10k
0.0066567734,-0.0044227843,rna10k
-0.0031378327,0.013997764,rna10k
-0.0037121568,0.0019383156,rna10k
0.0007396012,0.0025141474,rna10k
0.016787414,0.0057626343,rna10k
0.001277569,5.0056267e-05,rna10k
-0.0021054996,0.008295801,rna10k
-0.006631073,0.001966943,rna10k
-0.0069359327,-0.0042056963,rna10k
-0.0013125525,-0.00616861,rna10k
-0.006999768,0.0061842985,rna10k
-0.0016001265,0.0019690504,rna10k
-0.004675501,0.0017629365,rna10k
-0.010220783,0.0015553785,rna10k
-0.0005024865,0.006053581,rna10k
-0.00055355066,-0.001343351,rna10k
0.014224874,0.018430121,rna10k
0.0023519665,-0.0029408024,rna10k
-0.0035576422,0.0067453682,rna10k
0.0018798119,0.0006844291,rna10k
0.008719429,-0.004863733,rna10k
0.02646796,-0.0013871436,rna10k
0.008891096,-0.0048502125,rna10k
0.0047220616,-0.0036466452,rna10k
0.0056523285,0.0054129036,rna10k
0.0061282422,-0.0060571404,rna10k
-0.004343101,0.010939801,rna10k
0.0027990504,0.003918198,rna10k
-0.0050705983,-0.020698613,rna10k
-0.010481732,-0.022945624,rna10k
0.0027419722,0.0027355554,rna10k
0.003580763,-0.0033844777,rna10k
-0.006072418,-0.020278867,rna10k
-0.0023742614,0.0018242534,rna10k
5.425713e-06,0.006863546,rna10k
-0.0012454187,-0.011828666,rna10k
0.004494053,-0.006043645,rna10k
0.006107743,0.0010835789,rna10k
0.005953889,0.00040138717,rna10k
0.004725097,-0.0061703916,rna10k
0.0029639583,-0.021328954,rna10k
0.0047869864,0.0011189812,rna10k
0.006568524,-0.0017120191,rna10k
-0.003906948,0.0066583427,rna10k
0.0018022503,0.018523687,rna10k
0.009850487,-0.0033419775,rna10k
0.02472161,-0.0016513237,rna10k
0.0002242784,0.004838097,rna10k
0.0033780849,-0.01914059,rna10k
0.001112673,-0.021292431,rna10k
0.0036259436,-0.0014151607,rna10k
-0.0008169926,-0.0038190773,rna10k
0.0043157223,-0.0015062091,rna10k
-0.00863862,-0.015152303,rna10k
-0.0008541679,-0.001375258,rna10k
-0.003136395,-0.0018608208,rna10k
-0.0021284902,0.007372334,rna10k
0.0026234768,-0.021154255,rna10k
0.0037646338,-0.0055459156,rna10k
-0.005133428,0.0016803753,rna10k
0.0017656718,0.001774413,rna10k
0.0027550873,0.005066017,rna10k
-0.0020687347,0.0071327672,rna10k
0.0052554314,-0.002363124,rna10k
-0.0067655295,-0.0064136777,rna10k
-0.01268049,0.018747319,rna10k
0.0012721139,-0.0012600214,rna10k
-0.0031693275,0.0018645839,rna10k
0.0031453336,-0.005878146,rna10k
-0.00705329,-0.00573456,rna10k
0.004073576,-0.002043626,rna10k
-0.011528552,-0.0044541615,rna10k
-0.0049655065,0.0013825987,rna10k
0.006009411,0.00043428515,rna10k
-0.0038436472,-0.0023760907,rna10k
-0.0077460674,-0.021270623,rna10k
-0.004688533,-0.0048033507,rna10k
0.000701327,-0.004663807,rna10k
0.001211567,-0.005762439,rna10k
0.013359926,0.0011413316,rna10k
-0.0017624556,0.008018655,rna10k
-0.010191173,0.0009785519,rna10k
-0.004480327,0.008927898,rna10k
-0.0058180564,0.0015822332,rna10k
0.0057129506,0.0006747425,rna10k
0.0015485053,0.0021445923,rna10k
-0.013375071,-0.0028968032,rna10k
-0.0052078,0.014133621,rna10k
-0.0026059547,0.0018572623,rna10k
0.0029063828,-0.005508846,rna10k
0.00015327803,-0.0044576176,rna10k
0.0045219716,0.00031692287,rna10k
-0.0043972735,0.013619221,rna10k
0.0036501845,-0.0023739596,rna10k
-0.004011018,0.0022450094,rna10k
0.0046272785,0.0016362017,rna10k
-0.007228136,0.001992713,rna10k
0.0024535235,0.0031436116,rna10k
0.007491634,-0.0030839175,rna10k
-0.0063844235,-0.00547211,rna10k
0.004154296,-0.0061062165,rna10k
-0.0007131399,0.010274663,rna10k
-0.006374073,-0.0011951487,rna10k
0.0014609185,0.0032540944,rna10k
0.006481448,0.0004958096,rna10k
-0.01345802,-0.027432688,rna10k
0.0056556533,-0.00039614463,rna10k
0.0035242562,0.0012014265,rna10k
0.0019182544,0.0018291811,rna10k
0.021574507,-0.0023613865,rna10k
0.002490182,0.0024161956,rna10k
0.0010510605,-0.0024529167,rna10k
0.0018803981,0.002501293,rna10k
-0.00065710215,-0.040622506,rna10k
0.00032974154,-0.0032261205,rna10k
0.010884416,-0.0017390046,rna10k
-0.0012146143,-0.0064284066,rna10k
-0.0049572852,0.002041642,rna10k
0.0014742358,0.0023367652,rna10k
-0.00030510756,0.0065318444,rna10k
0.005155629,0.0014237688,rna10k
0.0021703946,0.0020693447,rna10k
0.0022395528,0.002088291,rna10k
0.012019472,0.020006921,rna10k
0.006233461,-0.005579455,rna10k
0.0012485345,-0.0025473894,rna10k
0.0002970368,0.015589632,rna10k
-0.016326899,-0.0035723683,rna10k
-0.0012949529,-0.020968813,rna10k
0.0043066666,-0.0037488546,rna10k
-0.005966666,-0.006022634,rna10k
0.00493487,-0.0067830184,rna10k
-0.0013422248,0.014354623,rna10k
0.006777025,-0.0009841586,rna10k
-0.008001438,0.002733045,rna10k
-0.010245563,0.0015018996,rna10k
-0.0029305306,0.0018975497,rna10k
-0.0031372944,-0.005126445,rna10k
-0.007813694,0.004559222,rna10k
-0.0009455967,0.007618233,rna10k
0.0018013689,0.0025754278,rna10k
0.0025385977,-0.00018148929,rna10k
0.018786557,0.0040393453,rna10k
-0.0052291774,0.011149164,rna10k
0.004678418,0.0021200182,rna10k
0.017901333,-0.0017772192,rna10k
-0.026799737,-0.0013915619,rna10k
0.0033717067,0.002761284,rna10k
0.000115138966,0.0023746274,rna10k
0.005443327,-0.004353367,rna10k
-0.0021394484,0.0018445967,rna10k
0.0005920837,0.0047812476,rna10k
-0.0015615997,0.00655544,rna10k
0.0050063767,0.0056676427,rna10k
0.00305807,0.004900713,rna10k
0.00406084,0.0008732062,rna10k
0.0062616356,-0.0006784206,rna10k
-0.0069611208,0.0061551984,rna10k
-0.0016976842,0.008450848,rna10k
-0.00077045686,0.0019529335,rna10k
-0.003183995,-0.00019020982,rna10k
0.0025013834,-0.022147495,rna10k
0.0018423031,0.0032016593,rna10k
-0.0015161918,-0.006264325,rna10k
-0.013807656,-0.0060730646,rna10k
0.00028711572,0.0025068857,rna10k
-0.008575268,0.0022507382,rna10k
0.0054972894,0.00097634416,rna10k
-0.011989884,-0.010091522,rna10k
0.008826903,0.0017269021,rna10k
-0.0032224685,-0.004793561,rna10k
0.001047094,-0.0070114885,rna10k
-0.0032993616,0.021869889,rna10k
0.005431633,0.0022777529,rna10k
0.0005927017,0.0019538188,rna10k
0.0014536213,0.0045469315,rna10k
0.004903647,0.018445583,atac10k_ext
-0.009242213,-0.009884213,atac10k_ext
0.0015115918,-0.00743769,atac10k_ext
0.010724579,-0.010351638,atac10k_ext
0.012994006,0.010312759,atac10k_ext
-0.012155791,0.013087912,atac10k_ext
-0.014020769,-0.009634741,atac10k_ext
0.001388737,-0.011237043,atac10k_ext
-0.010688515,-0.021158703,atac10k_ext
-0.013426502,0.0066796793,atac10k_ext
-0.011773663,-0.0053401925,atac10k_ext
-0.0067442413,0.008343908,atac10k_ext
-0.007082109,0.00787085,atac10k_ext
0.0012702455,-0.0028305477,atac10k_ext
-0.01526546,-0.010385369,atac10k_ext
0.01813046,0.004442085,atac10k_ext
0.009952059,0.012483294,atac10k_ext
0.0025824762,0.015294684,atac10k_ext
-0.016424878,0.013645764,atac10k_ext
0.003438084,-0.0046307757,atac10k_ext
-0.0056018145,0.010949145,atac10k_ext
0.007067447,0.0108593665,atac10k_ext
0.0009912226,0.012364987,atac10k_ext
-0.015628777,0.014317916,atac10k_ext
-0.014431684,0.009392726,atac10k_ext
-0.014623329,0.013089586,atac10k_ext
0.02003994,0.013668753,atac10k_ext
0.0015907221,0.002226548,atac10k_ext
-0.0014650428,-0.018031137,atac10k_ext
-0.014725579,0.003609629,atac10k_ext
-0.010020608,0.0041333875,atac10k_ext
-0.012988827,0.0053242277,atac10k_ext
0.023696406,-0.027744357,atac10k_ext
0.026279101,0.0069871363,atac10k_ext
0.00040449316,0.014516416,atac10k_ext
0.0016177298,-0.0073092612,atac10k_ext
-0.006129129,-0.007194709,atac10k_ext
-0.009381703,-0.01891147,atac10k_ext
-0.0071002077,0.0075683896,atac10k_ext
0.0010806957,0.013330559,atac10k_ext
-0.0005387622,0.008599284,atac10k_ext
0.01230049,0.015089814,atac10k_ext
0.00717453,-0.00422095,atac10k_ext
-0.021066854,-0.009461579,atac10k_ext
-0.008128019,-0.010462669,atac10k_ext
-0.013435862,0.005348732,atac10k_ext
0.00813076,0.0033545531,atac10k_ext
-0.0018219163,0.0039278967,atac10k_ext
0.006306288,0.0114025725,atac10k_ext
0.0029625257,0.010201309,atac10k_ext
0.0026055754,-0.006681231,atac10k_ext
-0.0062596435,0.009539363,atac10k_ext
0.0048641195,-0.0067374352,atac10k_ext
0.0069666845,0.019220296,atac10k_ext
-0.012111524,-0.00509849,atac10k_ext
-0.0019427483,0.018128678,atac10k_ext
0.012384426,0.010150339,atac10k_ext
-0.00618785,0.008126912,atac10k_ext
-0.0020317098,0.0014190214,atac10k_ext
0.017612929,-0.007188496,atac10k_ext
-0.00072942796,-0.0051743933,atac10k_ext
0.014581036,-0.013578593,atac10k_ext
-0.01076976,0.010713105,atac10k_ext
0.0024340304,-0.0066106822,atac10k_ext
0.0064043333,0.013261871,atac10k_ext
-0.0051311688,0.01483924,atac10k_ext
-0.016538655,0.00062159623,atac10k_ext
0.0072707026,0.009196596,atac10k_ext
-0.0028689716,0.016622305,atac10k_ext
-0.007345845,0.009735071,atac10k_ext
-0.009563741,0.013577378,atac10k_ext
-0.020243665,0.0056338715,atac10k_ext
-0.0060295146,-0.009687302,atac10k_ext
0.0040211836,-0.011861139,atac10k_ext
-0.006018779,0.005213695,atac10k_ext
0.0077494746,0.0071572065,atac10k_ext
0.00691037,0.0074487478,atac10k_ext
0.015472187,0.01601196,atac10k_ext
0.008934289,0.010326891,atac10k_ext
0.015514222,-0.0029232749,atac10k_ext
-0.031485435,-0.0067160875,atac10k_ext
0.038871758,-0.0052412683,atac10k_ext
-0.010671179,-0.012185204,atac10k_ext
0.010043501,-0.009636598,atac10k_ext
-0.012999985,0.011240735,atac10k_ext
0.008540539,-0.011235639,atac10k_ext
0.0019408491,-0.005961026,atac10k_ext
0.0029473044,-0.013550256,atac10k_ext
0.0040337774,-0.009737063,atac10k_ext
-0.0057518636,-0.002945336,atac10k_ext
-0.0016017085,0.0056776134,atac10k_ext
-0.0026602778,-0.009037563,atac10k_ext
0.015176581,0.015992574,atac10k_ext
0.019757738,-0.0032591105,atac10k_ext
-0.00020232792,-0.0062310295,atac10k_ext
0.0037479054,0.006871078,atac10k_ext
-0.015660705,-0.010597276,atac10k_ext
0.027848419,0.014364791,atac10k_ext
0.004813996,0.012579305,atac10k_ext
0.009545605,0.0010459195,atac10k_ext
0.0085259685,0.009375815,atac10k_ext
0.0021939178,-0.008357647,atac10k_ext
-0.024648977,-0.0116573945,atac10k_ext
-0.0048906268,-0.008811454,atac10k_ext
0.00010761201,-0.006195291,atac10k_ext
-0.016414186,-0.00059290015,atac10k_ext
-0.0048374105,0.013721498,atac10k_ext
0.019290792,0.012117785,atac10k_ext
0.019121103,0.0069701625,atac10k_ext
0.020970026,-0.019821644,atac10k_ext
-0.0006812596,0.0084407935,atac10k_ext
0.00020817376,0.008013645,atac10k_ext
-0.025080988,0.009121442,atac10k_ext
-0.006293394,0.012273895,atac10k_ext
-0.007915611,-0.010602995,atac10k_ext
0.010651265,0.011917888,atac10k_ext
-0.009236284,0.010714879,atac10k_ext
-0.018026285,-0.010925699,atac10k_ext
0.02319622,-0.015261702,atac10k_ext
-0.013679248,0.012286119,atac10k_ext
0.0035770137,0.010864882,atac10k_ext
-0.030383408,-0.007880166,atac10k_ext
-0.017627131,-0.0089028925,atac10k_ext
-0.003900884,0.0012206855,atac10k_ext
0.0027612126,-0.013117633,atac10k_ext
-0.009008261,0.010947107,atac10k_ext
0.00311358,0.0076067834,atac10k_ext
0.0006457101,0.016088888,atac10k_ext
-0.012987004,-0.010029025,atac10k_ext
0.014291238,0.00018105816,atac10k_ext
0.0003314627,-0.004558943,atac10k_ext
0.0015922013,0.009277672,atac10k_ext
0.007877766,0.009318408,atac10k_ext
-0.011513089,0.0049024527,atac10k_ext
-0.0059564863,0.010222245,atac10k_ext
0.004831108,-0.022838216,atac10k_ext
0.008563113,0.012621491,atac10k_ext
0.018294109,-0.00548795,atac10k_ext
-0.014385602,-0.008840927,atac10k_ext
-0.0019238555,0.003875592,atac10k_ext
-0.010014111,-0.009637407,atac10k_ext
0.01928415,0.011816882,atac10k_ext
-0.0063424213,0.0075343833,atac10k_ext
0.0018010769,-0.0023016399,atac10k_ext
0.004848086,0.008211432,atac10k_ext
-0.020025622,0.004146457,atac10k_ext
-0.015095489,0.0037559655,atac10k_ext
-0.006310604,0.008208839,atac10k_ext
-0.028180918,0.012952684,atac10k_ext
-0.014690127,0.009822872,atac10k_ext
0.016345482,0.012137849,atac10k_ext
0.0020062474,0.01624534,atac10k_ext
-0.022388887,0.014579894,atac10k_ext
-0.006123639,-0.00059494126,atac10k_ext
0.012431128,0.012488058,atac10k_ext
0.014523612,0.008590395,atac10k_ext
-0.009326162,-0.016313914,atac10k_ext
0.002254972,-0.0079388255,atac10k_ext
0.000118214164,-0.025058089,atac10k_ext
-0.007625881,0.008254092,atac10k_ext
-0.0035000187,0.01042866,atac10k_ext
-0.028626928,0.016711047,atac10k_ext
0.00041738365,-0.025917813,atac10k_ext
-0.0031267733,-0.01064478,atac10k_ext
-0.019977571,0.01167566,atac10k_ext
-0.0010439898,0.009566698,atac10k_ext
-0.009640254,0.008685557,atac10k_ext
-0.017995024,-0.0025803251,atac10k_ext
0.0029769146,0.011408525,atac10k_ext
-0.0027022946,0.00922795,atac10k_ext
0.008991678,-0.020351585,atac10k_ext
0.014590616,-0.009731405,atac10k_ext
-0.002059296,0.009667742,atac10k_ext
-0.012515332,-0.008026446,atac10k_ext
0.016995652,0.0068527954,atac10k_ext
-0.0008655459,0.007933298,atac10k_ext
0.014068803,0.0096507715,atac10k_ext
-0.0042910315,0.010932042,atac10k_ext
-0.007591435,-0.011414947,atac10k_ext
-0.011104526,0.0098027,atac10k_ext
0.010060227,0.016655687,atac10k_ext
0.013891118,-0.010070172,atac10k_ext
-0.009362443,-0.013823141,atac10k_ext
0.019531917,0.013262215,atac10k_ext
0.00444636,0.0013508648,atac10k_ext
0.007192349,0.008827693,atac10k_ext
-0.0134231215,-0.012320302,atac10k_ext
-0.026251102,-0.013945141,atac10k_ext
0.00075442105,-0.010925801,atac10k_ext
-0.0059488015,0.0005456365,atac10k_ext
0.014107219,0.006393174,atac10k_ext
-0.0031384963,0.010966187,atac10k_ext
0.01105559,0.014885596,atac10k_ext
-0.011336665,-0.012509805,atac10k_ext
0.0025811177,-0.0027799273,atac10k_ext
-0.0077486383,-0.006100664,atac10k_ext
0.0011048282,-0.005509834,atac10k_ext
0.0032796904,0.011127023,atac10k_ext
0.004316709,0.016685912,atac10k_ext
-0.0030290433,-0.008715516,atac10k_ext
0.0005806308,0.009847149,atac10k_ext
-0.010148224,0.0074687144,atac10k_ext
0.0064784293,-0.012538493,atac10k_ext
0.019950222,-0.0075389575,atac10k_ext
-0.009097538,-0.013580197,atac10k_ext
-0.008020277,0.006368299,atac10k_ext
-0.004530893,0.012764167,atac10k_ext
-0.021079147,-0.010690332,atac10k_ext
-0.0033865133,-0.012269565,atac10k_ext
-0.009218683,0.00882027,atac10k_ext
0.0011540755,0.008243883,atac10k_ext
0.019962039,-0.010108983,atac10k_ext
-0.008817535,0.0028072766,atac10k_ext
0.009930653,0.0041993107,atac10k_ext
0.009208638,0.0040799933,atac10k_ext
-0.011516457,0.012787964,atac10k_ext
-0.0037346985,0.01010537,atac10k_ext
0.011866849,-0.00604379,atac10k_ext
0.00040657166,0.013811727,atac10k_ext
0.017561588,0.006550632,atac10k_ext
-0.017286772,0.008921463,atac10k_ext
-0.0011401554,0.009791381,atac10k_ext
-0.021883762,-0.008005249,atac10k_ext
0.006047785,-0.0018275755,atac10k_ext
0.0012396919,-0.0042704977,atac10k_ext
-0.009382692,-0.003683594,atac10k_ext
0.022044858,-0.017269675,atac10k_ext
0.0060109952,0.010687477,atac10k_ext
0.020499531,0.0015851406,atac10k_ext
-0.004711231,-0.024866628,atac10k_ext
-0.005681605,0.010439031,atac10k_ext
0.004129132,-0.010178477,atac10k_ext
-0.02095122,-0.013253157,atac10k_ext
0.016587943,0.0029807768,atac10k_ext
-0.017078316,-0.016843464,atac10k_ext
0.004896729,-0.0005963706,atac10k_ext
0.0044335355,0.0074785287,atac10k_ext
0.005979956,0.00913429,atac10k_ext
0.0028442056,0.009362213,atac10k_ext
0.010946158,-0.0076150256,atac10k_ext
0.024928357,0.0066825906,atac10k_ext
0.005742053,-0.011714126,atac10k_ext
-0.004592109,-0.007899263,atac10k_ext
-0.017528024,-0.011647449,atac10k_ext
-0.00013963536,0.008084119,atac10k_ext
0.011425072,0.009656327,atac10k_ext
-0.00025877447,-0.008842457,atac10k_ext
-0.0068729054,0.007977252,atac10k_ext
0.0012925516,0.008239954,atac10k_ext
-0.0043867175,-0.0057319626,atac10k_ext
0.0019776647,0.007803587,atac10k_ext
-0.008275386,0.011819361,atac10k_ext
-0.01598803,-0.00020040284,atac10k_ext
-0.0016075886,-0.009637199,atac10k_ext
0.0036657455,0.013835515,atac10k_ext
-0.005634171,-0.0056512826,atac10k_ext
0.006792259,0.0132838525,atac10k_ext
-0.0096530765,0.011084374,atac10k_ext
0.0085783675,0.0071703885,atac10k_ext
0.0029445419,-0.0076932088,atac10k_ext
0.007690383,0.0149630755,atac10k_ext
0.007915764,0.005441997,atac10k_ext
0.013671774,-0.014994764,atac10k_ext
0.009398372,-0.0073355036,atac10k_ext
0.005055837,-0.008817256,atac10k_ext
-0.025933327,-0.014121243,atac10k_ext
-0.021394731,0.008531251,atac10k_ext
0.0015514629,-0.0071280953,atac10k_ext
-0.013387492,0.008902863,atac10k_ext
0.002155509,-0.026831167,atac10k_ext
0.011712398,-0.00489577,atac10k_ext
0.0021521093,0.008907424,atac10k_ext
-0.0005560538,0.01924465,atac10k_ext
-0.005213319,0.015817752,atac10k_ext
0.0026593262,0.015422632,atac10k_ext
0.013266286,0.013705434,atac10k_ext
-0.004599031,0.011973079,atac10k_ext
0.0017550883,0.010091046,atac10k_ext
-0.0073463568,0.009492325,atac10k_ext
-0.00037954966,-0.0059163924,atac10k_ext
0.0062384205,0.0068332874,atac10k_ext
-0.019156953,0.011803536,atac10k_ext
-0.010294411,-0.0053928834,atac10k_ext
0.010165965,-0.0014352895,atac10k_ext
0.012108732,-0.020192262,atac10k_ext
0.009492548,0.0051080994,atac10k_ext
-0.013126102,0.009879029,atac10k_ext
-0.0014001809,0.009769435,atac10k_ext
0.01214133,0.015067821,atac10k_ext
-0.007242528,0.017512033,atac10k_ext
-0.013293438,0.005447714,atac10k_ext
0.021315238,0.0067147017,atac10k_ext
0.010800799,0.008953102,atac10k_ext
0.0012495931,0.011319683,atac10k_ext
0.0077790413,-0.010507567,atac10k_ext
-0.012167313,0.0031794137,atac10k_ext
-0.009280714,-0.017509839,atac10k_ext
-0.016269384,0.0062238197,atac10k_ext
0.01771479,0.019493626,atac10k_ext
0.0023945263,0.013176633,atac10k_ext
-0.0013571676,0.007248276,atac10k_ext
-0.009830693,0.016659042,atac10k_ext
0.02145586,0.003392684,atac10k_ext
-0.005969872,0.01248704,atac10k_ext
0.002604166,-0.010296711,atac10k_ext
0.0052982485,0.0038019477,atac10k_ext
0.0018225402,-0.0064840666,atac10k_ext
0.00074546575,0.011468107,atac10k_ext
0.009156689,0.01664079,atac10k_ext
0.01032213,-0.0036773924,atac10k_ext
-0.006553393,-0.0021049497,atac10k_ext
0.0034320469,0.011868994,atac10k_ext
-0.0057120277,0.0057347934,atac10k_ext
-0.0007766774,-0.0033289255,atac10k_ext
0.0022457761,-0.0035461113,atac10k_ext
0.0145024285,-0.0071255113,atac10k_ext
-0.002041447,0.012135202,atac10k_ext
-0.011103002,-0.008990258,atac10k_ext
0.00785073,0.010340068,atac10k_ext
0.0005607204,0.011536595,atac10k_ext
-0.017292088,0.010961378,atac10k_ext
0.012082626,0.0006460224,atac10k_ext
0.01682764,-0.0046179816,atac10k_ext
-0.0011164442,-0.004191799,atac10k_ext
0.010512187,0.0100701805,atac10k_ext
0.004115077,-0.0030332399,atac10k_ext
-0.0116889505,-0.0086630415,atac10k_ext
0.013883415,0.015592064,atac10k_ext
-0.011750646,-0.015718678,atac10k_ext
-0.003097539,0.010724574,atac10k_ext
-0.005670689,-0.0097204875,atac10k_ext
0.022792442,-0.015759218,atac10k_ext
0.0015806466,0.010991652,atac10k_ext
0.0035777953,0.010961633,atac10k_ext
0.0018436486,-0.003569909,atac10k_ext
-0.0150159355,-0.0067189103,atac10k_ext
0.0022232488,0.016722297,atac10k_ext
-0.01856648,0.012731182,atac10k_ext
-0.0017715684,-0.013905256,atac10k_ext
-0.0074084285,-0.00029175336,atac10k_ext
0.0021229812,-0.017852461,atac10k_ext
-0.0020230303,0.010216891,atac10k_ext
0.0047889138,-0.009950574,atac10k_ext
0.007829655,0.0107474085,atac10k_ext
0.0013813832,0.0048307087,atac10k_ext
-0.0029931394,0.010096538,atac10k_ext
-0.01652112,0.0083801355,atac10k_ext
-0.007910214,0.009254515,atac10k_ext
-0.013423591,0.01541779,atac10k_ext
-0.0029544882,-0.012148328,atac10k_ext
6.4143445e-05,-0.016742455,atac10k_ext
-0.0005429085,0.01860197,atac10k_ext
0.018918788,0.008448075,atac10k_ext
0.0003951935,-0.010963137,atac10k_ext
-0.00849268,-0.0068839495,atac10k_ext
0.0033538141,0.017254638,atac10k_ext
-0.0034570964,0.01184876,atac10k_ext
-0.0037261005,0.007596174,atac10k_ext
-0.00676012,-0.005418097,atac10k_ext
-0.0029950656,-0.00016681792,atac10k_ext
0.008587412,-0.01140498,atac10k_ext
-0.010226737,-0.005973189,atac10k_ext
0.023942178,-0.009421479,atac10k_ext
0.011508065,0.0037326077,atac10k_ext
0.009711855,-0.0073781563,atac10k_ext
-0.004893595,0.009864251,atac10k_ext
-0.008177553,0.012005294,atac10k_ext
-0.006173983,-0.008935181,atac10k_ext
0.0034848675,0.010475559,atac10k_ext
-0.0025657883,0.012131868,atac10k_ext
-0.01710965,-0.006486612,atac10k_ext
0.00889229,0.015788015,atac10k_ext
0.01382828,-0.011352838,atac10k_ext
0.011105555,0.012786809,atac10k_ext
0.010808307,-0.006728251,atac10k_ext
0.012027031,0.007488917,atac10k_ext
0.018282633,0.007069278,atac10k_ext
-0.0016945747,-0.009954701,atac10k_ext
-0.007428408,0.009601496,atac10k_ext
0.0018071079,0.0065580974,atac10k_ext
-0.00035116356,0.008176431,atac10k_ext
0.00784014,0.008157829,atac10k_ext
0.0043047084,-0.0082220165,atac10k_ext
-0.007843271,-0.008594459,atac10k_ext
-0.009912604,0.009778407,atac10k_ext
-0.0007163586,0.0106134955,atac10k_ext
-0.003953431,-0.006324121,atac10k_ext
0.002021571,-0.010413013,atac10k_ext
-0.0142928455,-0.010026851,atac10k_ext
-0.0030493021,0.006312395,atac10k_ext
0.00968586,-0.02111239,atac10k_ext
-0.009542254,0.0019447565,atac10k_ext
-0.0045779194,0.0059275012,atac10k_ext
-0.006511456,0.015821058,atac10k_ext
-0.012966896,0.007886663,atac10k_ext
-0.011871056,0.006957382,atac10k_ext
-0.0015207382,-0.007425888,atac10k_ext
0.020640844,0.0061414493,atac10k_ext
0.015598053,0.012346397,atac10k_ext
-0.0074783773,0.01172945,atac10k_ext
-0.0076523526,0.009579094,atac10k_ext
-0.0045853863,0.0124951815,atac10k_ext
0.011917144,0.011440016,atac10k_ext
-0.00090784155,0.011437847,atac10k_ext
-0.0076801986,-0.013314727,atac10k_ext
-0.0024971284,-0.0061433017,atac10k_ext
-0.0059965346,0.010897867,atac10k_ext
-0.010030977,0.0066057947,atac10k_ext
-0.004971637,0.0051610502,atac10k_ext
-0.009524765,-0.0075932783,atac10k_ext
0.0013243422,0.014118243,atac10k_ext
0.01579089,0.008286806,atac10k_ext
0.0055474956,-0.00867459,atac10k_ext
-0.008118209,-0.008441529,atac10k_ext
0.004261511,-0.012393122,atac10k_ext
0.0023050944,-0.0049682637,atac10k_ext
-0.005561249,-0.011095807,atac10k_ext
0.02618982,0.010352257,atac10k_ext
-0.013714166,-0.008759161,atac10k_ext
-0.0011805603,0.013645204,atac10k_ext
-0.01470294,-0.022801515,atac10k_ext
-0.010468805,0.009260934,atac10k_ext
0.007598646,0.016985295,atac10k_ext
-0.012044114,-0.00808106,atac10k_ext
0.0027568524,0.0090816375,atac10k_ext
-0.038885556,0.016107077,atac10k_ext
-0.008021689,-0.005172834,atac10k_ext
-0.015393242,0.014590039,atac10k_ext
0.032927044,0.012892973,atac10k_ext
-0.0124331815,0.009364696,atac10k_ext
0.008611294,0.009045486,atac10k_ext
0.00011151207,0.010985762,atac10k_ext
-0.007991587,0.014009034,atac10k_ext
-0.02152239,-0.011151671,atac10k_ext
0.02060211,-0.0121609755,atac10k_ext
0.00096513546,-0.008782146,atac10k_ext
-0.0074489308,0.008179121,atac10k_ext
0.0018097165,0.016528217,atac10k_ext
0.002293803,-2.0669318e-05,atac10k_ext
-0.006226943,-0.0092752725,atac10k_ext
-0.011164083,0.009598688,atac10k_ext
0.015906615,-0.015780322,atac10k_ext
-0.014087847,-0.011373537,atac10k_ext
0.0016011767,-0.007779307,atac10k_ext
-0.00722085,0.0076909815,atac10k_ext
-0.021340186,0.012241566,atac10k_ext
0.0038199304,0.01681322,atac10k_ext
-1.0177446e-05,0.001307922,atac10k_ext
0.0032975376,-0.007947702,atac10k_ext
0.008863511,0.0012212687,atac10k_ext
-0.0070766886,0.010598544,atac10k_ext
-0.0045668245,0.01275415,atac10k_ext
-0.005499933,0.008145734,atac10k_ext
0.007372299,-0.012809738,atac10k_ext
-0.011472627,0.012900658,atac10k_ext
0.006422633,0.005299734,atac10k_ext
-0.0069423052,-0.008500589,atac10k_ext
-0.003981176,0.016262813,atac10k_ext
0.013136366,-0.0070082857,atac10k_ext
-0.02052853,-0.011933312,atac10k_ext
0.010072569,-0.011919505,atac10k_ext
-0.007402406,0.0030875453,atac10k_ext
-0.0095253745,-0.015872462,atac10k_ext
-0.00760401,-0.0041912715,atac10k_ext
0.002060807,0.014272529,atac10k_ext
-0.0019571118,0.007588159,atac10k_ext
-0.013673831,0.010217326,atac10k_ext
0.0030901777,0.013534101,atac10k_ext
-0.028564734,0.010833553,atac10k_ext
-0.0056676446,-0.014596272,atac10k_ext
0.008724447,-0.011353636,atac10k_ext
0.004757219,0.009131515,atac10k_ext
0.005426914,-0.0027572976,atac10k_ext
-0.0076816543,-0.008692852,atac10k_ext
0.012622403,-0.007966052,atac10k_ext
-0.0045466023,-0.0044331243,atac10k_ext
-0.0077829934,0.012660349,atac10k_ext
0.0018952234,-0.0025894747,atac10k_ext
-0.01649948,-0.006524972,atac10k_ext
0.011465142,0.010633995,atac10k_ext
5.3989257e-05,-0.0025888297,atac10k_ext
0.0020502044,-0.017423933,atac10k_ext
0.010651266,-0.009305531,atac10k_ext
0.0006143295,0.0102617955,atac10k_ext
-0.0043270136,0.004478358,atac10k_ext
0.022022668,-0.0072157434,atac10k_ext
0.0082644615,-0.0012541689,atac10k_ext
0.01390132,0.013837529,atac10k_ext
-0.019419959,-0.010857882,atac10k_ext
0.0008475394,0.0010296926,atac10k_ext
0.0028257412,0.0026469275,atac10k_ext
0.0108242575,-0.009791737,atac10k_ext
0.0067450544,0.0054252706,atac10k_ext
0.011986442,-0.012161519,atac10k_ext
-0.0066570495,-0.025844676,atac10k_ext
-0.017648324,-0.017598525,atac10k_ext
-0.011413725,0.012083017,atac10k_ext
0.004034304,0.010666959,atac10k_ext
-0.002203563,-0.008762395,atac10k_ext
0.017683662,-0.010774723,atac10k_ext
0.006913584,0.0065667355,atac10k_ext
0.006536212,-0.008683141,atac10k_ext
-0.0046141823,0.008432964,atac10k_ext
-0.006177601,-0.016072785,atac10k_ext
-0.005146116,0.005731402,atac10k_ext
-0.016420245,-0.009645441,atac10k_ext
0.012439721,-0.013512012,atac10k_ext
-0.012764434,0.008176192,atac10k_ext
-0.0028390116,0.011079758,atac10k_ext
0.011886242,-0.0031002085,atac10k_ext
-0.012995892,-0.009387784,atac10k_ext
-0.011125131,0.0060053756,atac10k_ext
0.010648982,0.0100093605,atac10k_ext
0.012198408,0.010346503,atac10k_ext
0.01837052,0.012154746,atac10k_ext
-0.006515649,0.009187823,atac10k_ext
-0.0030516577,0.011704124,atac10k_ext
-0.008957817,0.010960834,atac10k_ext
-0.0009869374,0.0124542145,atac10k_ext
0.009144893,-0.0046916013,atac10k_ext
0.0030010953,0.0097752055,atac10k_ext
0.034901623,0.0186712,atac10k_ext
0.011528773,-0.010589938,atac10k_ext
0.0035560608,-0.009767018,atac10k_ext
0.011462191,0.0094456915,atac10k_ext
0.007969564,0.0094095925,atac10k_ext
0.00494015,-0.027177328,atac10k_ext
0.0047573578,0.0044842404,atac10k_ext
-0.0016865329,-0.009142995,atac10k_ext
0.0252166,-0.010875203,atac10k_ext
0.002389689,-0.009865926,atac10k_ext
0.012591104,0.016559916,atac10k_ext
0.0025538746,0.0041424143,atac10k_ext
0.00060693163,0.009264105,atac10k_ext
-0.006594731,0.00984981,atac10k_ext
0.011897961,0.018793222,atac10k_ext
-0.0031810398,0.008601504,atac10k_ext
-0.005656647,0.00920462,atac10k_ext
0.016351672,-0.009770192,atac10k_ext
0.002307773,-0.015764473,atac10k_ext
0.017375438,0.00891587,atac10k_ext
0.007920989,-0.008897414,atac10k_ext
-0.018405298,0.007856599,atac10k_ext
-0.0013374487,0.0073507256,atac10k_ext
-0.0067497715,-0.008675001,atac10k_ext
0.011185733,-0.0007941061,atac10k_ext
-0.0012590981,0.008750897,atac10k_ext
0.006640096,0.0039613815,atac10k_ext
-0.007077195,0.009991291,atac10k_ext
0.012901541,-0.0016608859,atac10k_ext
0.0005384515,0.016266216,atac10k_ext
0.022457438,-0.0048846956,atac10k_ext
0.004560367,0.013035993,atac10k_ext
0.003606935,-0.0067289528,atac10k_ext
-0.009845407,0.007914708,atac10k_ext
0.003640137,-0.009205996,atac10k_ext
-0.0029890146,0.010778902,atac10k_ext
-0.010758084,0.0034892084,atac10k_ext
-0.010024119,0.013273816,atac10k_ext
0.004773061,-0.023279635,atac10k_ext
-0.007500059,-0.015790712,atac10k_ext
-0.0118663,-0.010323951,atac10k_ext
0.011368137,0.009345352,atac10k_ext
-0.012842841,-0.008243921,atac10k_ext
-0.002866938,-0.009178322,atac10k_ext
0.00201932,-0.012152452,atac10k_ext
-0.01060868,-0.0049123117,atac10k_ext
-0.0053179814,-0.00655477,atac10k_ext
-0.003294033,-0.0065063834,atac10k_ext
-0.013522507,-0.0023091477,atac10k_ext
-0.001077505,0.004348259,atac10k_ext
-0.0004974994,-0.016536223,atac10k_ext
-0.007256668,-0.027301408,atac10k_ext
0.0040349998,0.0010131922,atac10k_ext
-0.009677379,-0.023905568,atac10k_ext
0.00537593,-0.0046172095,atac10k_ext
-0.023468547,-0.004348353,atac10k_ext
0.0015820315,-0.00467787,atac10k_ext
0.012699049,-0.0061096135,atac10k_ext
0.0022813764,0.013758017,atac10k_ext
-0.002507269,-0.014577289,atac10k_ext
-0.009655666,-0.008314095,atac10k_ext
0.022008944,0.0028189572,atac10k_ext
-0.0024528967,0.007907466,atac10k_ext
-0.017753644,0.011025789,atac10k_ext
-0.0087940935,0.013394499,atac10k_ext
-0.028403189,-0.0035884606,atac10k_ext
0.011409701,0.008614431,atac10k_ext
0.004884019,0.01126808,atac10k_ext
-0.011603581,0.0037595218,atac10k_ext
-0.010521589,0.01242081,atac10k_ext
0.006429917,-0.010111743,atac10k_ext
-0.0010781244,0.0064794878,atac10k_ext
-0.0044715586,-0.02530618,atac10k_ext
0.011085636,0.0048971833,atac10k_ext
0.009548848,-0.007384225,atac10k_ext
0.0037632978,-0.010256363,atac10k_ext
0.00037268232,0.019775148,atac10k_ext
0.017961603,0.009074128,atac10k_ext
0.0043631326,0.010454148,atac10k_ext
-0.0002638277,0.010606139,atac10k_ext
-0.00706827,0.0053484626,atac10k_ext
0.012635081,0.0073132426,atac10k_ext
-0.012150984,-0.020219374,atac10k_ext
-0.016776271,-0.006954136,atac10k_ext
-0.0050772666,0.008069431,atac10k_ext
-0.0021575775,0.011194843,atac10k_ext
0.0018158334,-0.0060766754,atac10k_ext
0.021755183,-0.011865412,atac10k_ext
-0.01216285,0.0060139038,atac10k_ext
-0.0013244832,0.008673622,atac10k_ext
0.012507398,0.0011281242,atac10k_ext
-0.008462783,0.02109226,atac10k_ext
-0.02385406,-0.005350466,atac10k_ext
0.00092848844,0.016422573,atac10k_ext
0.009708535,0.012953361,atac10k_ext
0.011498163,-0.009887432,atac10k_ext
0.010565916,0.012964887,atac10k_ext
-0.0044972757,-0.014902436,atac10k_ext
0.014764591,0.012480161,atac10k_ext
0.005301634,-0.018791687,atac10k_ext
0.007820243,0.0073228446,atac10k_ext
-0.018001147,0.0045560873,atac10k_ext
-0.0031531341,0.004717789,atac10k_ext
0.0070837936,-0.009334126,atac10k_ext
-0.0103851305,0.009985723,atac10k_ext
0.011231188,0.008898973,atac10k_ext
0.018906558,0.0122533785,atac10k_ext
-0.0064510903,-0.020413447,atac10k_ext
0.0091518,-0.011258559,atac10k_ext
-0.016578319,-0.009591069,atac10k_ext
0.013145516,0.008307266,atac10k_ext
-0.011859892,-0.0041402085,atac10k_ext
-0.014634899,0.0077953404,atac10k_ext
-0.0033063968,0.010045642,atac10k_ext
0.011441003,0.011351049,atac10k_ext
0.015664432,0.0070144096,atac10k_ext
-0.004498751,-0.007306695,atac10k_ext
0.024671396,0.010833137,atac10k_ext
0.010898309,0.010433367,atac10k_ext
-0.008482338,-0.0073561287,atac10k_ext
0.0119410865,0.011289054,atac10k_ext
0.0012454948,-0.0012436053,atac10k_ext
-0.024371715,-0.005660948,atac10k_ext
0.0008098733,-0.008923078,atac10k_ext
-0.0060945167,-0.013500866,atac10k_ext
0.0008108862,-0.021919439,atac10k_ext
-0.008742147,0.006507732,atac10k_ext
0.0192335,0.008222974,atac10k_ext
0.0039654393,0.01260078,atac10k_ext
0.01101169,0.009778648,atac10k_ext
-0.0027724814,-0.009260501,atac10k_ext
0.01876073,-0.002757293,atac10k_ext
0.0050279214,-0.009139706,atac10k_ext
0.014906326,0.014644302,atac10k_ext
-0.0019784395,-0.00044494605,atac10k_ext
0.009374976,-0.008286741,atac10k_ext
-0.010408296,0.0065078107,atac10k_ext
0.0004286526,0.002996138,atac10k_ext
-0.007364974,0.00023498797,atac10k_ext
0.0043582097,0.006042623,atac10k_ext
0.0053668716,-0.0094232615,atac10k_ext
-0.004172348,-0.012029157,atac10k_ext
-0.014082893,0.00759125,atac10k_ext
0.0041672443,0.003950399,atac10k_ext
0.0036127896,0.0003159617,atac10k_ext
0.024130765,0.0070267194,atac10k_ext
0.0137697,-0.0053410684,atac10k_ext
-0.0037958892,0.0140951555,atac10k_ext
-0.010855706,0.013435981,atac10k_ext
-0.011877783,0.00756548,atac10k_ext
0.0066364286,-0.012446563,atac10k_ext
0.0016180667,0.009052963,atac10k_ext
-0.015079322,-0.0040686536,atac10k_ext
0.0018932265,0.0018162281,atac10k_ext
8.5299136e-05,-0.01093507,atac10k_ext
0.0076184394,-0.009052387,atac10k_ext
-0.009361238,0.013049203,atac10k_ext
-0.005002452,0.0026946156,atac10k_ext
-0.015904762,0.012186368,atac10k_ext
0.0047086333,0.007470468,atac10k_ext
0.00034174958,0.010610948,atac10k_ext
-0.006743835,0.01478478,atac10k_ext
0.012752991,0.0121823065,atac10k_ext
-0.00814335,-0.009989165,atac10k_ext
-0.008720969,0.013840201,atac10k_ext
0.013944006,-0.0077910544,atac10k_ext
-0.013025151,0.0060985573,atac10k_ext
-0.012494478,0.013606134,atac10k_ext
0.0015486693,-0.0025022577,atac10k_ext
-0.014672319,-0.00882694,atac10k_ext
-0.0020875116,0.004555115,atac10k_ext
0.018796263,-0.010823778,atac10k_ext
-0.002351051,-0.022068363,atac10k_ext
-0.02278276,0.013350122,atac10k_ext
-0.003960109,-0.005217642,atac10k_ext
-0.0059165335,-0.014655358,atac10k_ext
0.010716058,-0.004930208,atac10k_ext
-0.009918159,0.010740158,atac10k_ext
0.012048538,-0.0054468033,atac10k_ext
-0.006871038,0.0013514431,atac10k_ext
-0.0041076285,0.008335072,atac10k_ext
-0.003741876,0.009176755,atac10k_ext
0.029211638,-0.018027773,atac10k_ext
-0.019511277,-0.005143172,atac10k_ext
-0.01867078,0.004698113,atac10k_ext
-0.0022519196,0.0083348155,atac10k_ext
0.0010922456,-0.017018279,atac10k_ext
0.029663324,-0.002936605,atac10k_ext
0.004529157,0.014681103,atac10k_ext
0.009764284,0.008843983,atac10k_ext
-0.029590312,0.015341225,atac10k_ext
-0.018646343,0.014059525,atac10k_ext
0.003189804,0.014643393,atac10k_ext
-0.0031945286,-0.0075465115,atac10k_ext
-0.0014603357,0.009841965,atac10k_ext
0.0027523045,-0.013863223,atac10k_ext
-0.0065642707,-0.0022668901,atac10k_ext
-0.005599432,0.013500293,atac10k_ext
0.0005572331,-0.0017749672,atac10k_ext
0.007440012,-0.010497083,atac10k_ext
0.012342487,-0.011941339,atac10k_ext
-0.006341663,-0.008115323,atac10k_ext
0.0022864179,0.0094839865,atac10k_ext
0.010145863,-0.009292794,atac10k_ext
-0.02414618,0.015748156,atac10k_ext
0.011522305,-0.0049493373,atac10k_ext
-0.021327093,-0.0061882157,atac10k_ext
-0.007831337,0.009165369,atac10k_ext
0.0033996229,0.009994119,atac10k_ext
0.009519208,-0.010022041,atac10k_ext
0.022230888,-0.026179256,atac10k_ext
-0.0104167275,-0.011983673,atac10k_ext
0.006189492,-0.0069916495,atac10k_ext
0.011571063,0.0113826245,atac10k_ext
0.0101284105,-0.01003395,atac10k_ext
0.0051613664,0.0020923177,atac10k_ext
0.022862634,-0.004937529,atac10k_ext
0.01258322,0.009907716,atac10k_ext
-0.00028820356,-0.0047082314,atac10k_ext
-0.00046723886,-0.009008392,atac10k_ext
-0.017325446,0.011604836,atac10k_ext
-0.011495108,-0.016877532,atac10k_ext
-0.0059505906,0.0070392783,atac10k_ext
0.016236983,0.005123276,atac10k_ext
-0.0069608907,0.009915266,atac10k_ext
-0.00133219,0.013226422,atac10k_ext
0.015800914,0.0023316117,atac10k_ext
-0.0010818195,-0.009428989,atac10k_ext
0.008605664,0.007846871,atac10k_ext
-0.0019895628,-0.006823193,atac10k_ext
0.006395736,0.012039343,atac10k_ext
-0.0036873296,-0.029600196,atac10k_ext
-0.006357086,-0.008652291,atac10k_ext
0.0149292145,-0.0076202024,atac10k_ext
-0.0008761425,-0.008296722,atac10k_ext
0.0057483567,-0.006267013,atac10k_ext
-0.019801723,-0.0093462905,atac10k_ext
-0.014600404,0.009386112,atac10k_ext
-0.018727338,-0.014006821,atac10k_ext
0.0032392994,-0.0028283144,atac10k_ext
-0.0025997823,-0.008431317,atac10k_ext
-0.009151212,0.009798004,atac10k_ext
0.012684128,-0.00537781,atac10k_ext
0.008418531,-0.021128807,atac10k_ext
0.0069816066,-0.009742433,atac10k_ext
-0.013228674,-0.017643645,atac10k_ext
0.008789512,-0.008574877,atac10k_ext
0.0012936587,0.018115185,atac10k_ext
-0.002243118,0.008673954,atac10k_ext
0.012697062,0.00949881,atac10k_ext
-0.0005878575,0.012701694,atac10k_ext
-0.0020411697,0.010733438,atac10k_ext
-0.0078126,0.009669024,atac10k_ext
-0.015732853,0.005441743,atac10k_ext
-0.0039922358,0.00676073,atac10k_ext
0.014121009,0.006402056,atac10k_ext
0.0010879702,-0.008341115,atac10k_ext
0.009921844,0.015570475,atac10k_ext
-0.016004758,-0.010069647,atac10k_ext
0.0072376044,0.0025851629,atac10k_ext
0.006297518,-0.006350311,atac10k_ext
0.010675478,-0.01417463,atac10k_ext
-0.017579619,0.0048042657,atac10k_ext
0.006975081,-0.009874453,atac10k_ext
-0.007911737,-0.008725184,atac10k_ext
0.012261755,-0.01036087,atac10k_ext
0.0064028,-0.013401637,atac10k_ext
0.0061530843,-0.009904655,atac10k_ext
0.0007255796,-0.012063364,atac10k_ext
-0.0051065465,0.008561275,atac10k_ext
-0.004225301,-0.008900919,atac10k_ext
-0.016958445,0.012960648,atac10k_ext
-0.0036886483,-0.006034263,atac10k_ext
0.010025957,0.012253848,atac10k_ext
-0.011760787,-0.0028349287,atac10k_ext
0.009252451,-0.002672596,atac10k_ext
-0.01508637,0.009763538,atac10k_ext
0.0026159915,-0.024646712,atac10k_ext
0.0042485045,0.009607948,atac10k_ext
-0.003527373,0.0095544,atac10k_ext
-0.00031523837,0.008504098,atac10k_ext
-0.010976474,-0.008524404,atac10k_ext
0.0022985572,-0.012501233,atac10k_ext
0.011323274,0.0055569573,atac10k_ext
-0.0069608986,-0.004207602,atac10k_ext
0.011953856,-0.006334087,atac10k_ext
0.016000086,0.0024546748,atac10k_ext
-0.013250476,-0.009865378,atac10k_ext
-0.0011024437,0.009442115,atac10k_ext
0.02154158,-0.008689402,atac10k_ext
-0.010563015,0.011484868,atac10k_ext
-0.0019247032,0.008040288,atac10k_ext
0.014301386,-0.0036510343,atac10k_ext
-0.0050383136,-0.0003541744,atac10k_ext
-0.012922329,0.020172808,atac10k_ext
0.0015987528,0.011858495,atac10k_ext
-0.0046339543,-0.0071512326,atac10k_ext
-0.011445586,-0.006419524,atac10k_ext
0.0056167794,0.009178534,atac10k_ext
0.0012411718,0.006507432,atac10k_ext
-0.00035793177,0.012845804,atac10k_ext
-0.004591182,0.0042469166,atac10k_ext
0.02728276,-0.023410518,atac10k_ext
-0.0053303507,-0.010008857,atac10k_ext
0.0022474234,-0.010188187,atac10k_ext
0.011509792,0.008779781,atac10k_ext
-0.016214794,0.008459556,atac10k_ext
-0.015425177,0.004564475,atac10k_ext
0.008654697,0.00881822,atac10k_ext
0.011262384,0.012272016,atac10k_ext
0.007578885,0.005476132,atac10k_ext
-0.0015708582,0.01283948,atac10k_ext
-0.0077762743,0.013546226,atac10k_ext
0.010331047,0.0069028228,atac10k_ext
0.0038578052,-0.009996645,atac10k_ext
-0.008645056,0.0066087293,atac10k_ext
-0.016428448,0.012286576,atac10k_ext
0.017115911,-0.006185927,atac10k_ext
0.0038782863,-0.0151670445,atac10k_ext
0.0075111976,0.007040763,atac10k_ext
-0.014104181,-0.006262695,atac10k_ext
-0.006108504,-0.01544266,atac10k_ext
-0.0052029197,0.018253159,atac10k_ext
0.010094897,0.010771238,atac10k_ext
0.008129484,-0.009104178,atac10k_ext
0.0046294495,0.0126188,atac10k_ext
-0.0044562737,-2.8205035e-05,atac10k_ext
0.011928929,0.0034433468,atac10k_ext
0.008079622,-0.009534415,atac10k_ext
-0.008044569,0.013193814,atac10k_ext
-0.009995528,0.008389666,atac10k_ext
-0.002825124,-0.010358233,atac10k_ext
0.013000086,-0.0063678175,atac10k_ext
0.0048336745,-0.00782432,atac10k_ext
0.0073428983,0.015480708,atac10k_ext
-0.0025410748,0.013994945,atac10k_ext
-0.00022512558,-0.007233718,atac10k_ext
0.023560924,0.0016035915,atac10k_ext
0.011457133,-0.008413873,atac10k_ext
0.005084584,0.011917858,atac10k_ext
-0.0041587083,-0.023657937,atac10k_ext
0.0028043755,-0.01870074,atac10k_ext
-0.012971081,-0.008098985,atac10k_ext
0.004372221,-0.012927332,atac10k_ext
0.012540595,0.0034294077,atac10k_ext
0.0033674894,0.01138783,atac10k_ext
-0.005335383,0.003500402,atac10k_ext
-0.004092952,0.00959342,atac10k_ext
0.009294302,-0.0086775515,atac10k_ext
0.012272595,0.01014645,atac10k_ext
-0.015611098,-0.0057922904,atac10k_ext
-0.0016746491,-0.007017062,atac10k_ext
0.010179688,0.0058619236,atac10k_ext
0.018928986,0.011747522,atac10k_ext
-0.028734446,-0.011331687,atac10k_ext
0.01256852,0.0040106,atac10k_ext
-0.012472798,0.022424145,atac10k_ext
-0.008080102,0.005006382,atac10k_ext
-0.007966504,-0.0062532607,atac10k_ext
-0.0043529705,-0.014005399,atac10k_ext
0.005763967,-0.00664025,atac10k_ext
0.01004642,0.0057979897,atac10k_ext
0.0022836071,0.012482226,atac10k_ext
0.0050515346,0.011961406,atac10k_ext
-0.0039879726,0.014725036,atac10k_ext
0.010659301,-0.008121031,atac10k_ext
0.019031312,-0.013160316,atac10k_ext
-0.004562274,-0.0048716483,atac10k_ext
-0.009551735,-0.002935431,atac10k_ext
-0.003593175,0.014784342,atac10k_ext
-0.003404954,0.0038150714,atac10k_ext
0.008428558,0.0066017364,atac10k_ext
-0.006371606,0.00202899,atac10k_ext
0.0090513285,0.004016343,atac10k_ext
-0.02335852,-0.012562053,atac10k_ext
0.010746628,-0.0118494285,atac10k_ext
-0.0034092236,0.011525484,atac10k_ext
0.0021307587,-0.02180691,atac10k_ext
-0.0021359012,-0.0102252085,atac10k_ext
0.017268097,0.00512185,atac10k_ext
0.0041888277,-0.022846108,atac10k_ext
-0.0026256042,0.011263073,atac10k_ext
-1.7282748e-05,-0.014042123,atac10k_ext
-0.0039068577,0.0014586452,atac10k_ext
0.0099018635,0.011581386,atac10k_ext
0.005086257,0.01004187,atac10k_ext
-0.012210982,-0.02383093,atac10k_ext
0.0044584735,0.008633503,atac10k_ext
-0.017120425,0.0038862284,atac10k_ext
0.00038601737,-0.012100796,atac10k_ext
0.015458033,-0.010024739,atac10k_ext
-0.00896035,0.011781884,atac10k_ext
-0.016320102,-0.0222561,atac10k_ext
-0.012024496,-0.009156959,atac10k_ext
0.0011449816,0.007914531,atac10k_ext
-0.0017324573,-0.014710297,atac10k_ext
0.012114122,0.008984649,atac10k_ext
-0.00508558,0.009552384,atac10k_ext
0.008804857,-0.005404099,atac10k_ext
0.0017431552,0.010247526,atac10k_ext
-0.0025990824,0.009045986,atac10k_ext
0.00019372872,0.009893845,atac10k_ext
-0.010496255,-0.0024784876,atac10k_ext
-0.0030902459,0.0034002794,atac10k_ext
-0.0054836534,0.01254901,atac10k_ext
-0.00845701,-0.009113086,atac10k_ext
-0.006227356,-0.013298954,atac10k_ext
0.029981576,-0.0021949927,atac10k_ext
0.009975909,-0.01585493,atac10k_ext
-0.0059711398,-0.010865327,atac10k_ext
0.000653301,-0.010495683,atac10k_ext
0.007737874,-0.006851906,atac10k_ext
0.0098865945,0.005958269,atac10k_ext
-0.0156039875,-0.014605723,atac10k_ext
0.0042920937,0.01424411,atac10k_ext
0.016636489,-0.014136468,atac10k_ext
-0.019267071,0.0067007267,atac10k_ext
0.021765469,0.0065922337,atac10k_ext
-0.006383544,-0.01059359,atac10k_ext
0.021748845,0.0022287352,atac10k_ext
-0.0124409525,-0.010800834,atac10k_ext
0.01936624,0.007660781,atac10k_ext
-0.0038773725,-0.00042564125,atac10k_ext
0.007526764,-0.00093531224,atac10k_ext
0.005446829,-0.0067971954,atac10k_ext
-0.0048824833,0.012951183,atac10k_ext
-0.026681934,-0.007618894,atac10k_ext
-0.012180425,0.010698615,atac10k_ext
-0.018435935,0.00986252,atac10k_ext
-0.008664064,-0.011868947,atac10k_ext
0.0076059746,0.002757131,atac10k_ext
-0.0059122546,0.008954235,atac10k_ext
0.014880362,0.01554424,atac10k_ext
-0.00026588002,0.01114165,atac10k_ext
-0.002604175,0.011879228,atac10k_ext
-0.005309758,-0.006520769,atac10k_ext
0.009332027,-0.0067362585,atac10k_ext
0.0026665197,-0.008418819,atac10k_ext
-0.015744539,-0.006337109,atac10k_ext
0.0031415522,0.004377997,atac10k_ext
-0.0068874513,-0.02939551,atac10k_ext
0.014154884,-0.008512949,atac10k_ext
0.010242515,0.012904268,atac10k_ext
0.0014615483,-0.008353124,atac10k_ext
0.004590502,0.0056667994,atac10k_ext
0.0032662686,-0.007741582,atac10k_ext
-0.017275522,0.009243138,atac10k_ext
0.012545075,0.005998054,atac10k_ext
0.0078359265,-0.008468403,atac10k_ext
0.006667457,0.0027200943,atac10k_ext
-0.011205444,0.009635461,atac10k_ext
-0.010654021,0.010383655,atac10k_ext
-0.0073819747,-0.019330885,atac10k_ext
0.030482197,0.009568969,atac10k_ext
-0.016898556,-0.01725223,atac10k_ext
-0.006155914,0.0138964625,atac10k_ext
-0.028772712,-0.013082476,atac10k_ext
-0.010229054,0.015348035,atac10k_ext
0.0006615796,0.0049094358,atac10k_ext
0.0014434464,0.0009114394,atac10k_ext
0.0024707597,0.00642201,atac10k_ext
0.022638448,0.010782791,atac10k_ext
-0.0032487002,0.012747774,atac10k_ext
0.0039225603,-0.0066654733,atac10k_ext
-0.00018049996,-0.0016194618,atac10k_ext
-0.019013632,-0.026811048,atac10k_ext
0.006784355,-0.010453875,atac10k_ext
-0.0011294588,-0.00984696,atac10k_ext
-0.009600156,0.009226359,atac10k_ext
0.002776994,0.014988229,atac10k_ext
-0.018054493,-0.0039077667,atac10k_ext
0.013336826,-0.0052496013,atac10k_ext
-0.005564779,0.009021192,atac10k_ext
0.006098985,-0.014086461,atac10k_ext
-0.0037690408,0.006808323,atac10k_ext
-0.022600502,-0.00914322,atac10k_ext
0.0010716115,0.0149546545,atac10k_ext
0.0149295125,0.002331968,atac10k_ext
0.009739699,0.010297106,atac10k_ext
0.010717002,0.0061624073,atac10k_ext
-0.002270566,-0.011080805,atac10k_ext
0.01570398,-0.017750867,atac10k_ext
-0.013324221,-0.010947565,atac10k_ext
-0.002396518,-0.006982112,atac10k_ext
0.0026061055,-0.008028417,atac10k_ext
0.009997659,0.01236319,atac10k_ext
-0.005848816,0.0065605273,atac10k_ext
0.0054678605,0.008437248,atac10k_ext
-0.012098833,0.015515335,atac10k_ext
-0.0102526285,-0.0113628125,atac10k_ext
-0.0030783445,-0.014423644,atac10k_ext
0.009541104,0.0076318085,atac10k_ext
0.012972243,-0.012535709,atac10k_ext
0.01611584,0.0027217597,atac10k_ext
0.008139793,-0.003992386,atac10k_ext
0.0017742605,-0.010536402,atac10k_ext
-0.0077684624,-0.0039783404,atac10k_ext
0.0028641028,-0.0056354725,atac10k_ext
0.014505977,0.009100035,atac10k_ext
-0.0010356562,-0.007746127,atac10k_ext
-0.017388573,-0.00303977,atac10k_ext
0.0076645687,-0.018938798,atac10k_ext
-0.003942372,0.00916356,atac10k_ext
0.0056215795,0.0028692002,atac10k_ext
-0.003055667,-0.001494489,atac10k_ext
-0.008474016,0.0073167724,atac10k_ext
0.00025213702,-0.011158606,atac10k_ext
0.000425824,0.0079192035,atac10k_ext
-0.0022172388,-0.010720796,atac10k_ext
-0.007134491,-0.0069253095,atac10k_ext
-0.014642997,-0.0077095483,atac10k_ext
-0.021666313,0.0076663136,atac10k_ext
-0.007760559,-0.0101298,atac10k_ext
-0.008372646,-0.0067307884,atac10k_ext
0.0069561824,-0.0050195847,atac10k_ext
-0.027684493,-0.0050217416,atac10k_ext
-0.0005211699,-0.01884087,atac10k_ext
0.0061379937,-0.02529031,atac10k_ext
-0.003627345,0.010606083,atac10k_ext
0.0018869097,-0.003519116,atac10k_ext
-0.01103825,-0.008542942,atac10k_ext
0.00392801,0.0059223473,atac10k_ext
-0.006752754,0.004025407,atac10k_ext
-0.00804556,-0.009219171,atac10k_ext
0.0024745928,0.014684658,atac10k_ext
-0.03241979,0.0066178935,atac10k_ext
-0.0018253474,-0.00907473,atac10k_ext
-0.019160911,-0.014283595,atac10k_ext
0.0009484427,0.0004514643,atac10k_ext
0.021578122,0.009363285,atac10k_ext
0.0029133942,0.012286044,atac10k_ext
-0.008886645,0.00064311916,atac10k_ext
0.0038884743,-0.00565643,atac10k_ext
0.01172396,-0.009738117,atac10k_ext
0.016618459,-0.011638571,atac10k_ext
-0.009470264,0.008077061,atac10k_ext
-0.0040825955,0.009131726,atac10k_ext
0.015106445,-0.011493183,atac10k_ext
0.013310554,0.004953892,atac10k_ext
0.005058772,-0.006790355,atac10k_ext
-0.0010227556,-0.011206574,atac10k_ext
0.01057875,0.004590813,atac10k_ext
0.00923048,0.017123414,atac10k_ext
0.034201097,-0.009561328,atac10k_ext
-0.013055226,-0.009344736,atac10k_ext
0.0020442754,0.008279898,atac10k_ext
0.012422867,0.012122555,atac10k_ext
-0.013216146,-0.0069982144,atac10k_ext
-0.015004184,-0.01213707,atac10k_ext
0.015653417,0.012416902,atac10k_ext
0.0020731478,0.0135441795,atac10k_ext
-0.014997704,0.009453745,atac10k_ext
-0.0017943061,0.007155409,atac10k_ext
0.008821567,0.014967364,atac10k_ext
-0.0073034316,-0.024868473,atac10k_ext
0.003817728,0.010776618,atac10k_ext
0.015612774,-0.0018460412,atac10k_ext
0.013457515,-0.025851853,atac10k_ext
-0.0140404785,0.012684418,atac10k_ext
0.015754174,-0.011182107,atac10k_ext
0.001620193,-0.01133416,atac10k_ext
0.013141085,0.0054510883,atac10k_ext
-0.0038200384,0.014084594,atac10k_ext
0.020574726,-0.012647147,atac10k_ext
0.032324832,0.0018310252,atac10k_ext
0.002192586,0.0008155424,atac10k_ext
0.0033682764,0.0037528009,atac10k_ext
0.0105707655,-0.011704869,atac10k_ext
-0.007561007,-0.013083768,atac10k_ext
0.0046697874,0.0026584456,atac10k_ext
-0.0034139315,0.009671649,atac10k_ext
0.0010411261,-0.008188403,atac10k_ext
0.0050279065,0.0067124055,atac10k_ext
-0.006338109,-0.007629601,atac10k_ext
-0.0010514873,0.0062470646,atac10k_ext
0.01026231,-0.007895574,atac10k_ext
0.0098895505,-0.01014921,atac10k_ext
0.009754807,-0.004026793,atac10k_ext
-0.016325139,-0.008792716,atac10k_ext
0.02365301,0.008366743,atac10k_ext
0.012705776,0.013715539,atac10k_ext
0.00047442972,0.0064458046,atac10k_ext
0.007628195,0.010638605,atac10k_ext
-0.0109084705,0.0063899164,atac10k_ext
-0.012555898,0.011159506,atac10k_ext
-0.003882469,0.015162235,atac10k_ext
-0.00931835,-0.010456546,atac10k_ext
-0.013734729,-0.0054227435,atac10k_ext
0.0043562115,0.011709027,atac10k_ext
0.006725472,-0.00610796,atac10k_ext
0.0044550006,0.0049469974,atac10k_ext
-0.017234772,-0.017184135,atac10k_ext
0.0069690305,-0.0030317488,atac10k_ext
-0.012670067,0.0050721257,atac10k_ext
0.0020978614,-0.007558008,atac10k_ext
-0.010068634,-0.016062131,atac10k_ext
0.0004373034,-0.0013926948,atac10k_ext
0.007559329,0.011334832,atac10k_ext
-0.015606948,-0.014253316,atac10k_ext
0.0033668994,-0.0038055326,atac10k_ext
0.0024283144,0.010951453,atac10k_ext
0.008441907,-0.0019926485,atac10k_ext
0.013424085,-0.010103112,atac10k_ext
0.0069620577,0.010642298,atac10k_ext
0.00022677767,-0.0258968,atac10k_ext
-0.0046520922,-0.010115038,atac10k_ext
0.007786304,-0.008428672,atac10k_ext
-0.008265188,0.01658489,atac10k_ext
0.0032215992,0.011595414,atac10k_ext
0.011876108,-0.0071942937,atac10k_ext
-0.004349576,-0.0028874946,atac10k_ext
-0.002244115,0.007217628,atac10k_ext
-0.0046671573,0.007575055,atac10k_ext
-0.004551395,-0.0076318625,atac10k_ext
-0.0067162444,-0.015987778,atac10k_ext
-0.0010793142,0.0024405248,atac10k_ext
-0.013127371,-0.010136789,atac10k_ext
-0.0064451373,0.01166642,atac10k_ext
0.0076487917,0.01804106,atac10k_ext
0.012742761,0.013975086,atac10k_ext
-0.0065605775,-0.0043788417,atac10k_ext
-0.014200755,0.011427815,atac10k_ext
-0.002626661,0.0114059355,atac10k_ext
-0.007952487,0.005848518,atac10k_ext
-0.0036675837,0.010201846,atac10k_ext
-0.0026146627,0.010987468,atac10k_ext
-0.011178812,0.010911143,atac10k_ext
0.011086162,-0.0030602291,atac10k_ext
-0.0051716594,0.0052897832,atac10k_ext
-0.0071812915,0.009113186,atac10k_ext
0.0046175118,0.010338726,atac10k_ext
-0.0040129744,-0.018390661,atac10k_ext
-0.01148908,0.010710336,atac10k_ext
0.005680412,0.010681495,atac10k_ext
0.015475247,0.0067187035,atac10k_ext
0.01548643,-0.0058246017,atac10k_ext
-0.007964476,0.016683275,atac10k_ext
0.001493936,0.0069643212,atac10k_ext
-0.011302338,-0.0063869767,atac10k_ext
-0.011327617,-0.008641375,atac10k_ext
-0.020952014,-0.012048231,atac10k_ext
-0.007951585,-0.011369531,atac10k_ext
-0.0262425,0.00074575294,atac10k_ext
0.0055863922,0.00259193,atac10k_ext
-0.01360714,0.0043697227,atac10k_ext
-0.0035299922,-0.0138605265,atac10k_ext
0.0017416136,0.00749386,atac10k_ext
-0.0056849536,-0.012891344,atac10k_ext
0.019849932,0.008560251,atac10k_ext
0.0059199575,-0.008373845,atac10k_ext
-0.004470392,-0.009405726,atac10k_ext
0.005747894,0.018563205,atac10k_ext
-0.0065969857,0.007776825,atac10k_ext
-0.020516774,0.010493993,atac10k_ext
0.0025396405,-0.011660734,atac10k_ext
0.0037793173,0.008767181,atac10k_ext
-0.014108773,0.013958776,atac10k_ext
-0.011586927,0.013906963,atac10k_ext
-0.007186241,0.011026592,atac10k_ext
0.018694598,0.013669398,atac10k_ext
-0.008220712,-0.0037790656,atac10k_ext
-0.023455927,0.0044643036,atac10k_ext
0.009258947,0.011822226,atac10k_ext
-0.0017834322,0.013972222,atac10k_ext
-0.004198982,-0.010644121,atac10k_ext
0.00696652,-0.010772063,atac10k_ext
0.004259203,-0.009969916,atac10k_ext
-0.007900158,-0.010966247,atac10k_ext
-0.005693162,-0.015589172,atac10k_ext
-0.01539587,0.007122006,atac10k_ext
0.0072547724,0.009265042,atac10k_ext
-0.0010134879,0.0139541365,atac10k_ext
-0.0010057047,-0.0103866765,atac10k_ext
-0.014980463,-0.009344804,atac10k_ext
0.0032398535,0.012225542,atac10k_ext
-0.0032499582,-0.0050026863,atac10k_ext
-1.0428754e-05,0.011066549,atac10k_ext
0.0008664948,-0.018619413,atac10k_ext
0.022133483,-0.015728964,atac10k_ext
-0.00079151,0.010604516,atac10k_ext
-0.002428043,-0.0058237202,atac10k_ext
-0.0055659413,-0.009056169,atac10k_ext
-0.0020593319,0.013147775,atac10k_ext
-0.0071961926,-0.010749422,atac10k_ext
-0.012199448,0.014049343,atac10k_ext
0.013786783,0.01503655,atac10k_ext
0.0019843446,-0.0072350274,atac10k_ext
-0.016294437,-0.014660476,atac10k_ext
0.004313708,-0.0019784705,atac10k_ext
0.0054685883,0.016642397,atac10k_ext
0.014427442,-0.009797321,atac10k_ext
0.007101079,0.0023979447,atac10k_ext
0.007940833,-0.009225078,atac10k_ext
-0.003863774,0.0009176677,atac10k_ext
-0.012870793,-0.013799264,atac10k_ext
-0.004577214,0.019144798,atac10k_ext
0.013417216,0.005838574,atac10k_ext
-0.009097272,0.0097668,atac10k_ext
-0.002343947,0.009785108,atac10k_ext
0.014207001,-0.009238068,atac10k_ext
-0.00014506398,0.011956875,atac10k_ext
0.0071698567,0.0138947135,atac10k_ext
0.0006420265,-0.015743317,atac10k_ext
0.004302301,0.008221505,atac10k_ext
-0.001337882,0.009346436,atac10k_ext
0.005136981,0.010599421,atac10k_ext
0.006494982,-0.00926914,atac10k_ext
0.0049383943,0.011660874,atac10k_ext
-8.709169e-05,0.007970802,atac10k_ext
-0.015561949,-0.01688707,atac10k_ext
-0.002664454,-0.0076796315,atac10k_ext
0.010524536,0.001960876,atac10k_ext
0.0008019749,0.0056112395,atac10k_ext
-0.010066199,0.0022125905,atac10k_ext
-0.015347873,0.014599675,atac10k_ext
0.013708976,-0.007954442,atac10k_ext
-0.0135893645,0.010937644,atac10k_ext
-0.0045099356,0.009523591,atac10k_ext
-0.0026129535,-0.018617207,atac10k_ext
-0.0034884876,0.008875515,atac10k_ext
-0.004900154,-0.0026087305,atac10k_ext
-0.0048001623,-0.0076435967,atac10k_ext
0.008324846,0.0056716194,atac10k_ext
0.011621888,0.012293925,atac10k_ext
-0.006789913,0.0015147291,atac10k_ext
0.011299403,8.041184e-05,atac10k_ext
-0.00855535,-0.012270798,atac10k_ext
-0.0010104934,-0.010769046,atac10k_ext
0.007573247,-0.020948118,atac10k_ext
-0.02146543,0.010520787,atac10k_ext
-0.009239769,-0.022462588,atac10k_ext
-0.0059871185,0.015330824,atac10k_ext
0.0038751764,0.013965393,atac10k_ext
0.0047875308,0.005627933,atac10k_ext
0.0019430554,-0.0046015456,atac10k_ext
0.0029698987,-0.008986883,atac10k_ext
0.01781639,-0.008354536,atac10k_ext
0.005254005,-0.010607321,atac10k_ext
-0.015743002,-0.006864139,atac10k_ext
-0.008195268,-1.4262769e-05,atac10k_ext
-0.004984038,-0.0026783412,atac10k_ext
-0.008200676,0.00921626,atac10k_ext
0.012656492,-0.0024015193,atac10k_ext
0.0010453417,0.00795154,atac10k_ext
-0.0036154296,0.01477351,atac10k_ext
-0.008541846,-0.014013738,atac10k_ext
-0.0123070115,0.010640108,atac10k_ext
0.019719198,0.0142305605,atac10k_ext
0.0050497423,0.0049599768,atac10k_ext
-0.015919367,-0.014918457,atac10k_ext
0.01483835,0.0052617793,atac10k_ext
0.0006939571,-0.01652799,atac10k_ext
-0.02291536,-0.013901279,atac10k_ext
0.0067524337,0.005396354,atac10k_ext
-0.0073128617,-0.0104908515,atac10k_ext
0.008954722,-0.0006876409,atac10k_ext
0.0072501185,0.0052394453,atac10k_ext
0.01717161,0.0054176855,atac10k_ext
0.020325452,0.0049752616,atac10k_ext
-0.0005500103,0.007169103,atac10k_ext
-0.0016614491,-0.022363566,atac10k_ext
-0.004820833,-0.010149995,atac10k_ext
-0.0032069858,0.008369997,atac10k_ext
0.007728539,0.0076791667,atac10k_ext
-0.014085175,0.014561869,atac10k_ext
-0.0016841893,-0.009074466,atac10k_ext
-0.002372681,0.012778916,atac10k_ext
0.0024159087,-0.013938055,atac10k_ext
0.009848987,0.010047913,atac10k_ext
-0.029990578,-0.01346024,atac10k_ext
0.0034918438,-0.01463383,atac10k_ext
0.0014750334,0.019619728,atac10k_ext
-0.002940622,-0.004806173,atac10k_ext
0.015576874,-0.009572784,atac10k_ext
-0.005871976,-0.010630793,atac10k_ext
0.019400366,-0.013889988,atac10k_ext
-0.018515319,-0.009095239,atac10k_ext
-0.0019131561,0.006898606,atac10k_ext
-0.0026959304,0.0074141463,atac10k_ext
-0.020873545,0.014996133,atac10k_ext
0.0140415495,-0.008402432,atac10k_ext
-0.019602414,0.001333158,atac10k_ext
0.008152372,-0.0019045827,atac10k_ext
0.00048876257,0.011781129,atac10k_ext
0.0064952704,0.009267888,atac10k_ext
0.006544481,0.008885886,atac10k_ext
0.0036303408,0.014774153,atac10k_ext
0.0032345487,0.014954871,atac10k_ext
0.0078008287,0.009119692,atac10k_ext
-0.0033961898,0.0017219168,atac10k_ext
0.0022592887,0.01291344,atac10k_ext
-0.019187247,-0.023152942,atac10k_ext
0.002978175,0.010435094,atac10k_ext
0.0015756552,0.0083708605,atac10k_ext
-0.0018747769,0.007649063,atac10k_ext
-0.0034044995,-0.011109669,atac10k_ext
0.00090690516,0.007586796,atac10k_ext
0.014102848,0.016218176,atac10k_ext
-0.016670564,-0.006125567,atac10k_ext
-0.01896118,-0.014936874,atac10k_ext
0.003505055,-0.007865872,atac10k_ext
-0.00033602104,0.0038521483,atac10k_ext
-4.788195e-05,-0.007715334,atac10k_ext
-0.0109129995,0.0056186817,atac10k_ext
0.0069960067,0.014045618,atac10k_ext
-0.0065453183,-0.004108016,atac10k_ext
-0.0113094505,0.0094702775,atac10k_ext
-0.00039474672,-0.0027201083,atac10k_ext
-0.0019429974,0.004569249,atac10k_ext
0.013795865,-0.014785718,atac10k_ext
-0.0013981643,0.00622521,atac10k_ext
-0.0069999914,-0.0060036085,atac10k_ext
-0.0026949127,-0.004934438,atac10k_ext
0.0011119561,0.005911769,atac10k_ext
0.018246736,0.009091359,atac10k_ext
-0.0025627837,0.007936244,atac10k_ext
-0.02203188,0.008334162,atac10k_ext
-0.004216346,-0.020607548,atac10k_ext
-0.017608196,0.0107100345,atac10k_ext
0.00883381,-0.0033879606,atac10k_ext
0.027474534,-0.007852783,atac10k_ext
-0.009788208,-0.011285733,atac10k_ext
0.0062092193,-0.0002921712,atac10k_ext
0.0008585909,0.010508322,atac10k_ext
-0.0055541997,-0.016741589,atac10k_ext
-0.013874922,-0.012548024,atac10k_ext
-0.01444554,-0.0089072315,atac10k_ext
0.004027873,0.0059048245,atac10k_ext
-0.008680989,-0.012669114,atac10k_ext
0.008802709,0.012224341,atac10k_ext
0.0038953437,-0.0084408615,atac10k_ext
0.0080776205,0.003167786,atac10k_ext
-0.010355386,0.013286584,atac10k_ext
0.022803849,-0.014252377,atac10k_ext
0.012548042,-0.009722788,atac10k_ext
0.004730061,-0.012697155,atac10k_ext
0.003798147,0.0070532286,atac10k_ext
-0.0046359072,-0.003653965,atac10k_ext
-0.005399689,0.015061781,atac10k_ext
-0.0024485416,-0.010716226,atac10k_ext
-0.015336057,-0.012333023,atac10k_ext
-0.0014739763,0.010833649,atac10k_ext
0.02451894,0.006700483,atac10k_ext
0.0032241147,0.0079258885,atac10k_ext
-0.015799198,0.0047180424,atac10k_ext
0.00065914664,0.0059953094,atac10k_ext
0.007981598,0.013134798,atac10k_ext
-0.005452413,0.010213944,atac10k_ext
0.02647775,-0.01230567,atac10k_ext
-0.016358273,0.0116282655,atac10k_ext
-0.0005793483,-0.013278276,atac10k_ext
-0.0126330145,-0.018180108,atac10k_ext
0.004790202,-0.008423576,atac10k_ext
-0.025608582,0.013127799,atac10k_ext
-0.013224962,-0.01285912,atac10k_ext
0.011175013,0.01037611,atac10k_ext
-0.020526359,0.01132481,atac10k_ext
0.0077608186,-0.012131811,atac10k_ext
0.017990794,-0.01099708,atac10k_ext
0.00081187027,0.0077021513,atac10k_ext
0.020152185,0.004536742,atac10k_ext
-0.0023594853,0.0070903706,atac10k_ext
-0.00064192334,-0.015550758,atac10k_ext
0.008675674,-0.013402375,atac10k_ext
-0.0047287275,0.0028854948,atac10k_ext
-0.014716093,-0.008326541,atac10k_ext
-0.010832998,-0.008666906,atac10k_ext
-0.0002467647,0.01256122,atac10k_ext
0.0032945997,0.017745197,atac10k_ext
0.000505247,-0.009513011,atac10k_ext
0.00818268,-0.0031583428,atac10k_ext
-0.011484933,0.0064828875,atac10k_ext
-0.0035718274,-0.011931112,atac10k_ext
0.013827923,0.0109707415,atac10k_ext
-0.0044725584,-0.013132286,atac10k_ext
0.018055817,0.011832135,atac10k_ext
-0.005900258,-0.0057546785,atac10k_ext
-0.01563033,0.007516335,atac10k_ext
-0.0032773856,-0.0047461092,atac10k_ext
0.011508222,-0.008920895,atac10k_ext
-0.016121333,0.011081453,atac10k_ext
-0.005597348,-0.006963146,atac10k_ext
0.011027147,-0.021923712,atac10k_ext
-0.006112455,-0.02551102,atac10k_ext
-0.0027195716,0.015910143,atac10k_ext
-0.020193305,-0.008666658,atac10k_ext
-0.003225285,0.01168974,atac10k_ext
0.0066764867,-0.009242042,atac10k_ext
0.013014734,-0.0023712204,atac10k_ext
0.0071078627,0.011117652,atac10k_ext
0.014760705,-0.008962706,atac10k_ext
-0.0038141636,0.0016224112,atac10k_ext
-0.0020884436,0.010346287,atac10k_ext
-0.007451704,-0.013364777,atac10k_ext
-0.034250893,-0.015786603,atac10k_ext
-0.004847896,0.0063496022,atac10k_ext
-0.0021671928,0.011377285,atac10k_ext
-0.018924868,0.005628869,atac10k_ext
0.00073558633,0.005275489,atac10k_ext
-0.014750012,0.011556541,atac10k_ext
-0.0023488055,-0.007888317,atac10k_ext
0.005519901,0.0059379833,atac10k_ext
0.015024585,-0.0011136853,atac10k_ext
0.029426694,0.010629623,atac10k_ext
-0.0019205989,0.014893105,atac10k_ext
0.013881103,-0.02318503,atac10k_ext
0.012062168,-0.010690202,atac10k_ext
0.020302614,0.008437572,atac10k_ext
0.005860582,0.0023963472,atac10k_ext
0.017706152,-0.01224169,atac10k_ext
0.016630922,-0.0050546373,atac10k_ext
-0.0133084385,0.015738998,atac10k_ext
0.017122569,-0.008415462,atac10k_ext
-0.006231934,-0.007961718,atac10k_ext
0.0065244683,-0.0030553974,atac10k_ext
0.010993873,-0.009949094,atac10k_ext
-0.0012406104,-0.0023200985,atac10k_ext
0.004357418,1.7575247e-05,atac10k_ext
0.0052049938,0.010722944,atac10k_ext
-0.014977885,0.010528485,atac10k_ext
-0.0038523085,0.009951359,atac10k_ext
-0.0108973095,0.008903422,atac10k_ext
0.0043235286,-0.025977867,atac10k_ext
0.01095334,-0.0057060113,atac10k_ext
0.033836856,0.0037487578,atac10k_ext
-0.029934824,-0.009352606,atac10k_ext
-0.013556301,0.0024896315,atac10k_ext
-0.014467747,0.0017427283,atac10k_ext
0.019948171,-0.011313071,atac10k_ext
-0.011940689,0.011985712,atac10k_ext
0.012812772,-0.0056063007,atac10k_ext
0.00868051,-0.007683353,atac10k_ext
0.010515422,0.009269235,atac10k_ext
0.011464764,-0.0030912037,atac10k_ext
-0.0075890073,0.009167293,atac10k_ext
0.016084803,0.0054641184,atac10k_ext
-0.0027614904,0.019936709,atac10k_ext
-0.009029974,-0.02838172,atac10k_ext
-0.0064765643,0.006187449,atac10k_ext
-0.012579851,0.020284029,atac10k_ext
0.0019308254,0.010939334,atac10k_ext
-0.015592583,0.0025671641,atac10k_ext
0.013920205,-0.012488371,atac10k_ext
-0.0051850416,0.011736256,atac10k_ext
0.0036865005,0.00032253208,atac10k_ext
0.015773706,0.010892452,atac10k_ext
-0.014897375,-0.0019133453,atac10k_ext
0.010428996,-0.012696817,atac10k_ext
0.020645862,0.014560074,atac10k_ext
-0.011894716,-0.0073374836,atac10k_ext
0.015933873,0.011711269,atac10k_ext
0.003111792,-0.011701985,atac10k_ext
0.014054705,-0.006146824,atac10k_ext
0.020382764,-0.0053316536,atac10k_ext
0.03891724,-0.015042423,atac10k_ext
0.005987343,0.009857279,atac10k_ext
-0.014953075,-0.008155217,atac10k_ext
-0.0066214697,-0.012018962,atac10k_ext
-0.0013318235,0.0036380563,atac10k_ext
-0.013394357,0.015565828,atac10k_ext
-0.016335344,-0.015009739,atac10k_ext
-0.023786101,-0.0076537686,atac10k_ext
-0.016468326,0.009694615,atac10k_ext
-0.0016598175,-0.003482476,atac10k_ext
0.008708167,-0.01085939,atac10k_ext
0.01188992,-0.0075684837,atac10k_ext
-0.010498743,0.0009679228,atac10k_ext
0.0053461515,-0.010455208,atac10k_ext
-0.008904793,0.013725666,atac10k_ext
0.008862152,0.012243724,atac10k_ext
-0.012993824,0.0062507316,atac10k_ext
-0.0040299008,-0.0152587425,atac10k_ext
-0.0051360857,0.0063587385,atac10k_ext
-0.0024677438,-0.021308435,atac10k_ext
-0.0046780445,0.015029934,atac10k_ext
0.014977105,0.011844583,atac10k_ext
-0.0026130113,0.009986994,atac10k_ext
-0.0059780334,-0.024139706,atac10k_ext
-0.0057097287,-0.0069156215,atac10k_ext
0.0067881066,0.0066340924,atac10k_ext
-0.014373611,0.013460588,atac10k_ext
-0.008033837,-0.008628787,atac10k_ext
-0.008844467,-0.025854507,atac10k_ext
-0.012128548,-0.022678828,atac10k_ext
0.018731253,-0.0014074786,atac10k_ext
0.001845703,0.010555889,atac10k_ext
-0.013076576,0.009470983,atac10k_ext
0.013509116,0.010713195,atac10k_ext
-0.011655685,-0.009659933,atac10k_ext
0.0006836984,0.006663473,atac10k_ext
-0.006779794,-0.008901555,atac10k_ext
0.0033260467,0.008572325,atac10k_ext
0.0129090585,-0.007878596,atac10k_ext
-0.026613437,0.010737821,atac10k_ext
-0.0002949396,-0.0071044564,atac10k_ext
-0.000298118,-0.022254907,atac10k_ext
-0.0062239063,-0.017868867,atac10k_ext
-0.0069667846,0.009775931,atac10k_ext
0.016022261,-0.0020881288,atac10k_ext
0.0016032824,-0.007868353,atac10k_ext
0.005921543,0.017176421,atac10k_ext
0.001384752,-0.0070788125,atac10k_ext
-0.01537128,-0.008341545,atac10k_ext
0.025477115,0.0040765,atac10k_ext
-0.0051222267,0.006884388,atac10k_ext
-0.006651944,-0.0018699098,atac10k_ext
-0.0024081685,-0.008524679,atac10k_ext
-0.01421597,0.010546046,atac10k_ext
0.01078311,-0.008774486,atac10k_ext
0.0025854514,-0.0024207854,atac10k_ext
0.0115718795,-0.007686074,atac10k_ext
-0.0023444619,0.008657108,atac10k_ext
0.0072379694,0.006054812,atac10k_ext
-0.007816659,-0.0016101369,atac10k_ext
0.004720248,-0.0084146485,atac10k_ext
0.006896102,-0.0042592147,atac10k_ext
0.0072201462,0.01539695,atac10k_ext
-0.011906289,-0.02573185,atac10k_ext
-0.0076682684,-0.010561252,atac10k_ext
-0.009679408,0.017756188,atac10k_ext
0.006484805,0.0060878173,atac10k_ext
-0.004078095,0.009049793,atac10k_ext
-0.016430238,0.01057674,atac10k_ext
-9.507447e-05,-0.011529636,atac10k_ext
0.0148870945,-0.013197397,atac10k_ext
0.0032014782,-0.013321054,atac10k_ext
0.01021255,0.0024614127,atac10k_ext
0.013579624,0.0093491385,atac10k_ext
-0.0018908869,-0.009308535,atac10k_ext
-0.016374812,0.0068443497,atac10k_ext
0.010092259,-0.01089405,atac10k_ext
0.018739667,-0.013065208,atac10k_ext
-0.003287891,-0.022107232,atac10k_ext
-0.013971129,0.0044807876,atac10k_ext
-0.004812907,0.008986096,atac10k_ext
0.012113391,-0.008789612,atac10k_ext
0.014838874,-0.0054560867,atac10k_ext
0.00063887384,0.017228054,atac10k_ext
-0.015041448,0.008807467,atac10k_ext
-0.020076105,-0.0048899516,atac10k_ext
0.019110143,0.011725583,atac10k_ext
-0.0062263585,-0.004982585,atac10k_ext
0.0007976698,0.015650876,atac10k_ext
0.00964395,-0.008528898,atac10k_ext
-0.0064785085,-0.007447376,atac10k_ext
-0.0049352967,-0.011140373,atac10k_ext
-0.01895072,-0.008580051,atac10k_ext
0.0043624197,0.00868333,atac10k_ext
0.015221916,-0.0031928255,atac10k_ext
-0.00995252,-0.004969651,atac10k_ext
-0.020737343,0.00033276,atac10k_ext
-0.019335646,0.012970546,atac10k_ext
-0.008806675,0.00980206,atac10k_ext
0.010149213,0.01692662,atac10k_ext
0.009421239,0.0034612024,atac10k_ext
-0.005495432,-0.0061801546,atac10k_ext
0.0072084498,-0.0063530644,atac10k_ext
-0.00852895,0.0026356531,atac10k_ext
-0.00852955,-0.0016202935,atac10k_ext
0.012221044,-0.01156503,atac10k_ext
-0.009241739,-0.0006369769,atac10k_ext
-0.0026845238,0.0021360097,atac10k_ext
0.017615864,0.010360783,atac10k_ext
0.0091962945,0.0087199025,atac10k_ext
0.00082203525,-0.01818536,atac10k_ext
0.021892514,-0.0057813856,atac10k_ext
0.0032441532,-0.013466627,atac10k_ext
-0.0059521156,-0.019236138,atac10k_ext
0.009979131,-0.0062707355,atac10k_ext
0.014031104,-0.009874233,atac10k_ext
-0.011696768,-0.021214876,atac10k_ext
-0.00799658,0.016936196,atac10k_ext
0.0048315777,-0.0051047504,atac10k_ext
0.014805168,0.012356823,atac10k_ext
-0.00838038,0.00036418097,atac10k_ext
0.0056778057,-0.0036427802,atac10k_ext
0.0065104957,0.0055551254,atac10k_ext
-0.009196243,0.015155477,atac10k_ext
-0.022430439,-0.00877362,atac10k_ext
-0.0043245475,0.00271278,atac10k_ext
-0.009488897,0.0132677285,atac10k_ext
0.022665866,-0.011035336,atac10k_ext
-0.007566624,-0.01744311,atac10k_ext
0.004275286,-0.008591006,atac10k_ext
0.015360695,0.00603654,atac10k_ext
0.0069543086,0.00020544267,atac10k_ext
-0.015184558,0.008932082,atac10k_ext
0.008615369,0.0029438925,atac10k_ext
-0.005629997,-0.008924894,atac10k_ext
0.006364463,0.010794287,atac10k_ext
0.027402727,-0.007320991,atac10k_ext
-0.004082557,-0.008938348,atac10k_ext
-0.0036892856,-0.0062131737,atac10k_ext
0.013265198,-0.022235302,atac10k_ext
-0.0028126156,0.015592348,atac10k_ext
-0.023020491,-0.0071165697,atac10k_ext
0.002555628,0.017169561,atac10k_ext
-0.006435621,0.008398398,atac10k_ext
-0.030436348,0.015238617,atac10k_ext
-0.010900276,-0.012519256,atac10k_ext
-0.0059354124,0.005923372,atac10k_ext
0.0051291073,-0.0011034767,atac10k_ext
-0.001981524,0.014334119,atac10k_ext
-0.018542154,-0.0059714974,atac10k_ext
0.019281385,0.013151463,atac10k_ext
-0.005417413,0.0072761434,atac10k_ext
-0.009848676,-0.013447753,atac10k_ext
-0.017404238,-0.008548857,atac10k_ext
-0.0011262847,0.01614153,atac10k_ext
-0.005661976,-0.013152046,atac10k_ext
0.0024185446,0.011509084,atac10k_ext
0.002684754,-0.01537724,atac10k_ext
0.013911118,-0.007142248,atac10k_ext
0.009189741,-0.008009398,atac10k_ext
-0.0050490587,-0.0035634616,atac10k_ext
0.01006221,0.0067977193,atac10k_ext
0.017954238,0.012547794,atac10k_ext
0.0044827894,-0.02133224,atac10k_ext
0.003072265,0.006485046,atac10k_ext
-0.007987276,0.010353493,atac10k_ext
-0.0022675414,0.008790154,atac10k_ext
-0.00059500895,0.0045763543,atac10k_ext
-0.010858483,0.011956868,atac10k_ext
0.0034624771,0.014598332,atac10k_ext
0.00703208,0.016776418,atac10k_ext
0.0056932904,0.007678209,atac10k_ext
-0.011430048,0.0129460525,atac10k_ext
-0.010439755,-0.0042974674,atac10k_ext
0.010398898,0.009069407,atac10k_ext
0.007983534,-0.012978872,atac10k_ext
0.0013072538,-0.007958693,atac10k_ext
0.015132437,-0.012956956,atac10k_ext
-0.0017570882,0.004273892,atac10k_ext
0.005806308,0.0018565281,atac10k_ext
0.0007481121,-0.0075800996,atac10k_ext
-0.018960843,0.0069579957,atac10k_ext
-0.0011004758,-0.02888054,atac10k_ext
0.03514793,-0.011336055,atac10k_ext
-0.007827934,0.01321134,atac10k_ext
-0.012563681,-0.013110859,atac10k_ext
0.015940532,-0.010163719,atac10k_ext
0.0019800123,-0.0072845374,atac10k_ext
0.0018559885,-0.00045599672,atac10k_ext
0.02909785,0.0006620636,atac10k_ext
0.0012712701,-0.0048902286,atac10k_ext
-0.007533523,-0.011120551,atac10k_ext
0.009661103,-0.005326173,atac10k_ext
0.0072051156,-0.010817826,atac10k_ext
0.007451001,-0.014958147,atac10k_ext
0.007930237,0.01233861,atac10k_ext
0.008007942,0.011604448,atac10k_ext
-0.0034299628,-0.016724784,atac10k_ext
-0.0059592444,-0.00687535,atac10k_ext
-0.02449275,0.008120252,atac10k_ext
-0.0053821434,-0.009942037,atac10k_ext
-0.011586234,0.011701556,atac10k_ext
-0.013371452,-0.007160268,atac10k_ext
0.016350362,0.008175088,atac10k_ext
0.0069382656,0.017589366,atac10k_ext
0.013867327,-0.0101800505,atac10k_ext
-0.002648624,0.015710955,atac10k_ext
0.0007375825,0.012046127,atac10k_ext
0.007504602,-0.0075933915,atac10k_ext
0.004108784,0.0055809096,atac10k_ext
0.010418176,-0.0063154525,atac10k_ext
-0.010451662,0.004671616,atac10k_ext
-0.010315631,0.011498155,atac10k_ext
0.0050025904,0.011170449,atac10k_ext
0.00696543,-0.008622721,atac10k_ext
-0.007869898,-0.010506369,atac10k_ext
-0.0043688426,0.010090255,atac10k_ext
0.007586401,0.0037104927,atac10k_ext
0.0055076308,-0.0039252713,atac10k_ext
-0.015749738,-0.021870358,atac10k_ext
-0.0071583265,0.007825515,atac10k_ext
0.006133557,0.0060878815,atac10k_ext
-0.013123173,5.80679e-05,atac10k_ext
0.009297566,0.0055850535,atac10k_ext
-0.017637005,0.006795473,atac10k_ext
-0.01195007,0.0056643947,atac10k_ext
-0.01217844,-0.007891659,atac10k_ext
0.0053322855,0.008468544,atac10k_ext
-0.020120388,0.008414521,atac10k_ext
0.005526999,0.012186302,atac10k_ext
0.012280574,-0.0061737425,atac10k_ext
0.011632861,0.00589074,atac10k_ext
-0.030073682,0.0006217171,atac10k_ext
0.0015203542,-0.011685995,atac10k_ext
0.007648275,0.004975466,atac10k_ext
-0.013369191,0.011532713,atac10k_ext
0.0039136354,0.008871226,atac10k_ext
-0.0046095727,-0.014910741,atac10k_ext
-0.02130933,-0.010362099,atac10k_ext
0.011107313,-0.007840644,atac10k_ext
0.003449837,0.0115134735,atac10k_ext
0.0032334495,-0.005089525,atac10k_ext
0.009931719,0.007576972,atac10k_ext
0.008013441,-0.0048524295,atac10k_ext
0.009902494,0.015128893,atac10k_ext
0.011735051,-0.008261599,atac10k_ext
-0.0006317469,0.008973318,atac10k_ext
0.0021576562,0.009477447,atac10k_ext
-0.0043348563,0.015279537,atac10k_ext
-0.0048616673,0.013814981,atac10k_ext
0.0016786063,-0.010515975,atac10k_ext
0.006930217,-0.008957284,atac10k_ext
0.019599877,0.014500306,atac10k_ext
-0.009055455,-0.00907533,atac10k_ext
-0.013250219,-0.013682376,atac10k_ext
-0.009435548,-0.006166333,atac10k_ext
0.019463655,-0.013662467,atac10k_ext
-0.017216835,0.01153282,atac10k_ext
0.02134041,-0.008485055,atac10k_ext
0.005279296,0.009548595,atac10k_ext
-0.01925603,0.009437768,atac10k_ext
0.011585418,0.0082707405,atac10k_ext
0.010213359,-0.026068294,atac10k_ext
0.00420841,0.0063411864,atac10k_ext
0.004271489,-0.009292942,atac10k_ext
-0.009353435,-0.008607586,atac10k_ext
0.004811521,-0.0013119947,atac10k_ext
-0.01740954,0.005869761,atac10k_ext
-0.0047575184,-0.0062636915,atac10k_ext
0.016929826,0.0054298462,atac10k_ext
-0.015482878,0.010690126,atac10k_ext
0.0017768409,-0.0038373752,atac10k_ext
0.0042168773,0.008708679,atac10k_ext
-0.00887511,0.009145418,atac10k_ext
-0.0058803116,0.00343112,atac10k_ext
-0.0031659831,-0.010569303,atac10k_ext
-0.0006808482,0.014795037,atac10k_ext
0.0016063147,-0.009594017,atac10k_ext
-0.00021968374,-0.0028672311,atac10k_ext
0.0056465035,-0.004330724,atac10k_ext
-0.018818505,0.008739185,atac10k_ext
-0.00090430415,0.016622003,atac10k_ext
-0.0064838007,-0.023934634,atac10k_ext
-0.016816955,-0.008627413,atac10k_ext
0.008380689,0.014721029,atac10k_ext
-0.001771734,0.012094489,atac10k_ext
0.0071458733,0.010847289,atac10k_ext
0.010408872,-0.008385531,atac10k_ext
0.015498701,-0.01138217,atac10k_ext
0.0127139855,0.022596939,atac10k_ext
-0.0043666568,0.004574972,atac10k_ext
0.008796497,-0.0012537338,atac10k_ext
-0.00961969,-0.013744379,atac10k_ext
-0.003352497,-0.013723963,atac10k_ext
0.0025393309,0.0053869584,atac10k_ext
-0.0049716756,0.010418726,atac10k_ext
-0.002271773,0.003979898,atac10k_ext
-0.007937298,0.014471611,atac10k_ext
0.016263325,-0.008306742,atac10k_ext
-0.014348795,-0.008503998,atac10k_ext
0.014526506,-0.009538681,atac10k_ext
-0.019837383,0.011195029,atac10k_ext
-0.016053952,0.01344235,atac10k_ext
0.0043945434,-0.010678751,atac10k_ext
-0.009516353,-0.012178974,atac10k_ext
-0.0046516643,0.011474508,atac10k_ext
0.0012671583,0.014907676,atac10k_ext
0.0058667073,0.0045821844,atac10k_ext
0.0032341667,0.006893597,atac10k_ext
0.0036938728,0.014179263,atac10k_ext
0.007376015,0.007929859,atac10k_ext
-0.02304114,-0.0058444636,atac10k_ext
0.0050302646,-0.0045647523,atac10k_ext
0.007787258,-0.009055149,atac10k_ext
0.008284956,0.004345249,atac10k_ext
-0.013243928,0.000835274,atac10k_ext
0.0043769353,-0.0075915507,atac10k_ext
0.00028728892,-0.02762939,atac10k_ext
0.01857914,0.0072596683,atac10k_ext
-0.013113465,0.011559193,atac10k_ext
-0.004454489,-0.008483889,atac10k_ext
-5.077702e-05,0.013039518,atac10k_ext
0.012326486,-0.007995241,atac10k_ext
-0.006198084,0.01132021,atac10k_ext
-0.004549631,0.003561687,atac10k_ext
-0.007902127,0.008549472,atac10k_ext
-0.005872719,0.0108907875,atac10k_ext
-0.00095177,-0.013029322,atac10k_ext
-0.029018346,-0.011554677,atac10k_ext
-0.0028323033,-0.012054726,atac10k_ext
0.0058156913,0.007253925,atac10k_ext
0.010953346,-0.009283578,atac10k_ext
0.021106713,-0.004409748,atac10k_ext
-0.006435082,0.016451998,atac10k_ext
0.0012567069,0.0021656882,atac10k_ext
0.009654109,0.011076668,atac10k_ext
0.010001965,0.002600325,atac10k_ext
-0.0010726771,0.0112110395,atac10k_ext
-0.0031022155,0.011879546,atac10k_ext
0.0007721089,0.012068822,atac10k_ext
0.0051131207,0.011071776,atac10k_ext
0.0029273273,-0.004668667,atac10k_ext
0.024701742,0.0063814884,atac10k_ext
-0.0032791554,-0.010516866,atac10k_ext
-0.015853912,-0.008148421,atac10k_ext
0.006290303,0.01755188,atac10k_ext
-0.0046550008,-0.0037003353,atac10k_ext
-0.0035378868,0.006002637,atac10k_ext
0.00022143051,-0.00074921316,atac10k_ext
0.009364836,-0.01077689,atac10k_ext
-0.011236389,-0.0069035087,atac10k_ext
-0.016998477,-0.019737277,atac10k_ext
-0.0015770135,0.011177309,atac10k_ext
-0.022009382,-0.005814552,atac10k_ext
-0.007399209,-0.01791915,atac10k_ext
0.0009560068,0.011299194,atac10k_ext
0.01070897,0.006954246,atac10k_ext
-0.015449805,-0.011295955,atac10k_ext
0.025660355,-0.011419989,atac10k_ext
-0.0036190122,0.0003469701,atac10k_ext
0.011982925,-0.010700048,atac10k_ext
-0.011203851,0.01248122,atac10k_ext
0.0034735522,-0.010902244,atac10k_ext
0.009619528,0.014405222,atac10k_ext
-0.016982412,-0.0058283703,atac10k_ext
0.02505301,0.013623196,atac10k_ext
0.011785176,0.0104897255,atac10k_ext
0.012003084,0.002998643,atac10k_ext
-0.006821844,0.008835589,atac10k_ext
0.0014490882,0.011399738,atac10k_ext
0.010615534,-0.012222108,atac10k_ext
-0.006469419,-0.01115284,atac10k_ext
0.0021249084,0.0142753925,atac10k_ext
-0.023508271,0.007345531,atac10k_ext
0.013048093,0.015155698,atac10k_ext
0.015364683,0.009770334,atac10k_ext
-0.010900978,0.010010757,atac10k_ext
-0.0015191674,0.01024724,atac10k_ext
0.000103694445,0.010415032,atac10k_ext
0.0031962171,0.009529398,atac10k_ext
-0.0016643708,0.008422927,atac10k_ext
-0.0072138747,-0.015575853,atac10k_ext
-0.00784351,0.0063313665,atac10k_ext
0.014396914,0.003466414,atac10k_ext
-0.011543974,0.008107187,atac10k_ext
-0.0011574769,-0.0049048043,atac10k_ext
0.0010365648,0.011500019,atac10k_ext
-0.016664224,-0.00010700485,atac10k_ext
-0.020234168,-0.01072097,atac10k_ext
-0.00765059,-0.006957624,atac10k_ext
-0.0053017032,-0.013713339,atac10k_ext
-0.00923794,0.0063347463,atac10k_ext
-0.0063449335,0.0003876303,atac10k_ext
-0.010083349,0.004592663,atac10k_ext
-0.0070430995,-0.0075413007,atac10k_ext
-0.0053992188,0.0009928168,atac10k_ext
-0.022172084,0.012780772,atac10k_ext
0.0057332995,0.0064094122,atac10k_ext
-0.015321014,-0.0017846645,atac10k_ext
-0.00548814,0.007614339,atac10k_ext
0.015304393,0.008061229,atac10k_ext
-0.0050316476,-0.011239908,atac10k_ext
0.00402986,-0.009402247,atac10k_ext
0.00039415428,0.007861762,atac10k_ext
-1.3844585e-05,-0.011437045,atac10k_ext
0.009132331,0.0034758118,atac10k_ext
0.00059017213,-0.007207895,atac10k_ext
0.00045711713,-0.0026738553,atac10k_ext
0.011681582,0.0071068383,atac10k_ext
-0.002201526,-0.013616533,atac10k_ext
-0.009249894,0.008180934,atac10k_ext
-0.009762036,-0.008622872,atac10k_ext
-0.0030625323,0.013289519,atac10k_ext
0.009244271,-0.0071145184,atac10k_ext
-0.0068564424,0.008743597,atac10k_ext
0.0073150056,-0.009473822,atac10k_ext
-0.004478295,-0.0070805564,atac10k_ext
-0.010732742,0.011936861,atac10k_ext
0.005983276,0.015915977,atac10k_ext
-0.002742315,-0.004017169,atac10k_ext
-0.009478587,-0.0062594106,atac10k_ext
-0.014133996,-0.0063992827,atac10k_ext
-0.006103986,0.010693854,atac10k_ext
0.0013422584,0.007953795,atac10k_ext
0.00402363,0.015838087,atac10k_ext
0.0005690102,0.005765431,atac10k_ext
0.01967145,0.010952286,atac10k_ext
-0.014696234,0.003500588,atac10k_ext
-0.00012633874,0.007639738,atac10k_ext
0.0032540378,-0.0070556663,atac10k_ext
0.01082798,0.0007126151,atac10k_ext
0.0021700806,0.015573113,atac10k_ext
-0.0018548715,0.0050190524,atac10k_ext
-0.014325829,0.014261916,atac10k_ext
0.00399622,-0.003264657,atac10k_ext
-0.0040169945,-0.011671394,atac10k_ext
-0.010753835,-0.004563688,atac10k_ext
0.024266044,-0.014301855,atac10k_ext
-0.019344885,-0.009582721,atac10k_ext
0.008894259,-0.0131645715,atac10k_ext
-0.000457809,-0.005699512,atac10k_ext
0.011234745,-0.0115432795,atac10k_ext
0.0019068095,-0.012645392,atac10k_ext
-0.0058399006,0.0076099513,atac10k_ext
8.974348e-05,-0.00079735206,atac10k_ext
0.0025466266,-0.002725785,atac10k_ext
-9.546456e-05,-0.0042417347,atac10k_ext
0.0015330953,-0.015616333,atac10k_ext
0.0071054446,0.008403907,atac10k_ext
0.00401972,-0.008380108,atac10k_ext
-0.012971916,-0.003794125,atac10k_ext
-0.004738242,-0.009722325,atac10k_ext
-0.003685632,-0.0022717651,atac10k_ext
0.014051619,0.011519378,atac10k_ext
-0.004032567,-0.010751077,atac10k_ext
0.0123001505,-0.025420217,atac10k_ext
-0.008941797,-0.022768676,atac10k_ext
0.0042657256,-0.01127841,atac10k_ext
0.00385597,-0.010782451,atac10k_ext
-0.026853852,-0.007717573,atac10k_ext
-0.016762523,0.010631933,atac10k_ext
-0.011082845,0.011799055,atac10k_ext
0.00887243,0.0054979697,atac10k_ext
-0.0045697764,-0.00522944,atac10k_ext
-0.007750115,0.016837958,atac10k_ext
6.5010296e-05,-0.011845999,atac10k_ext
0.014506589,-0.0053441417,atac10k_ext
-0.00040785217,-0.0021424238,atac10k_ext
-0.0074058045,-0.011715138,atac10k_ext
0.006338216,-0.027238797,atac10k_ext
0.010905685,0.011402231,atac10k_ext
0.0023870822,0.0097211,atac10k_ext
-0.00092350657,0.009285906,atac10k_ext
-0.021516938,-0.009490573,atac10k_ext
-0.0035740677,-0.0068424065,atac10k_ext
0.010266465,0.00467517,atac10k_ext
-0.01755732,-0.01830384,atac10k_ext
0.017323447,0.00963555,atac10k_ext
-0.0069808993,0.0046516075,atac10k_ext
0.003372069,0.017621044,atac10k_ext
-0.0014431421,-0.009610653,atac10k_ext
0.00906642,0.013670761,atac10k_ext
0.012119167,-0.022547806,atac10k_ext
0.0028408885,0.011380079,atac10k_ext
0.0021860998,-0.02149048,atac10k_ext
0.003840084,-0.0073145996,atac10k_ext
0.007888792,0.015428189,atac10k_ext
0.020528274,0.012398056,atac10k_ext
-0.007615988,0.00980298,atac10k_ext
0.0014663835,-0.008185858,atac10k_ext
-0.0037418455,-0.018408835,atac10k_ext
0.0030251828,0.0006304216,atac10k_ext
0.010335673,-0.008918675,atac10k_ext
0.021125251,-0.0076583917,atac10k_ext
0.011536163,-0.007576744,atac10k_ext
-0.0059258905,0.00051653705,atac10k_ext
0.00587304,0.015360971,atac10k_ext
-0.01425485,0.004708392,atac10k_ext
-1.9899524e-05,0.007850888,atac10k_ext
0.008316187,0.010497563,atac10k_ext
-0.0069099963,0.003217287,atac10k_ext
-0.0011341651,-0.0068566864,atac10k_ext
-0.008238085,0.013872447,atac10k_ext
0.008235475,-0.0063575436,atac10k_ext
-0.019358192,0.0019537979,atac10k_ext
0.02214032,0.009980041,atac10k_ext
0.004175509,-0.008960462,atac10k_ext
0.022596424,0.012618482,atac10k_ext
0.015135598,-0.012971829,atac10k_ext
0.019145591,0.012287217,atac10k_ext
-0.022176728,-0.0060234754,atac10k_ext
-0.0025199328,0.0058117905,atac10k_ext
-0.0043706093,0.011854421,atac10k_ext
-0.0008934623,-0.01274747,atac10k_ext
0.0014946411,0.0011800947,atac10k_ext
0.0115220165,-0.024728287,atac10k_ext
0.016236233,-0.025397688,atac10k_ext
-0.0037279204,-0.0104153985,atac10k_ext
0.002142055,0.013432336,atac10k_ext
-0.010905651,0.012037184,atac10k_ext
-0.0054054344,0.008242073,atac10k_ext
0.018130125,0.0058459383,atac10k_ext
-0.00886287,0.00966008,atac10k_ext
0.010937171,-0.008337285,atac10k_ext
0.01306282,-0.010803557,atac10k_ext
-0.007991242,0.009033356,atac10k_ext
-0.010484421,-0.0028451835,atac10k_ext
-0.010988472,-0.013742632,atac10k_ext
-0.0020218962,0.012876297,atac10k_ext
-0.021468973,0.0050652605,atac10k_ext
0.0023363258,-0.0041776104,atac10k_ext
-0.0029694226,0.0041126935,atac10k_ext
-0.021093853,0.009584565,atac10k_ext
0.004507235,0.008610903,atac10k_ext
-0.0014931557,0.010547668,atac10k_ext
-0.005032598,0.008625376,atac10k_ext
-0.0044565275,0.011684465,atac10k_ext
-0.0035892033,-0.005680162,atac10k_ext
0.0035712034,-0.0014153612,atac10k_ext
0.00882748,0.009970283,atac10k_ext
-0.0066132396,-0.008699613,atac10k_ext
0.005176287,0.00683835,atac10k_ext
-0.011257969,-0.013310995,atac10k_ext
0.014428122,0.0043800133,atac10k_ext
-0.014389661,0.004106995,atac10k_ext
-0.003538508,0.0118204495,atac10k_ext
0.021276658,0.013482299,atac10k_ext
0.0019162373,-0.013995274,atac10k_ext
-0.0035589621,-0.0046728044,atac10k_ext
0.021548629,-0.012718706,atac10k_ext
-0.0063798083,-0.013622798,atac10k_ext
0.01924683,-0.0040577133,atac10k_ext
0.0032405122,-0.014948448,atac10k_ext
0.008081633,0.0072399424,atac10k_ext
0.006996725,0.0022634245,atac10k_ext
0.0074410876,0.0028772831,atac10k_ext
0.020569764,0.0047463696,atac10k_ext
0.0059757796,0.010767633,atac10k_ext
-0.015037626,-0.018419908,atac10k_ext
-0.0008493784,-0.014728804,atac10k_ext
0.007927361,-0.017901994,atac10k_ext
0.009942708,0.010102028,atac10k_ext
-0.015186887,-0.015938729,atac10k_ext
-0.0027810435,-0.011909661,atac10k_ext
0.022731496,0.014787867,atac10k_ext
0.022523738,-0.009991914,atac10k_ext
0.0003684596,-0.01262248,atac10k_ext
-0.007774508,-0.011045019,atac10k_ext
0.008897379,0.01801047,atac10k_ext
0.01947029,0.012039282,atac10k_ext
0.0005961215,-0.009527314,atac10k_ext
0.002591176,-0.0119011635,atac10k_ext
-0.0028050765,0.006097716,atac10k_ext
-0.011841747,0.014062483,atac10k_ext
-0.012172307,0.0093646785,atac10k_ext
-0.008108623,0.0035605142,atac10k_ext
0.013753535,-0.0127937775,atac10k_ext
-0.00494171,-0.011226035,atac10k_ext
0.0076430077,-0.00738255,atac10k_ext
-0.014379666,-0.0069401585,atac10k_ext
0.0012963724,-0.001601002,atac10k_ext
-0.01700798,0.011094931,atac10k_ext
0.0014328592,-0.0064072427,atac10k_ext
0.0085040275,0.003937441,atac10k_ext
-0.020083811,-0.014127569,atac10k_ext
0.02073819,-0.009401344,atac10k_ext
-0.0059990026,-0.007994963,atac10k_ext
0.0027344082,-0.0066986233,atac10k_ext
0.0028299703,0.0027207949,atac10k_ext
-0.0012967939,-0.011667452,atac10k_ext
-0.002514339,0.006281415,atac10k_ext
0.00924718,-0.0076936083,atac10k_ext
0.014491501,-0.0074288985,atac10k_ext
0.0017665813,0.0023772921,atac10k_ext
-0.0020765846,-0.006064469,atac10k_ext
-0.013656976,-0.014416541,atac10k_ext
0.005812686,0.0099757295,atac10k_ext
-0.0035046623,-0.0081148995,atac10k_ext
-0.005817673,0.007305328,atac10k_ext
-0.0030464227,0.005388725,atac10k_ext
0.01017209,-0.011138713,atac10k_ext
-0.017604807,0.011037076,atac10k_ext
-0.0026546153,0.00012702624,atac10k_ext
-0.0018453934,-0.008723994,atac10k_ext
0.008722666,-0.023401449,atac10k_ext
-0.007982767,-0.0062230304,atac10k_ext
0.0014240704,0.01312374,atac10k_ext
-0.012557263,-0.02643202,atac10k_ext
-0.010032075,-0.006166331,atac10k_ext
0.009800331,0.0105958,atac10k_ext
-0.0046094223,0.009069724,atac10k_ext
-0.0015554373,0.008819875,atac10k_ext
-0.0018547643,-0.010498769,atac10k_ext
0.012652988,-0.020805344,atac10k_ext
0.0014355761,0.0055936286,atac10k_ext
-0.005893345,-0.012944911,atac10k_ext
0.007989328,-0.0070605264,atac10k_ext
-0.0073118424,-0.0016890054,atac10k_ext
0.0049800896,-0.01746979,atac10k_ext
0.003742399,0.007984408,atac10k_ext
0.011405015,0.010593901,atac10k_ext
-0.007848946,0.009146235,atac10k_ext
0.0053843814,-0.0072300294,atac10k_ext
-0.010716729,-0.006987542,atac10k_ext
0.0019151916,0.012892192,atac10k_ext
-0.015491169,0.007092977,atac10k_ext
0.013910852,-0.008175142,atac10k_ext
-0.0014069242,0.013207068,atac10k_ext
-0.0052132905,0.007084925,atac10k_ext
0.006996437,-0.023411714,atac10k_ext
-0.012677212,-0.013244522,atac10k_ext
0.0015955648,0.008022901,atac10k_ext
-0.012808434,-0.014290036,atac10k_ext
-0.009806908,-0.0119923055,atac10k_ext
0.0017597849,0.009143935,atac10k_ext
-0.006404311,0.005976733,atac10k_ext
-0.0030969302,0.010535045,atac10k_ext
0.0025165922,-0.012486398,atac10k_ext
0.015533488,-0.011842931,atac10k_ext
-0.014851285,0.010290796,atac10k_ext
0.007112735,0.014746508,atac10k_ext
-0.008805155,-0.009481402,atac10k_ext
-0.023287911,0.011726227,atac10k_ext
0.007974621,-0.00865985,atac10k_ext
0.008348001,0.008477955,atac10k_ext
0.010994849,-0.0067617367,atac10k_ext
0.0059993844,0.0053542135,atac10k_ext
-0.0040868632,-0.006487271,atac10k_ext
0.010934386,0.0019425822,atac10k_ext
-0.013005588,0.011690508,atac10k_ext
-0.0047007813,-0.015333139,atac10k_ext
-0.0188385,0.0137476465,atac10k_ext
0.014573829,-6.218709e-05,atac10k_ext
0.0046017575,-0.010117476,atac10k_ext
-0.012212463,0.004346318,atac10k_ext
0.0077673234,0.005243473,atac10k_ext
0.019281935,0.008578491,atac10k_ext
0.0068095233,-0.01300512,atac10k_ext
0.0041873255,-0.005319925,atac10k_ext
0.006120948,-0.011207124,atac10k_ext
0.018223325,0.00070888404,atac10k_ext
-0.0010313492,0.007076382,atac10k_ext
0.014687489,0.0026823657,atac10k_ext
-0.00044861942,0.008573028,atac10k_ext
-0.00096232456,-0.0065233298,atac10k_ext
-0.018379515,0.008497639,atac10k_ext
0.0034802172,-0.01086047,atac10k_ext
-0.017556705,0.0075396597,atac10k_ext
-0.008002285,-0.022652922,atac10k_ext
-0.013602884,0.011553654,atac10k_ext
0.0147155365,0.010083,atac10k_ext
-0.003201047,-0.018475175,atac10k_ext
-0.0033810434,0.014558077,atac10k_ext
-0.002842328,-0.0074059395,atac10k_ext
-0.00066724373,0.009543202,atac10k_ext
-0.0044540563,0.007701945,atac10k_ext
0.004786197,0.01621671,atac10k_ext
-0.0026977293,0.013487902,atac10k_ext
-0.0067734937,0.0049746493,atac10k_ext
0.010125602,-0.008364788,atac10k_ext
-0.009484019,0.0073413793,atac10k_ext
-0.009085296,-0.010764443,atac10k_ext
0.0067107035,-0.030461635,atac10k_ext
-0.0068311947,0.00858126,atac10k_ext
-0.011668143,-0.0014216445,atac10k_ext
-0.00320553,-0.008389667,atac10k_ext
-0.01305308,-0.017541802,atac10k_ext
0.0043805307,0.012892745,atac10k_ext
-0.005936496,0.0117727015,atac10k_ext
0.0016780443,0.0024183968,atac10k_ext
-0.00079211727,0.0084945215,atac10k_ext
-0.0038178074,-0.00030258327,atac10k_ext
0.007466859,0.012787429,atac10k_ext
0.0057556313,0.014161431,atac10k_ext
-0.018150335,-0.028194519,atac10k_ext
0.007582919,-0.010520735,atac10k_ext
-0.000869612,-0.008486516,atac10k_ext
0.00035184043,-0.01593909,atac10k_ext
-0.013821658,0.0088924,atac10k_ext
0.0018120996,0.000606704,atac10k_ext
-0.0032160624,0.011622085,atac10k_ext
-0.007826761,-0.009849517,atac10k_ext
-0.007483301,0.014202037,atac10k_ext
0.01345554,0.014476227,atac10k_ext
0.0034709128,0.010824901,atac10k_ext
0.028986305,-0.0069543505,atac10k_ext
-0.0104846945,0.010722527,atac10k_ext
0.0015216022,-0.008463642,atac10k_ext
0.009268623,0.016121428,atac10k_ext
0.008353173,-0.010676121,atac10k_ext
-0.013782909,-0.0033833885,atac10k_ext
0.003977703,-0.0047716214,atac10k_ext
-0.01657224,0.0062983655,atac10k_ext
-0.00037545527,0.013046027,atac10k_ext
-0.009452341,-0.002338211,atac10k_ext
0.016843092,0.014102728,atac10k_ext
-0.002845725,0.0038118747,atac10k_ext
0.010723857,-0.0052735377,atac10k_ext
-0.0020993706,0.014650122,atac10k_ext
-0.019191649,0.01133437,atac10k_ext
-0.006651644,-0.010998754,atac10k_ext
0.016436674,0.007861031,atac10k_ext
0.00813189,-0.014620456,atac10k_ext
-0.01907874,0.002181358,atac10k_ext
0.020321252,0.014929026,atac10k_ext
-0.0030403382,-0.02615641,atac10k_ext
-0.009598103,0.0131384805,atac10k_ext
0.012504611,-0.010458078,atac10k_ext
-0.00011672419,-0.013097502,atac10k_ext
0.009987746,-0.019165738,atac10k_ext
0.0041843215,0.011412745,atac10k_ext
-0.0022658748,0.013524231,atac10k_ext
0.0030864773,-0.010945073,atac10k_ext
-0.0038308764,0.005164959,atac10k_ext
-0.016511614,-0.010893689,atac10k_ext
0.006880779,0.014441874,atac10k_ext
0.0014508063,0.007987943,atac10k_ext
-0.0039980053,0.0006670953,atac10k_ext
-0.006596973,-0.011981587,atac10k_ext
0.011610191,-0.023137372,atac10k_ext
0.0023811592,-0.007827367,atac10k_ext
-0.0035198375,0.01634681,atac10k_ext
-0.016718123,-0.015066504,atac10k_ext
0.00642332,0.007836238,atac10k_ext
-0.01791176,0.008834892,atac10k_ext
-0.009824095,-0.0110249985,atac10k_ext
-0.02656745,-0.0064693787,atac10k_ext
-0.009346201,-0.00014289485,atac10k_ext
-0.0014009979,0.009422497,atac10k_ext
-0.0026668569,0.010429966,atac10k_ext
0.015228124,-0.008024698,atac10k_ext
-0.0068574445,-0.008570187,atac10k_ext
-0.018911451,-0.0104236575,atac10k_ext
0.012883488,-0.009316839,atac10k_ext
-0.009328973,0.013554158,atac10k_ext
0.021574901,0.0013958358,atac10k_ext
0.011565497,-0.0077204937,atac10k_ext
0.00059212744,-0.014645304,atac10k_ext
-0.009887912,-0.00173148,atac10k_ext
-6.2204745e-05,-0.011623998,atac10k_ext
-0.007962718,-0.016932596,atac10k_ext
0.0047766087,0.0055282847,atac10k_ext
0.0060619386,-0.015961453,atac10k_ext
0.008760545,-0.032079834,atac10k_ext
0.004499944,-0.008068558,atac10k_ext
0.0014522783,0.017136874,atac10k_ext
0.01880715,0.0118983565,atac10k_ext
-0.011520476,0.01142067,atac10k_ext
-0.0041332482,0.0075256396,atac10k_ext
0.00838368,-0.02076744,atac10k_ext
0.0111973835,0.002103859,atac10k_ext
0.011994096,0.0068917177,atac10k_ext
0.0025587853,-0.00826493,atac10k_ext
0.013410075,0.0071662306,atac10k_ext
0.016001614,0.0064299703,atac10k_ext
-0.024360275,0.011288901,atac10k_ext
0.0025520963,0.0125208115,atac10k_ext
-0.012075226,-0.009359882,atac10k_ext
0.011940524,-0.008165111,atac10k_ext
-0.010824126,-0.004503071,atac10k_ext
-0.009795881,-0.010827042,atac10k_ext
-0.0033955746,0.010483997,atac10k_ext
2.6452091e-05,0.010210738,atac10k_ext
0.0078044133,-0.00092967,atac10k_ext
0.016342023,-0.01266138,atac10k_ext
0.01579807,-0.0059832204,atac10k_ext
-0.004120871,0.011578072,atac10k_ext
-0.015360697,0.010887631,atac10k_ext
0.008183382,-0.0037140637,atac10k_ext
-0.019761737,-0.011643407,atac10k_ext
-0.014130265,0.008695333,atac10k_ext
0.005918633,0.00672891,atac10k_ext
0.0069945795,0.009070578,atac10k_ext
-0.0067377756,0.008219761,atac10k_ext
-0.009051327,0.0119110625,atac10k_ext
-0.009915186,-0.0069553372,atac10k_ext
0.0044896426,0.014633019,atac10k_ext
-0.004993261,0.0073220558,atac10k_ext
0.010119296,0.016053118,atac10k_ext
0.0020768798,0.007021516,atac10k_ext
-0.007685439,-0.009622075,atac10k_ext
0.012217679,0.010576019,atac10k_ext
0.016308712,0.0045174854,atac10k_ext
-0.011352557,-0.006574499,atac10k_ext
0.012460563,-0.016380023,atac10k_ext
0.00933564,0.010810808,atac10k_ext
-0.0017086564,0.009257113,atac10k_ext
0.0033500753,-0.011885615,atac10k_ext
0.0089748595,-0.0073773777,atac10k_ext
-0.01912656,-0.005003887,atac10k_ext
-0.004830293,-0.0039583994,atac10k_ext
0.014980839,0.0050065843,atac10k_ext
0.0010461385,-0.013766451,atac10k_ext
0.003226531,-0.010656469,atac10k_ext
-0.026250686,-0.012878054,atac10k_ext
-0.008856895,-0.008990325,atac10k_ext
-0.022585746,-0.004748537,atac10k_ext
-0.010411261,-0.009475328,atac10k_ext
-0.006599833,0.0050618756,atac10k_ext
-0.015866017,-0.009410978,atac10k_ext
-0.0085190525,-0.0045859795,atac10k_ext
-0.0051904125,-0.011146259,atac10k_ext
0.0062755537,-0.009932571,atac10k_ext
-0.011808322,0.010720238,atac10k_ext
-0.012142513,-0.0077969427,atac10k_ext
-0.013012597,0.006716832,atac10k_ext
-0.005874712,0.013491675,atac10k_ext
-0.018143857,0.011432923,atac10k_ext
-0.016963994,0.012223093,atac10k_ext
-0.01127109,0.011011157,atac10k_ext
-0.0037410306,-0.005750307,atac10k_ext
0.0012028215,0.004850499,atac10k_ext
0.026403466,-0.0060675293,atac10k_ext
-0.020810649,0.0059223347,atac10k_ext
-0.022607297,-0.008032514,atac10k_ext
-0.0051789638,-0.017808272,atac10k_ext
0.016591338,-0.0037206465,atac10k_ext
-0.0021616821,-0.012124963,atac10k_ext
0.00034515362,-0.012919628,atac10k_ext
-0.0021472871,-0.015525735,atac10k_ext
0.004196851,-0.014124173,atac10k_ext
-0.0102271065,0.009240955,atac10k_ext
-0.0078775175,0.005788887,atac10k_ext
-0.012262174,-0.0084000435,atac10k_ext
-0.0037909097,-0.0158307,atac10k_ext
-6.676443e-05,0.014179887,atac10k_ext
-0.014128439,0.008781267,atac10k_ext
0.01018316,0.01048326,atac10k_ext
-0.0038091533,0.005125185,atac10k_ext
-0.009854697,-0.008362353,atac10k_ext
-0.0068703284,0.015256484,atac10k_ext
-0.009003557,-0.01765204,atac10k_ext
-0.0007796093,-0.013003581,atac10k_ext
-0.0067450562,-0.009592342,atac10k_ext
-0.011100841,-0.006057678,atac10k_ext
0.0063235294,0.009521531,atac10k_ext
-0.005244994,0.008775414,atac10k_ext
-0.016898207,0.009642034,atac10k_ext
-0.006675755,0.010969564,atac10k_ext
-0.02435772,0.0067213457,atac10k_ext
0.008892012,-0.011153863,atac10k_ext
-0.017090555,-0.01877628,atac10k_ext
-0.0045117303,0.001874789,atac10k_ext
0.005704273,0.007279556,atac10k_ext
-0.0026453398,0.012426466,atac10k_ext
0.00079850777,-0.014452318,atac10k_ext
-0.0011095967,0.016034998,atac10k_ext
-0.000767104,0.0073262276,atac10k_ext
0.010596783,0.0058229133,atac10k_ext
-0.003717037,-0.018260881,atac10k_ext
0.01102337,-0.024794113,atac10k_ext
0.0052036783,0.014321793,atac10k_ext
0.0053752335,0.013207537,atac10k_ext
0.0016816312,0.015979351,atac10k_ext
0.0060733673,-0.010747234,atac10k_ext
-0.012741848,-0.008474822,atac10k_ext
-0.00533509,-0.0064276145,atac10k_ext
-0.0071101314,0.010438225,atac10k_ext
-0.00025393395,0.014763885,atac10k_ext
-0.0120596755,0.008740114,atac10k_ext
0.016580187,0.0061521432,atac10k_ext
0.00067454285,0.012400315,atac10k_ext
-0.008554987,-0.016661143,atac10k_ext
-0.0037509284,0.008601097,atac10k_ext
0.0064775078,0.007391769,atac10k_ext
0.02216425,0.007914135,atac10k_ext
-0.0055688513,0.0007941156,atac10k_ext
-0.004212895,-0.0075488407,atac10k_ext
-0.0034479217,-0.012749553,atac10k_ext
-0.006722848,-0.011896102,atac10k_ext
-0.013402185,-0.006884126,atac10k_ext
-0.010387966,-0.008196902,atac10k_ext
-0.013390713,-0.0031530352,atac10k_ext
-0.014527559,0.0060559018,atac10k_ext
-0.023014957,-0.008047654,atac10k_ext
0.026742877,-0.019142691,atac10k_ext
-0.0043178713,0.0053401035,atac10k_ext
0.005101578,0.014547258,atac10k_ext
0.006125741,0.008748862,atac10k_ext
0.006747145,-0.015181998,atac10k_ext
0.0057043256,0.008107611,atac10k_ext
0.00074486365,0.008956441,atac10k_ext
0.01013791,0.008910573,atac10k_ext
-0.0013758733,0.011016286,atac10k_ext
0.01457853,-0.0066815815,atac10k_ext
-0.02306117,-0.015144881,atac10k_ext
0.005010298,0.011513301,atac10k_ext
-0.009578193,-0.028409366,atac10k_ext
0.020688282,0.008935839,atac10k_ext
-0.010714844,0.009865975,atac10k_ext
0.01367958,-0.008453334,atac10k_ext
0.002285296,0.008089361,atac10k_ext
-0.002456081,-0.0104664415,atac10k_ext
0.0117266225,-0.012277193,atac10k_ext
-0.017087141,0.0107450485,atac10k_ext
-0.0011481469,0.010963553,atac10k_ext
0.0047642435,0.01195221,atac10k_ext
-0.010237145,0.0050036893,atac10k_ext
-0.019805627,0.0025336384,atac10k_ext
-0.0049722088,-0.01919161,atac10k_ext
-0.012966949,0.007192103,atac10k_ext
-0.000922459,-0.006212001,atac10k_ext
-0.02040716,-0.0010078975,atac10k_ext
-0.00042615907,-0.028727805,atac10k_ext
-0.012652478,-0.008454861,atac10k_ext
0.005177014,0.007239953,atac10k_ext
0.020542981,-0.0069465707,atac10k_ext
0.013393545,-0.017525975,atac10k_ext
0.0035537684,-0.015894083,atac10k_ext
0.03353,-0.014920086,atac10k_ext
0.0007338884,0.013298917,atac10k_ext
0.007464017,-0.011810652,atac10k_ext
0.0069401856,-0.0046149725,atac10k_ext
0.014121925,0.01122211,atac10k_ext
0.0059872484,-0.0327417,atac10k_ext
0.010326299,0.021079686,atac10k_ext
-0.009945358,0.012356844,atac10k_ext
0.002564683,-0.0050547896,atac10k_ext
-0.0039630528,0.009556085,atac10k_ext
-0.011066352,0.007557234,atac10k_ext
-0.000815106,0.014134497,atac10k_ext
-0.0013637322,0.008246923,atac10k_ext
0.0009979883,0.012035116,atac10k_ext
0.007655699,0.011684532,atac10k_ext
-0.017149547,-0.010942051,atac10k_ext
0.00021654062,0.0159346,atac10k_ext
0.009524225,-0.009241857,atac10k_ext
-0.0010242874,0.01137863,atac10k_ext
-0.0020106127,0.013196227,atac10k_ext
-0.025521878,0.010330926,atac10k_ext
0.009875222,0.011448326,atac10k_ext
-0.008779808,-0.005187863,atac10k_ext
-0.0006627983,-0.0065370537,atac10k_ext
0.008500454,0.008554131,atac10k_ext
-0.0033738445,0.011828406,atac10k_ext
-0.0051540225,-0.00911069,atac10k_ext
-0.0021119227,-0.00918111,atac10k_ext
0.0056983945,0.010158455,atac10k_ext
-0.009430666,0.014761735,atac10k_ext
0.0020159392,-0.00814663,atac10k_ext
0.002004463,0.014984819,atac10k_ext
0.0036161763,-0.012162959,atac10k_ext
0.012540717,-0.005536342,atac10k_ext
-0.009864284,-0.0067901122,atac10k_ext
-0.0018020929,0.0050787004,atac10k_ext
0.0054363688,0.0067673135,atac10k_ext
-0.004776838,0.0031979056,atac10k_ext
0.005945841,-0.006085242,atac10k_ext
-0.0017705326,0.011292974,atac10k_ext
-0.011920006,0.0041656736,atac10k_ext
-0.006413426,-0.009479134,atac10k_ext
-0.0014723111,0.008562196,atac10k_ext
-0.003936168,0.011413768,atac10k_ext
-0.0051542763,-0.007836441,atac10k_ext
0.008931747,0.013642873,atac10k_ext
-0.01848089,-0.02457842,atac10k_ext
-0.011405966,-0.00695787,atac10k_ext
-0.016288418,-0.006811602,atac10k_ext
0.003693108,-0.010238453,atac10k_ext
-0.0035117138,-0.005624692,atac10k_ext
0.003800626,0.013315526,atac10k_ext
-0.0133593185,-0.0002622205,atac10k_ext
-0.004550236,-0.0057104426,atac10k_ext
-0.0023190682,-0.018206656,atac10k_ext
0.008300378,0.017691856,atac10k_ext
0.0030145803,-0.0059490185,atac10k_ext
0.008451637,0.012015811,atac10k_ext
0.012810539,-0.007969019,atac10k_ext
-0.00052285264,-0.011829375,atac10k_ext
-0.0045978287,0.0031348262,atac10k_ext
0.004376975,0.00791289,atac10k_ext
0.009347232,0.010722366,atac10k_ext
-0.0018350863,-0.012405205,atac10k_ext
0.00408797,-0.011829729,atac10k_ext
-0.005140899,-0.0038426574,atac10k_ext
-0.0004325014,0.015106291,atac10k_ext
0.006339019,0.0033932072,atac10k_ext
-0.021775465,-0.009544361,atac10k_ext
-0.0006298538,-0.009787273,atac10k_ext
-0.01647637,-0.012966318,atac10k_ext
0.0137494095,-0.008673431,atac10k_ext
0.009863263,-0.0070106005,atac10k_ext
0.0018033877,-0.024964435,atac10k_ext
0.006654911,0.008402413,atac10k_ext
0.002253474,-0.012068575,atac10k_ext
-0.0071290703,0.016009172,atac10k_ext
-0.0014692732,0.011839546,atac10k_ext
0.008981587,-0.016478676,atac10k_ext
-0.015138045,-0.009622948,atac10k_ext
0.018902821,-0.0054250457,atac10k_ext
0.014388712,-0.023902323,atac10k_ext
0.0038562077,-0.014460612,atac10k_ext
0.012956399,-0.02182087,atac10k_ext
-0.017888542,0.004337886,atac10k_ext
-0.014693082,-0.005681104,atac10k_ext
0.013184561,-0.009619687,atac10k_ext
-0.0038485243,-0.009686563,atac10k_ext
-0.006238853,-0.0064466703,atac10k_ext
0.016210977,0.0117696095,atac10k_ext
0.0045462856,-0.005955833,atac10k_ext
-0.011082009,0.009097391,atac10k_ext
-0.0026189424,-0.013260117,atac10k_ext
0.017482178,0.012147579,atac10k_ext
-0.003411461,0.009437857,atac10k_ext
0.012006962,0.0077888565,atac10k_ext
-0.012655384,-0.009340645,atac10k_ext
0.005716847,0.016531002,atac10k_ext
-0.03434169,0.012946094,atac10k_ext
0.011582195,0.0004050634,atac10k_ext
0.009340843,-0.0013336951,atac10k_ext
-0.013279384,-0.013129822,atac10k_ext
-0.0012497039,0.0039506885,atac10k_ext
-0.021337729,-0.026831785,atac10k_ext
0.010495221,-0.013320938,atac10k_ext
0.0007982156,-0.01355636,atac10k_ext
-0.009631451,0.0067806384,atac10k_ext
-0.0049247076,0.005209287,atac10k_ext
-0.0030462025,-0.007284571,atac10k_ext
-0.016290806,-0.01047283,atac10k_ext
0.013856481,0.013495297,atac10k_ext
0.012493178,-0.0055903243,atac10k_ext
-0.012087921,0.011587579,atac10k_ext
-0.0074112,0.011308036,atac10k_ext
-0.0063832356,0.014603163,atac10k_ext
-0.0033420424,0.010728191,atac10k_ext
-0.008102942,0.013421332,atac10k_ext
-0.006274685,0.0076124696,atac10k_ext
0.012262789,-0.0034417135,atac10k_ext
-0.0032752408,0.0017817835,atac10k_ext
0.0010479986,0.010340261,atac10k_ext
0.0097447485,0.010018165,atac10k_ext
-0.007203445,-0.008111351,atac10k_ext
0.0048329043,0.01089213,atac10k_ext
-0.0070971767,-0.004518611,atac10k_ext
0.009899974,-0.014560685,atac10k_ext
0.003648681,0.010129823,atac10k_ext
-0.011842841,-0.0140852025,atac10k_ext
0.012560955,0.011598579,atac10k_ext
-0.0034464642,0.014023668,atac10k_ext
0.0026199608,-0.014325608,atac10k_ext
0.00018129867,-0.023438023,atac10k_ext
0.013265501,-0.029768616,atac10k_ext
-0.0049711205,0.012228731,atac10k_ext
-0.0024402232,-0.0212372,atac10k_ext
-0.005507677,-0.018194996,atac10k_ext
-0.007249362,0.009164305,atac10k_ext
-0.009460198,-0.008804385,atac10k_ext
-0.012878821,0.014464714,atac10k_ext
0.0105081005,0.011705118,atac10k_ext
-0.014100459,-0.0006333009,atac10k_ext
-0.0060107773,0.0016141329,atac10k_ext
0.009658299,0.010196808,atac10k_ext
0.0029494262,-0.012500898,atac10k_ext
0.020220574,0.0065093287,atac10k_ext
-0.0014109398,-0.009133643,atac10k_ext
-0.0076176,-0.016306821,atac10k_ext
0.01253985,0.013511307,atac10k_ext
-0.020748302,-0.01350501,atac10k_ext
-0.0042881803,0.008616022,atac10k_ext
-0.005958489,0.01198817,atac10k_ext
0.009656963,-0.005113234,atac10k_ext
-0.0006020525,0.017391661,atac10k_ext
-0.0037895069,0.014673404,atac10k_ext
0.0013103384,0.017703557,atac10k_ext
-0.017188579,0.0112209255,atac10k_ext
0.008802214,-0.013369575,atac10k_ext
0.019893529,0.018062698,atac10k_ext
0.013566351,-0.014096953,atac10k_ext
-0.007714937,0.004257773,atac10k_ext
0.000580275,0.002435309,atac10k_ext
-0.011554192,0.008537478,atac10k_ext
-0.010972202,0.0014771663,atac10k_ext
-0.00859243,-0.009249148,atac10k_ext
-0.0010605273,0.007925469,atac10k_ext
0.0069789784,0.00906931,atac10k_ext
-0.0033175899,-0.018782405,atac10k_ext
0.0037695875,-0.012266782,atac10k_ext
-0.0034906894,-0.00923813,atac10k_ext
0.010980166,-0.011684014,atac10k_ext
0.0014676804,0.006558637,atac10k_ext
0.011244683,-0.008030073,atac10k_ext
7.6200864e-05,0.011677446,atac10k_ext
0.00586188,-0.007354838,atac10k_ext
0.009449918,-0.006217956,atac10k_ext
-0.004113749,0.014159659,atac10k_ext
0.008543214,0.007229427,atac10k_ext
-0.0048374943,-0.010952842,atac10k_ext
0.0015740384,-0.008597825,atac10k_ext
-0.011766488,-0.0075958082,atac10k_ext
0.02150473,-0.02541624,atac10k_ext
0.008004696,-0.0072828983,atac10k_ext
0.023213493,-0.016804378,atac10k_ext
-0.0010112099,-0.013890441,atac10k_ext
0.004119745,0.01005485,atac10k_ext
-0.019357888,-0.016689822,atac10k_ext
-0.008709686,0.010674682,atac10k_ext
0.008620004,-0.00987627,atac10k_ext
0.0044324803,0.0072521023,atac10k_ext
0.0021057527,0.008968771,atac10k_ext
0.0028011284,-0.008190305,atac10k_ext
-0.02302068,-0.017951181,atac10k_ext
-0.0024033594,-0.029863648,atac10k_ext
-0.0136316465,0.012315514,atac10k_ext
0.014378639,0.013984577,atac10k_ext
0.004982406,0.0073716673,atac10k_ext
-0.004828146,-0.010944977,atac10k_ext
0.007862335,-0.012611289,atac10k_ext
-0.003727799,-0.00554739,atac10k_ext
0.011003936,0.009381027,atac10k_ext
-0.018689586,0.012882365,atac10k_ext
-0.008813788,-0.00727992,atac10k_ext
0.00069863204,-0.012981202,atac10k_ext
0.007813811,-0.0087177465,atac10k_ext
0.020577231,-0.006401572,atac10k_ext
-0.005565818,-0.009279258,atac10k_ext
-0.0036486632,0.007687613,atac10k_ext
0.009506176,0.014524435,atac10k_ext
-0.012509635,-0.010289326,atac10k_ext
-0.014490618,0.011138,atac10k_ext
0.00028747672,-0.02853208,atac10k_ext
-0.019706143,0.0039687543,atac10k_ext
0.007304158,-0.012297759,atac10k_ext
-0.0013870448,0.0069492953,atac10k_ext
0.0039973236,0.019789822,atac10k_ext
0.0053152423,0.0073308647,atac10k_ext
0.01574103,-0.009064138,atac10k_ext
-0.0010494862,0.0065664705,atac10k_ext
0.015661348,0.006614526,atac10k_ext
-0.009715228,0.013011963,atac10k_ext
0.008807333,-0.011004265,atac10k_ext
-0.015238731,-0.009802283,atac10k_ext
0.0065066237,0.0043790536,atac10k_ext
-0.012926954,0.011298384,atac10k_ext
-0.0070614507,0.013259475,atac10k_ext
0.015957395,-0.008133488,atac10k_ext
-0.0046413275,0.01398216,atac10k_ext
-0.00198759,-0.028726822,atac10k_ext
-0.0054710438,0.0077276095,atac10k_ext
0.024712035,0.0013823258,atac10k_ext
-0.0033268624,0.0055256314,atac10k_ext
-0.01900216,-0.008475403,atac10k_ext
0.0052843364,0.009466158,atac10k_ext
-0.0024129644,-0.026007112,atac10k_ext
0.0028320944,-0.011266822,atac10k_ext
0.0138116,-0.008563519,atac10k_ext
-0.005208165,-0.014380782,atac10k_ext
0.029713405,-0.00044066255,atac10k_ext
0.009093348,0.008855757,atac10k_ext
-0.02478533,-0.024081316,atac10k_ext
-0.013468975,0.017070556,atac10k_ext
0.022244632,0.0077892635,atac10k_ext
-0.00019900316,-0.006411593,atac10k_ext
-0.017562656,0.012872917,atac10k_ext
-0.017448496,-0.0026753088,atac10k_ext
-0.013361698,-0.005104646,atac10k_ext
-0.014732158,-0.0068691783,atac10k_ext
0.008509555,0.008649168,atac10k_ext
-0.0002337138,-0.010695948,atac10k_ext
0.014647326,0.0069983373,atac10k_ext
0.0077151763,0.0058548744,atac10k_ext
-0.012511003,0.00696115,atac10k_ext
0.0032046197,0.0029288444,atac10k_ext
0.0068087634,-0.0075298613,atac10k_ext
0.025608191,-0.009722765,atac10k_ext
-0.00727613,0.01095609,atac10k_ext
-0.009939458,0.012229316,atac10k_ext
0.00049053045,0.013435142,atac10k_ext
-0.010626482,-0.0084573,atac10k_ext
-0.011709304,-0.008944271,atac10k_ext
0.0039495854,-0.015707755,atac10k_ext
0.005983154,-0.011421956,atac10k_ext
-0.0120423995,0.007079174,atac10k_ext
-0.0007987865,-0.0057062632,atac10k_ext
-0.005508352,0.012135791,atac10k_ext
0.007181092,0.007208427,atac10k_ext
-0.022751253,0.004785939,atac10k_ext
-0.01568032,0.010371534,atac10k_ext
-0.0055461484,0.013487699,atac10k_ext
0.015022977,0.0045825727,atac10k_ext
-0.0076096654,0.0021377031,atac10k_ext
0.014292271,0.013995963,atac10k_ext
-0.013151898,0.002835807,atac10k_ext
0.008224333,0.007700331,atac10k_ext
0.011104489,-0.01057905,atac10k_ext
0.004483577,-0.0054617864,atac10k_ext
0.017662596,-0.01616046,atac10k_ext
0.017456515,-0.0029921331,atac10k_ext
0.00033671258,0.009202542,atac10k_ext
-0.0040641716,-0.013928199,atac10k_ext
-0.008184235,-0.018514222,atac10k_ext
0.032029733,-0.005758305,atac10k_ext
0.0007634762,0.008500684,atac10k_ext
0.001281956,-0.012801963,atac10k_ext
-0.011425495,-0.01600138,atac10k_ext
0.0043897186,0.008948701,atac10k_ext
0.005951886,-0.0027092642,atac10k_ext
-0.024003837,-0.009614317,atac10k_ext
0.018583085,-0.0228259,atac10k_ext
0.008863546,-0.0026320252,atac10k_ext
-0.0010362536,-0.0054637063,atac10k_ext
0.012211504,-0.023155257,atac10k_ext
-0.009909936,-0.0056633335,atac10k_ext
0.025926605,0.003629527,atac10k_ext
-0.018269215,-0.013999991,atac10k_ext
-0.010168836,0.014493659,atac10k_ext
0.008121598,-0.011003128,atac10k_ext
-0.022303095,0.012914515,atac10k_ext
0.0028884169,0.008664971,atac10k_ext
0.0067403424,-0.0064457133,atac10k_ext
-0.01029995,-0.014976682,atac10k_ext
-0.0017771332,-0.0049545546,atac10k_ext
0.005703368,-0.0089854505,atac10k_ext
0.013661634,0.0011883295,atac10k_ext
-0.013861339,-0.012888983,atac10k_ext
-0.007047029,-0.011738688,atac10k_ext
-0.014710353,0.009203276,atac10k_ext
-0.0173584,0.0063945753,atac10k_ext
-0.008110269,0.008837554,atac10k_ext
0.0030176137,-0.016041841,atac10k_ext
-0.0059599644,0.014528069,atac10k_ext
0.0023560033,0.012123698,atac10k_ext
-0.0033090462,-0.0023715377,atac10k_ext
0.010434249,0.012395365,atac10k_ext
-0.009187795,-0.0046436703,atac10k_ext
-0.009926782,-0.017460214,atac10k_ext
0.0112710735,0.0045620487,atac10k_ext
-0.00436279,0.007977377,atac10k_ext
-0.008253058,-0.008270987,atac10k_ext
-0.018942682,0.008736963,atac10k_ext
0.020045055,-0.0110018365,atac10k_ext
-0.0006673246,0.009663939,atac10k_ext
0.0056865267,0.018422622,atac10k_ext
0.010284538,0.0049996846,atac10k_ext
0.021005694,-0.012104717,atac10k_ext
0.012685954,-0.01764819,atac10k_ext
-0.00025116277,-0.0065515726,atac10k_ext
-0.020216353,0.003269896,atac10k_ext
-0.006103479,-0.008707869,atac10k_ext
0.0020463406,0.007973215,atac10k_ext
0.017508104,-0.0055936184,atac10k_ext
0.00049558043,-0.014543344,atac10k_ext
-0.014917858,-0.008491627,atac10k_ext
0.0068337056,-0.012698614,atac10k_ext
0.015450365,-0.006368192,atac10k_ext
0.013857538,-0.028008979,atac10k_ext
0.010567102,0.01203124,atac10k_ext
0.011018076,0.004277278,atac10k_ext
0.004951971,-0.011448121,atac10k_ext
0.013397391,-0.034332275,atac10k_ext
-0.009822801,-0.009902362,atac10k_ext
0.010817763,-0.027607525,atac10k_ext
0.0009834841,-0.008026512,atac10k_ext
-0.0050703143,-0.023861917,atac10k_ext
0.0025393385,0.007768115,atac10k_ext
0.0071733906,0.0076322346,atac10k_ext
-0.024305077,0.0061442,atac10k_ext
-0.0030083274,-0.003948429,atac10k_ext
0.0021014211,0.009123132,atac10k_ext
0.0047939443,-0.0012111254,atac10k_ext
-0.0115395915,0.007431321,atac10k_ext
-0.007817664,-0.0019209917,atac10k_ext
-0.018513551,-0.002717341,atac10k_ext
-0.0030812104,-0.0010892827,atac10k_ext
0.013684069,0.0137262065,atac10k_ext
-0.0032922637,0.015810734,atac10k_ext
0.0012936457,0.011261273,atac10k_ext
0.011986814,-0.007506732,atac10k_ext
0.009899867,0.011344612,atac10k_ext
-0.0036632994,-0.0077251685,atac10k_ext
-0.0043535777,0.0059554703,atac10k_ext
-0.008638482,0.0033757568,atac10k_ext
-0.011774208,0.0143876085,atac10k_ext
-0.012249448,-0.009020017,atac10k_ext
-0.018094035,-0.012018391,atac10k_ext
0.00074220635,0.011747711,atac10k_ext
0.008947933,0.014344387,atac10k_ext
-0.014985005,0.00061293243,atac10k_ext
0.0016411227,0.0070315846,atac10k_ext
0.00032104424,-0.0042940555,atac10k_ext
0.0080787605,0.006736664,atac10k_ext
-0.000731792,0.0034036578,atac10k_ext
-0.0030647975,-0.01055421,atac10k_ext
0.0068680053,0.00768078,atac10k_ext
0.005578602,-0.011078161,atac10k_ext
-0.012915721,-0.008067166,atac10k_ext
-0.011779346,-0.012148844,atac10k_ext
-0.012583477,-0.010523463,atac10k_ext
0.0067642205,0.0042673163,atac10k_ext
0.0023713724,0.015996905,atac10k_ext
0.0044068187,-0.008147992,atac10k_ext
-0.015878884,0.004324501,atac10k_ext
0.0030487792,0.007299024,atac10k_ext
-0.00664714,-0.012850695,atac10k_ext
-0.007285204,-0.0036213847,atac10k_ext
-0.011100931,0.009268443,atac10k_ext
-0.00470418,-0.0062727886,atac10k_ext
0.008977935,0.008110728,atac10k_ext
0.016481632,-0.009884066,atac10k_ext
0.01491262,-0.017275618,atac10k_ext
-0.015150888,-0.0026781424,atac10k_ext
-0.027239062,-0.010394839,atac10k_ext
0.021625834,0.008951997,atac10k_ext
0.006113206,-0.010897975,atac10k_ext
-0.0016523439,-0.021180509,atac10k_ext
-0.00031298914,-0.026079431,atac10k_ext
-0.0029726818,0.007384616,atac10k_ext
0.0015622716,-0.010308795,atac10k_ext
0.0063029,0.00055098854,atac10k_ext
-0.0079665575,-0.023528215,atac10k_ext
0.009875564,-0.0090384465,atac10k_ext
-0.0048710485,-0.0059787068,atac10k_ext
-0.0007300338,-0.02407513,atac10k_ext
-0.004397862,0.0010644804,atac10k_ext
0.008547942,0.012108009,atac10k_ext
-0.020609554,-0.014186592,atac10k_ext
0.006960866,0.00886173,atac10k_ext
-0.013035342,0.009211966,atac10k_ext
-0.0014180365,0.017688312,atac10k_ext
-0.0079010725,0.011025143,atac10k_ext
-0.0028175006,0.010149047,atac10k_ext
-0.010006436,-0.008562765,atac10k_ext
-0.0037121237,-0.012062067,atac10k_ext
0.017930169,-0.0076758293,atac10k_ext
-0.0023213262,0.009528581,atac10k_ext
0.013749371,0.00677873,atac10k_ext
0.007446441,0.01027388,atac10k_ext
-0.013560544,0.008421664,atac10k_ext
-0.002703422,-0.020948129,atac10k_ext
0.007811556,0.007169995,atac10k_ext
0.011107682,0.010482713,atac10k_ext
0.00986155,0.012578858,atac10k_ext
0.01369363,0.017305972,atac10k_ext
-0.012173677,0.0030393486,atac10k_ext
-0.013035545,0.009833729,atac10k_ext
-0.007052726,-0.013298158,atac10k_ext
-0.002864388,-0.010416157,atac10k_ext
0.0045064846,0.010295376,atac10k_ext
0.0032727604,0.012577565,atac10k_ext
-0.00041323502,-0.016250752,atac10k_ext
-0.005474997,0.004524124,atac10k_ext
0.015704064,0.015133545,atac10k_ext
0.008545956,0.010045996,atac10k_ext
0.00058482215,0.012648735,atac10k_ext
-0.010004711,-0.02102071,atac10k_ext
0.012611253,-0.0067404998,atac10k_ext
-0.004646455,0.010743276,atac10k_ext
-0.0031048693,0.004953841,atac10k_ext
0.0039846767,0.014452884,atac10k_ext
-0.008168368,-0.008266297,atac10k_ext
-0.0034099359,0.017668625,atac10k_ext
-0.020087078,-0.0096365055,atac10k_ext
-0.02720983,-0.009942332,atac10k_ext
0.0036726813,0.00475597,atac10k_ext
0.011827521,0.006721592,atac10k_ext
-0.020649241,0.013454147,atac10k_ext
-0.015106282,-0.010606803,atac10k_ext
0.021704966,-0.014963667,atac10k_ext
-0.014419588,0.012527926,atac10k_ext
-0.01289313,0.016554594,atac10k_ext
0.029559344,0.009936022,atac10k_ext
0.0051975036,0.006959405,atac10k_ext
0.007642096,0.011502446,atac10k_ext
-0.004687776,-0.008098277,atac10k_ext
-0.0024915708,0.009360688,atac10k_ext
-0.0055702133,0.0058423188,atac10k_ext
0.0047467207,0.0019738555,atac10k_ext
-0.006335369,0.011201864,atac10k_ext
-0.0017806614,-0.013589726,atac10k_ext
0.007030647,0.011734634,atac10k_ext
0.0023244803,-0.009074121,atac10k_ext
-0.002734818,-0.01685967,atac10k_ext
-0.0017771089,-0.015674861,atac10k_ext
-0.008507652,0.010130257,atac10k_ext
-0.008523272,-0.009010641,atac10k_ext
-0.010074689,-0.010987015,atac10k_ext
0.0014704765,-0.0046735248,atac10k_ext
-0.019000785,-0.011309388,atac10k_ext
0.000573134,-0.00794547,atac10k_ext
-0.016157204,-0.011244031,atac10k_ext
0.013381726,-0.005328023,atac10k_ext
-0.015293516,0.005231153,atac10k_ext
0.0017752614,-0.01089701,atac10k_ext
-0.010896327,0.011772214,atac10k_ext
0.0019820072,0.0052707344,atac10k_ext
-0.023496762,0.0054887137,atac10k_ext
-0.0040878993,-0.005627539,atac10k_ext
-0.0074099074,0.013103083,atac10k_ext
0.0013799438,0.006357667,atac10k_ext
0.0029421556,-0.017424459,atac10k_ext
0.0053853956,-0.0003753628,atac10k_ext
-0.010252613,0.009578897,atac10k_ext
-0.0046150265,-0.015780928,atac10k_ext
-0.007935145,-0.0110062165,atac10k_ext
-0.0005396049,-0.008125401,atac10k_ext
-9.3341936e-05,0.010362841,atac10k_ext
0.002983723,-0.010863128,atac10k_ext
-0.019245028,-0.012950764,atac10k_ext
0.021164801,-0.012119772,atac10k_ext
-0.019579614,-0.01264713,atac10k_ext
0.0039923387,-0.012473009,atac10k_ext
-0.007853082,-0.008841083,atac10k_ext
-0.00649599,0.009261003,atac10k_ext
0.022483002,0.006782092,atac10k_ext
0.012593963,0.0091152545,atac10k_ext
0.007974011,-0.0083417175,atac10k_ext
-0.011370168,-0.008008324,atac10k_ext
0.01242967,-0.002962446,atac10k_ext
-0.0083296355,0.012182931,atac10k_ext
-0.016218139,-0.008861806,atac10k_ext
0.0115679735,-0.01407791,atac10k_ext
-0.0114902165,0.002552927,atac10k_ext
-0.012066128,-0.0019034119,atac10k_ext
0.014852659,-0.008730906,atac10k_ext
0.012437685,0.010587588,atac10k_ext
0.015454484,-0.009386366,atac10k_ext
0.010837305,-0.0033332456,atac10k_ext
-0.0013606204,0.013841134,atac10k_ext
0.0008597523,0.008408731,atac10k_ext
-0.0030528267,-0.007541602,atac10k_ext
0.0051343516,-0.0009075867,atac10k_ext
0.0014155316,0.010019213,atac10k_ext
8.971171e-05,0.007952931,atac10k_ext
-0.0066079427,0.011902319,atac10k_ext
-0.0040878546,-0.0042027673,atac10k_ext
0.007490895,-0.003997312,atac10k_ext
-0.010173543,0.010623798,atac10k_ext
-0.00969423,0.0034635535,atac10k_ext
-0.0058930665,0.006925138,atac10k_ext
-0.0019126208,-0.009566085,atac10k_ext
-0.0104246,0.0065239263,atac10k_ext
-0.004664394,0.015768945,atac10k_ext
-0.0015285875,-0.030554798,atac10k_ext
0.0036068852,0.014106481,atac10k_ext
-0.0068252734,0.010598607,atac10k_ext
-0.0036161477,0.008911419,atac10k_ext
0.00482694,0.007016116,atac10k_ext
-0.0026051975,-0.014316147,atac10k_ext
0.014745782,0.009076075,atac10k_ext
-0.011940259,0.002206514,atac10k_ext
-0.008595869,0.002077864,atac10k_ext
0.01093953,0.012023263,atac10k_ext
0.006086045,0.0118487375,atac10k_ext
-0.0059133614,-0.0054943417,atac10k_ext
-0.0037159685,-0.005695449,atac10k_ext
-0.011513343,0.0076296297,atac10k_ext
-0.004045637,0.006704433,atac10k_ext
0.01035205,0.0075975987,atac10k_ext
0.021466017,-0.01232005,atac10k_ext
0.003012587,0.00370828,atac10k_ext
0.004035524,0.017270839,atac10k_ext
0.004213924,-0.009145044,atac10k_ext
-0.0060087494,-0.012197747,atac10k_ext
0.014285211,-0.008300563,atac10k_ext
-0.0021922318,-0.00947711,atac10k_ext
-0.0012863141,-0.009448578,atac10k_ext
0.009879739,-0.009033086,atac10k_ext
-0.022393994,0.010989022,atac10k_ext
0.002707666,0.011562067,atac10k_ext
0.015882714,-0.016761955,atac10k_ext
-0.0029137186,0.0054404205,atac10k_ext
0.015824826,-0.014707952,atac10k_ext
-0.015047954,-0.010781835,atac10k_ext
-0.00076363113,-0.004164453,atac10k_ext
-0.020241097,0.007356628,atac10k_ext
0.0047298963,0.015733732,atac10k_ext
-0.010110841,-0.006586844,atac10k_ext
0.0028585042,-0.014247691,atac10k_ext
0.0049604718,0.010664916,atac10k_ext
0.007178542,-0.012238226,atac10k_ext
-0.0027296368,-0.0010998389,atac10k_ext
0.005252111,0.014498284,atac10k_ext
-0.02746422,0.007376037,atac10k_ext
0.015097899,0.014275616,atac10k_ext
0.0012527254,0.013971072,atac10k_ext
0.0121767195,-0.008051745,atac10k_ext
-0.0048518875,0.01377325,atac10k_ext
-0.00091830274,-0.02628835,atac10k_ext
0.006885154,-0.014187568,atac10k_ext
-0.018756913,0.012136164,atac10k_ext
-0.0094010485,0.011807028,atac10k_ext
0.0048096003,-0.011652645,atac10k_ext
0.011041581,0.014423878,atac10k_ext
-0.005126842,0.0065432275,atac10k_ext
0.012227727,-0.0064077303,atac10k_ext
0.008135495,-0.0069976626,atac10k_ext
0.0062427837,0.010584686,atac10k_ext
-0.0027739704,0.012329972,atac10k_ext
0.00785593,0.0072897393,atac10k_ext
-0.0011673114,0.012257304,atac10k_ext
-0.0011142269,0.0055104163,atac10k_ext
-0.0077326195,0.0026318394,atac10k_ext
0.0008797803,-0.008651637,atac10k_ext
-0.014178082,0.018209938,atac10k_ext
-0.00585431,-0.0071530933,atac10k_ext
-0.005406535,0.008760449,atac10k_ext
-0.017520001,-0.012226001,atac10k_ext
0.0036595124,-0.029483892,atac10k_ext
0.006522067,0.009400466,atac10k_ext
0.005470799,-0.012615619,atac10k_ext
0.0069913496,0.013378386,atac10k_ext
-0.02544853,0.0041800463,atac10k_ext
-0.004215285,-0.01680699,atac10k_ext
-0.004731987,0.0082012545,atac10k_ext
0.001917924,-0.011813811,atac10k_ext
0.008603228,0.009572987,atac10k_ext
-0.0074358843,0.010366826,atac10k_ext
0.023167228,0.018470392,atac10k_ext
-0.011900137,-0.01285337,atac10k_ext
0.0052932086,0.010397298,atac10k_ext
-0.013255165,-0.014694032,atac10k_ext
0.013621942,0.0030299267,atac10k_ext
0.0028334523,0.014921003,atac10k_ext
-0.0115999635,0.006213222,atac10k_ext
0.013491196,0.0052402765,atac10k_ext
-0.0047559496,-0.0041806907,atac10k_ext
0.0025223824,0.009783712,atac10k_ext
0.0028701234,0.003976526,atac10k_ext
0.013997455,-0.0067464695,atac10k_ext
0.009522762,0.013223257,atac10k_ext
-0.010195489,0.008500023,atac10k_ext
-0.0055326307,0.010546235,atac10k_ext
0.014293115,0.011042883,atac10k_ext
-0.0053300657,0.011625951,atac10k_ext
0.014103336,0.006981459,atac10k_ext
-0.0067702075,0.01196966,atac10k_ext
-0.024269992,0.007943432,atac10k_ext
-0.0043245708,0.008564319,atac10k_ext
-0.0049712365,-0.009561186,atac10k_ext
-0.001793785,0.0051887203,atac10k_ext
0.00976041,0.012702755,atac10k_ext
0.002658542,0.011240993,atac10k_ext
0.005630531,-0.009964275,atac10k_ext
-0.044663984,0.01670882,atac10k_ext
-0.0039278176,-0.009659067,atac10k_ext
-0.0034112136,0.010323744,atac10k_ext
0.0152401,-0.0095909,atac10k_ext
-0.007664875,0.011199377,atac10k_ext
-0.009486447,-0.018599145,atac10k_ext
-0.014686961,-0.006112296,atac10k_ext
-0.00615867,0.017454397,atac10k_ext
0.0036655297,0.0008028515,atac10k_ext
0.0023914133,0.014520179,atac10k_ext
0.0027112444,-0.011474301,atac10k_ext
0.012102539,0.008690828,atac10k_ext
-0.005395623,-0.013167451,atac10k_ext
0.012483599,0.0064938786,atac10k_ext
0.012881422,0.013339393,atac10k_ext
0.017300162,0.011038715,atac10k_ext
0.021875145,-0.0129575385,atac10k_ext
0.0017888923,-0.0057036285,atac10k_ext
-0.028128011,0.010848044,atac10k_ext
0.0031877935,0.0065078163,atac10k_ext
0.006880237,0.00019228291,atac10k_ext
-0.00718636,0.0073622814,atac10k_ext
0.004186666,0.0062800655,atac10k_ext
0.016558375,0.015512152,atac10k_ext
-0.016199367,-0.011255461,atac10k_ext
-0.0003935703,-0.0035000965,atac10k_ext
-0.006173606,0.016938401,atac10k_ext
-0.012671401,-0.009309319,atac10k_ext
0.0055857063,0.0062119067,atac10k_ext
0.0013203308,-0.0070368536,atac10k_ext
0.029389894,0.00096890493,atac10k_ext
0.018614793,0.01438354,atac10k_ext
0.0022514416,-0.005720788,atac10k_ext
-0.0045496663,-0.0072000963,atac10k_ext
-0.0107847415,0.0069948146,atac10k_ext
-0.013634748,-0.008951181,atac10k_ext
-0.021783974,0.005064543,atac10k_ext
-0.007982842,-0.011158503,atac10k_ext
0.009917469,-0.011927599,atac10k_ext
-0.0009821184,-0.007680405,atac10k_ext
-0.0060805865,0.0020555442,atac10k_ext
0.015307295,-0.013777278,atac10k_ext
-0.025840765,0.0021435802,atac10k_ext
-0.008755142,-0.010712529,atac10k_ext
-0.0014893406,0.012378651,atac10k_ext
-0.00013681801,-0.008335594,atac10k_ext
0.02530868,-0.005963516,atac10k_ext
-0.0035776757,0.017250285,atac10k_ext
-0.027660172,-0.009126895,atac10k_ext
0.016445387,0.0055446154,atac10k_ext
0.024807423,-0.00024515687,atac10k_ext
-0.005289193,0.008388815,atac10k_ext
0.00804047,-0.009764555,atac10k_ext
0.012590794,0.0140358955,atac10k_ext
-0.0011773322,0.0034053472,atac10k_ext
0.0065401127,0.0057124896,atac10k_ext
0.0016385952,-0.019245282,atac10k_ext
0.021047482,0.009787425,atac10k_ext
0.00822054,0.012628416,atac10k_ext
0.019631652,-0.001285928,atac10k_ext
-0.013375216,0.0038054853,atac10k_ext
0.010714049,0.007985608,atac10k_ext
0.0049336613,-0.011587977,atac10k_ext
0.010579206,0.016365971,atac10k_ext
0.0038891123,-0.009599152,atac10k_ext
0.00016546599,-0.0060486267,atac10k_ext
0.010194927,0.01150545,atac10k_ext
0.018221583,0.0060921037,atac10k_ext
-0.0014287527,0.004222659,atac10k_ext
0.022440443,0.015276529,atac10k_ext
-0.01448174,0.0056089964,atac10k_ext
-0.016454251,0.008776742,atac10k_ext
0.01593364,-0.00944973,atac10k_ext
-0.0057116183,0.01089325,atac10k_ext
-0.016114749,0.0039239526,atac10k_ext
-0.0050296444,-0.014990277,atac10k_ext
0.013512862,0.008459587,atac10k_ext
0.00087083754,-0.01038646,atac10k_ext
0.0045634056,-0.017076284,atac10k_ext
-0.013430918,-0.006816503,atac10k_ext
-0.011070936,-0.0060664993,atac10k_ext
0.006577348,0.009231434,atac10k_ext
0.0064670276,-0.0049637896,atac10k_ext
0.010097189,0.010608693,atac10k_ext
0.004980436,0.0073117428,atac10k_ext
-0.0013017751,0.012346769,atac10k_ext
0.0029429698,0.0020196955,atac10k_ext
-0.007570294,-0.007675795,atac10k_ext
-0.01229935,0.0061104335,atac10k_ext
-0.0039181598,0.0024053028,atac10k_ext
-0.0010885567,0.005354734,atac10k_ext
-0.009602872,0.0021073122,atac10k_ext
0.0014708996,-0.02400595,atac10k_ext
0.0055112657,0.0066506197,atac10k_ext
0.012652255,0.0045257583,atac10k_ext
0.011455582,0.007020659,atac10k_ext
0.009980992,0.017271483,atac10k_ext
0.008716365,0.013757252,atac10k_ext
-0.004462749,0.006253899,atac10k_ext
-0.010143423,0.00726993,atac10k_ext
0.003994155,-0.007187207,atac10k_ext
0.0032450366,-0.008016542,atac10k_ext
0.012760049,-0.009670646,atac10k_ext
-0.0011342937,-0.008574085,atac10k_ext
0.0015594237,0.008865731,atac10k_ext
-0.011985106,0.0070196507,atac10k_ext
-0.006805144,-0.0025056815,atac10k_ext
0.00637883,0.01908752,atac10k_ext
-0.0034032748,0.010106947,atac10k_ext
-0.006553179,-0.00747964,atac10k_ext
0.015363856,0.014250765,atac10k_ext
-0.027616587,0.007340496,atac10k_ext
-0.007731468,-0.011524741,atac10k_ext
0.011618704,-0.013873397,atac10k_ext
0.007050979,0.0111654615,atac10k_ext
-0.00285528,-0.010641994,atac10k_ext
0.018367266,-0.013832043,atac10k_ext
0.008379277,-0.014553693,atac10k_ext
-0.00083183404,-0.013578712,atac10k_ext
-0.008377384,-0.0066836528,atac10k_ext
-0.00786316,0.009236608,atac10k_ext
-0.011506742,0.01874887,atac10k_ext
-0.015374419,0.0031843828,atac10k_ext
-0.0008810124,0.009995291,atac10k_ext
-0.007519942,-0.015173913,atac10k_ext
0.0012086144,0.006323467,atac10k_ext
-0.006839172,-0.009771133,atac10k_ext
0.0070518106,0.015851468,atac10k_ext
0.016994013,-0.014783366,atac10k_ext
0.0089101605,-0.01567067,atac10k_ext
0.0083541535,-0.010059966,atac10k_ext
0.005345358,0.009008355,atac10k_ext
-0.0045938385,-0.015275545,atac10k_ext
-0.004688548,0.0075466707,atac10k_ext
-0.004991976,0.0079590175,atac10k_ext
-0.012059947,-0.009480774,atac10k_ext
0.009155945,0.0069033243,atac10k_ext
0.0032445646,-0.0007036347,atac10k_ext
0.0040770574,-0.006987596,atac10k_ext
0.0085884,0.015759924,atac10k_ext
0.01906602,0.0066195643,atac10k_ext
0.0014292825,-0.001586667,atac10k_ext
0.010982044,-0.013747977,atac10k_ext
-0.010939667,-0.012534456,atac10k_ext
0.0053539616,0.0054888697,atac10k_ext
0.0025910873,0.008942245,atac10k_ext
-0.0013871718,0.010640337,atac10k_ext
-0.009060143,-0.006857514,atac10k_ext
-0.002172593,0.015132358,atac10k_ext
0.0063628554,-0.005989105,atac10k_ext
0.011642872,-0.01688937,atac10k_ext
0.00070315605,0.007511518,atac10k_ext
-0.015733246,0.009760884,atac10k_ext
-0.0043565817,0.010738847,atac10k_ext
-0.005410054,0.006754098,atac10k_ext
0.017809536,0.007852172,atac10k_ext
-0.0036568213,0.010833222,atac10k_ext
-0.0021441693,-0.021928933,atac10k_ext
0.007348222,-0.0153854415,atac10k_ext
-0.0054695182,-0.007457574,atac10k_ext
0.008403204,0.004493404,atac10k_ext
0.00018940933,-0.0073107854,atac10k_ext
-0.0026754288,-0.010529579,atac10k_ext
-0.010085429,-0.0065334835,atac10k_ext
0.008000478,-0.0075811655,atac10k_ext
-0.014322764,-0.0069117057,atac10k_ext
0.023004768,0.005477648,atac10k_ext
0.010050559,-0.02125112,atac10k_ext
-0.009917977,0.016258726,atac10k_ext
0.010675135,0.012605888,atac10k_ext
0.026583146,-0.0055777733,atac10k_ext
-0.0022644864,-0.010363966,atac10k_ext
0.0061065825,0.005284088,atac10k_ext
-0.00084215624,-0.014072916,atac10k_ext
-0.026321854,-0.009163048,atac10k_ext
-0.00274166,-0.0108665135,atac10k_ext
0.0016372972,0.011009889,atac10k_ext
-0.012507321,-0.006163875,atac10k_ext
0.0017553499,-0.0024337764,atac10k_ext
-0.00089631544,-0.013107606,atac10k_ext
-0.002292304,-0.0052321055,atac10k_ext
-0.012295535,-0.013989982,atac10k_ext
0.012186815,0.007062569,atac10k_ext
-0.0074005155,0.009001653,atac10k_ext
-0.010903896,-0.013540605,atac10k_ext
0.008253316,0.011366858,atac10k_ext
0.0014255171,0.01424647,atac10k_ext
-0.013262455,-0.0014660796,atac10k_ext
0.003315273,-0.011578253,atac10k_ext
-0.004790274,-0.010299865,atac10k_ext
0.0019454474,-0.01081501,atac10k_ext
0.012351563,0.015267145,atac10k_ext
-0.005388566,0.013308188,atac10k_ext
0.0030154008,-0.005571783,atac10k_ext
-0.019529829,-0.013086908,atac10k_ext
0.016137395,0.007157962,atac10k_ext
-0.0015777207,0.009169557,atac10k_ext
0.0062859906,0.011363731,atac10k_ext
0.004327859,0.005680867,atac10k_ext
0.010878915,-0.00888857,atac10k_ext
-0.0006416743,-0.015489583,atac10k_ext
-0.007787492,0.012387461,atac10k_ext
-0.011877913,-0.0156651,atac10k_ext
-0.011831045,-0.010039674,atac10k_ext
0.027341628,0.00479188,atac10k_ext
0.004445916,-0.020299427,atac10k_ext
0.008448028,-0.014974352,atac10k_ext
0.011506465,0.0038312615,atac10k_ext
-0.004470377,0.0021422617,atac10k_ext
-0.0066709267,0.006588245,atac10k_ext
0.021197462,-0.0026576468,atac10k_ext
-0.01239914,-0.009520024,atac10k_ext
0.0073551713,-0.0063330624,atac10k_ext
-0.0015385764,0.0123074055,atac10k_ext
-0.0046128677,0.009401465,atac10k_ext
-0.003237404,0.010341848,atac10k_ext
0.0011891585,0.006686454,atac10k_ext
-0.0073992787,-0.0073641543,atac10k_ext
0.022103561,0.0048815473,atac10k_ext
-0.0009843664,0.01102126,atac10k_ext
-0.00085489586,-0.007977055,atac10k_ext
0.02595147,-0.009106362,atac10k_ext
-0.00040017837,-0.009649278,atac10k_ext
0.0043447255,-0.0046451055,atac10k_ext
0.0076019634,0.011765489,atac10k_ext
-0.012484387,-0.008183969,atac10k_ext
-0.0050697336,0.0068853847,atac10k_ext
3.7460664e-05,-0.032102954,atac10k_ext
-0.00013041693,-0.005588963,atac10k_ext
0.008084956,0.01246084,atac10k_ext
0.0013527259,0.0039153066,atac10k_ext
-0.004296253,0.007968451,atac10k_ext
-0.0022244265,-0.0017965955,atac10k_ext
-0.01965818,0.010824157,atac10k_ext
-0.0003539876,0.015701352,atac10k_ext
-0.004944645,-0.0130438395,atac10k_ext
-0.012325338,0.00627622,atac10k_ext
-0.015169572,0.011538234,atac10k_ext
0.0029091586,0.0142150335,atac10k_ext
0.012966135,0.0124299135,atac10k_ext
0.00016040378,0.013693754,atac10k_ext
0.012702977,-0.007946555,atac10k_ext
0.005675849,0.011889051,atac10k_ext
-0.008959627,0.014289869,atac10k_ext
-0.004237141,0.00025107563,atac10k_ext
-0.0108231325,0.016666593,atac10k_ext
-0.007581728,-0.008840484,atac10k_ext
0.006798383,-0.010981166,atac10k_ext
0.0078014582,-0.013298394,atac10k_ext
2.9968374e-05,-0.028380139,atac10k_ext
0.0037927197,-0.0044397903,atac10k_ext
-0.027537432,0.017575689,atac10k_ext
0.024803698,0.0026813748,atac10k_ext
0.008690264,-0.015062954,atac10k_ext
0.0016808768,-0.01397063,atac10k_ext
-0.012819469,0.0107412245,atac10k_ext
-0.004116278,-0.00788836,atac10k_ext
0.001743995,0.011594569,atac10k_ext
0.02969438,0.012273059,atac10k_ext
0.0065844012,-0.0062880646,atac10k_ext
0.009973487,0.0114113875,atac10k_ext
0.0106982095,0.013050528,atac10k_ext
-0.012815347,0.008429844,atac10k_ext
-0.0074711842,-0.0019154147,atac10k_ext
-0.002269603,-0.0028084505,atac10k_ext
-0.02225489,0.01053158,atac10k_ext
0.02139561,0.0031725666,atac10k_ext
-0.0011535108,-0.008566067,atac10k_ext
0.0013016267,-0.009127524,atac10k_ext
0.0026651372,0.0078059873,atac10k_ext
-0.0017443638,-0.013149182,atac10k_ext
0.0121671,0.008765177,atac10k_ext
-0.01239259,0.007908469,atac10k_ext
-0.0007443025,0.0043823537,atac10k_ext
0.013123086,0.004235154,atac10k_ext
0.004667309,-0.00063079916,atac10k_ext
0.005760772,-0.01180779,atac10k_ext
0.0017147529,-0.010674739,atac10k_ext
-0.004374623,0.0076763732,atac10k_ext
0.0053746286,-0.009970943,atac10k_ext
0.008471971,-0.015997415,atac10k_ext
0.0160053,0.010973712,atac10k_ext
0.013149676,0.009446969,atac10k_ext
0.007917478,-0.012593106,atac10k_ext
0.010591551,-0.0077868626,atac10k_ext
-0.0029338582,-0.0051186658,atac10k_ext
-0.014790553,-0.007917392,atac10k_ext
0.022526294,0.011862868,atac10k_ext
0.01987969,-0.012320416,atac10k_ext
0.0012563603,-0.0067717726,atac10k_ext
-0.0037692497,-0.01380331,atac10k_ext
0.0048626224,0.010841915,atac10k_ext
-0.013907878,-0.0098649785,atac10k_ext
-0.013425244,-0.0075066974,atac10k_ext
-0.012244759,0.0030148486,atac10k_ext
0.007049709,0.010462168,atac10k_ext
0.0029104361,0.0077593476,atac10k_ext
0.0074065477,-0.007556575,atac10k_ext
-0.009146281,0.017143998,atac10k_ext
0.00633838,0.010758764,atac10k_ext
-0.014479515,0.012929776,atac10k_ext
-0.0012514074,-0.0049251276,atac10k_ext
0.0009898045,0.0050816145,atac10k_ext
-0.0086894445,0.008295859,atac10k_ext
0.0055398177,0.012739335,atac10k_ext
-2.9547607e-05,0.007286773,atac10k_ext
0.016499171,0.012197959,atac10k_ext
-0.0029832346,-0.00816617,atac10k_ext
0.003019773,0.015273742,atac10k_ext
0.003909983,0.009682772,atac10k_ext
-0.0064255907,-0.006584202,atac10k_ext
-0.014419054,0.004316551,atac10k_ext
0.019707456,0.00789857,atac10k_ext
-0.0073582907,0.007869679,atac10k_ext
0.00703049,0.007859204,atac10k_ext
-0.006276162,0.0056814216,atac10k_ext
-0.0038669007,-0.013599321,atac10k_ext
-0.00895617,-0.017471815,atac10k_ext
0.011185697,-0.008110128,atac10k_ext
0.0064952574,0.005797597,atac10k_ext
-0.012801165,-0.005959243,atac10k_ext
0.00116696,0.016547568,atac10k_ext
0.012887069,-0.008452681,atac10k_ext
0.0393084,-0.004150899,atac10k_ext
0.0009097943,0.015622876,atac10k_ext
-0.012686585,-0.01127611,atac10k_ext
-0.018973371,-0.0138777895,atac10k_ext
-0.010494166,0.007980229,atac10k_ext
0.003391707,0.011919949,atac10k_ext
-0.0040285136,-0.0052406676,atac10k_ext
-0.01999177,-0.0102897165,atac10k_ext
-0.014399292,0.009140597,atac10k_ext
-0.008837708,0.003315567,atac10k_ext
0.0014321187,0.0040880423,atac10k_ext
-0.0052788355,-0.0014514636,atac10k_ext
0.025867835,0.0013821227,atac10k_ext
-4.622215e-05,-0.011581014,atac10k_ext
-0.002574301,0.014668523,atac10k_ext
0.0025960894,-0.00618724,atac10k_ext
0.0017794496,-0.0074624843,atac10k_ext
-0.00122369,0.012032369,atac10k_ext
0.0014873197,0.009129917,atac10k_ext
0.01940318,0.011482036,atac10k_ext
-0.011204245,0.01353977,atac10k_ext
-0.0012900593,0.006809607,atac10k_ext
-0.012614007,-0.015786693,atac10k_ext
0.00928556,-0.011422016,atac10k_ext
-0.009811077,-0.018624993,atac10k_ext
-0.001373048,-0.006532818,atac10k_ext
-0.005031834,0.002920582,atac10k_ext
-0.0017424889,-0.021497995,atac10k_ext
0.023496699,0.0068828776,atac10k_ext
-0.00012480518,0.0069504217,atac10k_ext
-0.0069040214,0.011814553,atac10k_ext
-0.0090265,0.016621046,atac10k_ext
-0.0015511621,-0.008301855,atac10k_ext
-0.0045774956,-0.009302018,atac10k_ext
0.0028892222,-0.005896155,atac10k_ext
0.0066428874,0.0119947605,atac10k_ext
0.010231373,-0.028560253,atac10k_ext
-0.0011894343,0.0021585084,atac10k_ext
0.00036700198,-0.008469754,atac10k_ext
-0.0022467696,0.008455001,atac10k_ext
-0.00094290695,0.012287565,atac10k_ext
-0.02578326,0.008752349,atac10k_ext
-0.003712489,0.010597306,atac10k_ext
-0.017225109,0.013739979,atac10k_ext
0.008066558,-0.0072358106,atac10k_ext
-0.005232928,0.01327544,atac10k_ext
-0.017378405,-0.014776534,atac10k_ext
-0.0035758524,-0.004946687,atac10k_ext
-0.018410534,-0.012156522,atac10k_ext
-0.00711537,-0.009796985,atac10k_ext
-0.005983462,0.0075995033,atac10k_ext
-0.01445975,-0.0050427313,atac10k_ext
0.0069755684,-0.015450138,atac10k_ext
-0.00026231835,-0.0082717,atac10k_ext
-0.02010772,-0.007663871,atac10k_ext
0.0036086447,0.0060648536,atac10k_ext
0.014193366,0.011473975,atac10k_ext
-0.012832723,0.017816437,atac10k_ext
-0.000111770445,-0.015932191,atac10k_ext
-0.00013296335,-0.008565291,atac10k_ext
-0.011021725,0.012001489,atac10k_ext
-0.008538735,0.009149029,atac10k_ext
-0.00024779013,0.022504367,atac10k_ext
-0.01664441,0.0057847304,atac10k_ext
0.0017493827,-0.010969598,atac10k_ext
0.019802934,0.012182397,atac10k_ext
0.00013218903,0.009306851,atac10k_ext
0.012568432,0.010107726,atac10k_ext
-0.013884907,0.011089559,atac10k_ext
0.013598729,0.008132604,atac10k_ext
-0.010314804,-0.0075836,atac10k_ext
0.00036837746,0.004411357,atac10k_ext
0.01665808,0.017602254,atac10k_ext
-0.010572398,-0.009620238,atac10k_ext
-0.0043557123,0.0064710444,atac10k_ext
-0.0077531296,-0.015334486,atac10k_ext
-0.0047450126,0.00902077,atac10k_ext
0.010518938,-0.002933864,atac10k_ext
0.005173379,0.0014069378,atac10k_ext
-0.0075418074,-0.0053342637,atac10k_ext
-0.0026411954,0.013138047,atac10k_ext
-0.0033398254,-0.011419042,atac10k_ext
0.009703381,-0.003454106,atac10k_ext
0.008903243,-0.010619609,atac10k_ext
-0.017494451,0.008963595,atac10k_ext
0.0018273265,0.016556514,atac10k_ext
-0.0118433945,-0.0050849696,atac10k_ext
-0.0029750569,-0.0072870543,atac10k_ext
-0.009142159,-0.006453178,atac10k_ext
0.0022251213,0.006836101,atac10k_ext
-0.0017711073,0.00911042,atac10k_ext
0.012850598,0.005306946,atac10k_ext
-0.014123157,0.0077515827,atac10k_ext
0.0011579624,-0.010483688,atac10k_ext
-0.012331198,0.006031868,atac10k_ext
8.222558e-05,0.010081068,atac10k_ext
-0.0063934796,0.0035379613,atac10k_ext
-0.0015123732,-0.018728802,atac10k_ext
-0.0020453052,-0.0074136225,atac10k_ext
-0.0017433049,-0.011864509,atac10k_ext
-0.003866701,0.013428654,atac10k_ext
0.012643347,-0.0059023043,atac10k_ext
0.0067541124,0.008917412,atac10k_ext
0.0020003156,-0.01045855,atac10k_ext
0.0028925978,-0.02731043,atac10k_ext
0.0013472182,-0.017866204,atac10k_ext
0.012253874,0.00067472656,atac10k_ext
-0.0054183938,-0.007673922,atac10k_ext
0.009607079,0.012470145,atac10k_ext
-0.0049295016,0.0096248295,atac10k_ext
-0.010534508,-0.015140618,atac10k_ext
-0.005446411,-0.009447163,atac10k_ext
0.0015317255,0.017961493,atac10k_ext
-0.004578597,0.010956699,atac10k_ext
0.01019323,0.012702523,atac10k_ext
-0.0073293853,0.006044246,atac10k_ext
0.0059378664,0.010251051,atac10k_ext
-0.0047786143,0.0045237187,atac10k_ext
-0.01606104,0.007889138,atac10k_ext
0.007463167,0.0050070556,atac10k_ext
-0.007356843,0.00899515,atac10k_ext
0.0050504217,0.009621802,atac10k_ext
-0.018380923,-0.0050578,atac10k_ext
0.006262981,0.006435446,atac10k_ext
0.014318247,0.0067859762,atac10k_ext
0.0031270408,0.014617517,atac10k_ext
-0.017050317,0.006146796,atac10k_ext
-0.005655686,0.012183865,atac10k_ext
-0.012097157,-0.0005626516,atac10k_ext
-0.006366916,-0.00921779,atac10k_ext
0.004617921,0.009452043,atac10k_ext
0.008788295,0.00865927,atac10k_ext
-0.0039937436,0.0017993308,atac10k_ext
-0.004056418,-0.012275187,atac10k_ext
0.009077411,0.015961234,atac10k_ext
-0.0054437206,-0.008630508,atac10k_ext
0.0036218741,0.008187661,atac10k_ext
0.019615082,0.0070253145,atac10k_ext
0.008779345,-0.0030768136,atac10k_ext
0.007062701,-0.0138387475,atac10k_ext
0.01485748,0.008001644,atac10k_ext
0.007949949,-0.0135028325,atac10k_ext
-0.010938988,-0.009605926,atac10k_ext
-0.007720323,-0.0024202175,atac10k_ext
-0.0044528265,-0.014848728,atac10k_ext
-0.0047112415,0.006953484,atac10k_ext
0.010497098,0.008417176,atac10k_ext
-0.016037468,0.014492156,atac10k_ext
-0.0004891546,0.023243675,atac10k_ext
0.0033990154,-0.014734968,atac10k_ext
-0.011242948,-0.022112576,atac10k_ext
-0.00457065,0.012958736,atac10k_ext
-0.018929278,0.006314982,atac10k_ext
0.00030242561,0.008675538,atac10k_ext
0.00564521,-0.012180504,atac10k_ext
0.001815086,-0.009536643,atac10k_ext
0.0027685435,-0.010867182,atac10k_ext
-0.0019882596,-0.005339239,atac10k_ext
-0.010110478,-0.0052839112,atac10k_ext
0.00347114,0.014566259,atac10k_ext
0.0160911,-0.027028004,atac10k_ext
-0.0026005234,0.006502647,atac10k_ext
0.0067903805,-0.005763706,atac10k_ext
0.0047499305,-0.0008740721,atac10k_ext
-0.0061674435,0.011655098,atac10k_ext
0.010741715,0.012452046,atac10k_ext
-0.00036528314,-0.010212913,atac10k_ext
-0.008318613,-0.00817345,atac10k_ext
0.008152718,-0.0026634133,atac10k_ext
-0.017915495,0.0020445113,atac10k_ext
-0.0031272862,-0.002104365,atac10k_ext
8.824991e-05,9.563751e-05,atac10k_ext
0.006265223,0.013124493,atac10k_ext
-0.020220596,0.0033361027,atac10k_ext
-0.0031320462,-0.003997687,atac10k_ext
0.011478215,0.007876051,atac10k_ext
-0.0012211005,0.014560943,atac10k_ext
-0.0041798335,-0.0012158601,atac10k_ext
-0.0157127,0.016171578,atac10k_ext
0.013421849,-0.0059680045,atac10k_ext
-0.013514285,0.005316894,atac10k_ext
-0.010039799,0.014487046,atac10k_ext
0.013622947,0.008421308,atac10k_ext
0.004818709,-0.0017902242,atac10k_ext
-0.018676817,-0.010817167,atac10k_ext
0.012667729,-0.009328561,atac10k_ext
0.0044050138,-0.007342976,atac10k_ext
-0.0049006073,0.01329437,atac10k_ext
-0.0065853847,-0.009209623,atac10k_ext
0.026032701,0.0070058564,atac10k_ext
0.010195839,0.012352889,atac10k_ext
-0.005108321,-0.001680905,atac10k_ext
0.01149944,0.0010601868,atac10k_ext
-0.021274898,0.0054080216,atac10k_ext
0.016215688,0.0069401306,atac10k_ext
-0.0063490546,-0.013231476,atac10k_ext
0.0066945655,-0.0068706833,atac10k_ext
-0.01040124,0.009217931,atac10k_ext
0.011003079,0.0043719145,atac10k_ext
0.0012662933,0.004146393,atac10k_ext
0.0014765423,0.014346203,atac10k_ext
0.005826722,0.008054625,atac10k_ext
-0.009283691,0.012429148,atac10k_ext
-0.004588287,-0.008634152,atac10k_ext
-0.014721374,0.0006783542,atac10k_ext
-0.006654838,-0.0075237015,atac10k_ext
-0.010964529,0.008714259,atac10k_ext
-0.0033038042,0.0080980025,atac10k_ext
0.008089787,0.0102335485,atac10k_ext
0.006193298,-0.012564681,atac10k_ext
-0.005963386,-0.020660026,atac10k_ext
0.016202226,-0.011672074,atac10k_ext
-0.011860378,0.011546162,atac10k_ext
-0.010184425,0.012009268,atac10k_ext
-0.0033515478,0.0008422292,atac10k_ext
-0.024192942,0.012209701,atac10k_ext
-0.009678309,-0.013642696,atac10k_ext
0.012066513,-0.0062506897,atac10k_ext
0.018075116,-0.0054922984,atac10k_ext
-0.005023548,-0.006664847,atac10k_ext
-0.0037840875,-0.008577295,atac10k_ext
-0.00077574083,-0.0259793,atac10k_ext
0.0042714444,0.012324576,atac10k_ext
-0.0037117403,-0.010269219,atac10k_ext
-0.012204235,0.010750295,atac10k_ext
-0.011905573,0.01152108,atac10k_ext
-0.010451036,0.00379883,atac10k_ext
0.003504591,-0.0049759084,atac10k_ext
-0.008833461,0.0100218095,atac10k_ext
0.0034524992,-0.009491043,atac10k_ext
-0.006603645,-0.0036582344,atac10k_ext
-0.003440021,0.0063704266,atac10k_ext
0.008464936,-0.008284367,atac10k_ext
-0.0059360694,-0.0054088715,atac10k_ext
-0.009371702,-0.011626867,atac10k_ext
-0.01040009,-0.010421069,atac10k_ext
0.0063708434,0.009791215,atac10k_ext
-0.01259274,-0.0011553917,atac10k_ext
-0.005440291,-0.016998127,atac10k_ext
0.004162643,-0.016030082,atac10k_ext
-0.018968808,-0.0058731283,atac10k_ext
0.0019462078,-0.008188218,atac10k_ext
0.0058657164,-0.005973726,atac10k_ext
-0.017693192,-0.018911919,atac10k_ext
-0.0038497923,-0.027576111,atac10k_ext
-0.0056907563,-0.013242944,atac10k_ext
-0.0017527761,0.009066612,atac10k_ext
0.0010858902,-0.008713241,atac10k_ext
-0.00019186111,-0.02557876,atac10k_ext
0.005546681,-0.011009784,atac10k_ext
-0.0077753114,0.011881671,atac10k_ext
0.015190967,-0.008811085,atac10k_ext
0.021637153,0.0051673157,atac10k_ext
0.0031994546,0.009600724,atac10k_ext
-0.0035256606,-0.009981329,atac10k_ext
-0.007319855,0.020192796,atac10k_ext
0.0022138173,-0.00470087,atac10k_ext
0.016548662,0.00429957,atac10k_ext
0.025419498,-0.015668152,atac10k_ext
0.0039370414,0.006130643,atac10k_ext
-0.012296176,-0.0027162954,atac10k_ext
-0.02118245,-0.008955912,atac10k_ext
0.0039679706,-0.019589314,atac10k_ext
-0.004298462,-0.0055230786,atac10k_ext
-0.00829028,0.007269357,atac10k_ext
-0.023140803,0.017140081,atac10k_ext
0.00995563,0.010494129,atac10k_ext
-0.0019280709,-0.008036775,atac10k_ext
-0.004447403,-0.0057669347,atac10k_ext
0.00015069125,0.012515695,atac10k_ext
0.006976345,0.0072196843,atac10k_ext
0.019889828,-0.004140245,atac10k_ext
0.0002973522,-0.019108057,atac10k_ext
-0.0043520387,-0.011804249,atac10k_ext
-0.0047421744,0.010929164,atac10k_ext
0.0032172187,0.009286201,atac10k_ext
0.013379099,0.006911931,atac10k_ext
0.014940629,0.010688211,atac10k_ext
0.006687228,0.0096951965,atac10k_ext
0.011146586,0.0011420567,atac10k_ext
0.0074816067,0.010464642,atac10k_ext
0.0022265823,-0.010824646,atac10k_ext
0.0053859362,0.011101429,atac10k_ext
0.004719283,0.0078119515,atac10k_ext
0.005117211,0.014743668,atac10k_ext
0.011562273,-0.016034162,atac10k_ext
-0.013970048,-0.010234424,atac10k_ext
0.0007915763,0.01597354,atac10k_ext
-0.0036460457,-0.026861012,atac10k_ext
0.008470714,-0.028838767,atac10k_ext
-0.0037262214,0.0067037707,atac10k_ext
-0.0005763828,-0.010972158,atac10k_ext
-0.0118592745,0.00398388,atac10k_ext
-0.025273766,0.008986985,atac10k_ext
-0.004191322,0.007327684,atac10k_ext
-0.020806674,0.0067598647,atac10k_ext
0.007716289,0.0041432222,atac10k_ext
0.009597188,-0.022732632,atac10k_ext
-0.009309332,-0.0092242975,atac10k_ext
-0.010695123,-0.0331661,atac10k_ext
-0.00968234,0.006597818,atac10k_ext
0.0059099984,-0.015133355,atac10k_ext
-0.006250331,-0.009012085,atac10k_ext
-0.020327207,-0.01754776,atac10k_ext
0.0051391018,0.011531708,atac10k_ext
-0.0034242393,0.0125152785,atac10k_ext
0.006562475,0.009906701,atac10k_ext
-0.0053163297,0.0067865294,atac10k_ext
0.0038030737,0.013070326,atac10k_ext
-0.0129193235,0.0069810073,atac10k_ext
0.0082698185,-0.012035813,atac10k_ext
-0.008928447,0.009962257,atac10k_ext
0.00019306045,0.0127141755,atac10k_ext
0.004988143,0.010145225,atac10k_ext
0.010640838,-0.0055946168,atac10k_ext
-0.020861568,0.014639804,atac10k_ext
-0.020577665,0.0015174292,atac10k_ext
0.0025787717,-0.00989878,atac10k_ext
-0.0058105174,0.009353778,atac10k_ext
-0.009527835,-0.0065642484,atac10k_ext
0.0035856764,-0.003290658,atac10k_ext
0.00979724,-0.028382089,atac10k_ext
-0.010259177,0.010509752,atac10k_ext
-0.010312842,1.657793e-05,atac10k_ext
-3.6464833e-05,-0.026998568,atac10k_ext
-0.011012575,-0.027901452,atac10k_ext
0.0065887724,-0.0003248195,atac10k_ext
0.01158393,0.017995568,atac10k_ext
-0.0029110052,0.0028699185,atac10k_ext
0.0032925797,-0.0053915633,atac10k_ext
-0.008691465,-0.004170622,atac10k_ext
0.0076058535,-0.0032385632,atac10k_ext
0.01813392,0.0149810705,atac10k_ext
0.010901552,0.009819953,atac10k_ext
-3.602419e-06,0.012425608,atac10k_ext
-0.014092893,0.012350469,atac10k_ext
0.0019570945,-0.010312061,atac10k_ext
0.0011938026,-0.008837061,atac10k_ext
-0.0023141936,0.004039241,atac10k_ext
-0.012631421,0.012849665,atac10k_ext
-0.0018014213,-0.022787139,atac10k_ext
-0.012326891,0.017577589,atac10k_ext
-0.009481913,-0.012047505,atac10k_ext
0.014283938,0.010757897,atac10k_ext
0.020708105,0.0035773893,atac10k_ext
-0.020331413,0.0125375865,atac10k_ext
-0.012903344,0.013354494,atac10k_ext
0.008256569,0.00817345,atac10k_ext
-0.011038991,-0.009110962,atac10k_ext
0.0026805417,-0.010590494,atac10k_ext
-0.017125966,0.01003648,atac10k_ext
0.004388426,0.012477556,atac10k_ext
0.0060199886,-0.008150409,atac10k_ext
-0.00050200435,0.01456756,atac10k_ext
-0.008341458,-0.01028209,atac10k_ext
0.016193846,0.01726677,atac10k_ext
0.006559538,0.0145175345,atac10k_ext
-0.0036013217,0.00978105,atac10k_ext
0.0037894829,-0.016086569,atac10k_ext
-0.021077303,-0.011364609,atac10k_ext
-0.013331039,0.01350076,atac10k_ext
0.018393705,-0.009364556,atac10k_ext
0.0037149815,0.011990171,atac10k_ext
-0.003005878,-0.006500229,atac10k_ext
-0.004841992,0.01116012,atac10k_ext
-0.011203262,-0.009725215,atac10k_ext
0.0077512194,-0.01604567,atac10k_ext
0.00986443,0.0020716826,atac10k_ext
0.0026253075,0.009807014,atac10k_ext
0.023225486,-0.014150844,atac10k_ext
0.002257549,0.009825884,atac10k_ext
-0.006678001,-0.0141916005,atac10k_ext
-0.0020475062,0.00838929,atac10k_ext
0.013712651,0.011876017,atac10k_ext
0.013177857,0.012732478,atac10k_ext
0.004533585,-0.008498666,atac10k_ext
0.0084874965,-0.01808799,atac10k_ext
0.011538517,0.005273841,atac10k_ext
0.0040462143,-0.018727468,atac10k_ext
0.011344106,0.0026368417,atac10k_ext
0.012103153,-0.0052318317,atac10k_ext
-0.0056611793,0.0046694707,atac10k_ext
0.0016834125,-0.0027650075,atac10k_ext
0.0064734006,-0.007633737,atac10k_ext
-0.0030477853,0.011693846,atac10k_ext
-0.012710003,-0.007826343,atac10k_ext
-0.0029558393,-0.017698446,atac10k_ext
0.006894115,0.0058114147,atac10k_ext
0.0033877667,-0.016093181,atac10k_ext
0.004788488,-0.0054779244,atac10k_ext
0.0026948212,0.011393467,atac10k_ext
0.005323297,-0.0037965567,atac10k_ext
-0.018630367,0.008328437,atac10k_ext
-0.001967046,0.014772469,atac10k_ext
0.0060524447,-0.003861614,atac10k_ext
-0.003634952,0.012976418,atac10k_ext
-0.0022135868,0.0103445295,atac10k_ext
0.0033571983,0.0147944875,atac10k_ext
0.014108877,0.009636739,atac10k_ext
0.0033403712,0.006856434,atac10k_ext
-0.008653739,-0.013221547,atac10k_ext
0.021684725,0.0007248625,atac10k_ext
0.010395895,-0.006930371,atac10k_ext
-0.0022593306,0.013981964,atac10k_ext
0.008559802,0.011022377,atac10k_ext
0.0037272586,0.013752608,atac10k_ext
0.0036096445,0.014619123,atac10k_ext
-0.011296791,-0.01000213,atac10k_ext
0.0024215884,0.0039314004,atac10k_ext
-0.008348878,-0.008707842,atac10k_ext
0.0053227805,-0.0016225972,atac10k_ext
0.0010365149,-0.0029223845,atac10k_ext
-0.014081801,-0.008895922,atac10k_ext
0.018715,-0.013191326,atac10k_ext
-0.0030839455,-0.009161631,atac10k_ext
-0.0045479885,-0.011337804,atac10k_ext
-0.007069156,-0.007951635,atac10k_ext
-0.0071391966,0.009410852,atac10k_ext
0.009582211,-0.013456802,atac10k_ext
0.0041840253,-0.009891635,atac10k_ext
0.0043842234,-0.0032466603,atac10k_ext
0.016940514,-0.0025927457,atac10k_ext
0.012613228,-0.0026614966,atac10k_ext
-0.011592825,-0.0033745496,atac10k_ext
0.009710582,0.016279392,atac10k_ext
-0.01508335,0.013183517,atac10k_ext
0.0025004076,0.0052974275,atac10k_ext
0.00038814463,0.0060874675,atac10k_ext
-0.015300096,0.004484335,atac10k_ext
-0.0013670137,-0.01003608,atac10k_ext
-0.010018688,-0.009109365,atac10k_ext
-0.00957705,-0.018221008,atac10k_ext
0.00986759,-0.011219501,atac10k_ext
0.005765456,0.008146714,atac10k_ext
-0.004190065,0.009779993,atac10k_ext
0.0022602747,-0.012333588,atac10k_ext
0.017928438,-0.0115799215,atac10k_ext
0.0003210386,-0.005679411,atac10k_ext
0.028920714,0.0020024865,atac10k_ext
0.0049557467,-0.010730138,atac10k_ext
-0.0064582448,0.0040312517,atac10k_ext
0.004926184,-0.006215173,atac10k_ext
-0.017388277,-0.0059890365,atac10k_ext
0.016250785,0.0066118557,atac10k_ext
0.0081527755,0.0077931453,atac10k_ext
0.009183971,-0.012492385,atac10k_ext
-0.012800303,0.015011857,atac10k_ext
-0.001085999,0.011533884,atac10k_ext
0.008308123,-0.011277977,atac10k_ext
0.0037264212,0.0048437407,atac10k_ext
-0.008016284,0.008866267,atac10k_ext
0.0019363287,-0.008239423,atac10k_ext
-0.0022876787,-0.012538488,atac10k_ext
0.0015675377,0.0061258753,atac10k_ext
0.0073213517,-0.0003702802,atac10k_ext
-0.011544071,-0.007615626,atac10k_ext
0.0066155465,-0.0064714355,atac10k_ext
0.003021833,-0.008950237,atac10k_ext
-0.0076246965,-0.009889898,atac10k_ext
0.0033379623,-0.0040785247,atac10k_ext
0.0076471986,0.006552664,atac10k_ext
-0.0009390755,0.011666436,atac10k_ext
0.009951698,-0.00416033,atac10k_ext
-0.008489457,0.01613638,atac10k_ext
-0.010719586,-0.012888085,atac10k_ext
-0.01029465,-0.012211629,atac10k_ext
-0.013440818,-0.010787064,atac10k_ext
0.011850913,0.011750956,atac10k_ext
-0.026839683,-0.0018601413,atac10k_ext
0.02062614,-0.0146791665,atac10k_ext
0.0025425921,0.0072215884,atac10k_ext
0.0131652355,0.007793302,atac10k_ext
0.009226236,-0.011661873,atac10k_ext
-0.0036878353,-0.015412229,atac10k_ext
0.001433048,-0.016354816,atac10k_ext
0.0125241345,-0.006657272,atac10k_ext
-0.021107633,0.014505213,atac10k_ext
-0.0028729527,0.012515459,atac10k_ext
0.00840486,0.012537788,atac10k_ext
-0.013690116,-0.013573409,atac10k_ext
0.010659173,-0.010650249,atac10k_ext
-0.009272508,0.011665539,atac10k_ext
-0.004218998,0.013519167,atac10k_ext
-0.0042655794,0.00416481,atac10k_ext
0.007467973,-0.0010634641,atac10k_ext
-0.008573873,0.016426932,atac10k_ext
0.0070757475,-0.0107333,atac10k_ext
-0.022930313,-0.02625449,atac10k_ext
0.0036015392,0.00509197,atac10k_ext
0.006545334,-0.019940905,atac10k_ext
0.0037642142,0.009784954,atac10k_ext
-0.009114626,-0.009545283,atac10k_ext
0.0009060526,-0.010543024,atac10k_ext
-0.030047258,-0.009929542,atac10k_ext
0.008801391,-0.016629579,atac10k_ext
-0.016263783,-0.008483982,atac10k_ext
-0.010081256,-0.006590274,atac10k_ext
-0.01948995,0.009355139,atac10k_ext
0.004317984,0.008126694,atac10k_ext
0.004865779,-0.005149305,atac10k_ext
0.0112436935,0.006072925,atac10k_ext
0.008558194,-0.005684735,atac10k_ext
-0.0032586812,0.016483571,atac10k_ext
-0.0026810176,-0.0075108944,atac10k_ext
0.013417072,-0.007607312,atac10k_ext
0.0042268215,-0.011185874,atac10k_ext
0.021686334,-0.011787328,atac10k_ext
0.014699348,0.008639066,atac10k_ext
-0.0007808881,0.011362322,atac10k_ext
0.022299971,0.007649852,atac10k_ext
0.0044461,-0.012934674,atac10k_ext
0.006212164,0.0041932533,atac10k_ext
0.008015109,-0.0071928883,atac10k_ext
0.0036504942,-0.009571675,atac10k_ext
-0.0145485345,0.011275542,atac10k_ext
-0.0142668225,-0.032559942,atac10k_ext
0.019497689,0.009698876,atac10k_ext
-0.007722361,0.002946875,atac10k_ext
0.019515648,-0.009157659,atac10k_ext
0.0016798239,-0.008656481,atac10k_ext
0.013904575,0.0132245645,atac10k_ext
0.01759552,-0.0071408185,atac10k_ext
0.011672357,-0.0010830936,atac10k_ext
-0.0050144265,0.007228028,atac10k_ext
0.006683611,-0.0021544818,atac10k_ext
0.0039042986,-0.012535533,atac10k_ext
0.0043055858,0.014504532,atac10k_ext
0.0084974235,0.0058867857,atac10k_ext
-0.005410257,0.0021417937,atac10k_ext
-5.7590678e-05,0.00078579615,atac10k_ext
-0.01675957,0.010227927,atac10k_ext
0.0014295263,0.0076655974,atac10k_ext
0.006815635,-0.008356434,atac10k_ext
0.0041125584,0.0017858786,atac10k_ext
0.0027647745,0.010423999,atac10k_ext
0.013452791,0.014153941,atac10k_ext
-0.0060063554,0.005318453,atac10k_ext
-0.0045477953,0.011777952,atac10k_ext
-0.0005280115,-0.009934924,atac10k_ext
0.004170577,0.00613182,atac10k_ext
-0.010292367,0.0036851866,atac10k_ext
0.000247606,-0.004610917,atac10k_ext
-0.011037377,-0.00087360706,atac10k_ext
-0.0044398117,-0.014821715,atac10k_ext
0.020512382,-0.005933983,atac10k_ext
0.010878556,-0.013451021,atac10k_ext
-0.0027641251,0.0077585224,atac10k_ext
-0.0012979463,-0.009236503,atac10k_ext
-0.014023148,0.012644576,atac10k_ext
0.017779069,-0.009535432,atac10k_ext
0.0033457265,0.0038345035,atac10k_ext
0.0006208818,-0.020335097,atac10k_ext
-0.011657513,-0.012506224,atac10k_ext
0.011431636,0.0094695,atac10k_ext
0.0042990465,0.0067910575,atac10k_ext
0.0084725125,0.0070594377,atac10k_ext
0.0036990356,-0.019115707,atac10k_ext
0.025672287,0.019979317,atac10k_ext
0.0053418083,-0.017096182,atac10k_ext
0.0065729255,-0.00050149614,atac10k_ext
0.0050845467,0.0147919785,atac10k_ext
0.013652651,-0.0047493116,atac10k_ext
0.0039895354,0.011227663,atac10k_ext
-0.0034695528,-0.0066532,atac10k_ext
-0.005485699,-0.009685799,atac10k_ext
-0.020029882,0.0062951143,atac10k_ext
0.028341984,-0.00026445792,atac10k_ext
0.004506399,0.0059088687,atac10k_ext
-0.016026355,0.00827276,atac10k_ext
-0.00853773,0.004982908,atac10k_ext
0.010506332,0.014904799,atac10k_ext
-0.00093070127,0.012113523,atac10k_ext
0.006770856,0.0074427607,atac10k_ext
-0.012776783,0.0043842765,atac10k_ext
0.0037183058,-0.0045180456,atac10k_ext
0.014791192,-0.00025096582,atac10k_ext
-0.0120764095,-0.010605821,atac10k_ext
0.012704951,-0.0070148287,atac10k_ext
-0.013722648,0.005857203,atac10k_ext
-0.0028876828,0.003366704,atac10k_ext
0.022138221,-0.008727914,atac10k_ext
-0.01050466,-0.011552893,atac10k_ext
-0.0005230807,0.015721755,atac10k_ext
-0.020789847,-0.013240421,atac10k_ext
0.009097954,-0.0066263457,atac10k_ext
-0.0084044775,-0.008922927,atac10k_ext
-0.0072968826,-0.009574114,atac10k_ext
-0.00016844808,0.009080813,atac10k_ext
-0.01364865,0.0076114587,atac10k_ext
-0.01502511,0.0031654246,atac10k_ext
-2.4454808e-05,-0.0040336708,atac10k_ext
0.012602541,0.017557647,atac10k_ext
-0.0056990115,-0.027195102,atac10k_ext
-0.0053316397,-0.009593034,atac10k_ext
-0.010265407,0.006515801,atac10k_ext
-0.0017842915,-0.023103854,atac10k_ext
-0.002213192,0.008387697,atac10k_ext
0.017114563,-0.012504131,atac10k_ext
0.023137528,-0.008864352,atac10k_ext
-0.009974622,-0.014912595,atac10k_ext
0.015637273,0.0033302647,atac10k_ext
0.0055840733,0.00922074,atac10k_ext
0.006045068,0.0024003636,atac10k_ext
0.012380684,-0.018002722,atac10k_ext
-0.012798551,-0.005552601,atac10k_ext
0.006872748,0.008890345,atac10k_ext
-0.0148368385,0.0043219216,atac10k_ext
0.0016337697,-0.009131898,atac10k_ext
0.0030091184,-0.023679005,atac10k_ext
0.003653034,0.012822228,atac10k_ext
0.006057157,0.010456175,atac10k_ext
0.0058452114,0.0052633127,atac10k_ext
0.009291347,0.013357795,atac10k_ext
0.014887914,0.009234364,atac10k_ext
-0.004512106,-0.015972111,atac10k_ext
0.025126288,0.011541447,atac10k_ext
-0.003277938,-0.009291511,atac10k_ext
0.0020908513,0.009989427,atac10k_ext
-0.006907206,-0.01259927,atac10k_ext
-0.011913212,0.010439016,atac10k_ext
0.00034687456,0.007980743,atac10k_ext
-0.0055867615,-0.0027074919,atac10k_ext
0.0044705165,0.0014350866,atac10k_ext
0.008503756,-0.011510589,atac10k_ext
0.014137229,0.0067661894,atac10k_ext
0.008874433,0.014131117,atac10k_ext
0.005018456,0.008355391,atac10k_ext
0.006610311,0.0108021,atac10k_ext
-0.0021223773,0.0108340075,atac10k_ext
-0.00187637,-0.003696832,atac10k_ext
0.018264173,0.012503762,atac10k_ext
-0.0050932374,0.0012589523,atac10k_ext
-0.0013781462,-0.009095983,atac10k_ext
0.0006074019,0.0057784445,atac10k_ext
-0.009025823,-0.007970521,atac10k_ext
0.014565355,0.007816742,atac10k_ext
-0.014914479,0.0118320575,atac10k_ext
0.004779342,-0.018057505,atac10k_ext
0.013164789,-0.007277131,atac10k_ext
0.0040695835,-0.0076221977,atac10k_ext
0.0067436406,-0.013747891,atac10k_ext
0.0059067714,0.01308208,atac10k_ext
-0.009958624,0.0010842895,atac10k_ext
-0.0090470705,-0.007158207,atac10k_ext
-0.0029293413,-0.0121849105,atac10k_ext
-0.005855901,0.0063227843,atac10k_ext
-0.018433305,0.011585878,atac10k_ext
0.00769288,0.010569798,atac10k_ext
-0.001528664,-0.023781877,atac10k_ext
0.009916394,0.0077334465,atac10k_ext
0.0013270498,0.01368548,atac10k_ext
0.01425209,0.021500954,atac10k_ext
0.009371821,0.001976506,atac10k_ext
-0.004205727,0.013133788,atac10k_ext
0.004669305,-0.01597979,atac10k_ext
0.018460548,0.010664475,atac10k_ext
-0.0013444684,-0.016491307,atac10k_ext
0.008721765,0.01082658,atac10k_ext
-0.0027440325,0.013595228,atac10k_ext
-0.006271652,-0.0142270485,atac10k_ext
0.0011199807,0.008682102,atac10k_ext
-0.0019740828,-0.014308908,atac10k_ext
0.011305055,0.007066677,atac10k_ext
-0.0028871216,-0.011683653,atac10k_ext
0.0007734823,0.008068666,atac10k_ext
0.013557679,-0.008173421,atac10k_ext
-0.0077056913,0.0060302312,atac10k_ext
-0.003069583,-0.0038468149,atac10k_ext
-0.010926209,0.009620213,atac10k_ext
-0.0095947245,0.008046602,atac10k_ext
0.013023015,0.014901716,atac10k_ext
0.0032820015,-0.0056893374,atac10k_ext
0.0028805619,-0.008292073,atac10k_ext
-0.004043186,0.004802919,atac10k_ext
0.0035804082,-0.015006407,atac10k_ext
-0.011298174,-0.010952393,atac10k_ext
-0.01847517,-0.011381881,atac10k_ext
-0.00029929212,-0.0072611496,atac10k_ext
0.007385982,-0.012293687,atac10k_ext
-0.0065657985,0.012896947,atac10k_ext
-0.009042824,0.010195012,atac10k_ext
-0.008645464,-0.016368909,atac10k_ext
-0.0066172807,0.012135411,atac10k_ext
-0.0013499843,-0.012098972,atac10k_ext
-1.8287648e-05,-0.011682071,atac10k_ext
0.006462784,0.009115309,atac10k_ext
-0.0065388465,-0.0005029234,atac10k_ext
0.0051338417,-0.0024461697,atac10k_ext
-0.009083152,0.009948164,atac10k_ext
0.007329067,0.013518977,atac10k_ext
0.0021503614,-0.011872685,atac10k_ext
0.013207669,0.0036012013,atac10k_ext
0.0026249578,-0.0072279093,atac10k_ext
-0.004958282,0.00037478565,atac10k_ext
0.012849992,0.009645376,atac10k_ext
-0.009751191,-0.0118558565,atac10k_ext
-0.005104675,-0.009022503,atac10k_ext
-0.008168353,0.0072102835,atac10k_ext
0.0028743206,0.005032841,atac10k_ext
-0.0017152189,-0.007355191,atac10k_ext
-0.014062264,-0.011163551,atac10k_ext
-0.0015750059,0.0032195407,atac10k_ext
0.006682329,0.013439471,atac10k_ext
-0.015793465,-0.005859171,atac10k_ext
0.0032924342,-0.0061021447,atac10k_ext
0.02157491,-0.029769804,atac10k_ext
0.01637241,0.0060136057,atac10k_ext
0.0062174248,-0.010912062,atac10k_ext
0.004604349,0.009651574,atac10k_ext
-0.002182127,0.005112978,atac10k_ext
0.007238916,0.015151939,atac10k_ext
-0.009112178,0.006432108,atac10k_ext
0.0024650358,-0.014669171,atac10k_ext
0.023687549,0.0077077798,atac10k_ext
-0.0016998342,-0.010268299,atac10k_ext
0.010844084,0.008995747,atac10k_ext
0.008679078,-0.0049016643,atac10k_ext
0.017040072,0.0125364745,atac10k_ext
0.020406822,-0.008584443,atac10k_ext
0.006185302,-0.024365867,atac10k_ext
-0.027422111,0.011525716,atac10k_ext
0.0061688246,0.01361925,atac10k_ext
-0.002485115,0.01584943,atac10k_ext
-0.004333052,0.01027871,atac10k_ext
0.0018572733,-0.007590064,atac10k_ext
0.0011262326,0.013373524,atac10k_ext
-0.028764563,0.00710496,atac10k_ext
-0.013972081,0.0013389522,atac10k_ext
0.014779001,-0.0059690727,atac10k_ext
0.0038556873,0.0052435664,atac10k_ext
0.017798442,-0.011111732,atac10k_ext
0.002000106,-0.026866725,atac10k_ext
-0.010253271,-0.009698993,atac10k_ext
0.017697664,0.003191939,atac10k_ext
-0.012335796,-0.006045667,atac10k_ext
-0.006981396,-0.008278434,atac10k_ext
0.0025765114,-0.011097838,atac10k_ext
-0.001954832,-0.012458886,atac10k_ext
0.012625312,-0.012092771,atac10k_ext
-0.0048064124,0.003465984,atac10k_ext
0.00028691356,0.010524228,atac10k_ext
-0.012796,-0.011449045,atac10k_ext
0.013071266,-0.0071004014,atac10k_ext
0.0035267111,-0.00047190377,atac10k_ext
-0.017703662,-0.00030397112,atac10k_ext
-0.007996781,0.009720967,atac10k_ext
0.004532116,0.0038837811,atac10k_ext
0.005055838,-0.0049850885,atac10k_ext
-0.0059435423,0.011426337,atac10k_ext
0.006454285,-0.014304867,atac10k_ext
-0.013059982,0.013602735,atac10k_ext
0.00023285505,0.004265839,atac10k_ext
0.0062110005,0.006781696,atac10k_ext
0.0011034613,0.00933748,atac10k_ext
-0.004361163,0.009043042,atac10k_ext
0.0028354372,-0.01102571,atac10k_ext
-0.008552378,0.005397236,atac10k_ext
-0.0020981024,-0.008385503,atac10k_ext
-0.0011581853,-0.0050564716,atac10k_ext
-0.0004129148,-0.0035634295,atac10k_ext
-0.0018541657,-0.008337329,atac10k_ext
-0.0073744855,-0.018051146,atac10k_ext
-0.007802839,0.0152035,atac10k_ext
-0.012733815,-0.0025377825,atac10k_ext
0.0072509423,0.0137068005,atac10k_ext
0.0035162244,0.01421103,atac10k_ext
-0.002957626,0.0103936605,atac10k_ext
0.016001143,-0.008926528,atac10k_ext
0.014354445,-0.023342079,atac10k_ext
0.017791556,-0.0048775394,atac10k_ext
0.00067555293,0.01206407,atac10k_ext
0.006642675,0.004545378,atac10k_ext
-0.01422483,-0.007481326,atac10k_ext
0.031143209,0.0023542785,atac10k_ext
0.0011310659,-0.010110438,atac10k_ext
0.008063687,0.010536065,atac10k_ext
-0.008094894,0.006307636,atac10k_ext
-0.005150958,-0.005868999,atac10k_ext
0.011512832,0.009681382,atac10k_ext
0.005531814,-0.009358789,atac10k_ext
0.0044186274,0.01219121,atac10k_ext
-0.026786216,-0.0073181777,atac10k_ext
0.007439526,0.011318744,atac10k_ext
0.0033529038,-0.009002875,atac10k_ext
0.0067422152,-0.010904768,atac10k_ext
0.0022363435,0.0056259953,atac10k_ext
-0.029203065,-0.011671171,atac10k_ext
-0.0010692389,0.00586897,atac10k_ext
-0.0053416127,-0.009069996,atac10k_ext
0.00749041,0.002667334,atac10k_ext
0.015538319,0.007044133,atac10k_ext
0.008709929,0.008739727,atac10k_ext
0.018001791,-0.0066300426,atac10k_ext
-0.006312528,-0.024103604,atac10k_ext
-0.014867425,0.009107462,atac10k_ext
-0.008425298,0.0025797044,atac10k_ext
-0.0078073693,0.011697682,atac10k_ext
0.006260234,-0.010876687,atac10k_ext
0.021461373,-0.01202071,atac10k_ext
-0.0026211177,0.007881734,atac10k_ext
-0.006327575,-0.0051202974,atac10k_ext
0.014277776,0.005874479,atac10k_ext
0.005515505,0.0028585447,atac10k_ext
-0.00889625,-0.008067579,atac10k_ext
0.0021384673,0.008183835,atac10k_ext
-0.007808887,-0.020649338,atac10k_ext
-0.004526279,0.012652542,atac10k_ext
-0.00046591996,0.008510062,atac10k_ext
0.018638136,0.004058074,atac10k_ext
0.014796689,-0.0016578155,atac10k_ext
-0.017496055,-0.005463018,atac10k_ext
-0.0077732517,-0.008768538,atac10k_ext
-0.00076188537,-0.006393254,atac10k_ext
-0.0079525765,0.008162192,atac10k_ext
0.006439481,0.013069611,atac10k_ext
0.015463799,-0.014903816,atac10k_ext
0.013493252,-0.00071310735,atac10k_ext
-0.005868685,0.0018486422,atac10k_ext
-0.0242062,-0.0069457185,atac10k_ext
0.015517669,-0.0199268,atac10k_ext
0.0039513763,-0.009474506,atac10k_ext
-0.006309273,-0.0078974785,atac10k_ext
0.0055566365,-0.007115173,atac10k_ext
0.026998471,-0.0060608345,atac10k_ext
0.0019866708,-0.003948474,atac10k_ext
0.0058926702,0.013501004,atac10k_ext
-0.0031607847,-0.01202702,atac10k_ext
0.018817246,0.008724397,atac10k_ext
-0.0070494954,-0.009992062,atac10k_ext
0.009545766,0.01419427,atac10k_ext
-0.009492314,-0.0048363297,atac10k_ext
0.0047755386,0.006580016,atac10k_ext
-0.0043758377,-0.0067493864,atac10k_ext
-0.004862121,-0.010436853,atac10k_ext
-0.0007179674,-0.004821701,atac10k_ext
0.008518553,0.0065772748,atac10k_ext
-0.0011061691,-0.010136592,atac10k_ext
-0.0024227817,-0.008614359,atac10k_ext
0.0092294505,-0.019862331,atac10k_ext
0.00535627,-0.0057830657,atac10k_ext
0.01518872,-0.012770445,atac10k_ext
0.020915959,-0.0071449922,atac10k_ext
0.0030302089,-0.01127751,atac10k_ext
0.019926,-0.0027267486,atac10k_ext
-0.0015006311,-0.009741102,atac10k_ext
-0.0011280752,-0.008269969,atac10k_ext
0.0114243645,0.011832602,atac10k_ext
0.00043659826,0.012139277,atac10k_ext
-0.0030337826,0.012748358,atac10k_ext
0.003951618,0.0080039445,atac10k_ext
0.0033459777,0.01177761,atac10k_ext
0.01519413,0.010701405,atac10k_ext
0.027091403,0.0018649991,atac10k_ext
-0.015255146,0.008142779,atac10k_ext
-0.008956238,-0.012871219,atac10k_ext
-0.021069178,-0.011780719,atac10k_ext
0.0013894845,0.0027750242,atac10k_ext
-0.0040154965,-0.012698703,atac10k_ext
0.0017155275,-0.01117283,atac10k_ext
0.00014691392,-0.0064804847,atac10k_ext
0.00016101568,-0.0034683812,atac10k_ext
0.011243,0.01381265,atac10k_ext
0.013673178,0.010384344,atac10k_ext
0.0047917925,-0.011613906,atac10k_ext
-0.010644739,0.0054126126,atac10k_ext
-0.005502706,-0.011232871,atac10k_ext
0.014466177,0.015213632,atac10k_ext
-0.02039668,-0.0041206595,atac10k_ext
0.008683829,0.013408536,atac10k_ext
-0.008575695,0.008050192,atac10k_ext
0.0064182943,0.0080087045,atac10k_ext
0.0026123344,-0.007848286,atac10k_ext
-0.017594077,-0.014956257,atac10k_ext
-0.0036303836,0.00761376,atac10k_ext
-0.007572109,-0.0030560633,atac10k_ext
-0.01708539,-0.025192939,atac10k_ext
-0.018951159,0.0019517256,atac10k_ext
-0.011427643,0.0058840136,atac10k_ext
0.015861748,0.015433509,atac10k_ext
-0.0137867145,-0.007497931,atac10k_ext
0.012563775,-0.008098919,atac10k_ext
0.007819856,0.009347989,atac10k_ext
-0.0009125419,0.0059325504,atac10k_ext
0.017786043,0.0093371,atac10k_ext
-0.014263447,0.009821093,atac10k_ext
-0.021025265,-0.0011111202,atac10k_ext
0.02152479,-0.0068174084,atac10k_ext
0.0063625704,0.0052728136,atac10k_ext
0.010277318,0.011916301,atac10k_ext
0.0042853546,0.009266968,atac10k_ext
-0.011152299,-0.0007297047,atac10k_ext
0.013480878,0.011710999,atac10k_ext
0.022889469,-0.0048057414,atac10k_ext
-0.0016872117,0.0109660225,atac10k_ext
0.0111019295,0.012204085,atac10k_ext
0.021939175,0.007520906,atac10k_ext
-0.01207005,-0.012358868,atac10k_ext
0.0042841923,-0.00724386,atac10k_ext
-0.004146069,0.0149519285,atac10k_ext
-0.004723278,-0.0067118076,atac10k_ext
0.0035673396,0.006781215,atac10k_ext
-0.003204286,0.0029673022,atac10k_ext
-0.00031490476,-0.009365304,atac10k_ext
0.00619508,0.0076952293,atac10k_ext
-0.011534439,0.007755749,atac10k_ext
-0.0027974485,0.018178515,atac10k_ext
-0.033488672,-0.018867001,atac10k_ext
-0.00018479639,-0.0118871005,atac10k_ext
0.018458629,-0.007854403,atac10k_ext
0.0027431676,-0.007087272,atac10k_ext
-0.010564701,0.007490967,atac10k_ext
-0.0048499587,-0.013120583,atac10k_ext
0.0011570882,-0.00951782,atac10k_ext
0.0010032014,-0.0052751787,atac10k_ext
0.010112739,-0.0123709235,atac10k_ext
0.0030413328,0.009846052,atac10k_ext
-0.01009483,0.011307252,atac10k_ext
-0.016848639,0.006702204,atac10k_ext
0.0021095846,0.009839641,atac10k_ext
0.0045090495,-0.010140523,atac10k_ext
-0.026209272,-0.012979188,atac10k_ext
0.008433892,0.0064025065,atac10k_ext
-0.011482998,0.007561078,atac10k_ext
-0.0027038902,-0.01268329,atac10k_ext
0.0085768625,0.009696307,atac10k_ext
0.00077947765,0.018592516,atac10k_ext
0.018437069,-0.011018121,atac10k_ext
0.003173695,-0.009360719,atac10k_ext
0.0034835916,-0.025529778,atac10k_ext
-0.012392894,0.0072091552,atac10k_ext
-0.017913694,0.004054123,atac10k_ext
0.019154768,0.010301743,atac10k_ext
0.022264164,-0.009267258,atac10k_ext
-0.014546169,-0.014696792,atac10k_ext
-0.0020482526,0.0038859048,atac10k_ext
-0.005590853,-0.013289536,atac10k_ext
0.0038683235,0.004192836,atac10k_ext
0.007187579,-0.019411797,atac10k_ext
-0.0031107299,-0.0071148807,atac10k_ext
-0.010050953,0.008096529,atac10k_ext
-0.009771439,0.0075291926,atac10k_ext
-0.026048735,0.010519055,atac10k_ext
-0.0075732344,-0.014382825,atac10k_ext
-0.019128604,0.010668596,atac10k_ext
-0.004922241,0.0045161135,atac10k_ext
-0.013863703,0.011846,atac10k_ext
0.005045218,-0.0043944474,atac10k_ext
0.016460877,0.0021575573,atac10k_ext
0.005904787,0.013284551,atac10k_ext
-0.0051635886,0.012779936,atac10k_ext
0.027560296,-0.0025029734,atac10k_ext
-0.0012793449,-0.015079314,atac10k_ext
-0.006000496,0.011746176,atac10k_ext
-0.00531095,0.011685136,atac10k_ext
-0.0016832108,-0.0024809693,atac10k_ext
0.004300624,-0.007092336,atac10k_ext
0.015211104,-0.010578488,atac10k_ext
-0.009117051,-0.003570734,atac10k_ext
-0.0068288757,-0.026091926,atac10k_ext
0.003364,0.0064418036,atac10k_ext
0.023309829,0.01550921,atac10k_ext
0.00559766,0.016395876,atac10k_ext
0.005831311,0.014927504,atac10k_ext
0.0025898442,-0.02582497,atac10k_ext
0.007939848,-0.023867872,atac10k_ext
-0.008322337,0.0076229023,atac10k_ext
0.015435828,-0.0010413402,atac10k_ext
-0.017090207,-0.00900839,atac10k_ext
0.007148405,0.0019035095,atac10k_ext
-0.003801252,0.0142042255,atac10k_ext
0.0006515042,0.0048894873,atac10k_ext
0.0074577047,-0.008625249,atac10k_ext
-0.012556069,0.013575486,atac10k_ext
-0.01723328,-0.010570251,atac10k_ext
0.0072372775,-0.011305063,atac10k_ext
-0.0050302236,-0.008808423,atac10k_ext
0.0021518224,0.006969654,atac10k_ext
0.0024366588,-0.010899747,atac10k_ext
-0.00767596,0.00078626774,atac10k_ext
0.0063855345,-0.013841952,atac10k_ext
-0.016125673,0.007263527,atac10k_ext
-0.0004890486,-0.011685909,atac10k_ext
-0.021080121,0.0044922465,atac10k_ext
-0.007365122,-0.013254673,atac10k_ext
-0.00711464,-0.01021163,atac10k_ext
0.016602969,0.010531665,atac10k_ext
-0.0008628951,0.0067072255,atac10k_ext
-0.00816653,-0.009190632,atac10k_ext
-0.012092146,0.009900724,atac10k_ext
0.012038721,-0.0140229855,atac10k_ext
-0.00017304413,0.012505629,atac10k_ext
-0.0056903106,-0.012688321,atac10k_ext
0.005234791,0.010191912,atac10k_ext
0.018374616,-0.008066893,atac10k_ext
-0.002327464,-0.010631155,atac10k_ext
0.00530355,-0.0080613205,atac10k_ext
0.008736906,-0.019251684,atac10k_ext
-0.027305925,-0.0044105016,atac10k_ext
-0.012954854,0.005760011,atac10k_ext
-0.0019273999,0.0032848506,atac10k_ext
-0.006168581,-0.0056325886,atac10k_ext
0.0048710466,-0.008350464,atac10k_ext
-0.015231471,0.004144428,atac10k_ext
0.00075256015,-0.024139958,atac10k_ext
-0.016957976,-0.0071021486,atac10k_ext
-0.0043394095,0.014250536,atac10k_ext
0.00522344,0.007465224,atac10k_ext
-0.0027020404,0.0045665326,atac10k_ext
-0.031946823,0.010721937,atac10k_ext
-0.005074408,0.005991271,atac10k_ext
0.006266746,-0.0070431964,atac10k_ext
0.010685323,-0.009510034,atac10k_ext
0.010867193,-0.012834024,atac10k_ext
0.001720951,-0.0073780846,atac10k_ext
-0.017232599,0.0022386084,atac10k_ext
0.006650475,0.0150490925,atac10k_ext
0.0054887165,0.0064178053,atac10k_ext
-0.0082204,0.015670381,atac10k_ext
0.0053621866,0.010095842,atac10k_ext
0.0056471135,0.009149626,atac10k_ext
-0.003811775,-0.012827608,atac10k_ext
0.0030870305,-0.009957943,atac10k_ext
0.008265358,-0.0016084913,atac10k_ext
-0.0017444053,0.011443615,atac10k_ext
-0.007817881,-0.00885472,atac10k_ext
-0.0053642616,0.011129505,atac10k_ext
0.009820454,0.011241943,atac10k_ext
0.0024427597,0.0071039028,atac10k_ext
0.017478246,-0.022129312,atac10k_ext
-0.0041598515,0.006859505,atac10k_ext
-0.022241494,0.011321638,atac10k_ext
-0.007664969,0.013894843,atac10k_ext
0.012134166,0.014989567,atac10k_ext
0.00852907,0.008400365,atac10k_ext
-0.0043948037,0.012001385,atac10k_ext
0.006039054,0.0077366927,atac10k_ext
0.006542349,-0.020922793,atac10k_ext
-0.020323409,-0.003049848,atac10k_ext
0.0069472417,-0.0035975736,atac10k_ext
-0.00044804346,0.0079327915,atac10k_ext
-0.010485095,0.012774391,atac10k_ext
0.013446413,-0.009485169,atac10k_ext
-0.003514128,0.011662474,atac10k_ext
-0.024330784,0.015871612,atac10k_ext
0.016224733,0.005467816,atac10k_ext
0.014887166,0.0068916962,atac10k_ext
0.0034433962,-0.005727667,atac10k_ext
0.0051418473,-0.008314272,atac10k_ext
-0.007749164,-0.013662369,atac10k_ext
5.560102e-05,-0.018629527,atac10k_ext
-0.0035124123,0.006975103,atac10k_ext
0.02012505,-0.0055481694,atac10k_ext
0.019844048,0.004062113,atac10k_ext
-0.0051498082,0.006271319,atac10k_ext
0.00055306725,0.012308295,atac10k_ext
0.0004951592,-0.02051822,atac10k_ext
0.0021991848,-0.010992242,atac10k_ext
0.0050707026,0.006275509,atac10k_ext
-0.010842773,0.002012485,atac10k_ext
-0.018863847,0.00811832,atac10k_ext
-0.004601311,-0.013373362,atac10k_ext
-0.0056643393,0.016906757,atac10k_ext
-0.01180536,-0.021186467,atac10k_ext
-0.00034389377,-0.006365127,atac10k_ext
-0.0024612464,-0.0064473255,atac10k_ext
0.01566948,-0.013045728,atac10k_ext
0.020080842,-0.012782668,atac10k_ext
0.02250743,-0.0074592847,atac10k_ext
0.011466327,-0.0042312234,atac10k_ext
-0.00972781,-0.015554871,atac10k_ext
-0.012171508,-0.0054494916,atac10k_ext
0.018267417,-0.006714125,atac10k_ext
-0.019347575,-0.0061718654,atac10k_ext
-0.00093514123,-0.016577708,atac10k_ext
-0.009865774,0.018327765,atac10k_ext
0.0028469467,0.0064475755,atac10k_ext
0.0010598706,0.012732513,atac10k_ext
0.0029306212,-0.009366486,atac10k_ext
-0.020792026,0.0074614706,atac10k_ext
-0.0012497074,0.009962124,atac10k_ext
0.0037701093,-0.009590533,atac10k_ext
0.00050732784,-0.009079471,atac10k_ext
-0.00026122472,-0.008096147,atac10k_ext
0.0043495423,0.0063531934,atac10k_ext
0.002115122,0.012034485,atac10k_ext
-0.0032175526,0.0035142875,atac10k_ext
-0.030613966,0.011056621,atac10k_ext
-0.013860425,-0.01253956,atac10k_ext
-0.010760308,0.010594167,atac10k_ext
0.013195785,0.0087538455,atac10k_ext
0.021326398,0.013373366,atac10k_ext
0.00085983623,0.010464854,atac10k_ext
0.007899561,-0.0066164467,atac10k_ext
-0.009023874,0.0069667017,atac10k_ext
-0.002937239,0.01357478,atac10k_ext
0.010637273,0.008891293,atac10k_ext
-0.0105334725,0.004669854,atac10k_ext
-0.008884418,-0.02438024,atac10k_ext
0.0030051053,-0.009657529,atac10k_ext
-0.00576632,0.00931991,atac10k_ext
0.025617423,0.0017951088,atac10k_ext
0.01035898,0.0053413226,atac10k_ext
0.017112432,0.010251106,atac10k_ext
-0.011084721,-0.013524001,atac10k_ext
0.02587395,0.012981801,atac10k_ext
0.0014803349,-0.015211848,atac10k_ext
0.004866407,0.008440947,atac10k_ext
0.01788418,0.00045329166,atac10k_ext
0.014823654,-0.017240355,atac10k_ext
0.01246209,0.0074829827,atac10k_ext
0.012424295,-0.010766713,atac10k_ext
-0.00082109007,0.014787285,atac10k_ext
0.002268436,0.012073375,atac10k_ext
0.0014093369,-0.002278489,atac10k_ext
-0.0031552946,0.015554103,atac10k_ext
-0.0032190403,0.015650464,atac10k_ext
0.0075878827,0.01695846,atac10k_ext
-0.0064214235,0.016389398,atac10k_ext
-0.018537294,-0.012317017,atac10k_ext
-0.009618985,-0.011692025,atac10k_ext
-0.004481803,-0.006675534,atac10k_ext
-0.0024359596,0.0075520827,atac10k_ext
-0.004789966,0.0016218481,atac10k_ext
0.012460444,0.010042799,atac10k_ext
-0.005234668,-0.012332103,atac10k_ext
-0.014026233,0.0075449846,atac10k_ext
0.00017429472,-0.01935867,atac10k_ext
-0.008263768,0.010793953,atac10k_ext
-0.0033122923,0.015430814,atac10k_ext
0.0021322242,-0.009506872,atac10k_ext
0.0111757945,-0.0011375528,atac10k_ext
-0.00085329654,0.00929687,atac10k_ext
-0.015012516,0.0040556667,atac10k_ext
-0.027392564,0.007515127,atac10k_ext
0.00055302616,-0.009118776,atac10k_ext
0.0063299933,0.010814984,atac10k_ext
-0.009546064,-0.010782671,atac10k_ext
-0.010855265,0.013323314,atac10k_ext
0.008691315,0.011570473,atac10k_ext
0.014736831,-0.011631252,atac10k_ext
0.004251341,-0.007176745,atac10k_ext
-0.0025576507,0.008756931,atac10k_ext
-0.01758782,-0.021720644,atac10k_ext
-0.011672147,-0.006289853,atac10k_ext
0.022414442,0.0129577005,atac10k_ext
-0.008511884,-0.009819039,atac10k_ext
0.004378059,0.013076563,atac10k_ext
-0.0042326543,-0.0070448103,atac10k_ext
0.007777313,-0.013288457,atac10k_ext
0.0005259827,0.01237043,atac10k_ext
-0.020126881,0.007875254,atac10k_ext
0.026526362,-0.011332769,atac10k_ext
0.00065455877,0.0149047775,atac10k_ext
0.0022776474,-0.010398103,atac10k_ext
-0.006974189,0.0068206033,atac10k_ext
-0.010013079,-0.03336105,atac10k_ext
0.014524302,-0.011382675,atac10k_ext
-0.0070851366,-0.023791447,atac10k_ext
-0.004710495,0.008718417,atac10k_ext
-0.003516055,0.00966813,atac10k_ext
-0.0022977607,-0.005180552,atac10k_ext
-0.0076968623,-0.015984751,atac10k_ext
0.008929989,0.0033140504,atac10k_ext
-0.0062783197,0.010841048,atac10k_ext
0.00061077665,-0.014860645,atac10k_ext
-0.0023197196,0.0151485205,atac10k_ext
0.009114406,-0.0077838497,atac10k_ext
-0.014204072,-0.014227472,atac10k_ext
0.0013879386,0.010152891,atac10k_ext
0.01728645,-0.01551379,atac10k_ext
-0.007239368,-0.009682889,atac10k_ext
-0.015267177,0.013577539,atac10k_ext
-0.011060048,-0.0066111595,atac10k_ext
-0.004331262,-0.004722049,atac10k_ext
3.9675824e-06,0.012315927,atac10k_ext
0.012884317,0.0065132305,atac10k_ext
-0.010981646,-0.006035875,atac10k_ext
-0.0027977552,0.0043118326,atac10k_ext
-0.0057189907,0.010915342,atac10k_ext
0.0011766382,-0.021150483,atac10k_ext
-0.00075045787,0.014443757,atac10k_ext
0.01850536,-0.005483537,atac10k_ext
-0.0013626182,-0.0049416963,atac10k_ext
-0.007871965,-0.006752734,atac10k_ext
-0.00167201,-0.010082178,atac10k_ext
-0.012648011,-0.009443202,atac10k_ext
0.012124192,0.011116345,atac10k_ext
-0.00029459308,0.0094926795,atac10k_ext
0.008646513,-0.01666085,atac10k_ext
0.007075098,0.0027358297,atac10k_ext
0.00048227148,0.0124340225,atac10k_ext
0.006818647,0.008074744,atac10k_ext
-0.022141693,-0.00855057,atac10k_ext
-0.020020006,0.005528629,atac10k_ext
0.0139749395,0.004162992,atac10k_ext
-0.0069956603,-0.0066016666,atac10k_ext
0.0003557207,0.014294227,atac10k_ext
-0.0041545,0.011376614,atac10k_ext
0.014176394,0.01596781,atac10k_ext
-0.0034456092,-0.010723154,atac10k_ext
-0.011017024,0.016531236,atac10k_ext
-0.017273271,0.012608616,atac10k_ext
0.00545281,-0.00951161,atac10k_ext
-0.007852895,0.0027437613,atac10k_ext
0.016734144,-0.006940914,atac10k_ext
0.014855322,0.0036384987,atac10k_ext
0.01805542,-0.0013713227,atac10k_ext
-0.017241467,-0.01721853,atac10k_ext
0.010804269,0.008866488,atac10k_ext
-0.0048844554,0.006861496,atac10k_ext
-0.01580268,0.009165151,atac10k_ext
-0.002105768,-0.017748015,atac10k_ext
0.006187036,0.012477907,atac10k_ext
0.019362874,0.010786184,atac10k_ext
0.019453725,0.01581218,atac10k_ext
0.0001309803,0.0064021205,atac10k_ext
0.00028246522,-0.016043743,atac10k_ext
-0.002202263,0.0050926954,atac10k_ext
0.01469102,0.010093387,atac10k_ext
-0.0027195527,0.0069934186,atac10k_ext
0.005787483,-0.013390632,atac10k_ext
-0.0017468161,-0.012323183,atac10k_ext
-0.007422167,0.014033162,atac10k_ext
0.00800588,0.0037882917,atac10k_ext
-0.0014942703,0.013926501,atac10k_ext
-0.00013413126,-0.012871443,atac10k_ext
-0.014727721,0.010161223,atac10k_ext
-0.02294752,-0.0049560987,atac10k_ext
0.0028467898,-0.0012003243,atac10k_ext
-0.014006163,-0.021240769,atac10k_ext
0.0062442934,0.010436601,atac10k_ext
0.008626029,0.008916306,atac10k_ext
0.005460622,-0.013941663,atac10k_ext
0.00905771,0.013752358,atac10k_ext
0.0065457025,0.0022269718,atac10k_ext
-0.010126991,0.009725629,atac10k_ext
-0.01194929,0.0076743523,atac10k_ext
-0.01060853,-0.011929191,atac10k_ext
0.009905287,-0.009470403,atac10k_ext
-0.015638182,-0.008148713,atac10k_ext
0.0012156701,0.0021055092,atac10k_ext
0.004964476,0.010745785,atac10k_ext
0.006724737,-0.0025583967,atac10k_ext
-0.00465938,-0.0020454612,atac10k_ext
0.0064467103,0.015969537,atac10k_ext
-0.0042477422,-0.002620868,atac10k_ext
0.0018046797,0.0049840165,atac10k_ext
0.018157743,0.0029266085,atac10k_ext
0.0044841534,0.0052397535,atac10k_ext
0.0009159356,0.012183443,atac10k_ext
0.016506419,0.0034351905,atac10k_ext
0.013676115,0.012165543,atac10k_ext
0.008287919,-0.0050785393,atac10k_ext
-0.0099412855,0.010956939,atac10k_ext
0.0025369134,0.0060060257,atac10k_ext
0.016502678,0.013625475,atac10k_ext
-0.0002518021,0.0018263374,atac10k_ext
-0.016947193,-0.013462419,atac10k_ext
-0.005707055,-0.010168134,atac10k_ext
-0.00773289,-0.019115001,atac10k_ext
0.012376627,-0.027911898,atac10k_ext
-0.0026483708,0.011064894,atac10k_ext
-0.008378377,0.011163024,atac10k_ext
-0.008690849,-0.011349453,atac10k_ext
0.0055419677,0.0045953016,atac10k_ext
0.010155549,0.0031254152,atac10k_ext
0.00531328,0.01266351,atac10k_ext
-0.017814897,0.0047486653,atac10k_ext
0.003505829,0.009348081,atac10k_ext
-0.0021225845,-0.01343608,atac10k_ext
-0.00520829,0.01047661,atac10k_ext
0.00798232,-0.010573341,atac10k_ext
0.006403729,0.00087435637,atac10k_ext
0.014833393,0.0031505935,atac10k_ext
0.010450263,-0.009548956,atac10k_ext
0.032757156,-0.016125763,atac10k_ext
0.007703817,-0.0077753314,atac10k_ext
0.0060107056,-0.008662254,atac10k_ext
-0.002322596,-0.004294193,atac10k_ext
-0.0039680204,0.013133266,atac10k_ext
-0.0082865935,-0.010122559,atac10k_ext
-0.010254573,-0.018531607,atac10k_ext
0.0058824774,0.0036940102,atac10k_ext
0.009603594,0.006338003,atac10k_ext
-0.014747849,0.008992806,atac10k_ext
-0.0062978114,-0.01241631,atac10k_ext
0.0031562748,0.010279313,atac10k_ext
0.00079552113,-0.02082541,atac10k_ext
-0.005759864,0.005801208,atac10k_ext
0.0053452784,-0.018484851,atac10k_ext
0.0018192658,0.0029927832,atac10k_ext
-0.0029688918,-0.013409055,atac10k_ext
0.019945348,-0.024160972,atac10k_ext
0.0027455161,-0.01749943,atac10k_ext
0.013760881,-0.0014653694,atac10k_ext
0.013936374,0.012371794,atac10k_ext
0.006141978,0.008309072,atac10k_ext
-0.0055699935,0.010547771,atac10k_ext
-0.0037145268,0.006032463,atac10k_ext
-0.0047259373,0.008789771,atac10k_ext
-0.0129029285,-0.010946667,atac10k_ext
0.012072181,0.018199699,atac10k_ext
-0.010579282,0.009768481,atac10k_ext
0.00460635,0.009059258,atac10k_ext
0.006560804,0.0090280995,atac10k_ext
0.009816656,0.007495186,atac10k_ext
0.004150854,0.009757285,atac10k_ext
-0.0052648163,-0.023509827,atac10k_ext
-0.0024312905,0.014171204,atac10k_ext
0.015621862,0.013692688,atac10k_ext
0.0133195035,0.009232767,atac10k_ext
0.015753105,-0.007336849,atac10k_ext
-0.017562235,-0.008382611,atac10k_ext
-0.0049320785,-0.010538851,atac10k_ext
-0.0041396148,-0.011582066,atac10k_ext
0.009616343,0.012920183,atac10k_ext
-0.008086116,0.018826345,atac10k_ext
-0.015243731,0.012257471,atac10k_ext
-0.008938991,0.012853776,atac10k_ext
0.0047710966,0.005392462,atac10k_ext
0.0030645235,-0.009513386,atac10k_ext
-0.016602403,0.011334709,atac10k_ext
-0.0007339885,-0.012848969,atac10k_ext
0.014751647,0.009789222,atac10k_ext
0.016154196,-0.008485376,atac10k_ext
-0.020275885,0.006812684,atac10k_ext
-0.003385498,-0.0030725156,atac10k_ext
0.010775174,0.019840911,atac10k_ext
-0.0022379204,-0.004895023,atac10k_ext
-0.0027451713,-0.008055848,atac10k_ext
0.010124633,-0.0076979026,atac10k_ext
-0.008155267,0.010287471,atac10k_ext
-0.013082676,-0.008610874,atac10k_ext
-0.0018117294,0.009275376,atac10k_ext
0.006321625,-0.011233568,atac10k_ext
0.006903611,0.007109886,atac10k_ext
0.0011037866,0.011431647,atac10k_ext
0.013263735,-0.009065501,atac10k_ext
-0.0018339322,-0.002468277,atac10k_ext
-0.0026305206,-0.0016196741,atac10k_ext
0.009710138,-0.007593734,atac10k_ext
0.02149542,-0.008687884,atac10k_ext
0.018358646,0.009555883,atac10k_ext
0.0021465903,-0.0053954883,atac10k_ext
0.004716198,-0.008885937,atac10k_ext
-0.0016887384,-0.008054735,atac10k_ext
0.025026465,-0.010222388,atac10k_ext
0.013385871,0.0053903596,atac10k_ext
0.0017608049,0.010214676,atac10k_ext
0.008977711,-0.0016928839,atac10k_ext
-0.013862842,0.015017412,atac10k_ext
0.026571956,0.007462591,atac10k_ext
-0.009762316,-0.004826527,atac10k_ext
0.004810709,-0.006879632,atac10k_ext
-0.009888833,-0.00970529,atac10k_ext
-0.013451057,-0.0067520225,atac10k_ext
0.007639481,0.010606128,atac10k_ext
0.0008619821,-0.0073281126,atac10k_ext
0.0072104163,0.0041989377,atac10k_ext
0.0045249457,-0.003630041,atac10k_ext
-0.013527982,-0.00466475,atac10k_ext
0.011191728,-0.020392185,atac10k_ext
-0.005417015,-0.009936455,atac10k_ext
-0.00032488554,-0.0042706504,atac10k_ext
0.013596572,0.007154252,atac10k_ext
0.005008131,-0.0045486516,atac10k_ext
0.015605289,-0.00036312314,atac10k_ext
0.0076898946,0.0065834974,atac10k_ext
0.008368711,-0.0060553616,atac10k_ext
0.008425109,-0.012533576,atac10k_ext
-0.0049594846,0.0018658863,atac10k_ext
-0.011184185,-0.0040499414,atac10k_ext
0.009560494,-0.009028596,atac10k_ext
-0.016297286,0.011543565,atac10k_ext
0.009243759,0.015861874,atac10k_ext
-0.023208171,-0.009195021,atac10k_ext
-0.010819486,0.0133870235,atac10k_ext
-0.006896195,0.0024394994,atac10k_ext
0.012121122,0.005975968,atac10k_ext
-0.009980642,0.011177155,atac10k_ext
0.0063048443,-0.012020652,atac10k_ext
-0.007774108,0.005271416,atac10k_ext
-0.0066371365,-0.011215029,atac10k_ext
-0.004015261,0.0055391523,atac10k_ext
-0.009004773,0.0040961164,atac10k_ext
0.018036107,0.005316855,atac10k_ext
0.00201903,-0.011567212,atac10k_ext
0.009823035,0.0045432732,atac10k_ext
0.008429069,-0.010941695,atac10k_ext
-0.0012748876,0.005708987,atac10k_ext
-0.006904745,-0.011053655,atac10k_ext
-0.008443345,-0.00531779,atac10k_ext
0.007436958,-0.010113603,atac10k_ext
-0.014513741,0.007489253,atac10k_ext
-0.012984026,0.008904161,atac10k_ext
0.015688559,0.006893248,atac10k_ext
-0.02574889,0.0066588265,atac10k_ext
-0.01683744,0.011268258,atac10k_ext
0.008372509,-0.00909455,atac10k_ext
-0.014514104,0.005011731,atac10k_ext
0.019375123,0.0033663972,atac10k_ext
-0.0071475455,0.006282864,atac10k_ext
-0.017343879,0.0073944554,atac10k_ext
0.009379182,0.0018747441,atac10k_ext
-0.0010823953,0.002945456,atac10k_ext
0.002898813,-0.0036435535,atac10k_ext
0.030293139,0.014484641,atac10k_ext
0.015334204,-0.01291208,atac10k_ext
0.008171151,0.009293151,atac10k_ext
0.020872883,-0.011020337,atac10k_ext
0.013224769,0.014196364,atac10k_ext
-0.0013372769,0.0130280545,atac10k_ext
-0.013112706,-0.008552384,atac10k_ext
0.008636239,-0.012485018,atac10k_ext
0.0044162706,0.012779063,atac10k_ext
0.028840454,-0.0021117101,atac10k_ext
0.01043303,-0.0078386245,atac10k_ext
0.00047378318,0.015551354,atac10k_ext
0.004698773,0.006550689,atac10k_ext
-0.002598906,0.011110727,atac10k_ext
-0.015235447,-0.01219936,atac10k_ext
0.012874682,0.012168982,atac10k_ext
-0.011533275,-0.0030342957,atac10k_ext
0.008096122,-0.010369234,atac10k_ext
-0.009409729,0.005325466,atac10k_ext
-0.01838755,0.011595997,atac10k_ext
0.0017763957,-0.020660233,atac10k_ext
0.004493303,0.0030884764,atac10k_ext
0.008046698,0.011958695,atac10k_ext
0.007434904,0.0030651942,atac10k_ext
-0.018175442,-0.007194113,atac10k_ext
0.009291002,-0.005955462,atac10k_ext
0.0045773005,0.012277406,atac10k_ext
0.01011529,-0.017230775,atac10k_ext
-0.002736896,-0.003102199,atac10k_ext
-0.010088894,-0.02328342,atac10k_ext
-0.0104155475,0.010871465,atac10k_ext
0.011789523,-0.0027014324,atac10k_ext
0.00019499852,-0.015085441,atac10k_ext
0.012109915,0.016194675,atac10k_ext
0.021641297,0.011167909,atac10k_ext
0.0059721028,-0.014619678,atac10k_ext
0.0053530806,0.0023927276,atac10k_ext
-0.002305383,0.014634395,atac10k_ext
-0.0024161784,0.007412107,atac10k_ext
0.014168439,0.014494729,atac10k_ext
-0.021755716,-0.0016311638,atac10k_ext
-0.0020718921,-0.0032528061,atac10k_ext
-0.00749555,0.0077411816,atac10k_ext
-0.0029355325,0.008442353,atac10k_ext
0.0036496748,0.0046606124,atac10k_ext
0.011862431,0.013659551,atac10k_ext
0.0066710385,-0.0052476926,atac10k_ext
0.0013360613,0.012458702,atac10k_ext
-0.011879149,0.007833153,atac10k_ext
0.002500733,-0.011431677,atac10k_ext
0.0038605921,-0.00407205,atac10k_ext
0.020969205,-0.0087130135,atac10k_ext
-0.00711247,-0.014269042,atac10k_ext
0.014586362,-0.0091516785,atac10k_ext
0.0054648994,0.010039155,atac10k_ext
0.018007642,0.0102394,atac10k_ext
0.008917772,0.008640712,atac10k_ext
0.014385898,-0.0116787525,atac10k_ext
-0.010285898,-0.016049715,atac10k_ext
0.005000743,0.008669558,atac10k_ext
0.012067393,0.008404553,atac10k_ext
0.0048003937,-0.025412923,atac10k_ext
-0.0032989657,-0.0059416224,atac10k_ext
0.009893497,0.001307152,atac10k_ext
-0.012882126,0.008325921,atac10k_ext
0.0077609806,0.011875359,atac10k_ext
0.005293469,0.012552235,atac10k_ext
-0.007758694,0.007237571,atac10k_ext
0.0042280834,-0.0020811914,atac10k_ext
-0.00044778903,-0.012949376,atac10k_ext
-0.010114673,0.012288329,atac10k_ext
-0.0004004721,0.015288003,atac10k_ext
-0.011344252,0.007817982,atac10k_ext
-0.0007173943,0.012732619,atac10k_ext
0.002096701,-0.0063581313,atac10k_ext
-0.002901246,-0.010529811,atac10k_ext
-0.0014494807,-0.008266635,atac10k_ext
-0.017620005,-0.015115114,atac10k_ext
0.020870782,0.0063799312,atac10k_ext
-0.008121028,0.0058111227,atac10k_ext
-0.0073503233,0.0009259753,atac10k_ext
0.003443976,0.008047174,atac10k_ext
0.008260645,0.010821881,atac10k_ext
-0.016258232,0.008894469,atac10k_ext
-0.00804818,-0.01031894,atac10k_ext
-0.0038932404,-0.011854079,atac10k_ext
0.00070672116,0.009470319,atac10k_ext
-0.009564691,0.012511819,atac10k_ext
-5.7449368e-05,-0.011288942,atac10k_ext
8.83575e-05,0.0072217975,atac10k_ext
-0.006744131,0.009812635,atac10k_ext
-0.004891417,0.014034505,atac10k_ext
0.008906395,-0.030418836,atac10k_ext
0.013194221,-0.011372345,atac10k_ext
-0.0038246592,0.0067485436,atac10k_ext
0.00015534578,0.007569959,atac10k_ext
-0.0067290384,-0.009084519,atac10k_ext
-0.0069636,0.0038806524,atac10k_ext
0.0052220607,-0.010392223,atac10k_ext
-0.0050258352,-0.014929794,atac10k_ext
0.023067886,0.007620879,atac10k_ext
-0.014291203,0.004779533,atac10k_ext
0.008487554,-0.012840116,atac10k_ext
0.0077866614,0.010390029,atac10k_ext
-0.002105612,0.008994742,atac10k_ext
-0.005518273,-0.0021454503,atac10k_ext
-0.009778874,0.011315904,atac10k_ext
0.0008430477,0.0060451375,atac10k_ext
0.019676656,0.013270459,atac10k_ext
0.0035046192,0.010659472,atac10k_ext
0.00093142805,0.013171626,atac10k_ext
-0.0026860684,-0.012769603,atac10k_ext
-0.012568873,0.006134974,atac10k_ext
-0.004381532,-0.030430216,atac10k_ext
0.009918402,-0.0023122227,atac10k_ext
0.011076811,0.012977697,atac10k_ext
0.016163804,0.011220762,atac10k_ext
-0.008759164,0.014111606,atac10k_ext
-0.0054183435,0.0077195046,atac10k_ext
-0.006251882,-0.005035162,atac10k_ext
0.005197343,0.016819868,atac10k_ext
-0.0035584713,0.013683995,atac10k_ext
-0.004999795,0.010491315,atac10k_ext
-0.0011413202,0.0077411695,atac10k_ext
-0.009735726,0.015547187,atac10k_ext
0.028078906,-0.011655987,atac10k_ext
0.0143007105,-0.005264737,atac10k_ext
0.009987037,-0.028232666,atac10k_ext
-0.030773746,-0.012668788,atac10k_ext
-0.008350638,-0.012061767,atac10k_ext
-0.0106859105,-0.013624417,atac10k_ext
0.007097329,0.01189013,atac10k_ext
0.010598193,0.009303948,atac10k_ext
0.01130702,-0.0015179823,atac10k_ext
0.002310563,-0.006298027,atac10k_ext
0.008700281,-0.008416225,atac10k_ext
-0.0011703529,-0.010683279,atac10k_ext
0.0012689967,-0.008618336,atac10k_ext
0.0022819953,0.009019893,atac10k_ext
0.019063558,0.006774417,atac10k_ext
-0.0128744645,-0.008966125,atac10k_ext
-0.02610586,0.0051550977,atac10k_ext
-0.009731906,0.0071149203,atac10k_ext
0.0034930282,-0.014994648,atac10k_ext
-0.010337081,0.00813012,atac10k_ext
0.0016240824,0.012493955,atac10k_ext
-0.015793264,-0.018117823,atac10k_ext
-0.0022314775,0.00900335,atac10k_ext
0.008305597,0.010359327,atac10k_ext
0.0045747007,-0.008521098,atac10k_ext
0.002605796,0.013658247,atac10k_ext
0.004200817,0.012621811,atac10k_ext
0.02302465,-0.009584729,atac10k_ext
0.003231895,0.0070376853,atac10k_ext
0.015786238,0.0090801,atac10k_ext
0.010872475,-0.009581716,atac10k_ext
0.0069071334,-0.009560192,atac10k_ext
0.0032031003,-0.01745646,atac10k_ext
0.0027995056,0.003974574,atac10k_ext
-0.013302264,-0.015334438,atac10k_ext
-0.026202323,0.0095609715,atac10k_ext
-0.015185468,0.0049479418,atac10k_ext
0.022523224,0.009820077,atac10k_ext
0.011538336,-0.007021439,atac10k_ext
0.009786888,0.012292307,atac10k_ext
-0.010544744,0.014396414,atac10k_ext
0.014510771,-0.005237913,atac10k_ext
0.0069143125,0.008307575,atac10k_ext
-0.002521802,-0.010137949,atac10k_ext
-0.02224107,0.0057053985,atac10k_ext
-0.0006312309,-0.013909635,atac10k_ext
0.011876626,0.008900289,atac10k_ext
0.0074821967,-0.010658468,atac10k_ext
-0.0026754863,-0.01287201,atac10k_ext
0.009629958,-0.0060030743,atac10k_ext
0.001027678,0.018081088,atac10k_ext
-0.0055044834,-0.018823639,atac10k_ext
0.0004756456,0.013328563,atac10k_ext
0.02774108,0.014400692,atac10k_ext
-0.015294745,-0.011541029,atac10k_ext
0.012774026,-0.012735137,atac10k_ext
-0.002772537,-0.0010036423,atac10k_ext
-0.0097168265,0.0012138536,atac10k_ext
-0.0017984692,0.008638016,atac10k_ext
-3.594173e-05,0.018921847,atac10k_ext
0.009087206,-0.010182376,atac10k_ext
0.006876526,-0.011166229,atac10k_ext
-0.01038492,0.020370647,atac10k_ext
-0.00674298,-0.0027061955,atac10k_ext
-0.012424199,-0.005190917,atac10k_ext
-0.0097334795,0.016037162,atac10k_ext
0.0039460254,0.002666594,atac10k_ext
-0.018329406,0.008544995,atac10k_ext
-0.0017510444,0.0005775214,atac10k_ext
-0.032500904,0.009359837,atac10k_ext
-0.00022813534,-0.029584832,atac10k_ext
0.0074849916,-0.00303368,atac10k_ext
-0.00531445,0.013090786,atac10k_ext
0.0045434227,0.009327746,atac10k_ext
0.014355388,-0.008337615,atac10k_ext
0.013153793,-0.011449272,atac10k_ext
-0.013576013,0.009086437,atac10k_ext
0.016646083,0.010081024,atac10k_ext
-0.008418088,-0.0022508802,atac10k_ext
-0.022115368,-0.00023520458,atac10k_ext
0.004075523,0.0036324111,atac10k_ext
0.009981164,0.009596369,atac10k_ext
0.0029886751,0.014751116,atac10k_ext
0.010312639,-0.0004889773,atac10k_ext
0.009597592,-0.008947867,atac10k_ext
-0.00474472,0.012799805,atac10k_ext
-0.003017844,0.012535759,atac10k_ext
0.02004494,0.010811037,atac10k_ext
0.023039462,0.009448733,atac10k_ext
0.0025114873,-0.00786647,atac10k_ext
0.0033717514,-0.017314496,atac10k_ext
0.0061787,0.009613729,atac10k_ext
-0.0066341907,0.011992379,atac10k_ext
0.0054553384,-0.003325655,atac10k_ext
-0.01172029,-0.00796208,atac10k_ext
-0.006878492,-0.014962245,atac10k_ext
-0.0025713602,0.0032945229,atac10k_ext
0.0038468353,0.014720482,atac10k_ext
0.0072416225,0.0041808127,atac10k_ext
-0.005589591,0.0073780725,atac10k_ext
-0.0071961577,0.009331045,atac10k_ext
-0.018270774,0.013802665,atac10k_ext
0.0053555374,0.008231664,atac10k_ext
-0.0015898199,-0.007871783,atac10k_ext
0.00033156076,0.008630083,atac10k_ext
-0.0020783774,-0.0063247536,atac10k_ext
0.001227484,0.0177127,atac10k_ext
0.007524345,-0.0017969585,atac10k_ext
-0.0041329064,0.0061790184,atac10k_ext
0.008783035,-0.014842462,atac10k_ext
-0.014323223,-0.008044966,atac10k_ext
0.013998216,0.0013318355,atac10k_ext
-0.0021232073,0.010270862,atac10k_ext
0.003546671,0.006222048,atac10k_ext
0.010325702,-0.011968414,atac10k_ext
-0.0041000242,-0.0019103229,atac10k_ext
-0.007438629,-0.01867136,atac10k_ext
0.00088025886,0.0154611645,atac10k_ext
-0.0052160365,-0.008262077,atac10k_ext
-0.016307328,0.0065361657,atac10k_ext
0.016503908,-0.0019266119,atac10k_ext
-0.004309491,0.012875661,atac10k_ext
0.007994486,-0.012652815,atac10k_ext
-0.0044649513,-0.011877527,atac10k_ext
-0.0053014667,0.0057107233,atac10k_ext
0.007832499,0.014412806,atac10k_ext
-0.009748885,0.013009893,atac10k_ext
-0.021210369,-0.022371525,atac10k_ext
0.019622417,-0.008323316,atac10k_ext
-0.01239084,0.007882623,atac10k_ext
0.01790942,0.0031900695,atac10k_ext
0.027178038,0.013761506,atac10k_ext
-0.009610441,-0.014204258,atac10k_ext
0.0030893593,0.0091363005,atac10k_ext
0.00893659,0.010149964,atac10k_ext
0.002865513,-0.017454062,atac10k_ext
-0.006582312,-0.010423868,atac10k_ext
0.01143985,0.007030972,atac10k_ext
-0.006524543,0.0083126305,atac10k_ext
-0.0030559618,-0.0068898685,atac10k_ext
0.012779962,0.0074092876,atac10k_ext
0.0072165234,0.007986421,atac10k_ext
-0.0024326078,-0.0045103487,atac10k_ext
0.010408263,-0.010050774,atac10k_ext
0.012225351,-0.028817093,atac10k_ext
0.012302117,0.001262837,atac10k_ext
-0.0076677706,0.0040452443,atac10k_ext
0.009405435,-0.019272095,atac10k_ext
-0.00869136,-0.008652797,atac10k_ext
0.0015351182,-0.0055515952,atac10k_ext
0.011918351,0.011784357,atac10k_ext
-0.0014892346,-0.009794709,atac10k_ext
0.0045709955,-0.0049335663,atac10k_ext
0.0055575445,-0.009757991,atac10k_ext
-0.001674856,-0.012023273,atac10k_ext
-0.0024480058,-0.007813408,atac10k_ext
-0.016454354,0.008202424,atac10k_ext
0.003306874,-0.010055736,atac10k_ext
0.006196752,-0.010528513,atac10k_ext
0.0030495455,-0.012560459,atac10k_ext
-0.0017534915,0.0018335585,atac10k_ext
-0.00467276,0.0070439805,atac10k_ext
0.016412642,-0.011688606,atac10k_ext
0.01826643,0.0025915606,atac10k_ext
-0.002076888,0.014666014,atac10k_ext
0.0007035938,0.012114714,atac10k_ext
-0.005682503,0.015589737,atac10k_ext
0.016408883,0.0040175244,atac10k_ext
-0.004418547,0.00057037576,atac10k_ext
-0.0058801165,0.009652031,atac10k_ext
0.0029388338,0.012406156,atac10k_ext
-0.018578341,-0.013285341,atac10k_ext
-0.0050427085,0.00029941372,atac10k_ext
-0.0053082295,0.0072685014,atac10k_ext
-0.022420043,0.010213835,atac10k_ext
0.0015551413,-0.009174625,atac10k_ext
-0.015397994,-0.009079068,atac10k_ext
0.011270154,0.014026255,atac10k_ext
0.004097663,0.018895496,atac10k_ext
-0.0026331574,-0.015315098,atac10k_ext
0.00028939085,-0.012738036,atac10k_ext
0.01174509,-0.003508236,atac10k_ext
-0.0069365134,0.01614388,atac10k_ext
0.018599985,-0.0014262294,atac10k_ext
-0.003813727,-0.008430973,atac10k_ext
0.014710178,-0.014049677,atac10k_ext
0.0036185908,0.0054941587,atac10k_ext
-0.021167142,-0.0034946974,atac10k_ext
0.0111042755,-0.005514494,atac10k_ext
0.0031148281,-0.0075332792,atac10k_ext
-0.006252076,-0.0076938868,atac10k_ext
-0.006326304,-0.013319233,atac10k_ext
0.005871272,-0.0007469586,atac10k_ext
-0.013091864,-0.0048990855,atac10k_ext
0.01202027,0.010697735,atac10k_ext
0.0046553747,-0.02582077,atac10k_ext
0.009416032,0.0081911255,atac10k_ext
0.0016640824,0.011773507,atac10k_ext
-0.015362463,0.010212272,atac10k_ext
0.0042019044,0.0084400745,atac10k_ext
0.00589604,-0.010696252,atac10k_ext
-0.0029490178,-0.001795368,atac10k_ext
0.0034825723,-0.010994497,atac10k_ext
0.008591976,0.007319758,atac10k_ext
0.0008249408,-0.03054854,atac10k_ext
-0.0085210875,0.0045428984,atac10k_ext
-0.010972138,-0.011452485,atac10k_ext
-0.022277785,-0.010953399,atac10k_ext
0.0013207312,0.010796648,atac10k_ext
0.002242522,0.00886605,atac10k_ext
0.009271152,0.00062592706,atac10k_ext
-0.0016248665,0.014474975,atac10k_ext
0.013564691,0.0066403025,atac10k_ext
0.00048197762,0.010607901,atac10k_ext
-0.013950572,0.009669189,atac10k_ext
0.003587902,-0.005412811,atac10k_ext
0.0036928835,-0.00963623,atac10k_ext
0.0102858925,-0.0109945815,atac10k_ext
-0.012747844,0.0086522335,atac10k_ext
-0.008202535,0.010838541,atac10k_ext
-0.003690784,-0.017631149,atac10k_ext
0.0005078042,0.0013622366,atac10k_ext
-0.0033702555,0.013225893,atac10k_ext
-0.00834312,0.012730208,atac10k_ext
0.0055238907,0.0102246255,atac10k_ext
0.019098064,0.010975673,atac10k_ext
-0.004905933,0.008072143,atac10k_ext
-0.01234856,-0.010181366,atac10k_ext
0.0005215755,0.012313791,atac10k_ext
0.00038337396,0.0019925162,atac10k_ext
0.00482614,0.009007782,atac10k_ext
0.0113340365,0.0074907653,atac10k_ext
0.010593037,0.008161837,atac10k_ext
-0.0021892425,-0.012071543,atac10k_ext
0.0017866467,-0.00634418,atac10k_ext
-0.006586115,0.007799448,atac10k_ext
0.0054284814,-0.013151886,atac10k_ext
0.007275472,-0.0076234215,atac10k_ext
0.003248834,0.007622257,atac10k_ext
0.01241019,0.0064755087,atac10k_ext
-0.0107319895,0.0025429584,atac10k_ext
-0.005679716,0.0101032695,atac10k_ext
-0.0032714144,0.017531753,atac10k_ext
-0.007716582,-0.0070095332,atac10k_ext
0.010697888,0.012514891,atac10k_ext
0.0064501935,0.006189045,atac10k_ext
0.0015348608,0.01584647,atac10k_ext
-0.00024883176,0.009092754,atac10k_ext
-0.011934011,0.009540597,atac10k_ext
-0.0034917626,-0.010062955,atac10k_ext
0.0063467463,-0.008737306,atac10k_ext
-0.007915243,0.01718347,atac10k_ext
-9.7407654e-05,0.013270001,atac10k_ext
0.00040417563,0.00780935,atac10k_ext
-0.0055657565,-0.00901133,atac10k_ext
0.0123715745,0.005356122,atac10k_ext
0.0035231886,-0.010289782,atac10k_ext
0.0048512877,-0.005270934,atac10k_ext
-0.016402986,0.0043695015,atac10k_ext
-0.003174718,-0.005441601,atac10k_ext
0.0105378935,0.004308963,atac10k_ext
0.0012823109,0.0054399944,atac10k_ext
0.017892012,0.010771387,atac10k_ext
0.016712844,0.0102502825,atac10k_ext
0.011492237,0.013269565,atac10k_ext
0.01098796,-0.00796523,atac10k_ext
0.005516041,0.012707075,atac10k_ext
-0.019223677,-0.009146798,atac10k_ext
0.01288308,-0.008406793,atac10k_ext
-0.0043234364,0.007061968,atac10k_ext
7.121826e-05,0.013072932,atac10k_ext
-0.0031087508,0.0031196994,atac10k_ext
-0.019980878,-0.0073220506,atac10k_ext
0.001754028,0.0016848848,atac10k_ext
-0.014715394,-0.005716391,atac10k_ext
0.0191013,0.02074483,atac10k_ext
0.0012468899,-0.00082726724,atac10k_ext
-0.024455322,-0.0022019064,atac10k_ext
0.0126548745,-0.00057892926,atac10k_ext
0.0033106173,0.012731138,atac10k_ext
-7.375314e-05,0.015063088,atac10k_ext
-0.0029473393,-0.028174035,atac10k_ext
-0.019096317,-0.011768958,atac10k_ext
0.01970853,0.0136414245,atac10k_ext
-0.0058450736,0.014710745,atac10k_ext
0.0037415652,0.015162595,atac10k_ext
-0.0027868017,0.0145578105,atac10k_ext
-0.004717827,0.0071043675,atac10k_ext
0.008579604,0.0028343508,atac10k_ext
0.0031693417,0.014048376,atac10k_ext
-0.015488378,-0.013481897,atac10k_ext
0.0027842796,-0.00077785226,atac10k_ext
0.0007314614,-0.004397768,atac10k_ext
0.0034435093,0.008795076,atac10k_ext
-0.001840813,0.008222882,atac10k_ext
-0.007668165,0.009834246,atac10k_ext
0.0014804703,-0.01194339,atac10k_ext
0.01806334,-0.006309145,atac10k_ext
0.008322664,-0.009457526,atac10k_ext
0.009386202,0.015088708,atac10k_ext
0.0036158976,-0.010191642,atac10k_ext
-0.0040055425,0.0057088532,atac10k_ext
-0.0019424419,0.007954368,atac10k_ext
-0.0063077603,0.010702883,atac10k_ext
-0.00052414293,-0.00992469,atac10k_ext
0.014786238,0.011460009,atac10k_ext
-0.0036221906,0.014650208,atac10k_ext
0.00468458,0.004800434,atac10k_ext
0.0018537956,0.009803557,atac10k_ext
0.0066661444,-0.009595107,atac10k_ext
0.002338697,0.0033576419,atac10k_ext
0.01579931,-0.010805869,atac10k_ext
0.005507771,-0.010021068,atac10k_ext
0.029485105,-0.014974703,atac10k_ext
0.00081516523,0.010052789,atac10k_ext
0.010185209,0.008340241,atac10k_ext
-0.009463669,0.009920052,atac10k_ext
-0.0020619826,0.003606715,atac10k_ext
-0.019280484,0.002132716,atac10k_ext
-0.011766588,0.00843399,atac10k_ext
-0.003590085,-0.0034020306,atac10k_ext
0.016238231,-0.011951185,atac10k_ext
-0.0022804337,-0.009270363,atac10k_ext
-0.0047312565,0.018494675,atac10k_ext
0.0019155146,-0.011320367,atac10k_ext
0.0040590325,-0.010144788,atac10k_ext
-0.008187782,0.006128151,atac10k_ext
0.011250045,-0.029781556,atac10k_ext
0.009466095,0.00030875587,atac10k_ext
0.0075573497,0.013964918,atac10k_ext
0.015987668,-0.02600211,atac10k_ext
0.013892083,0.014066586,atac10k_ext
-0.00876918,0.0038899141,atac10k_ext
-0.0055877916,0.010631027,atac10k_ext
0.0049304045,0.012144212,atac10k_ext
-0.0046308,0.008417713,atac10k_ext
-0.014561596,-0.013422934,atac10k_ext
0.019746302,0.009858155,atac10k_ext
0.0029759393,-0.0067310715,atac10k_ext
-0.00058666157,0.006455603,atac10k_ext
-1.5167603e-05,-0.0201932,atac10k_ext
-0.008176286,0.0022861285,atac10k_ext
-0.001964816,-0.0075136535,atac10k_ext
-0.012303746,-0.013253382,atac10k_ext
-0.0011898219,-0.008203036,atac10k_ext
0.021176366,0.007950056,atac10k_ext
-0.0050308784,0.005888164,atac10k_ext
-0.007561356,0.008415108,atac10k_ext
-0.0044847843,0.007048312,atac10k_ext
0.0018252601,-0.008193872,atac10k_ext
0.01288924,-0.013691382,atac10k_ext
0.001852765,0.010391047,atac10k_ext
-0.004652754,-0.014626951,atac10k_ext
-0.008004586,-0.0018362079,atac10k_ext
-0.0011040262,-0.008628637,atac10k_ext
0.013045923,0.0059820106,atac10k_ext
0.011330048,0.0062028724,atac10k_ext
0.019022094,0.005333009,atac10k_ext
0.0017298687,0.009275208,atac10k_ext
-0.018661307,0.008407984,atac10k_ext
-0.0022862526,0.012527018,atac10k_ext
0.0046988907,0.012711725,atac10k_ext
-0.0052894363,0.008198792,atac10k_ext
0.0058144988,-0.0067923367,atac10k_ext
0.0009840511,0.013671234,atac10k_ext
0.0013553608,0.0087592695,atac10k_ext
0.0009270601,-0.016631614,atac10k_ext
-0.00031839428,0.013502566,atac10k_ext
0.005511629,-0.02017734,atac10k_ext
0.019382982,-0.024531882,atac10k_ext
0.0077371583,0.012656899,atac10k_ext
0.0073006307,-0.0030209664,atac10k_ext
0.0069255577,-0.011545339,atac10k_ext
0.0042117434,0.010402873,atac10k_ext
0.0011233062,0.0013516067,atac10k_ext
-0.029492682,0.011141007,atac10k_ext
0.013326322,-0.008845709,atac10k_ext
0.0056336867,-0.02326244,atac10k_ext
0.0076952,0.0074957614,atac10k_ext
6.9108166e-05,-0.027297547,atac10k_ext
0.009647782,-0.028867519,atac10k_ext
-0.002765285,-0.0076919557,atac10k_ext
-0.012951993,0.009573098,atac10k_ext
0.015319815,-0.0011245128,atac10k_ext
-0.01385128,0.01596384,atac10k_ext
-0.018235656,0.004397623,atac10k_ext
-0.0051931865,-0.004285489,atac10k_ext
0.0008158022,0.016697656,atac10k_ext
-0.008975341,-0.009722529,atac10k_ext
0.0016453505,-0.01638788,atac10k_ext
0.008543246,0.010494644,atac10k_ext
-0.010492291,0.012443873,atac10k_ext
0.015537714,0.012389664,atac10k_ext
0.012906389,0.0095534,atac10k_ext
-0.0030452327,0.007379459,atac10k_ext
0.020628422,0.0049201837,atac10k_ext
-0.0014892237,0.012045754,atac10k_ext
0.021858793,-0.0010669335,atac10k_ext
-0.009177707,-0.010218212,atac10k_ext
-0.009819656,-0.0027746768,atac10k_ext
0.012052043,0.0064107906,atac10k_ext
0.025242966,0.014016338,atac10k_ext
-0.005802821,-0.008512283,atac10k_ext
-0.0073028323,0.012810089,atac10k_ext
-0.0114836,0.0079498,atac10k_ext
-0.003952559,0.010950593,atac10k_ext
0.025843037,-0.010654327,atac10k_ext
0.009823074,-0.0067781857,atac10k_ext
0.0049080453,0.013178402,atac10k_ext
0.004419361,0.011532641,atac10k_ext
-0.004538676,0.010245122,atac10k_ext
-0.0091297915,0.010072665,atac10k_ext
0.0011180962,0.012604191,atac10k_ext
0.009280692,0.0015457041,atac10k_ext
-0.010008597,0.006449678,atac10k_ext
-0.0087989345,0.008801858,atac10k_ext
0.02111461,0.010783341,atac10k_ext
-0.012874603,-0.010633466,atac10k_ext
-0.003997826,0.009184463,atac10k_ext
0.011072338,0.007225759,atac10k_ext
-0.029815085,0.010769929,atac10k_ext
-0.017709428,0.011007392,atac10k_ext
0.0076338053,0.008890313,atac10k_ext
0.004922659,0.001562871,atac10k_ext
-0.021878019,-0.009035076,atac10k_ext
0.0021063401,0.0014333025,atac10k_ext
0.014170788,0.007850846,atac10k_ext
0.0036167158,0.014342901,atac10k_ext
-0.003770007,-0.012577272,atac10k_ext
0.0051006437,0.0076944893,atac10k_ext
0.028132476,0.014353842,atac10k_ext
-0.0056076036,-0.002912998,atac10k_ext
0.0070582707,-0.0079903025,atac10k_ext
0.008886778,-0.00267401,atac10k_ext
-0.007141596,0.011021705,atac10k_ext
0.008246841,-0.010254487,atac10k_ext
-0.00011147428,0.0046074004,atac10k_ext
-0.023496613,0.009117612,atac10k_ext
0.002629873,-0.010433897,atac10k_ext
0.00088213576,0.0072482103,atac10k_ext
0.0075131906,-0.034087002,atac10k_ext
-0.008337483,-0.006203222,atac10k_ext
0.0062070102,-0.0011026486,atac10k_ext
0.03435405,-0.0006866308,atac10k_ext
0.009354059,0.0023257043,atac10k_ext
0.014812164,0.013512525,atac10k_ext
0.00523937,-0.009558199,atac10k_ext
0.002811351,-0.005964152,atac10k_ext
0.011586738,-0.009346087,atac10k_ext
0.01871092,0.012740852,atac10k_ext
-0.02761329,-0.027459532,atac10k_ext
0.005757121,0.0023228477,atac10k_ext
0.011433716,-0.018035624,atac10k_ext
-0.016202344,-0.014444337,atac10k_ext
-0.0038003067,0.016825955,atac10k_ext
-0.0034907956,0.015094687,atac10k_ext
-0.0030934857,-0.010618965,atac10k_ext
-0.0024581624,-0.005184016,atac10k_ext
0.015365015,0.00802957,atac10k_ext
-0.019351278,-0.003541341,atac10k_ext
-0.021503847,0.0098111285,atac10k_ext
-0.017682055,-0.006682255,atac10k_ext
-0.005537555,0.012125323,atac10k_ext
-0.009066235,0.010606768,atac10k_ext
-0.0063765035,0.010799772,atac10k_ext
-0.0020153378,0.011803781,atac10k_ext
7.9355144e-05,0.0133044245,atac10k_ext
0.01734986,0.005173457,atac10k_ext
-0.0009295341,0.012774214,atac10k_ext
0.001953462,-0.010334152,atac10k_ext
-0.0018199439,-0.0017998501,atac10k_ext
0.009617719,0.016927406,atac10k_ext
0.0033280326,-0.012447953,atac10k_ext
-0.010643126,0.008540411,atac10k_ext
-0.009993839,0.011671342,atac10k_ext
0.018255647,-0.010238333,atac10k_ext
0.009199163,-0.008263414,atac10k_ext
0.0024359024,-0.0054423674,atac10k_ext
0.0038000965,-0.01365,atac10k_ext
-0.025514266,0.015283253,atac10k_ext
-0.0022982296,0.005882429,atac10k_ext
0.0012925529,-0.013256094,atac10k_ext
0.0040524453,0.0051912665,atac10k_ext
0.014851445,0.009553276,atac10k_ext
-0.00049485214,0.0102142515,atac10k_ext
-0.019011278,0.00783902,atac10k_ext
-0.010573608,0.013944244,atac10k_ext
-0.019275105,0.0051509836,atac10k_ext
0.01172437,-0.008773829,atac10k_ext
0.0014887236,0.01431014,atac10k_ext
-0.007626797,0.010562052,atac10k_ext
0.02042373,0.012941505,atac10k_ext
-0.009944015,-0.010555692,atac10k_ext
-0.010093907,0.010902023,atac10k_ext
-0.004978626,0.0018756851,atac10k_ext
-0.01060905,-0.0128131835,atac10k_ext
0.010287529,0.010784191,atac10k_ext
0.000454934,-0.008349694,atac10k_ext
0.00029188156,-0.009620754,atac10k_ext
-0.0004413253,0.008300935,atac10k_ext
0.004865683,0.0016553095,atac10k_ext
0.007882603,-0.014710338,atac10k_ext
-0.006984563,0.0064223087,atac10k_ext
0.010638851,-0.0014671137,atac10k_ext
0.0023229772,0.014394391,atac10k_ext
0.0071939067,-0.0027660036,atac10k_ext
0.0032575165,-0.009213684,atac10k_ext
0.00878725,0.010963815,atac10k_ext
-0.02026949,0.0043186634,atac10k_ext
0.0039261775,0.016581243,atac10k_ext
-0.0023721235,0.0050650667,atac10k_ext
-0.011874614,-0.03190402,atac10k_ext
0.0077049076,0.010639749,atac10k_ext
0.0011579227,0.008929837,atac10k_ext
0.01614708,-0.0067211506,atac10k_ext
0.0055251927,0.007611611,atac10k_ext
-0.0023046725,-0.0079382835,atac10k_ext
0.01354001,-0.014128982,atac10k_ext
0.0033183284,0.010827405,atac10k_ext
-0.010816106,0.013136258,atac10k_ext
0.009548773,0.013646806,atac10k_ext
-0.0064672544,-0.008436719,atac10k_ext
0.0034176041,-0.015957585,atac10k_ext
0.0136815,-0.012417684,atac10k_ext
-0.009712138,-0.014836246,atac10k_ext
0.0035351769,-0.007849628,atac10k_ext
-0.0105342865,0.015299946,atac10k_ext
-0.01697571,0.0076055704,atac10k_ext
0.0074423463,0.012720615,atac10k_ext
-0.0051965313,-0.014456272,atac10k_ext
0.007213409,-0.003742002,atac10k_ext
-0.0063100187,0.00806334,atac10k_ext
-0.005196729,-0.021353154,atac10k_ext
-0.014132393,0.016337987,atac10k_ext
0.00303232,-0.0150065785,atac10k_ext
-0.0027052122,-0.016748112,atac10k_ext
0.006454327,0.012590354,atac10k_ext
-0.013029169,-0.005048158,atac10k_ext
-0.00054754986,-0.0016494065,atac10k_ext
0.0069821286,0.008331588,atac10k_ext
-0.00013126459,-0.0057944935,atac10k_ext
0.0048630373,0.007483051,atac10k_ext
0.0011245161,-0.008738742,atac10k_ext
0.0009805331,-0.006104418,atac10k_ext
-0.017887183,-0.011216266,atac10k_ext
-0.015552617,0.016748529,atac10k_ext
-0.013155379,-0.022605415,atac10k_ext
0.011767773,-0.02454892,atac10k_ext
-0.0031454493,0.0039894087,atac10k_ext
0.0072579985,-0.0070247455,atac10k_ext
0.027543696,0.00962424,atac10k_ext
0.009876515,0.005000079,atac10k_ext
-0.004674889,0.0022157736,atac10k_ext
0.0036407406,-0.015770193,atac10k_ext
0.0020813134,0.013510788,atac10k_ext
-0.002978384,0.0063374606,atac10k_ext
0.0039049317,0.011702265,atac10k_ext
-5.5245066e-05,0.015611609,atac10k_ext
-0.0004301169,-0.007984255,atac10k_ext
0.01847384,-0.008500137,atac10k_ext
-0.0004939029,-0.0011266761,atac10k_ext
-0.020451546,0.010121533,atac10k_ext
0.0017626424,-0.0034122362,atac10k_ext
-0.001231547,-0.008296005,atac10k_ext
0.0026134385,-0.013036113,atac10k_ext
0.0031704833,-0.010967478,atac10k_ext
-0.014339333,0.00802694,atac10k_ext
-0.025908455,0.0052040536,atac10k_ext
0.0035841768,0.010563184,atac10k_ext
0.012203059,-0.019875351,atac10k_ext
-0.006147596,0.009040434,atac10k_ext
0.027829917,0.013499278,atac10k_ext
-0.0023592224,0.0051333467,atac10k_ext
-0.00048037857,-0.025123766,atac10k_ext
-0.008031206,0.0092464965,atac10k_ext
0.002606977,0.008286707,atac10k_ext
0.00897582,0.006230978,atac10k_ext
-0.0077922815,-0.017385388,atac10k_ext
-0.010187641,-0.009841378,atac10k_ext
0.016215382,0.012975593,atac10k_ext
0.010340903,-0.028601939,atac10k_ext
-0.014502368,-0.0050631734,atac10k_ext
-0.005184227,0.010649387,atac10k_ext
0.0059909415,-0.014188259,atac10k_ext
0.008392001,0.009676895,atac10k_ext
0.0022906093,-0.004433732,atac10k_ext
-0.0048509487,-0.0063750627,atac10k_ext
0.0046485052,-0.010735946,atac10k_ext
0.012188403,0.009052641,atac10k_ext
-0.010196829,-0.0062822765,atac10k_ext
0.01329683,0.0035650611,atac10k_ext
-0.0023153422,-0.0120972525,atac10k_ext
0.0044880034,0.011602303,atac10k_ext
0.01014564,0.013429857,atac10k_ext
-0.00011088278,0.011990272,atac10k_ext
-0.0018351435,0.0006570491,atac10k_ext
-0.0062451838,-0.008166285,atac10k_ext
-0.016897682,0.0059914584,atac10k_ext
-0.002037903,0.010098938,atac10k_ext
0.0055081933,-0.0082597695,atac10k_ext
-0.004290109,0.0084936945,atac10k_ext
-0.012215441,-0.019723015,atac10k_ext
0.00489361,0.0037437044,atac10k_ext
0.0061927643,0.002312128,atac10k_ext
-0.0042246724,-0.0092750285,atac10k_ext
-0.010494308,0.012690717,atac10k_ext
0.0008955418,0.012151322,atac10k_ext
0.0028883808,-0.005725402,atac10k_ext
-0.011617112,0.0044967346,atac10k_ext
0.011582171,0.00840362,atac10k_ext
0.0010778093,-0.0077885557,atac10k_ext
0.0031420798,0.0100841075,atac10k_ext
-0.013966357,-0.006165915,atac10k_ext
0.006358829,-0.00951028,atac10k_ext
0.023481002,0.0059216544,atac10k_ext
0.016007558,-0.005974433,atac10k_ext
-0.005765638,-0.0011591802,atac10k_ext
0.011863653,-0.01332954,atac10k_ext
-0.017821837,-0.009269112,atac10k_ext
-0.02847765,0.014034528,atac10k_ext
-0.006259777,-0.008355444,atac10k_ext
0.0020086234,-0.0049269893,atac10k_ext
0.020556139,0.0024421716,atac10k_ext
0.0032728699,0.012636867,atac10k_ext
-0.016137792,-0.015148724,atac10k_ext
0.0156249385,0.014040214,atac10k_ext
0.0010946931,-0.014339104,atac10k_ext
-0.007942495,0.0077780676,atac10k_ext
0.010041505,0.0112281805,atac10k_ext
0.0076716514,-0.015412851,atac10k_ext
0.005426995,-0.013510254,atac10k_ext
-0.007602604,0.006259038,atac10k_ext
0.004615048,0.00012864906,atac10k_ext
0.0063353153,0.005089667,atac10k_ext
-0.004089053,0.017151663,atac10k_ext
0.0012152471,-0.00043704623,atac10k_ext
-0.029398702,0.01739463,atac10k_ext
-0.01853273,0.011157552,atac10k_ext
0.0030137354,0.013202455,atac10k_ext
-0.01021039,0.014755436,atac10k_ext
-0.02089728,0.0048789936,atac10k_ext
0.0038493758,-0.0067442725,atac10k_ext
0.0019494386,-0.008894809,atac10k_ext
-0.00045625155,0.007298791,atac10k_ext
-0.0005042794,-0.009191961,atac10k_ext
0.004536468,0.0013804057,atac10k_ext
-0.005056755,-0.008614159,atac10k_ext
0.031528205,0.010522708,atac10k_ext
-0.010765162,0.012844773,atac10k_ext
0.009424391,-0.026075734,atac10k_ext
0.0024385257,0.0033368187,atac10k_ext
-0.0051191226,0.014728308,atac10k_ext
0.0075420197,-0.0134994965,atac10k_ext
-0.0043256106,0.011176714,atac10k_ext
-0.023812208,-0.0064160507,atac10k_ext
-0.0058898004,-0.004514082,atac10k_ext
-0.023032593,-0.008643784,atac10k_ext
-0.010820368,-0.01419811,atac10k_ext
0.010460354,-0.023344819,atac10k_ext
-0.0129969595,0.015334842,atac10k_ext
-0.0009572885,0.002215007,atac10k_ext
0.016881483,0.004627318,atac10k_ext
-0.004149441,-0.0075289314,atac10k_ext
-0.011845524,0.008487511,atac10k_ext
-0.0026398636,0.0029727598,atac10k_ext
0.007864007,-0.020022457,atac10k_ext
0.009714801,0.01658747,atac10k_ext
-0.00393685,-0.010765877,atac10k_ext
0.027380846,0.011333258,atac10k_ext
0.009368653,0.007637354,atac10k_ext
0.001530547,-0.02414777,atac10k_ext
0.00953147,-0.008018471,atac10k_ext
0.02075883,0.015161977,atac10k_ext
-0.003221708,0.014157471,atac10k_ext
-0.00835657,0.0148634305,atac10k_ext
-0.002644115,-0.0098782135,atac10k_ext
-0.017582476,-0.017294213,atac10k_ext
0.012885996,0.0062295105,atac10k_ext
0.010669045,-0.0052715773,atac10k_ext
0.005166314,-0.013429967,atac10k_ext
0.0126713505,-0.006166435,atac10k_ext
0.0118130045,-0.009905631,atac10k_ext
-0.001251596,-0.00903016,atac10k_ext
-0.012900257,0.009281712,atac10k_ext
0.007501002,-0.011871201,atac10k_ext
-0.010381861,0.018432532,atac10k_ext
-0.012330347,-0.009530866,atac10k_ext
0.010912347,0.0055596293,atac10k_ext
0.008174581,-0.008612686,atac10k_ext
-0.014242803,-0.015558718,atac10k_ext
0.014081542,0.007038796,atac10k_ext
-0.008630314,-0.031180501,atac10k_ext
0.0038418763,-0.0050961087,atac10k_ext
-0.0046133944,-0.008791254,atac10k_ext
-0.0038367705,-0.018707545,atac10k_ext
0.012491928,0.011869211,atac10k_ext
0.0050717336,-0.0015204756,atac10k_ext
9.0234644e-05,-0.0109375315,atac10k_ext
-0.004563406,0.017761031,atac10k_ext
0.008028435,0.009545801,atac10k_ext
0.0072227432,0.014295945,atac10k_ext
-0.0040862523,0.002169164,atac10k_ext
-0.00045517998,0.010395706,atac10k_ext
-0.023932774,-0.009421702,atac10k_ext
-0.008448752,0.01019822,atac10k_ext
0.0012580906,-0.0077523813,atac10k_ext
0.001153116,-0.020761741,atac10k_ext
0.0035810187,0.011492409,atac10k_ext
0.011429192,0.013188665,atac10k_ext
-0.01713141,0.014377444,atac10k_ext
0.020811843,-0.02154945,atac10k_ext
-6.204258e-05,0.009973733,atac10k_ext
-0.0061213328,-0.0074161617,atac10k_ext
-0.015875803,-0.004564888,atac10k_ext
0.025328267,0.0063087703,atac10k_ext
-2.2214284e-05,-0.0029596498,atac10k_ext
0.0035684274,-0.016984547,atac10k_ext
-0.0058515556,0.0024623668,atac10k_ext
-0.0008768512,-0.01271874,atac10k_ext
0.00866711,0.008924902,atac10k_ext
0.009307731,0.0033690403,atac10k_ext
-0.009468756,0.0074997563,atac10k_ext
0.0018570737,0.006401761,atac10k_ext
-0.009411029,0.012010905,atac10k_ext
0.012750563,-0.009121448,atac10k_ext
-0.0016805036,-0.0063611637,atac10k_ext
0.018460756,-0.0032315757,atac10k_ext
0.010744119,-0.011977885,atac10k_ext
-0.012424268,0.0033039104,atac10k_ext
-0.0044754064,0.011598433,atac10k_ext
0.012440363,-0.010719039,atac10k_ext
0.005237694,-0.016899267,atac10k_ext
0.018416228,0.0065513104,atac10k_ext
8.0177095e-05,-0.013714493,atac10k_ext
-0.0011161903,0.0074507673,atac10k_ext
-0.0008140655,0.0144943,atac10k_ext
0.00518635,-0.0068086605,atac10k_ext
0.0011843892,-0.017995734,atac10k_ext
-0.009158579,0.012779367,atac10k_ext
0.0027787914,0.0071136295,atac10k_ext
0.0077865957,0.0046859053,atac10k_ext
0.0036030132,-0.012852896,atac10k_ext
-0.0016674936,0.00806241,atac10k_ext
0.015386499,-0.005933193,atac10k_ext
-0.0028458291,-0.004098683,atac10k_ext
0.0071805953,-0.0022415824,atac10k_ext
0.01241642,0.0077708783,atac10k_ext
-0.0125534935,0.0029543284,atac10k_ext
-0.009746882,-0.011024022,atac10k_ext
-0.02463636,-0.0052881343,atac10k_ext
-0.008452583,0.010014317,atac10k_ext
0.0050950716,0.018080624,atac10k_ext
-0.008091074,-0.009963187,atac10k_ext
0.0024369676,-0.014092573,atac10k_ext
0.0013821692,0.0003864187,atac10k_ext
-0.019560225,-0.009565012,atac10k_ext
-0.012737828,-0.014862059,atac10k_ext
0.017731015,0.0016837883,atac10k_ext
0.005705781,-0.015043992,atac10k_ext
0.014410571,-0.0065422594,atac10k_ext
0.016791318,0.014488332,atac10k_ext
0.0021183048,-0.014608487,atac10k_ext
0.017012611,-0.02831832,atac10k_ext
-0.006224122,-0.005622033,atac10k_ext
0.0008848372,-0.009894445,atac10k_ext
-0.0035874818,0.013570423,atac10k_ext
0.008839735,-0.012483484,atac10k_ext
0.0048013977,0.00888882,atac10k_ext
0.011542003,-0.0069983727,atac10k_ext
0.0069591673,-0.008815166,atac10k_ext
-0.0035121278,-0.024134945,atac10k_ext
0.016484173,-0.0060914923,atac10k_ext
-0.00049162755,0.00071272603,atac10k_ext
0.00555971,0.019250628,atac10k_ext
0.016465213,-0.013363481,atac10k_ext
-0.015194804,0.010825648,atac10k_ext
-0.0055550425,-0.013951806,atac10k_ext
-0.0023669875,-0.023892714,atac10k_ext
-0.008716255,0.008405277,atac10k_ext
-0.026884286,-0.00054935913,atac10k_ext
-0.003661191,-0.0092486525,atac10k_ext
-0.009795422,-0.005472109,atac10k_ext
-0.009791252,-0.009723203,atac10k_ext
0.00043612867,-0.003554412,atac10k_ext
0.010401289,-0.005219575,atac10k_ext
0.016116763,-0.020394001,atac10k_ext
0.0071276585,0.014341984,atac10k_ext
0.016610302,0.014213766,atac10k_ext
0.010581493,0.010809196,atac10k_ext
0.0010442194,0.008521542,atac10k_ext
-0.009984357,-0.010022423,atac10k_ext
0.0030963165,-0.014146847,atac10k_ext
0.010592337,-0.012397194,atac10k_ext
-0.002329858,0.011783155,atac10k_ext
-0.0031953503,-0.0012357499,atac10k_ext
0.003505303,0.008906036,atac10k_ext
-0.017159587,-0.00706187,atac10k_ext
-0.008659705,-0.00577967,atac10k_ext
0.0030720278,0.009103771,atac10k_ext
0.00824635,-8.771008e-06,atac10k_ext
0.008779385,-0.010849277,atac10k_ext
0.0021781449,-0.015520882,atac10k_ext
-0.028138662,-0.00687374,atac10k_ext
0.012018733,0.0005936098,atac10k_ext
-6.6438326e-05,0.015276493,atac10k_ext
-0.023137327,-0.020913174,atac10k_ext
0.00039564076,-0.012178011,atac10k_ext
0.0057721054,-0.00653494,atac10k_ext
0.015737457,0.007110655,atac10k_ext
0.0032125434,0.0023702402,atac10k_ext
0.025809836,0.011184736,atac10k_ext
0.036408897,-0.0024325515,atac10k_ext
-0.009455846,0.0054881587,atac10k_ext
0.006762968,-0.015851216,atac10k_ext
-0.014193838,-0.009636162,atac10k_ext
-0.0012415054,0.009099074,atac10k_ext
0.017425181,-0.0063011255,atac10k_ext
-0.0022907828,-0.004044072,atac10k_ext
0.00975865,0.013128001,atac10k_ext
0.011358806,0.017354282,atac10k_ext
-0.0073727,0.0045411554,atac10k_ext
0.016465874,-0.0008039419,atac10k_ext
0.00288101,-0.0102911685,atac10k_ext
-0.010789741,0.0019368333,atac10k_ext
-0.007479653,-0.0099677155,atac10k_ext
0.022269132,-0.020977747,atac10k_ext
0.0048534432,0.014088334,atac10k_ext
0.0033059663,0.008161072,atac10k_ext
-0.0023774537,-0.0013529268,atac10k_ext
0.019089445,-0.0048948526,atac10k_ext
0.014834321,0.0080082975,atac10k_ext
0.018349757,-0.0082530435,atac10k_ext
0.007904263,-0.013845737,atac10k_ext
-0.009100934,0.016391756,atac10k_ext
0.008342047,-0.00883586,atac10k_ext
0.010542726,0.008296926,atac10k_ext
0.014180944,0.012313343,atac10k_ext
0.008556184,0.015056252,atac10k_ext
-0.00065158826,-0.0067954003,atac10k_ext
-0.0009552403,-0.0017844238,atac10k_ext
0.0039136265,0.017372353,atac10k_ext
0.015602204,0.009051045,atac10k_ext
0.002056729,0.013023048,atac10k_ext
-0.0077061756,-0.001848904,atac10k_ext
-0.01076603,-0.0047633396,atac10k_ext
-0.010824186,-0.0032727325,atac10k_ext
-0.008105756,-0.0062672654,atac10k_ext
-0.017598087,-0.00806263,atac10k_ext
0.025626248,-0.005625473,atac10k_ext
-0.0067215157,-0.011437532,atac10k_ext
-0.021732928,-0.011796549,atac10k_ext
-0.012504611,0.015218443,atac10k_ext
-0.003952813,0.012245059,atac10k_ext
-0.0030209303,-0.0075408723,atac10k_ext
0.008570462,-0.008406507,atac10k_ext
-0.009352082,-0.0030739172,atac10k_ext
-0.0011954816,-0.020836145,atac10k_ext
-0.006685539,-0.008211001,atac10k_ext
-0.0011312924,0.010239483,atac10k_ext
-0.007014724,0.0077184876,atac10k_ext
0.0016876699,-0.0070407097,atac10k_ext
0.0056318794,-0.011891255,atac10k_ext
0.012990768,0.010071501,atac10k_ext
0.0002663019,0.009660676,atac10k_ext
0.0024160293,0.013504232,atac10k_ext
-0.009610485,0.016330926,atac10k_ext
0.00862543,-0.00836009,atac10k_ext
-0.00015932888,0.010686146,atac10k_ext
-0.008369189,-0.008012824,atac10k_ext
-0.0055179913,0.009334057,atac10k_ext
-0.019497914,-0.004513036,atac10k_ext
-0.0020901335,0.013516457,atac10k_ext
0.016024038,0.0063119815,atac10k_ext
0.0061379266,-0.011597114,atac10k_ext
-0.01044331,0.01135101,atac10k_ext
-0.0057696803,0.008302799,atac10k_ext
0.0014844278,0.008887431,atac10k_ext
0.012726796,-0.008164099,atac10k_ext
-0.0039353943,-0.0086947335,atac10k_ext
-0.0067950753,0.01685506,atac10k_ext
-0.01177753,-0.007320505,atac10k_ext
-0.0050469334,-0.005757937,atac10k_ext
-0.002529826,0.01510548,atac10k_ext
0.001798742,0.008776575,atac10k_ext
0.0214078,0.00936306,atac10k_ext
0.0015814481,-0.011173053,atac10k_ext
0.018377777,-0.008829409,atac10k_ext
-0.0016501414,0.002783455,atac10k_ext
-0.01297134,0.0035372179,atac10k_ext
0.014887222,-0.019025194,atac10k_ext
0.019331304,0.0065834075,atac10k_ext
-0.00025312518,0.011326291,atac10k_ext
-0.008492658,0.0062610195,atac10k_ext
0.0041489275,-0.005152414,atac10k_ext
-0.004814033,-0.004638463,atac10k_ext
-0.008875638,0.010797049,atac10k_ext
0.02285773,0.0031113946,atac10k_ext
-0.022234315,-0.0108570745,atac10k_ext
0.0033707826,-0.0035525735,atac10k_ext
-0.014583135,-0.014888527,atac10k_ext
-0.003644907,0.005797497,atac10k_ext
-0.01365292,0.012551751,atac10k_ext
0.0051938375,-0.009873237,atac10k_ext
-0.0013890492,0.0028714302,atac10k_ext
-0.002050147,-0.0068195243,atac10k_ext
-0.008377938,-0.015719527,atac10k_ext
-0.0045104246,0.010641106,atac10k_ext
0.0042640637,0.008630107,atac10k_ext
-0.0011879011,0.01394026,atac10k_ext
-0.014194327,-0.0096369125,atac10k_ext
0.0037528812,0.012638161,atac10k_ext
0.008378531,-0.01385062,atac10k_ext
-0.0065583293,-0.011194392,atac10k_ext
-0.013171857,-0.009535101,atac10k_ext
0.013764342,0.020746652,atac10k_ext
0.012843073,0.010416804,atac10k_ext
-0.003991815,-0.012197098,atac10k_ext
-0.0016296176,0.013753339,atac10k_ext
-0.00081757,0.0083350185,atac10k_ext
0.0010336173,0.013067578,atac10k_ext
0.022777377,0.010163256,atac10k_ext
-0.011239278,0.0083315205,atac10k_ext
0.008764243,-0.009173697,atac10k_ext
-0.017279645,-0.009862595,atac10k_ext
-0.008055148,0.008658476,atac10k_ext
-0.026774319,-0.01015916,atac10k_ext
0.002484655,-0.00016286183,atac10k_ext
0.017111352,-0.009160737,atac10k_ext
-0.013325761,0.0121813165,atac10k_ext
-0.0054786354,-0.0041898726,atac10k_ext
0.017996222,0.0055952216,atac10k_ext
-0.0060745357,0.0073129246,atac10k_ext
0.000783372,0.011934472,atac10k_ext
-0.003987177,0.009182821,atac10k_ext
0.0134910755,0.0048612803,atac10k_ext
0.005780853,0.008054853,atac10k_ext
0.008185176,-0.0051165177,atac10k_ext
-0.005179964,0.017646471,atac10k_ext
-0.007133768,-0.0057459767,atac10k_ext
-0.016238837,-0.005861312,atac10k_ext
0.0030275306,0.005016272,atac10k_ext
-0.009384108,-0.017944485,atac10k_ext
-0.01312016,-0.002113554,atac10k_ext
-0.0063821897,0.0031261845,atac10k_ext
0.011748076,0.01372859,atac10k_ext
-0.005881901,0.009252106,atac10k_ext
0.015118857,-0.0059009166,atac10k_ext
0.012029805,-0.0051330444,atac10k_ext
-0.0015961217,-0.0073279017,atac10k_ext
0.015966663,-0.0056012445,atac10k_ext
-0.0053509134,0.004662114,atac10k_ext
0.000517358,0.012560492,atac10k_ext
0.0008430638,-0.0093345735,atac10k_ext
0.010779055,0.009103074,atac10k_ext
-0.018405996,-0.001044465,atac10k_ext
0.010790927,0.018991098,atac10k_ext
0.006268139,0.0069530862,atac10k_ext
0.012413857,0.018653637,atac10k_ext
-0.005436131,-0.016894976,atac10k_ext
0.0036621809,-0.006397865,atac10k_ext
0.008358533,-0.0023106856,atac10k_ext
-0.008204798,-0.012382038,atac10k_ext
-0.00511453,-0.0059215184,atac10k_ext
0.0032360596,0.017327921,atac10k_ext
0.0020602874,-0.002727704,atac10k_ext
0.009448907,-0.0005950876,atac10k_ext
-0.0012779877,0.008361968,atac10k_ext
-0.022049861,-0.0089722155,atac10k_ext
-0.008166032,0.010691922,atac10k_ext
-0.0046652365,0.003219263,atac10k_ext
-0.0011226055,0.0125774685,atac10k_ext
-0.0018655943,0.0005670506,atac10k_ext
-0.011472418,0.0042862683,atac10k_ext
-0.0042943144,-0.011291423,atac10k_ext
2.0148967e-05,0.0069185616,atac10k_ext
0.02804223,0.0031286806,atac10k_ext
0.020401893,0.011460155,atac10k_ext
0.0065888623,-0.020717971,atac10k_ext
-0.006622767,0.0072113206,atac10k_ext
-0.012457014,-0.008128243,atac10k_ext
0.0064148298,0.010678113,atac10k_ext
0.0058106966,0.011603388,atac10k_ext
0.027746443,-0.009630197,atac10k_ext
0.019007023,0.009739397,atac10k_ext
-0.0039047066,-0.012521323,atac10k_ext
0.01210243,-0.001328779,atac10k_ext
0.00091152976,-0.025068408,atac10k_ext
-0.007374324,0.005972842,atac10k_ext
0.016523052,-0.008201753,atac10k_ext
0.01122043,0.0014397976,atac10k_ext
0.012135572,-0.009266399,atac10k_ext
-0.0024068248,-0.010257906,atac10k_ext
0.01787063,-0.023406371,atac10k_ext
0.017043615,-0.012289312,atac10k_ext
0.0049318024,-0.014504921,atac10k_ext
-0.0069067082,0.0059485054,atac10k_ext
-0.0014805201,0.013008723,atac10k_ext
0.0028937592,0.012894064,atac10k_ext
-0.015043309,-0.024419246,atac10k_ext
0.0016914766,-0.014030035,atac10k_ext
-0.012828581,0.010743567,atac10k_ext
-0.0057997154,0.0152814835,atac10k_ext
-0.023226837,-0.008777245,atac10k_ext
-0.0030535003,0.010774112,atac10k_ext
0.0069853263,-0.007605115,atac10k_ext
0.034130268,-0.0074074846,atac10k_ext
-0.012220593,0.006891436,atac10k_ext
-0.003505906,0.009008617,atac10k_ext
-0.008300492,-0.00805856,atac10k_ext
0.009576289,0.010677474,atac10k_ext
-0.014140898,0.011976828,atac10k_ext
-0.00015356007,0.017777992,atac10k_ext
0.011862256,0.010329285,atac10k_ext
0.009729895,0.014504748,atac10k_ext
0.018679606,-0.007747209,atac10k_ext
0.005616226,-0.0108990185,atac10k_ext
-0.004082642,0.0018300302,atac10k_ext
0.019179223,0.010738665,atac10k_ext
0.0026083207,-0.00916815,atac10k_ext
0.00082244363,0.009642851,atac10k_ext
0.0035593833,-0.007970397,atac10k_ext
-0.008024289,0.010848264,atac10k_ext
-0.00089373166,0.011758378,atac10k_ext
-0.00906183,-0.008367857,atac10k_ext
-0.004846572,0.0140012745,atac10k_ext
0.0034510575,0.010884909,atac10k_ext
0.003936492,-0.0068937507,atac10k_ext
-0.0066852155,-0.009716923,atac10k_ext
0.0037640887,-0.02403676,atac10k_ext
0.024632048,0.0033856833,atac10k_ext
0.010367657,-0.0124204,atac10k_ext
-0.013054756,0.007351718,atac10k_ext
0.013301504,-0.009318551,atac10k_ext
-0.003598123,0.0034916343,atac10k_ext
-0.0038852133,-0.020135732,atac10k_ext
0.008494752,0.002936402,atac10k_ext
0.0037369647,0.016461894,atac10k_ext
0.020024618,0.0025644067,atac10k_ext
0.022921847,-0.008154282,atac10k_ext
-0.015859937,0.010505812,atac10k_ext
0.004290775,-0.011837195,atac10k_ext
0.0050596744,-0.01007713,atac10k_ext
0.02614105,-0.010895046,atac10k_ext
0.0075517897,0.013987334,atac10k_ext
-0.012239091,0.00744797,atac10k_ext
0.0066753095,0.008823337,atac10k_ext
-0.024969257,-0.008253358,atac10k_ext
0.017300712,-0.009949281,atac10k_ext
0.0011840941,0.00759408,atac10k_ext
-0.000728155,-0.005253231,atac10k_ext
-0.027129345,0.01617211,atac10k_ext
-0.022526033,-0.021441758,atac10k_ext
0.0104412595,0.011810739,atac10k_ext
-0.0023840147,-0.0066172318,atac10k_ext
0.0045082355,-0.006511077,atac10k_ext
-0.00017800697,0.013236588,atac10k_ext
-0.0003216594,-0.028481653,atac10k_ext
-0.0005894302,0.012112831,atac10k_ext
0.008839865,-0.016729768,atac10k_ext
-0.0109483125,0.009404554,atac10k_ext
-0.005486595,0.008456263,atac10k_ext
-0.017301772,0.0132694375,atac10k_ext
0.011891842,0.010537477,atac10k_ext
-0.01434459,-0.00843188,atac10k_ext
0.017920356,0.004807039,atac10k_ext
-0.024792047,-0.0063099414,atac10k_ext
-0.006622441,0.007692268,atac10k_ext
0.014874671,-0.013464016,atac10k_ext
0.00045028306,-0.012533214,atac10k_ext
-0.006245777,-0.017188262,atac10k_ext
0.012506762,0.01639667,atac10k_ext
0.009067132,0.01131647,atac10k_ext
0.0014499255,0.0031400954,atac10k_ext
-0.014052183,-0.009428206,atac10k_ext
0.005626838,0.01463194,atac10k_ext
0.011712843,0.0076944516,atac10k_ext
-0.0015579584,0.008001945,atac10k_ext
-0.018499145,-0.013039334,atac10k_ext
-0.01616819,0.009409133,atac10k_ext
0.012352184,0.011388078,atac10k_ext
0.008826528,0.0101965545,atac10k_ext
0.0007418131,-0.0053713126,atac10k_ext
0.005020565,-0.013262535,atac10k_ext
0.00083485746,-0.015418673,atac10k_ext
-0.00319993,0.013251791,atac10k_ext
-0.0036617015,0.0147846425,atac10k_ext
0.006882304,-0.008295002,atac10k_ext
-0.00018176745,-0.014388015,atac10k_ext
0.017716836,0.008400213,atac10k_ext
-0.02627616,-0.005727574,atac10k_ext
-0.006808212,-0.007330081,atac10k_ext
-0.0031345438,0.01116189,atac10k_ext
0.012277897,0.01080053,atac10k_ext
0.005475414,0.004349958,atac10k_ext
0.015572137,-0.0020864739,atac10k_ext
-0.007550013,0.0049670506,atac10k_ext
0.006112242,-0.020778272,atac10k_ext
-0.012402865,0.013648701,atac10k_ext
-0.0073967557,0.0061953957,atac10k_ext
-0.0027417429,-0.01675868,atac10k_ext
0.010791697,0.012178486,atac10k_ext
-0.011360347,-0.010535419,atac10k_ext
0.013159304,0.009477851,atac10k_ext
0.009432679,-0.008779617,atac10k_ext
0.0021703434,0.004786299,atac10k_ext
-0.018633688,0.009867426,atac10k_ext
-0.016972471,0.008792823,atac10k_ext
0.0023362632,0.0036119297,atac10k_ext
0.0026332068,0.008776878,atac10k_ext
0.008886676,-0.011538861,atac10k_ext
-0.022239102,0.009809191,atac10k_ext
0.0032777053,-0.00921321,atac10k_ext
-0.007836879,-0.011683519,atac10k_ext
0.0005131525,0.0016164228,atac10k_ext
-0.0075358935,0.008263494,atac10k_ext
-0.004643036,0.017073348,atac10k_ext
0.007346196,0.00822931,atac10k_ext
-0.005392879,-0.0038871574,atac10k_ext
-0.019324167,-0.0097585665,atac10k_ext
0.011305975,0.015236966,atac10k_ext
0.009920267,-0.00044853386,atac10k_ext
0.0060218773,-0.011047398,atac10k_ext
0.0071016275,0.00370943,atac10k_ext
0.01745476,-0.0127014,atac10k_ext
-0.011782639,0.016200252,atac10k_ext
0.0067406567,0.013148842,atac10k_ext
0.0066562574,0.013100495,atac10k_ext
0.012329085,0.004885585,atac10k_ext
-0.018472439,-0.01035561,atac10k_ext
-0.001450462,-0.0073823407,atac10k_ext
0.006191764,-0.0038903782,atac10k_ext
0.0004290791,0.019899432,atac10k_ext
-0.009275734,0.010183689,atac10k_ext
-0.0048207683,-0.008079756,atac10k_ext
0.0064459643,0.009557436,atac10k_ext
-0.009953969,0.002647544,atac10k_ext
0.004780658,-0.012177359,atac10k_ext
0.01512438,-0.012111249,atac10k_ext
0.01127264,-0.012815591,atac10k_ext
-0.010505438,-0.016492222,atac10k_ext
0.010106635,0.006622262,atac10k_ext
-0.0045661386,-0.010742306,atac10k_ext
0.0031821409,-0.013772873,atac10k_ext
0.018322023,-0.00025663007,atac10k_ext
-0.003587067,0.0018821558,atac10k_ext
0.0018561702,0.010972065,atac10k_ext
-0.008138555,-0.013313569,atac10k_ext
0.0056362837,-0.00803691,atac10k_ext
-0.019477773,0.010248686,atac10k_ext
0.002095695,-0.00955277,atac10k_ext
0.0007719035,-0.010295404,atac10k_ext
0.019294692,-0.003917962,atac10k_ext
0.016925883,-0.010076063,atac10k_ext
0.0071297823,0.014785011,atac10k_ext
-0.0005189833,0.005861517,atac10k_ext
-0.014192778,-0.0065266355,atac10k_ext
0.00572911,-0.012418346,atac10k_ext
-0.0005045535,-0.014243972,atac10k_ext
0.01055782,0.009933818,atac10k_ext
-0.0063181077,0.009284123,atac10k_ext
0.002900154,-0.01124366,atac10k_ext
-0.01575856,-0.022079617,atac10k_ext
0.003219955,0.012694271,atac10k_ext
-0.00027823742,0.015250945,atac10k_ext
0.010011242,0.014108893,atac10k_ext
0.011872002,-0.0007074391,atac10k_ext
0.01322453,0.009701984,atac10k_ext
-0.0035589002,-0.011941022,atac10k_ext
0.008605336,0.008754698,atac10k_ext
-0.0022940414,0.008810202,atac10k_ext
-0.012606327,0.01464132,atac10k_ext
0.010519155,0.010612936,atac10k_ext
-0.024659347,-0.013408695,atac10k_ext
0.014084049,-0.031089282,atac10k_ext
0.009330481,-0.010069656,atac10k_ext
0.005422238,0.012934123,atac10k_ext
-0.0006520674,0.010704068,atac10k_ext
-0.0076241773,0.007566348,atac10k_ext
-0.019069234,-0.0029886628,atac10k_ext
0.0070981435,-0.0068091224,atac10k_ext
-0.005981845,0.010040919,atac10k_ext
0.02347658,-0.0052234614,atac10k_ext
-0.0105546415,0.01366849,atac10k_ext
0.0044182288,0.008461986,atac10k_ext
0.0027505415,0.011392342,atac10k_ext
-0.0026063328,-0.0102073075,atac10k_ext
-0.0037775962,0.006284615,atac10k_ext
-0.00012443964,-0.032815274,atac10k_ext
-0.0073499805,-0.006278062,atac10k_ext
0.022141533,-0.014158018,atac10k_ext
0.009620064,-0.003498122,atac10k_ext
0.0059794523,0.008681113,atac10k_ext
-0.017781148,-0.011538135,atac10k_ext
0.011743551,0.008591463,atac10k_ext
-0.0058408836,0.00043036568,atac10k_ext
0.009048274,0.0018294643,atac10k_ext
0.0090017505,0.007699552,atac10k_ext
-0.013057001,0.010747529,atac10k_ext
0.0009136245,-0.016382534,atac10k_ext
0.008755209,-0.007995292,atac10k_ext
0.0075577577,-0.0040118378,atac10k_ext
-0.012001225,-0.006114144,atac10k_ext
0.004006758,-0.004281516,atac10k_ext
0.009069614,-0.008819195,atac10k_ext
0.010459264,0.008321714,atac10k_ext
-0.015020297,-0.012973074,atac10k_ext
-0.013765638,-0.012861119,atac10k_ext
-0.004131996,-0.011328623,atac10k_ext
0.023666378,-0.012942952,atac10k_ext
0.0030096953,-0.006359866,atac10k_ext
-0.009149471,0.008266589,atac10k_ext
-0.0034126923,0.0101896,atac10k_ext
-0.011518866,-0.008997292,atac10k_ext
-0.0042573535,-0.0017585483,atac10k_ext
0.008941852,0.008358644,atac10k_ext
-0.0015881573,-0.012750192,atac10k_ext
0.0071103736,0.015243834,atac10k_ext
-0.005073101,0.0065925512,atac10k_ext
0.012828602,0.008142161,atac10k_ext
0.018871715,-0.0004352086,atac10k_ext
-0.0043789917,0.007116297,atac10k_ext
-0.007246464,0.012439878,atac10k_ext
0.006379518,-0.006251579,atac10k_ext
-0.0070187454,-0.0074093207,atac10k_ext
0.0038447098,-0.005683897,atac10k_ext
-0.0017928384,0.007113071,atac10k_ext
-0.00085571926,-0.0054721516,atac10k_ext
0.011033642,0.012020906,atac10k_ext
-0.00901904,-0.0076015284,atac10k_ext
-0.0034250985,0.008292514,atac10k_ext
-0.008947018,-0.009178409,atac10k_ext
0.004044948,-0.0027913249,atac10k_ext
-0.008960543,0.019045375,atac10k_ext
0.012414273,-0.0028413099,atac10k_ext
0.012638465,0.010501884,atac10k_ext
0.014199488,-0.007290717,atac10k_ext
-4.9153037e-05,0.008957149,atac10k_ext
0.0060810023,0.0126766,atac10k_ext
-0.0031859616,0.01320929,atac10k_ext
0.012082515,0.0112224985,atac10k_ext
-0.008041812,0.0027961037,atac10k_ext
0.02581821,-0.0057889707,atac10k_ext
-0.00034655363,0.009271131,atac10k_ext
0.0033886794,0.008765289,atac10k_ext
-0.0010884539,0.0047611007,atac10k_ext
-0.0033136941,0.004565055,atac10k_ext
-0.0133340815,-0.013637105,atac10k_ext
0.0038112374,0.01114129,atac10k_ext
0.018266963,-0.009761841,atac10k_ext
-0.0034973081,0.0081662405,atac10k_ext
0.0058940947,0.009535742,atac10k_ext
-0.01748414,0.012240883,atac10k_ext
0.010310824,-0.014493489,atac10k_ext
0.0017601846,-0.0054846094,atac10k_ext
0.0027788342,0.012572333,atac10k_ext
-0.007587634,0.0055951476,atac10k_ext
-0.01291191,0.012760595,atac10k_ext
-0.010143007,0.01177585,atac10k_ext
-0.004102857,0.0035091774,atac10k_ext
0.0037357127,0.01378866,atac10k_ext
0.001821654,0.013323431,atac10k_ext
-0.006600084,0.013736544,atac10k_ext
0.003353861,-0.008914205,atac10k_ext
-0.0051157605,-0.007777383,atac10k_ext
-0.010909853,0.011640947,atac10k_ext
-0.0018087522,0.013280363,atac10k_ext
0.014299027,-0.00730983,atac10k_ext
-0.010105759,-0.0094967885,atac10k_ext
0.0083302045,0.014043269,atac10k_ext
-0.0031306203,-0.007527966,atac10k_ext
0.0053167525,0.012897612,atac10k_ext
-0.009300856,-0.009099199,atac10k_ext
-0.00094687624,-0.008901532,atac10k_ext
0.0003978758,0.005396997,atac10k_ext
0.00025952063,-0.005909037,atac10k_ext
-0.0027528242,-0.008527705,atac10k_ext
0.0069897776,0.010473437,atac10k_ext
0.0007516543,-0.023459222,atac10k_ext
0.026126722,-0.010424019,atac10k_ext
0.02276419,-0.012064476,atac10k_ext
-0.012259975,0.0054664123,atac10k_ext
0.0001501086,-0.015894081,atac10k_ext
0.0029076445,-0.031916108,atac10k_ext
0.013335101,-0.009265794,atac10k_ext
-0.004956671,0.00908615,atac10k_ext
0.0040891585,0.0058264933,atac10k_ext
-0.0037255567,0.00906333,atac10k_ext
-0.010992144,0.009219927,atac10k_ext
0.026537176,-0.00043112654,atac10k_ext
0.00045758244,-0.01509235,atac10k_ext
0.0064439652,0.010355452,atac10k_ext
-0.0048609097,-0.0066603436,atac10k_ext
0.007815798,0.0112406565,atac10k_ext
0.015263657,-0.021306409,atac10k_ext
-0.0012927873,-0.01706233,atac10k_ext
-0.002818789,-0.019770227,atac10k_ext
0.0031721112,-0.0072185067,atac10k_ext
0.0020397198,-0.022966247,atac10k_ext
-0.013557512,-0.004438234,atac10k_ext
0.017622674,0.008145049,atac10k_ext
0.0024250362,-0.010759842,atac10k_ext
-0.008403276,-0.028775355,atac10k_ext
0.0020469336,0.010850618,atac10k_ext
0.0001314562,0.014942609,atac10k_ext
-0.013088987,-0.00913279,atac10k_ext
-0.010407932,0.004042552,atac10k_ext
0.002315296,0.020428402,atac10k_ext
0.006717106,0.01486433,atac10k_ext
0.0108421445,-0.005585562,atac10k_ext
0.02545156,0.009417554,atac10k_ext
-0.021302426,-0.011302034,atac10k_ext
0.0041704588,0.014862306,atac10k_ext
0.024429653,-0.01278945,atac10k_ext
-0.008717785,0.007628893,atac10k_ext
0.00011231349,-0.010006805,atac10k_ext
0.013370295,-0.010509431,atac10k_ext
0.011579671,0.003796124,atac10k_ext
-0.007130721,0.0148355765,atac10k_ext
0.005846202,-0.014390609,atac10k_ext
0.005012309,-0.004205037,atac10k_ext
-0.009871856,-0.015900949,atac10k_ext
-0.00530167,0.011125226,atac10k_ext
-0.004340263,0.009015323,atac10k_ext
0.0216443,0.015749665,atac10k_ext
-0.002325154,-0.008784704,atac10k_ext
0.00858395,-0.019286903,atac10k_ext
0.00039921488,-0.011296102,atac10k_ext
0.021555133,0.0056897076,atac10k_ext
0.0141554065,-0.004757726,atac10k_ext
0.0060100597,-0.005238256,atac10k_ext
-0.008484499,-0.0065107676,atac10k_ext
0.009119505,-0.011784924,atac10k_ext
0.010512344,0.007472385,atac10k_ext
-0.015023247,-0.0038090546,atac10k_ext
-0.009477714,0.009624666,atac10k_ext
0.011247444,0.010066955,atac10k_ext
-0.005677718,-0.0005752898,atac10k_ext
-0.0072441385,0.008062425,atac10k_ext
-0.019425353,0.011064121,atac10k_ext
-0.017938947,0.008700487,atac10k_ext
-0.008507491,-0.008134688,atac10k_ext
-0.0022364755,0.009745915,atac10k_ext
0.0050581633,-0.012282593,atac10k_ext
0.011303273,-0.0138466945,atac10k_ext
0.008141763,0.010026485,atac10k_ext
-0.0030748479,0.01102772,atac10k_ext
0.017027551,0.012966577,atac10k_ext
0.0151336305,-0.007803998,atac10k_ext
-0.0090289265,0.0033162923,atac10k_ext
-0.010959612,-0.005725651,atac10k_ext
-0.009552935,0.00024755686,atac10k_ext
0.0053488067,-0.01411457,atac10k_ext
0.0073240697,-0.015608859,atac10k_ext
0.0012278092,0.0103348745,atac10k_ext
0.009600677,-0.005871335,atac10k_ext
0.014224205,-0.005624074,atac10k_ext
-0.0077987886,0.009241305,atac10k_ext
-0.016362254,-0.006629614,atac10k_ext
-0.011353662,0.0031268902,atac10k_ext
0.002874259,0.009577036,atac10k_ext
-0.00092611834,0.012135444,atac10k_ext
0.015079861,0.01546911,atac10k_ext
0.005562823,0.013836802,atac10k_ext
-0.001520723,0.009859272,atac10k_ext
-0.021769805,0.0076810154,atac10k_ext
-0.030611318,-0.01072367,atac10k_ext
-0.0014205338,0.009297295,atac10k_ext
0.0095474245,0.009253707,atac10k_ext
0.009536319,-0.012617626,atac10k_ext
-0.015742116,0.00854472,atac10k_ext
-0.012321392,0.011574772,atac10k_ext
0.0048098136,-0.0031272057,atac10k_ext
-0.01894991,-0.0075549814,atac10k_ext
0.01220398,-0.008811757,atac10k_ext
0.013895256,0.005589493,atac10k_ext
0.00945883,-0.0066007185,atac10k_ext
-0.007055027,-0.005211171,atac10k_ext
-0.004313995,-0.016908217,atac10k_ext
-0.001254871,0.0014537999,atac10k_ext
0.006077166,-0.0004735058,atac10k_ext
0.011198083,-0.012041737,atac10k_ext
0.02984258,-0.009274962,atac10k_ext
-0.015074989,0.0072612045,atac10k_ext
-0.0018402145,-0.016107783,atac10k_ext
-0.0019389462,-0.0068266024,atac10k_ext
0.004318993,0.014827239,atac10k_ext
-0.0025731334,-0.0051603676,atac10k_ext
0.01525094,-0.0050876006,atac10k_ext
0.0018270329,-0.010438635,atac10k_ext
0.0019401328,0.015447908,atac10k_ext
0.017478684,0.00985139,atac10k_ext
-0.013021813,-0.012642076,atac10k_ext
-0.01872712,-0.015342971,atac10k_ext
0.012433473,-0.009695704,atac10k_ext
-0.0028952728,0.010720917,atac10k_ext
0.002633088,0.0072830846,atac10k_ext
-0.018881919,-0.006103666,atac10k_ext
0.003385235,-0.006626458,atac10k_ext
0.0074954983,0.008810487,atac10k_ext
0.012021261,-0.0050644493,atac10k_ext
0.0001613755,0.014364289,atac10k_ext
-0.017066468,-0.012801708,atac10k_ext
9.6853226e-05,-0.0060448386,atac10k_ext
-0.0018205482,-0.023588834,atac10k_ext
0.00031177633,-0.009409207,atac10k_ext
-0.00966913,-0.018798543,atac10k_ext
-0.0061875517,-0.0084032705,atac10k_ext
-0.0010641846,-0.0015413538,atac10k_ext
0.005958268,0.0100493785,atac10k_ext
0.008707631,-0.009727254,atac10k_ext
0.0036041164,-0.0031430286,atac10k_ext
-0.003906439,-0.00954268,atac10k_ext
-0.00051556574,-0.015271205,atac10k_ext
0.0144950375,-0.01339018,atac10k_ext
0.025922608,-0.017454974,atac10k_ext
0.0146567365,0.009974002,atac10k_ext
0.007459732,0.002080693,atac10k_ext
0.0068611964,-0.012997832,atac10k_ext
8.9477566e-05,-0.011306169,atac10k_ext
-0.018299002,-0.0071566957,atac10k_ext
-0.014630146,0.011756427,atac10k_ext
0.0003462608,0.010851684,atac10k_ext
-0.015044689,-0.010337236,atac10k_ext
0.00015102311,-0.010479028,atac10k_ext
-0.019920118,0.005585388,atac10k_ext
-0.017722817,0.01645614,atac10k_ext
0.0076177604,-0.012435837,atac10k_ext
0.0017249726,0.005620705,atac10k_ext
-0.012520479,-0.02967002,atac10k_ext
-0.015367519,0.01225465,atac10k_ext
-0.014959258,-0.008725256,atac10k_ext
0.020291984,0.010374694,atac10k_ext
0.0038469627,0.005571324,atac10k_ext
0.0004904194,-0.010936209,atac10k_ext
-0.0043398286,0.007892151,atac10k_ext
0.0025073513,0.01182261,atac10k_ext
-0.030942403,0.011286301,atac10k_ext
0.0022304307,0.00049254985,atac10k_ext
0.0009539624,0.011324643,atac10k_ext
0.00021339935,-0.016023418,atac10k_ext
-0.021752749,-0.009573493,atac10k_ext
0.0065959804,-0.010298146,atac10k_ext
-0.018089684,0.010791254,atac10k_ext
-0.0027071047,0.013151228,atac10k_ext
-0.010174118,-0.019315785,atac10k_ext
0.0074226824,0.0018480069,atac10k_ext
-0.0029985588,0.011607706,atac10k_ext
0.0072415844,-0.017558247,atac10k_ext
-0.009206176,-0.0017321463,atac10k_ext
-0.004506413,-0.0031587824,atac10k_ext
-0.017586859,0.01133948,atac10k_ext
0.0030734367,0.008421397,atac10k_ext
-0.015616833,0.0104408115,atac10k_ext
0.008567385,0.007625116,atac10k_ext
0.02058812,-0.013843968,atac10k_ext
-0.009149392,-0.0055324323,atac10k_ext
-0.019899558,-0.0169657,atac10k_ext
-0.00080669066,-0.013287471,atac10k_ext
-0.010138685,-0.013848823,atac10k_ext
-0.0065526515,0.011844027,atac10k_ext
-0.010878353,-0.010585469,atac10k_ext
-0.007495731,0.0055033304,atac10k_ext
0.0058223107,-0.005445138,atac10k_ext
-0.0309319,-0.006394904,atac10k_ext
0.008796571,0.01164687,atac10k_ext
0.007367999,-0.0056630196,atac10k_ext
-0.015112524,-0.0069368514,atac10k_ext
0.004414013,-0.0026649814,atac10k_ext
-0.03191399,-0.009472304,atac10k_ext
0.005575359,0.012116198,atac10k_ext
-0.004717711,9.7174496e-05,atac10k_ext
0.037262786,-0.012207528,atac10k_ext
0.004608451,-0.0071667503,atac10k_ext
0.0023495874,0.01433726,atac10k_ext
0.010429006,0.008980863,atac10k_ext
0.019855453,-0.015985802,atac10k_ext
0.023701973,0.009060161,atac10k_ext
-0.020152079,0.008468517,atac10k_ext
-0.02282087,0.010323683,atac10k_ext
-0.008373431,0.004515314,atac10k_ext
0.0025902693,-0.016555186,atac10k_ext
0.02169399,-0.0064292485,atac10k_ext
0.012850225,0.01105616,atac10k_ext
0.005315451,-0.005971993,atac10k_ext
-0.021212297,0.011876944,atac10k_ext
-0.001196863,0.013088631,atac10k_ext
0.0050202105,-0.010835457,atac10k_ext
-0.0049394183,0.0067084986,atac10k_ext
-0.004505272,-0.007494204,atac10k_ext
0.029118776,-0.0073151933,atac10k_ext
-0.011128413,-0.008609684,atac10k_ext
0.0010692319,-0.01567588,atac10k_ext
0.012066775,-0.005172213,atac10k_ext
0.013289568,-0.015375657,atac10k_ext
-0.002822694,0.004144318,atac10k_ext
0.005111123,0.004496354,atac10k_ext
-0.0002807876,-0.013630363,atac10k_ext
-0.004448742,-0.011507784,atac10k_ext
0.003336561,0.0056284037,atac10k_ext
0.0045504603,-0.015735041,atac10k_ext
-0.00421544,-0.019509958,atac10k_ext
-0.0062862867,-0.01530058,atac10k_ext
0.0027755876,-0.008739045,atac10k_ext
0.013808881,0.0072671073,atac10k_ext
-0.0045411624,-0.004340085,atac10k_ext
-0.010052467,-0.01800445,atac10k_ext
0.01603708,-0.012651188,atac10k_ext
0.0012038627,0.005454251,atac10k_ext
-0.01255957,-0.010394672,atac10k_ext
0.0034760516,0.0090068495,atac10k_ext
0.0004317519,0.0028827058,atac10k_ext
-0.00853546,0.007423304,atac10k_ext
-0.0028539314,0.014528227,atac10k_ext
-0.01570761,0.010350813,atac10k_ext
0.013029184,-0.009108369,atac10k_ext
-0.014385263,-0.006056797,atac10k_ext
0.008731607,-0.012783348,atac10k_ext
-0.02345314,-0.00937163,atac10k_ext
-0.0049699945,-0.013429308,atac10k_ext
0.004144948,-0.006954348,atac10k_ext
0.0055134706,0.01092955,atac10k_ext
0.009186762,0.0101973275,atac10k_ext
0.007046162,0.006232819,atac10k_ext
-0.006843047,-0.012596723,atac10k_ext
-0.02027995,0.0029076594,atac10k_ext
0.0063343826,0.0032784573,atac10k_ext
0.01076808,0.012370948,atac10k_ext
0.013443135,-0.011489717,atac10k_ext
0.0028492014,-0.004221983,atac10k_ext
-0.0018953973,-0.00834791,atac10k_ext
-0.0055260714,0.008593291,atac10k_ext
0.0146568855,-0.009388509,atac10k_ext
0.01846432,-0.008335094,atac10k_ext
-0.008001693,-0.013143312,atac10k_ext
0.01079291,0.011054279,atac10k_ext
-0.009822038,-0.010710552,atac10k_ext
-0.019004902,0.007992271,atac10k_ext
-0.004818804,0.00949758,atac10k_ext
0.0044700233,-0.00902128,atac10k_ext
-0.0146384565,0.0118078925,atac10k_ext
0.0007968127,-0.010883866,atac10k_ext
-0.012067862,0.006395276,atac10k_ext
0.00650904,0.011963546,atac10k_ext
-0.0009277469,0.014362243,atac10k_ext
0.023545733,0.010192799,atac10k_ext
-0.002495869,-0.012323509,atac10k_ext
-0.0017064243,0.013143393,atac10k_ext
-0.004784442,0.005457861,atac10k_ext
-0.0018660878,0.01055736,atac10k_ext
-0.0080377115,-0.010735572,atac10k_ext
0.006053434,-0.0077496073,atac10k_ext
-0.024147583,0.015111649,atac10k_ext
0.0034173925,0.013111866,atac10k_ext
-0.008511876,-0.008121574,atac10k_ext
-0.012246706,0.010797903,atac10k_ext
-0.0068250275,0.0043101246,atac10k_ext
0.00026277802,-0.0023733801,atac10k_ext
-0.004522403,0.016927758,atac10k_ext
0.00019199974,-0.015367045,atac10k_ext
-0.0008840642,-0.019688552,atac10k_ext
0.021632751,0.0063902005,atac10k_ext
-0.006252741,0.008411571,atac10k_ext
-0.0035774903,0.0020141788,atac10k_ext
-0.025058968,0.010618889,atac10k_ext
-0.009801711,0.0038665242,atac10k_ext
-0.004986545,-0.012047625,atac10k_ext
0.025378063,-0.006860697,atac10k_ext
0.012409479,-0.01361987,atac10k_ext
-0.00017391439,0.010866186,atac10k_ext
0.00626425,-0.008442903,atac10k_ext
-0.0032957268,-0.0049735243,atac10k_ext
-0.0028878814,-0.007332335,atac10k_ext
-0.0030774896,0.006353925,atac10k_ext
0.00049483887,-0.006601711,atac10k_ext
0.01482601,-0.0071410597,atac10k_ext
0.015103464,0.011771821,atac10k_ext
0.01793994,-0.024649547,atac10k_ext
-0.012486496,-0.0062653436,atac10k_ext
0.018570272,0.014614817,atac10k_ext
-0.0035045582,0.012279691,atac10k_ext
-0.0078022038,-0.002416629,atac10k_ext
0.015211393,-0.007490035,atac10k_ext
0.009466442,0.0127554145,atac10k_ext
0.014431798,-0.017352499,atac10k_ext
0.015539868,0.0070120287,atac10k_ext
-6.422409e-05,0.013777218,atac10k_ext
-0.0039963634,-0.0057826582,atac10k_ext
0.007941503,-0.012881703,atac10k_ext
-0.0050257663,-0.01852498,atac10k_ext
0.0020152593,0.012346625,atac10k_ext
-0.00914248,0.010448766,atac10k_ext
0.012024969,-0.010935112,atac10k_ext
-0.011412883,-0.009387121,atac10k_ext
0.017285358,-0.00087177247,atac10k_ext
0.004784795,-0.0067942967,atac10k_ext
-0.008826102,-0.008029662,atac10k_ext
-0.006179201,0.0027394707,atac10k_ext
0.0020006036,-0.016306804,atac10k_ext
-0.0030064867,-0.015605753,atac10k_ext
-0.015586945,0.01259582,atac10k_ext
-0.004357365,0.012565674,atac10k_ext
0.008963118,-0.013448618,atac10k_ext
0.0051490236,0.011289244,atac10k_ext
0.012032713,0.0124759115,atac10k_ext
0.006042814,-0.008336553,atac10k_ext
0.005843908,0.0071936683,atac10k_ext
0.006899047,0.014622257,atac10k_ext
-0.0002648069,0.010128077,atac10k_ext
0.014904256,0.011387422,atac10k_ext
0.01098024,0.0060147205,atac10k_ext
-0.036714703,0.008410945,atac10k_ext
0.0052852267,0.0067727617,atac10k_ext
-0.0068864687,-0.012094105,atac10k_ext
-0.01964174,0.006188928,atac10k_ext
-0.019546853,0.008063512,atac10k_ext
0.015943848,0.009206569,atac10k_ext
0.009736752,0.010127176,atac10k_ext
-0.011696355,-0.016432986,atac10k_ext
-0.00016551316,0.0034726593,atac10k_ext
0.0017312946,-0.004056953,atac10k_ext
0.008108459,-0.0074953865,atac10k_ext
-0.0014724168,-0.0045626014,atac10k_ext
0.014085796,-0.026772372,atac10k_ext
-0.009645263,-0.014658324,atac10k_ext
0.009507005,-0.012420199,atac10k_ext
-0.008263128,0.009154213,atac10k_ext
0.004209386,0.008270333,atac10k_ext
0.014993772,-0.0064448887,atac10k_ext
-0.0036849317,0.004984515,atac10k_ext
-0.010043749,0.008516123,atac10k_ext
-0.0032799134,-0.0077771465,atac10k_ext
0.0084718475,-0.019994901,atac10k_ext
-0.000107461696,-0.009025193,atac10k_ext
-0.018517494,0.004836065,atac10k_ext
0.016597524,-0.007619256,atac10k_ext
-0.0075006806,-0.0025410268,atac10k_ext
-0.021069773,-0.0057574995,atac10k_ext
-0.004818941,0.0027427212,atac10k_ext
-0.011358025,0.018318148,atac10k_ext
0.0063535855,0.0047408976,atac10k_ext
-0.0037423652,-0.012113105,atac10k_ext
-0.016173981,0.011432509,atac10k_ext
0.02334557,-0.024488695,atac10k_ext
0.004849141,-0.008344074,atac10k_ext
0.011254036,-0.0069484646,atac10k_ext
-0.002097181,0.007524102,atac10k_ext
-0.009459614,0.0075450903,atac10k_ext
-0.0014554901,0.008888272,atac10k_ext
-0.01218108,-0.007102726,atac10k_ext
-0.011629188,-0.012501048,atac10k_ext
-0.0007176473,-0.01682584,atac10k_ext
0.0074951956,-0.009576453,atac10k_ext
0.012435417,-0.018168548,atac10k_ext
0.0010733315,0.011187489,atac10k_ext
-0.015750552,-0.023152778,atac10k_ext
0.017808598,0.011760821,atac10k_ext
0.0019146026,0.0029531354,atac10k_ext
0.01931292,0.00444014,atac10k_ext
0.0022452825,-0.005012102,atac10k_ext
-0.0026342361,0.011737123,atac10k_ext
0.0014227997,-0.0056724073,atac10k_ext
0.010949876,0.017562365,atac10k_ext
0.011230206,-0.004051168,atac10k_ext
0.022607375,-0.007060911,atac10k_ext
-0.007168833,-0.0076969527,atac10k_ext
0.0028669143,0.019733544,atac10k_ext
-0.036252033,0.0117988475,atac10k_ext
0.005776748,0.010724915,atac10k_ext
-0.013145835,0.011365525,atac10k_ext
0.008267709,-0.00301561,atac10k_ext
0.017122993,-0.007535755,atac10k_ext
0.0068877316,0.0017215128,atac10k_ext
-0.0127407815,-0.0016422053,atac10k_ext
0.008560422,0.01203189,atac10k_ext
0.0020909375,0.006562049,atac10k_ext
0.018120045,-0.011088871,atac10k_ext
-0.022511322,0.015019662,atac10k_ext
0.0034092814,0.013343794,atac10k_ext
-0.0136492895,0.015315502,atac10k_ext
-0.0018034439,0.013634586,atac10k_ext
-0.0048598726,-0.0034931288,atac10k_ext
0.001157788,0.0079233,atac10k_ext
0.016297763,0.011917825,atac10k_ext
-0.008727295,0.011259001,atac10k_ext
0.009911284,0.012819084,atac10k_ext
-0.0077166674,0.014169808,atac10k_ext
0.0064556627,-0.008656869,atac10k_ext
0.0032105986,-0.0133713465,atac10k_ext
0.0036012104,0.01253027,atac10k_ext
-0.002580922,0.011159373,atac10k_ext
-0.003254728,0.012464336,atac10k_ext
-0.00587745,-0.012042475,atac10k_ext
-0.024729844,0.008196129,atac10k_ext
-0.007762067,-0.017321125,atac10k_ext
0.00027740374,-0.0073247105,atac10k_ext
-0.008896577,0.007693622,atac10k_ext
0.0058171824,-0.005795847,atac10k_ext
-0.0017580446,0.014690438,atac10k_ext
0.016172228,-0.010278633,atac10k_ext
0.0015968031,-0.012676142,atac10k_ext
0.016842877,-0.01522882,atac10k_ext
-0.005644299,0.0077754096,atac10k_ext
-0.007190086,0.009429743,atac10k_ext
-0.029638164,-0.00949817,atac10k_ext
0.008593608,-0.011987243,atac10k_ext
-0.011324623,0.006306681,atac10k_ext
-0.0032023669,-0.01267353,atac10k_ext
0.0052833273,0.012860675,atac10k_ext
0.018815564,-0.007455576,atac10k_ext
-0.0038448428,0.00493198,atac10k_ext
0.0099791465,0.011969606,atac10k_ext
0.0055809286,0.013249816,atac10k_ext
-0.014854392,-0.008729574,atac10k_ext
-0.004974581,-0.010917866,atac10k_ext
0.009416498,0.013047486,atac10k_ext
0.002570627,0.0014635772,atac10k_ext
-0.007942894,0.01595471,atac10k_ext
0.0009767609,0.009533659,atac10k_ext
0.013298962,-0.010132517,atac10k_ext
0.007589278,0.010424229,atac10k_ext
-0.004163544,-0.007818286,atac10k_ext
-0.00436748,-0.008584507,atac10k_ext
0.0024602618,-0.00447838,atac10k_ext
0.0053809346,0.012033752,atac10k_ext
0.0076167015,-0.004330734,atac10k_ext
0.009290057,-0.016095482,atac10k_ext
-0.00876056,0.0145472195,atac10k_ext
0.009680446,-0.010468321,atac10k_ext
-0.0005317168,0.007186975,atac10k_ext
-0.007341593,0.012380475,atac10k_ext
-0.005387474,-0.011331609,atac10k_ext
0.0062729428,-0.008912965,atac10k_ext
-0.012567428,-0.0047940346,atac10k_ext
-0.005689283,-0.004563517,atac10k_ext
0.0011118914,-0.008904249,atac10k_ext
0.005147633,0.0051360857,atac10k_ext
0.01722965,-0.0050786743,atac10k_ext
0.008356881,0.0068278057,atac10k_ext
-0.015716579,-0.0041453894,atac10k_ext
0.0069277296,-0.00817512,atac10k_ext
-0.02240968,-0.010105235,atac10k_ext
-0.008356115,0.009602832,atac10k_ext
0.001579512,-0.0033238502,atac10k_ext
-0.011965617,-0.012202351,atac10k_ext
-0.006919511,-0.007788423,atac10k_ext
-0.0089254165,-0.014398867,atac10k_ext
-0.0058334647,-0.0068616425,atac10k_ext
0.0019867609,-0.0018431763,atac10k_ext
-0.0015311484,0.007216997,atac10k_ext
-0.014927706,-0.009054485,atac10k_ext
-0.017288087,0.012311967,atac10k_ext
0.0010089813,0.0010885431,atac10k_ext
-0.017104482,-0.017271198,atac10k_ext
-0.0029894593,0.016244823,atac10k_ext
0.012403538,-0.005060867,atac10k_ext
0.0014981626,-0.007443342,atac10k_ext
0.019521404,-0.009586795,atac10k_ext
0.0101997955,-0.01027583,atac10k_ext
0.009804523,0.011502047,atac10k_ext
-0.0073293378,0.00920938,atac10k_ext
0.01599915,-0.004791122,atac10k_ext
-0.00884946,0.0054391325,atac10k_ext
-0.015913395,-0.009141331,atac10k_ext
-0.023176733,0.009334497,atac10k_ext
0.0015722129,-0.01109419,atac10k_ext
-0.0006287502,-0.013916904,atac10k_ext
-0.011075616,0.010655349,atac10k_ext
-0.011992227,0.0087258695,atac10k_ext
0.0051625883,0.011634789,atac10k_ext
0.010831187,-0.019745491,atac10k_ext
0.0038348846,-0.02482623,atac10k_ext
-0.008701087,-0.008358531,atac10k_ext
0.005498511,0.0016798907,atac10k_ext
0.008544363,0.0053881304,atac10k_ext
0.0012412065,0.007871854,atac10k_ext
0.011823014,-0.0036390284,atac10k_ext
0.009873461,2.6656035e-05,atac10k_ext
0.010040788,0.012975975,atac10k_ext
-0.010081497,0.0010327151,atac10k_ext
-0.0051814737,0.004227277,atac10k_ext
-0.011979451,0.013893211,atac10k_ext
0.023137236,0.006439268,atac10k_ext
0.0016034399,-0.010773246,atac10k_ext
0.005534,0.014625503,atac10k_ext
-0.016830638,-0.007269838,atac10k_ext
-0.006717445,-0.021610193,atac10k_ext
0.0004537872,-0.008604528,atac10k_ext
-0.010021634,-0.013713415,atac10k_ext
0.0038689454,0.013467084,atac10k_ext
-0.0054025105,-0.010619321,atac10k_ext
-0.00505298,-0.0053232578,atac10k_ext
-0.0010386131,0.019219907,atac10k_ext
0.0013979974,0.018527377,atac10k_ext
0.012850139,-0.01134675,atac10k_ext
0.014052557,0.008270467,atac10k_ext
0.00023232448,-0.008961383,atac10k_ext
0.0069575165,0.0048645576,atac10k_ext
0.0041677845,-0.026984185,atac10k_ext
0.004376015,-0.0051198346,atac10k_ext
0.0021203477,0.0057497523,atac10k_ext
0.01151188,-0.006898404,atac10k_ext
-0.013476855,-0.0024853928,atac10k_ext
-0.0028750293,0.0153525425,atac10k_ext
-0.0013519006,0.011477024,atac10k_ext
-0.007392859,0.00323661,atac10k_ext
-0.0039370256,-0.002577447,atac10k_ext
-0.0010256146,0.011683239,atac10k_ext
-0.009707909,0.0123596415,atac10k_ext
0.0038996344,0.009543905,atac10k_ext
-0.0040653213,-0.017597107,atac10k_ext
0.011454295,0.009432328,atac10k_ext
0.010118263,0.013479419,atac10k_ext
0.020781823,-0.011440913,atac10k_ext
0.0021739486,0.0095900865,atac10k_ext
-0.005311752,-0.010379608,atac10k_ext
0.0021897627,-0.004589032,atac10k_ext
0.00024845204,0.006124879,atac10k_ext
-0.013831142,0.006023691,atac10k_ext
-0.011882556,0.012868754,atac10k_ext
-0.0020840685,0.0047141756,atac10k_ext
-0.00794555,0.010710715,atac10k_ext
-0.014540228,-0.01587175,atac10k_ext
0.0013298336,-0.026152022,atac10k_ext
-0.0016872315,-0.01112637,atac10k_ext
0.0037247608,0.015373098,atac10k_ext
-0.014359577,-0.0021911797,atac10k_ext
-0.0005820372,0.007879563,atac10k_ext
0.00066992885,0.004693691,atac10k_ext
-0.0146279875,0.0069863508,atac10k_ext
0.0024982677,0.007157567,atac10k_ext
-0.008252313,0.0019600315,atac10k_ext
-0.00872785,0.012825569,atac10k_ext
0.011048554,-0.011175342,atac10k_ext
-0.017530786,-0.008774201,atac10k_ext
-0.0033468737,-0.0070774234,atac10k_ext
0.010178798,-0.009078777,atac10k_ext
0.0072544967,0.012613536,atac10k_ext
-0.0034535206,-0.0115514835,atac10k_ext
0.0039890474,-0.026057117,atac10k_ext
-0.011046047,-0.008685729,atac10k_ext
0.003785523,0.00711113,atac10k_ext
-0.021033984,0.005115661,atac10k_ext
0.013241798,0.010698613,atac10k_ext
0.0033610512,-0.010291565,atac10k_ext
-0.00011805564,0.003694303,atac10k_ext
-0.006032812,0.0017107679,atac10k_ext
-0.010589438,0.007235346,atac10k_ext
0.010573771,0.0057365457,atac10k_ext
-0.0061916234,0.009681721,atac10k_ext
-0.0033786194,0.006965425,atac10k_ext
0.002134757,0.014105139,atac10k_ext
0.0093466425,-0.021896545,atac10k_ext
-0.014220637,-0.0068340306,atac10k_ext
-0.00083460764,-0.0039921748,atac10k_ext
-0.006824747,0.014803318,atac10k_ext
0.0057522994,-0.009273167,atac10k_ext
-0.002952557,0.011665491,atac10k_ext
-0.00025555203,-0.007855194,atac10k_ext
-0.006845854,0.00412286,atac10k_ext
-0.0026308515,-0.01275692,atac10k_ext
0.006430141,0.014376479,atac10k_ext
0.01567708,-0.01500533,atac10k_ext
-0.008230341,-0.0065511875,atac10k_ext
-0.004644641,-0.011245106,atac10k_ext
0.00096777536,0.009030851,atac10k_ext
-0.021297889,-0.010768763,atac10k_ext
-0.00032280426,-0.0052039553,atac10k_ext
-0.004419248,0.015570359,atac10k_ext
0.00352503,0.009975583,atac10k_ext
-0.0098901205,0.0065453025,atac10k_ext
-0.017850678,0.0068195383,atac10k_ext
-0.0142844925,0.01345429,atac10k_ext
-0.0017140564,-0.0064980923,atac10k_ext
-0.008315208,0.0058977352,atac10k_ext
0.012026233,-0.00020821842,atac10k_ext
0.00091170653,-0.015328388,atac10k_ext
-0.022557434,-0.0076179304,atac10k_ext
-0.009673107,-0.007872352,atac10k_ext
0.011669533,-0.0077866465,atac10k_ext
-0.007738805,0.007930433,atac10k_ext
-0.0055566276,-0.013456686,atac10k_ext
-0.0047613806,0.0039453376,atac10k_ext
0.01380594,-0.0080974605,atac10k_ext
-0.021265637,0.012080922,atac10k_ext
0.002178029,-0.0029844944,atac10k_ext
-0.026544813,-0.0026474758,atac10k_ext
-0.008647822,0.004775778,atac10k_ext
0.0048489813,-0.0095801735,atac10k_ext
-0.0007269605,0.0005985297,atac10k_ext
0.0103029385,0.01207468,atac10k_ext
-0.0006606904,0.010958961,atac10k_ext
-0.00910363,-0.010933646,atac10k_ext
-0.0135414265,0.010168505,atac10k_ext
0.013779664,-0.009731151,atac10k_ext
-0.012879631,0.0032460603,atac10k_ext
-0.008681512,0.012531218,atac10k_ext
0.0027598303,0.0025323397,atac10k_ext
0.0056865304,-0.0067523425,atac10k_ext
0.005830725,0.0059662424,atac10k_ext
-0.0031477755,0.009550189,atac10k_ext
-0.01386461,-0.014016359,atac10k_ext
-0.014411215,0.008334761,atac10k_ext
-0.0021945818,-0.020230642,atac10k_ext
-0.00554704,-0.010430249,atac10k_ext
0.025036773,-0.0242752,atac10k_ext
-0.020369891,0.0089012,atac10k_ext
0.005133206,0.009840437,atac10k_ext
0.0014337096,0.004174933,atac10k_ext
-0.004628579,-0.002812244,atac10k_ext
0.003674245,0.011754085,atac10k_ext
-0.0023778644,-0.006655357,atac10k_ext
-0.0063390206,-0.022030232,atac10k_ext
0.01528732,-0.00804839,atac10k_ext
-0.007382285,-0.012395409,atac10k_ext
0.024914443,-0.010622232,atac10k_ext
0.03218241,-0.0058872043,atac10k_ext
-0.003979394,0.01204384,atac10k_ext
0.011806671,0.01683637,atac10k_ext
-0.008559501,-0.008062246,atac10k_ext
-0.0023809238,0.0068095922,atac10k_ext
0.0067787655,-0.015501946,atac10k_ext
0.010355421,0.009933433,atac10k_ext
-0.016495842,-0.015045992,atac10k_ext
0.0039494885,-0.00295655,atac10k_ext
0.017102923,0.002758612,atac10k_ext
-0.006210514,0.017703645,atac10k_ext
-0.004700023,0.016966034,atac10k_ext
-0.014968371,0.011427555,atac10k_ext
0.0008162711,0.002668214,atac10k_ext
0.0021080116,0.013721293,atac10k_ext
-0.014822028,-0.009163093,atac10k_ext
0.006803852,0.0077322028,atac10k_ext
0.015552823,-0.0064545446,atac10k_ext
-0.0076806108,-0.0068639405,atac10k_ext
0.006284217,0.010281743,atac10k_ext
0.00047247278,-0.008672394,atac10k_ext
0.006605542,-0.0071400953,atac10k_ext
-0.0012691838,0.0062696906,atac10k_ext
0.0062802667,-0.0072037666,atac10k_ext
0.012401418,0.014444453,atac10k_ext
-0.0021976263,-0.0030238559,atac10k_ext
-0.019403702,-0.012328445,atac10k_ext
0.014625852,-0.02897487,atac10k_ext
-0.020412285,0.0076089012,atac10k_ext
0.004765108,0.019013958,atac10k_ext
-0.0026149706,0.0105128065,atac10k_ext
-0.008456784,0.011941,atac10k_ext
0.031383947,-0.0035760922,atac10k_ext
0.0015778407,-0.022958681,atac10k_ext
0.01258531,-0.008779266,atac10k_ext
0.0030904412,0.011631489,atac10k_ext
0.01128028,-0.0149144735,atac10k_ext
0.01827357,-0.007418342,atac10k_ext
7.705196e-05,0.010641778,atac10k_ext
-0.00730536,0.005284169,atac10k_ext
0.0068306015,0.012842619,atac10k_ext
0.0046313633,-0.008172091,atac10k_ext
-0.01704534,-0.020733094,atac10k_ext
-0.011779203,0.0057461187,atac10k_ext
0.015296922,0.0015987445,atac10k_ext
-0.0043974062,0.00674234,atac10k_ext
0.021397617,-0.013897203,atac10k_ext
-0.007266251,-0.014881692,atac10k_ext
-0.015540681,0.019732786,atac10k_ext
-0.0033992443,-0.026784103,atac10k_ext
-0.005549936,0.0016930419,atac10k_ext
0.005580883,0.0037841399,atac10k_ext
-0.01484044,0.0093621565,atac10k_ext
-0.00020983566,-0.015600833,atac10k_ext
0.014189676,-0.012984128,atac10k_ext
-0.0033995383,-0.0155634405,atac10k_ext
-0.01650375,-0.024687551,atac10k_ext
-0.0040573324,-0.014457657,atac10k_ext
0.010258448,0.011591676,atac10k_ext
-0.007332615,0.01111181,atac10k_ext
-0.004118343,-0.01308276,atac10k_ext
-0.0084638335,0.0046814447,atac10k_ext
0.011001431,0.0017412327,atac10k_ext
-0.04202826,0.0052671623,atac10k_ext
-0.013759221,-0.013400376,atac10k_ext
-0.012263462,0.011922702,atac10k_ext
0.011492306,0.0017600646,atac10k_ext
-0.00013023561,0.0073795663,atac10k_ext
-7.769568e-05,-0.016865922,atac10k_ext
0.012147319,0.0116081955,atac10k_ext
0.010806877,0.0073600304,atac10k_ext
0.0023659915,-0.010677922,atac10k_ext
0.014920694,0.0041863914,atac10k_ext
-0.014562254,0.0024902555,atac10k_ext
0.0038622883,0.014683805,atac10k_ext
-0.021977592,-0.013205442,atac10k_ext
0.03033834,0.008701095,atac10k_ext
-0.0011571608,-0.010705068,atac10k_ext
-0.017054278,0.0088725975,atac10k_ext
-0.013666459,-0.010939601,atac10k_ext
-0.013274872,-0.008865663,atac10k_ext
0.008558453,0.017761417,atac10k_ext
-0.0042816903,-0.015783437,atac10k_ext
0.0019502966,-0.013570269,atac10k_ext
-0.008270791,0.016313236,atac10k_ext
-0.011343157,-0.0059581297,atac10k_ext
0.0052649966,-0.018501516,atac10k_ext
0.030117616,0.007255354,atac10k_ext
0.0036906176,-0.006561605,atac10k_ext
-0.016891649,-0.002571828,atac10k_ext
0.01341501,0.01389453,atac10k_ext
-0.014879728,0.0056249946,atac10k_ext
-0.012040196,0.011190325,atac10k_ext
-0.007698095,0.017447513,atac10k_ext
-0.002947295,-0.007973109,atac10k_ext
0.007857247,-0.0037369735,atac10k_ext
-0.027405031,0.008241009,atac10k_ext
-0.005263598,-0.0110785505,atac10k_ext
0.017903449,-0.012843354,atac10k_ext
-0.011592074,-0.0038108516,atac10k_ext
0.0015333442,0.01453687,atac10k_ext
0.0066021536,-0.0048482455,atac10k_ext
0.00588058,0.010342267,atac10k_ext
0.011232559,0.012508247,atac10k_ext
-0.018854856,-0.0022555122,atac10k_ext
-0.00054660585,-0.011037003,atac10k_ext
0.022346292,-0.022053134,atac10k_ext
-0.0027340339,-0.013384359,atac10k_ext
-0.0014706956,-0.0037993174,atac10k_ext
-0.008066689,0.015981007,atac10k_ext
0.016576538,-0.009681361,atac10k_ext
-0.0044519436,0.0069578504,atac10k_ext
-0.010606456,-0.010698463,atac10k_ext
-0.012483781,0.0060491716,atac10k_ext
0.0038693566,-0.011876295,atac10k_ext
0.007813189,0.009606439,atac10k_ext
-0.010283519,0.008910232,atac10k_ext
0.00409339,-0.004091876,atac10k_ext
0.012107475,0.010052407,atac10k_ext
0.00047295715,0.020931788,atac10k_ext
-0.008568336,-0.02515606,atac10k_ext
-0.02229894,-0.0088983765,atac10k_ext
0.004624139,0.0022550628,atac10k_ext
-0.0059848004,0.0134669505,atac10k_ext
-0.00082604284,0.013931127,atac10k_ext
-0.0073767337,-0.01291125,atac10k_ext
0.0054127024,0.006285845,atac10k_ext
0.0044298745,-0.015221996,atac10k_ext
-0.0164238,-0.016734814,atac10k_ext
0.0010793349,-0.0149598345,atac10k_ext
0.009744131,-0.006013721,atac10k_ext
0.005515142,-0.0005302305,atac10k_ext
0.0016850571,-0.008409812,atac10k_ext
0.0011473222,-0.009603075,atac10k_ext
-0.007747891,-0.022134684,atac10k_ext
-0.007632969,5.7106947e-05,atac10k_ext
0.001727495,0.005695548,atac10k_ext
0.006242338,-0.002637285,atac10k_ext
-0.009166628,-0.0054900567,atac10k_ext
0.009711647,-0.007126976,atac10k_ext
0.0019731119,-0.012556542,atac10k_ext
-0.011943638,-0.0025475342,atac10k_ext
-0.015176338,-0.024500905,atac10k_ext
0.01777388,0.00065898185,atac10k_ext
-0.010011287,-0.010408249,atac10k_ext
0.009136019,0.008123981,atac10k_ext
-0.013199287,-0.002441664,atac10k_ext
0.008741037,0.013846229,atac10k_ext
0.005434802,-0.0064107315,atac10k_ext
-0.014441984,-0.013478769,atac10k_ext
-0.03512301,-0.0099568805,atac10k_ext
0.012225892,-0.012780708,atac10k_ext
-0.0075363,0.011327211,atac10k_ext
0.013885221,-0.026121669,atac10k_ext
-0.013363817,0.0011161423,atac10k_ext
-0.0037822898,0.0054314174,atac10k_ext
0.0039793025,-0.00051532465,atac10k_ext
-0.005117729,0.018906737,atac10k_ext
-0.006910766,0.017652098,atac10k_ext
-0.0105130635,-0.0006901349,atac10k_ext
0.0007954591,0.008380528,atac10k_ext
0.01024898,-0.013089075,atac10k_ext
-0.0045833006,0.016119702,atac10k_ext
-0.00067292666,-0.0114046605,atac10k_ext
-0.0020449352,0.01096197,atac10k_ext
-0.0029108948,-0.014330505,atac10k_ext
0.007089418,0.0028440943,atac10k_ext
0.011049589,-0.012855297,atac10k_ext
0.0046553467,0.0067500295,atac10k_ext
0.0053938553,-0.008948216,atac10k_ext
0.00021847346,0.010302799,atac10k_ext
0.014127657,0.00046577028,atac10k_ext
0.0031292206,0.010328231,atac10k_ext
0.00076562574,0.013079881,atac10k_ext
0.013775291,0.00874707,atac10k_ext
0.0039292052,0.007229133,atac10k_ext
0.01053521,-0.009804708,atac10k_ext
-0.026968822,0.010361309,atac10k_ext
0.012162362,0.005066871,atac10k_ext
-0.01582163,-0.007821033,atac10k_ext
-0.0026165002,-0.005825433,atac10k_ext
-0.006019475,-0.021424344,atac10k_ext
0.0035952353,0.0068285335,atac10k_ext
0.0041031875,0.0051571876,atac10k_ext
-0.0035961305,-0.0080405995,atac10k_ext
0.0010792604,-0.0066176024,atac10k_ext
0.0068575144,-0.005015351,atac10k_ext
-0.0034690206,-0.0032516867,atac10k_ext
0.0019885388,0.005662526,atac10k_ext
-0.0165347,0.0045982157,atac10k_ext
-0.00835851,-0.0035853188,atac10k_ext
0.008873937,0.010963981,atac10k_ext
-0.011369439,-0.012443271,atac10k_ext
0.013502906,0.0034171578,atac10k_ext
-0.017064963,0.004935106,atac10k_ext
-0.016467305,0.008366932,atac10k_ext
-0.02217619,0.01657974,atac10k_ext
0.0030912694,0.013502379,atac10k_ext
-0.0039228154,-0.0037547455,atac10k_ext
0.0011914728,-0.008891804,atac10k_ext
0.016329905,-0.0074805543,atac10k_ext
0.00023672802,-0.012124986,atac10k_ext
-0.0033859692,0.0066882973,atac10k_ext
-0.0045390246,-0.0039191586,atac10k_ext
0.022219967,0.0050622425,atac10k_ext
0.015352485,0.007945163,atac10k_ext
0.016862726,-0.009179762,atac10k_ext
-0.0083514415,-0.0024598672,atac10k_ext
-0.010945671,-0.010544755,atac10k_ext
-0.0061322143,-0.010021089,atac10k_ext
-0.011419555,0.013476346,atac10k_ext
-0.017266313,-0.0044443454,atac10k_ext
-0.01554881,0.015780319,atac10k_ext
-0.009468649,-0.012791555,atac10k_ext
0.004453835,0.009758339,atac10k_ext
0.024724845,0.011912046,atac10k_ext
-0.00630306,-0.005702044,atac10k_ext
-0.002189357,0.015851974,atac10k_ext
-0.0076913056,0.00017931216,atac10k_ext
0.010187382,-0.0060588033,atac10k_ext
-0.010543802,0.008334039,atac10k_ext
0.0034405522,0.0054392293,atac10k_ext
0.009581869,-0.011507019,atac10k_ext
-0.00050880737,0.0072602336,atac10k_ext
0.0033565,-0.016235024,atac10k_ext
0.013728783,0.006747615,atac10k_ext
0.00869879,-0.0015160929,atac10k_ext
0.005174842,0.002947467,atac10k_ext
0.014684548,0.0063869385,atac10k_ext
0.010074752,0.011873614,atac10k_ext
-0.006290739,-0.014912462,atac10k_ext
0.0008645489,-0.0057678274,atac10k_ext
-0.011995779,-0.0051544486,atac10k_ext
-0.0060544917,0.013372336,atac10k_ext
-0.007995276,-0.011814234,atac10k_ext
0.0032278446,0.008443593,atac10k_ext
-0.008438572,-0.009996118,atac10k_ext
0.006787645,-0.009410438,atac10k_ext
0.0004213325,0.0044130785,atac10k_ext
0.014141983,0.003001531,atac10k_ext
0.01065167,0.004700034,atac10k_ext
0.014029507,-0.015758982,atac10k_ext
-0.010448025,0.005808292,atac10k_ext
0.021651268,-0.006770936,atac10k_ext
-0.012649842,0.009587062,atac10k_ext
-0.0036587778,-0.008414261,atac10k_ext
-0.0055733463,0.010325213,atac10k_ext
0.00038967922,0.010804851,atac10k_ext
0.00058081944,0.0034638594,atac10k_ext
-0.03141105,-0.0066171624,atac10k_ext
-0.011120167,-0.011377029,atac10k_ext
-0.008367909,0.0032115486,atac10k_ext
0.0020938234,0.013327584,atac10k_ext
0.008975604,-0.010352607,atac10k_ext
-0.006250388,-0.009702778,atac10k_ext
-0.0007367753,-0.008801511,atac10k_ext
-0.0029959644,-0.005974726,atac10k_ext
-0.00094280514,0.011620516,atac10k_ext
-0.00096502557,0.0039350213,atac10k_ext
0.012976124,0.010379092,atac10k_ext
-0.0023653612,0.0069068475,atac10k_ext
-0.015723465,0.010658673,atac10k_ext
-0.00643689,0.012598986,atac10k_ext
-0.0025078785,0.0047273412,atac10k_ext
0.0115728155,0.012041068,atac10k_ext
-0.016970117,-0.020439638,atac10k_ext
-0.01127669,0.012183498,atac10k_ext
-0.0071045277,0.0123324795,atac10k_ext
0.0035845465,-0.014226223,atac10k_ext
-0.0005784004,0.014036174,atac10k_ext
-0.0136443535,0.0062627755,atac10k_ext
-0.026792109,0.0075212833,atac10k_ext
0.008816323,0.0048412643,atac10k_ext
0.0107386345,-0.012704517,atac10k_ext
-0.0069210734,0.008537977,atac10k_ext
0.0024358456,0.010699927,atac10k_ext
-0.013675282,-0.008080434,atac10k_ext
-0.007358709,0.015754525,atac10k_ext
-0.005859767,-0.023145871,atac10k_ext
-0.0010036265,0.0075596273,atac10k_ext
0.0021395837,-0.0074628545,atac10k_ext
-0.0006161268,-0.013345204,atac10k_ext
-0.004495415,-0.009503859,atac10k_ext
0.0110655,0.013622078,atac10k_ext
-0.011269912,0.013681311,atac10k_ext
0.011164275,-0.009026208,atac10k_ext
0.0074703298,0.012926392,atac10k_ext
-0.008298666,-0.021783397,atac10k_ext
-0.0033332133,0.010758846,atac10k_ext
-0.0029847634,-0.012553745,atac10k_ext
-0.0016475949,-0.0024628472,atac10k_ext
0.012332903,-0.005638359,atac10k_ext
-0.011895113,-0.008122982,atac10k_ext
0.002575686,-0.012823489,atac10k_ext
0.00592412,0.0144445645,atac10k_ext
0.004491724,0.014009532,atac10k_ext
-0.010509035,0.009979648,atac10k_ext
0.0057516005,0.015336743,atac10k_ext
0.011729791,-0.0030264724,atac10k_ext
0.009935756,0.014940025,atac10k_ext
-0.022889163,0.0050780266,atac10k_ext
-0.015495825,-0.011076278,atac10k_ext
-0.010678852,-0.0076896637,atac10k_ext
-0.0031273987,-0.010658226,atac10k_ext
0.008673313,-0.010050893,atac10k_ext
0.001084437,0.009161203,atac10k_ext
-0.007119278,0.012387314,atac10k_ext
-0.020030204,0.008263035,atac10k_ext
0.004702952,-0.0086848475,atac10k_ext
0.019134307,-4.011932e-05,atac10k_ext
-0.010145364,-0.015452237,atac10k_ext
0.0081420755,0.0067344327,atac10k_ext
0.0067930957,-0.0041387156,atac10k_ext
-0.0045998436,-0.008996502,atac10k_ext
-0.016481739,0.0035780214,atac10k_ext
-0.005302791,0.0039861263,atac10k_ext
-0.0065211854,-0.010203165,atac10k_ext
0.00124363,0.016372157,atac10k_ext
0.0001349066,0.007818638,atac10k_ext
-0.01913013,-0.007355808,atac10k_ext
0.018501036,0.00735225,atac10k_ext
0.0013709846,0.009346184,atac10k_ext
-0.020862713,-0.01792416,atac10k_ext
-0.0065972535,0.010609516,atac10k_ext
0.0012075168,-0.022806365,atac10k_ext
0.023727285,-0.0019725761,atac10k_ext
0.005778756,-0.0065788855,atac10k_ext
0.0031595563,0.013249605,atac10k_ext
0.0035191148,-0.019718023,atac10k_ext
0.011032249,0.0147324,atac10k_ext
-0.017104117,-0.0065988116,atac10k_ext
0.00497983,0.007602971,atac10k_ext
-0.0041945325,0.009634072,atac10k_ext
0.0006337079,-0.009204369,atac10k_ext
0.009867655,0.0060356064,atac10k_ext
0.010846111,0.010738233,atac10k_ext
-0.00013373405,-0.023800429,atac10k_ext
-0.018961564,0.012519211,atac10k_ext
-0.018241137,0.003854789,atac10k_ext
-0.024025204,0.013257166,atac10k_ext
-0.00085454073,-0.0074940766,atac10k_ext
-0.00059914705,0.014832745,atac10k_ext
-0.00084788544,-0.008581878,atac10k_ext
-0.0045365235,-0.011215725,atac10k_ext
-0.0124664875,-0.009246741,atac10k_ext
0.0055743894,0.000113027956,atac10k_ext
0.002043277,-0.013105421,atac10k_ext
0.0048572435,-0.010526164,atac10k_ext
0.012136675,-0.0062074843,atac10k_ext
-0.007108054,0.009147133,atac10k_ext
0.014643224,0.007010383,atac10k_ext
-0.011605007,0.010050156,atac10k_ext
0.016852193,0.005090742,atac10k_ext
0.0050562695,-0.002901529,atac10k_ext
-0.002162259,-0.0065833204,atac10k_ext
0.006724535,0.011062392,atac10k_ext
-0.0027492524,-0.002259222,atac10k_ext
-0.013104287,0.01609031,atac10k_ext
0.022575608,-0.013729504,atac10k_ext
-0.0041926224,0.008834688,atac10k_ext
0.009250332,0.017619174,atac10k_ext
0.0008570768,0.010645877,atac10k_ext
0.007654397,-0.016102703,atac10k_ext
-0.010152607,-0.010820115,atac10k_ext
-0.011686569,0.013211958,atac10k_ext
-0.0018744792,-0.0041471682,atac10k_ext
0.0059667514,-0.011614718,atac10k_ext
0.0022660727,-0.010995732,atac10k_ext
0.004813644,-0.009253149,atac10k_ext
0.0051219887,-0.01062858,atac10k_ext
-0.0010005949,0.011679742,atac10k_ext
-0.0048131132,-0.013112733,atac10k_ext
-0.0059805657,-0.010450247,atac10k_ext
0.009465374,-0.010373682,atac10k_ext
0.017373465,-0.008016144,atac10k_ext
0.0056164796,-0.030361887,atac10k_ext
-0.0010598538,0.007729887,atac10k_ext
0.009885846,-0.010991167,atac10k_ext
0.011821687,0.0025826422,atac10k_ext
0.007560404,-0.009434763,atac10k_ext
0.002020357,-0.006397501,atac10k_ext
0.006364949,-0.0114747435,atac10k_ext
0.007178765,-0.008956405,atac10k_ext
0.004005215,0.0113553675,atac10k_ext
-0.0193298,0.0074038194,atac10k_ext
-0.012341078,0.015197651,atac10k_ext
-0.0077117747,0.008827521,atac10k_ext
0.0071731643,-0.013365654,atac10k_ext
-0.00808821,-0.010099895,atac10k_ext
-0.013786206,0.006497279,atac10k_ext
0.011639298,0.0049160747,atac10k_ext
0.0068377675,-0.004373261,atac10k_ext
0.00040194366,-0.010492019,atac10k_ext
-0.017280793,0.0063053034,atac10k_ext
0.0034684492,-0.007919055,atac10k_ext
-0.009292002,-0.005968876,atac10k_ext
0.009385496,0.011079289,atac10k_ext
0.0037177475,-0.0046352088,atac10k_ext
-0.0045273043,-0.009185139,atac10k_ext
-0.0016578813,0.0040977406,atac10k_ext
-0.01557763,0.015560429,atac10k_ext
-0.0035815274,-0.0051547294,atac10k_ext
0.009242575,-0.011751263,atac10k_ext
0.0019486252,0.010785568,atac10k_ext
-0.011828038,-1.4751218e-05,atac10k_ext
-0.0040668654,0.0090212235,atac10k_ext
0.0015739797,0.016039085,atac10k_ext
-0.003973964,-0.008957022,atac10k_ext
-0.0022076357,-0.009738881,atac10k_ext
0.0019457265,-0.007227103,atac10k_ext
-0.00016510539,0.010314876,atac10k_ext
0.0011482401,-0.01107173,atac10k_ext
-0.0013208629,-0.005926214,atac10k_ext
0.008080257,-0.008667805,atac10k_ext
-0.011831459,0.008694605,atac10k_ext
0.005667131,-0.00988789,atac10k_ext
0.0062710517,0.011510485,atac10k_ext
-0.029985026,0.012847392,atac10k_ext
0.023300597,0.015369299,atac10k_ext
-0.0045990613,-0.007816404,atac10k_ext
-0.012108782,-0.022464104,atac10k_ext
-0.001524212,-0.011309128,atac10k_ext
0.016976632,-0.010391443,atac10k_ext
-0.0065585924,-0.005673224,atac10k_ext
0.018773852,-0.022322478,atac10k_ext
-0.014228289,-0.008671549,atac10k_ext
-0.0041196123,-0.010290412,atac10k_ext
-0.007608157,0.015132806,atac10k_ext
-0.023139047,0.0062462576,atac10k_ext
-0.010811458,0.0051024845,atac10k_ext
-0.002406662,0.014824589,atac10k_ext
-0.0033011413,-0.0028314192,atac10k_ext
0.0063573974,0.010337122,atac10k_ext
-0.024113787,0.0024219917,atac10k_ext
-0.012927583,0.01304326,atac10k_ext
-0.0062075704,0.015427538,atac10k_ext
0.0017718013,-0.0017904645,atac10k_ext
-0.0013711464,-0.01343307,atac10k_ext
-0.00867683,0.011595405,atac10k_ext
0.028668385,-0.01058642,atac10k_ext
0.011586148,-0.010845173,atac10k_ext
-0.013264153,0.0108103715,atac10k_ext
0.0015630412,0.0085388515,atac10k_ext
-0.0059027607,0.005276965,atac10k_ext
0.02307663,-0.0070832893,atac10k_ext
0.0023229572,0.01336381,atac10k_ext
-0.01432387,-0.0068762745,atac10k_ext
0.0065588965,-0.004440173,atac10k_ext
-0.006543093,-0.01873131,atac10k_ext
0.015440331,0.008526446,atac10k_ext
-0.0080429325,0.0041253227,atac10k_ext
-0.006950021,-0.008210087,atac10k_ext
-0.0025445041,-0.012357671,atac10k_ext
-0.0025559154,0.008487435,atac10k_ext
-0.00858097,0.0035948902,atac10k_ext
0.024823986,0.008553707,atac10k_ext
0.0053450423,-0.0073755,atac10k_ext
-0.0044829967,-0.008142279,atac10k_ext
-0.010353648,0.008736977,atac10k_ext
-0.010785302,0.01088253,atac10k_ext
-0.00041707483,-0.032491893,atac10k_ext
-0.0013802194,-0.0047072833,atac10k_ext
0.0047059874,-0.0004156508,atac10k_ext
-0.016508944,0.009507634,atac10k_ext
-0.0014723345,-0.004386883,atac10k_ext
-0.016647784,0.009760445,atac10k_ext
-0.0039476994,0.00900013,atac10k_ext
-0.012963919,-0.0061207884,atac10k_ext
0.010365445,-0.005707973,atac10k_ext
-0.00031224824,-0.012525845,atac10k_ext
0.008414338,-0.016019665,atac10k_ext
-0.0078175645,0.014045583,atac10k_ext
0.0024601067,0.007521248,atac10k_ext
-0.0057425285,0.012907786,atac10k_ext
0.0020939778,-0.0059743314,atac10k_ext
-0.007310121,0.006958025,atac10k_ext
-0.006989637,0.002495048,atac10k_ext
-0.015461283,-0.0021753216,atac10k_ext
0.009451374,-0.019722402,atac10k_ext
-0.0075182416,0.00993849,atac10k_ext
0.012078222,-0.0037632387,atac10k_ext
-0.016551496,-0.019452095,atac10k_ext
-0.021290956,-0.0061908397,atac10k_ext
-0.024013987,-0.02453918,atac10k_ext
-0.017293004,0.014836906,atac10k_ext
-0.007633517,0.013371003,atac10k_ext
-0.007145151,-0.022604508,atac10k_ext
-0.008032444,-0.008625764,atac10k_ext
-0.02475825,0.005032991,atac10k_ext
-0.0026025746,-0.012807541,atac10k_ext
-0.01702326,-0.0023059598,atac10k_ext
-0.005140025,-0.0059358845,atac10k_ext
-0.00022794116,0.008269706,atac10k_ext
-0.012588059,-0.011485856,atac10k_ext
-0.0072604087,-0.007887482,atac10k_ext
-0.0013982214,-0.020895803,atac10k_ext
-0.0028916684,-0.00466339,atac10k_ext
-0.00435068,-0.010689532,atac10k_ext
0.014043946,-0.0121104205,atac10k_ext
0.006433698,0.00669211,atac10k_ext
0.004818185,0.010120904,atac10k_ext
0.008381857,-0.012852017,atac10k_ext
-0.01157739,0.0009329091,atac10k_ext
0.004977082,0.009358857,atac10k_ext
-0.004970117,-0.00977557,atac10k_ext
-0.0039794184,0.0153611945,atac10k_ext
0.00992521,0.011589996,atac10k_ext
0.009539189,0.0076678293,atac10k_ext
0.0029057136,0.006440824,atac10k_ext
-0.0062775924,-0.009523202,atac10k_ext
0.00506267,0.011361088,atac10k_ext
0.0009897981,0.004122551,atac10k_ext
0.003017127,-0.0060389033,atac10k_ext
-0.01019504,-0.008779733,atac10k_ext
0.00398176,0.009306821,atac10k_ext
0.018440314,-0.0118431365,atac10k_ext
0.013520597,0.013725778,atac10k_ext
0.007812974,0.014328985,atac10k_ext
5.8565787e-05,0.010600066,atac10k_ext
-0.0029286533,-0.032195374,atac10k_ext
0.015989706,0.014554333,atac10k_ext
-0.008667179,0.007900792,atac10k_ext
-0.0022630212,0.016343016,atac10k_ext
0.008144616,-0.021663817,atac10k_ext
-0.004461774,0.011026982,atac10k_ext
0.012968979,-0.00986029,atac10k_ext
0.0038551865,0.012872944,atac10k_ext
-0.00422076,0.01382584,atac10k_ext
-0.00020369358,0.013182392,atac10k_ext
0.0037996483,0.008130126,atac10k_ext
0.009600137,0.0076184864,atac10k_ext
-0.0019408849,0.012077717,atac10k_ext
-0.016770564,0.010032789,atac10k_ext
-0.0011970525,0.014570677,atac10k_ext
-0.011777715,-0.0105207795,atac10k_ext
-0.009007225,-0.0062167584,atac10k_ext
0.015589868,-0.011272781,atac10k_ext
-0.0005672841,-0.0072665345,atac10k_ext
0.01628497,0.00860238,atac10k_ext
-0.008096804,0.008104018,atac10k_ext
-0.0043788855,0.008799749,atac10k_ext
0.005549767,-0.01113371,atac10k_ext
-0.00592733,0.010832485,atac10k_ext
-0.0065578218,0.0125342235,atac10k_ext
0.00027425712,-0.00018046591,atac10k_ext
0.0071307537,0.01685685,atac10k_ext
-0.028396493,-0.010280287,atac10k_ext
-0.005653937,0.00046683205,atac10k_ext
-0.008298358,-0.016294738,atac10k_ext
-0.0179143,-0.03181514,atac10k_ext
0.009358755,-0.010202384,atac10k_ext
0.0045665414,-0.010468999,atac10k_ext
0.017929943,0.013424756,atac10k_ext
-0.005959947,-0.011375629,atac10k_ext
-0.013616019,0.012027605,atac10k_ext
-0.0076376395,-0.0014122364,atac10k_ext
-0.005933399,8.5064494e-05,atac10k_ext
-0.0029719383,-0.0059408946,atac10k_ext
-0.000580835,0.0062439595,atac10k_ext
0.002898535,0.0139011815,atac10k_ext
0.002839353,0.005875199,atac10k_ext
0.000115105366,0.010177684,atac10k_ext
0.0022983614,0.009804261,atac10k_ext
-0.011288432,0.015345152,atac10k_ext
-6.462325e-05,-0.00095568126,atac10k_ext
-0.00903676,0.006398322,atac10k_ext
-0.0074312165,0.016025629,atac10k_ext
-0.012204709,-0.0035228597,atac10k_ext
-0.0041745887,0.015431952,atac10k_ext
0.0071961833,-0.009235149,atac10k_ext
0.016033253,-0.007472776,atac10k_ext
0.000997626,0.013131387,atac10k_ext
0.0073685674,-0.011540619,atac10k_ext
0.0019703442,-0.010532067,atac10k_ext
-0.00369255,-0.018450296,atac10k_ext
-0.009161794,0.0035138256,atac10k_ext
0.009367779,-0.009220469,atac10k_ext
0.0070765894,0.015499017,atac10k_ext
-0.008909745,0.00762895,atac10k_ext
-0.012335485,-0.015648605,atac10k_ext
0.019167649,0.0065602004,atac10k_ext
-0.012447413,-0.011817359,atac10k_ext
0.008223401,-0.0064080604,atac10k_ext
0.01619437,0.0057785395,atac10k_ext
-0.001130086,0.009033059,atac10k_ext
0.014781475,-0.007573062,atac10k_ext
-0.025306568,0.007115479,atac10k_ext
0.0037608654,-0.024824725,atac10k_ext
0.004717396,-0.00578047,atac10k_ext
0.00033448986,-0.013812165,atac10k_ext
0.009003847,-0.020113379,atac10k_ext
0.009060123,-0.020064147,atac10k_ext
-0.022131171,-0.010624306,atac10k_ext
-0.010920137,-0.008913835,atac10k_ext
-0.0047469665,0.003755935,atac10k_ext
0.0011243483,0.0075405184,atac10k_ext
-0.008611377,-0.005464895,atac10k_ext
0.016816806,0.011070957,atac10k_ext
-0.012113273,-0.024948595,atac10k_ext
0.00022761195,-0.0035784668,atac10k_ext
-0.0017120739,0.00096113334,atac10k_ext
-0.013808737,0.013764278,atac10k_ext
0.017225597,0.014819207,atac10k_ext
0.012644763,0.009256291,atac10k_ext
0.014937147,0.0073230956,atac10k_ext
-0.01087287,0.00085475494,atac10k_ext
0.0014427465,0.009784265,atac10k_ext
0.009529161,0.008150739,atac10k_ext
0.025630949,-0.009817429,atac10k_ext
0.0010620469,0.015174679,atac10k_ext
0.012995489,0.0072681103,atac10k_ext
-0.0037401323,-0.0021704652,atac10k_ext
-0.01709838,-0.02826884,atac10k_ext
-0.012440895,-0.009001481,atac10k_ext
-0.0027016357,0.009617,atac10k_ext
-0.0013083942,0.01656702,atac10k_ext
-0.00093623134,0.007038403,atac10k_ext
0.010378385,0.0057296124,atac10k_ext
0.014403105,-0.005785484,atac10k_ext
0.0054306076,0.014316206,atac10k_ext
-0.0026546437,-0.006076164,atac10k_ext
-0.0018498008,0.008693767,atac10k_ext
-0.013803638,-0.0070719616,atac10k_ext
-0.009345566,0.0087259235,atac10k_ext
0.0017221333,0.017931346,atac10k_ext
-0.006539316,0.010222384,atac10k_ext
-0.014520458,-0.006049048,atac10k_ext
-0.0010309633,0.018985258,atac10k_ext
0.010818318,-0.006807236,atac10k_ext
-0.030827556,0.0123449,atac10k_ext
-0.015436823,0.012399038,atac10k_ext
0.020285908,-0.012721188,atac10k_ext
0.011810055,0.004237799,atac10k_ext
-0.0016966606,0.0060520805,atac10k_ext
-0.00878933,-0.008956021,atac10k_ext
0.0009658214,0.013575927,atac10k_ext
-0.0026714832,0.009811026,atac10k_ext
-0.007104294,-0.01301707,atac10k_ext
-0.009767916,0.008763251,atac10k_ext
-0.019947788,-0.018865015,atac10k_ext
-0.011951036,0.011884554,atac10k_ext
-0.015647678,0.010235826,atac10k_ext
-0.004318634,-0.01926583,atac10k_ext
0.014190431,-0.0021826616,atac10k_ext
-0.0038046262,0.010281187,atac10k_ext
0.0024137185,0.0033550032,atac10k_ext
-0.013916879,-0.0059277345,atac10k_ext
-7.297813e-05,-0.00971654,atac10k_ext
0.003028947,0.0064046793,atac10k_ext
-0.01948619,0.015156367,atac10k_ext
-0.00509447,-0.009851918,atac10k_ext
-0.014374197,-0.013290522,atac10k_ext
0.0051665874,-0.008494768,atac10k_ext
0.0009824414,-0.011632657,atac10k_ext
-0.00052675337,0.019027771,atac10k_ext
0.001984807,0.007810025,atac10k_ext
-0.021921646,0.0097779315,atac10k_ext
0.0044868663,-0.019653343,atac10k_ext
-0.002530105,0.013702118,atac10k_ext
-0.0043204785,0.016951408,atac10k_ext
-0.0024759488,0.009168934,atac10k_ext
-0.022379693,0.0029532132,atac10k_ext
-0.0024663773,-0.008807815,atac10k_ext
-0.0052466025,0.008645588,atac10k_ext
-0.0032570998,-0.014560522,atac10k_ext
-0.012177396,0.012774379,atac10k_ext
-0.0006189111,0.010708267,atac10k_ext
0.009920462,-0.008608124,atac10k_ext
-0.015145314,0.013597456,atac10k_ext
-0.0039004995,0.012815264,atac10k_ext
0.0019760919,0.0069273626,atac10k_ext
-0.0012594555,0.010190863,atac10k_ext
-8.58485e-05,0.007568254,atac10k_ext
-0.021562338,-0.02654437,atac10k_ext
-0.008111381,0.009602092,atac10k_ext
0.018034253,0.00873534,atac10k_ext
0.010533893,0.009820971,atac10k_ext
0.0038186435,0.0021810785,atac10k_ext
0.0066794697,0.0012239926,atac10k_ext
-0.0021608493,0.0080693085,atac10k_ext
0.0012422819,0.012833592,atac10k_ext
0.022303382,0.0013252223,atac10k_ext
-0.002108076,0.004919094,atac10k_ext
0.0016901204,0.0152667975,atac10k_ext
-0.0042935843,-0.007972193,atac10k_ext
-0.0101989135,0.0063914107,atac10k_ext
0.0053225593,-0.019718366,atac10k_ext
-0.00080379203,-0.0005393946,atac10k_ext
-0.010131211,-0.00020146905,atac10k_ext
0.0072013615,0.014682604,atac10k_ext
0.013055828,-0.0052736737,atac10k_ext
0.005690719,-0.022956712,atac10k_ext
-0.0038431548,0.009432483,atac10k_ext
-0.004505916,-0.012405774,atac10k_ext
0.001956091,-0.009528326,atac10k_ext
0.002617759,-0.010093622,atac10k_ext
0.0016699779,0.008352612,atac10k_ext
-0.003931434,0.011091959,atac10k_ext
0.008253393,0.0064932453,atac10k_ext
0.021185486,-0.0077816625,atac10k_ext
-0.010025995,-0.015187997,atac10k_ext
-0.003638213,0.0013060248,atac10k_ext
0.015191605,-0.012765192,atac10k_ext
0.0040667155,0.006055037,atac10k_ext
0.010376702,0.0004983119,atac10k_ext
0.0056083943,-0.007266203,atac10k_ext
-0.010724202,0.015007087,atac10k_ext
0.0046121925,0.016172092,atac10k_ext
-0.009006634,-0.009047013,atac10k_ext
-0.005220628,0.012547893,atac10k_ext
0.0074784034,-0.010598688,atac10k_ext
0.019284477,0.0029546102,atac10k_ext
0.0015737113,0.008876575,atac10k_ext
0.014505418,-0.006779678,atac10k_ext
0.0068251267,-0.0050305636,atac10k_ext
-0.016583806,-0.015627926,atac10k_ext
-0.00078225834,0.012736664,atac10k_ext
0.008939263,-0.004490998,atac10k_ext
-0.01710249,0.0052194917,atac10k_ext
0.018092727,-0.0113392975,atac10k_ext
0.033014882,-0.003875626,atac10k_ext
-0.0079604285,-0.00987858,atac10k_ext
-0.006033583,-0.0062832553,atac10k_ext
0.0135723045,0.009989146,atac10k_ext
-0.00053905445,0.0074219774,atac10k_ext
-0.01771219,-0.00044349444,atac10k_ext
0.006074482,0.011783736,atac10k_ext
-0.001917915,0.017143864,atac10k_ext
0.0068723625,-0.0058634137,atac10k_ext
-0.0052766744,-0.011755301,atac10k_ext
-0.0115751065,-0.013726394,atac10k_ext
-0.0008070596,0.022262653,atac10k_ext
0.002494016,0.011089213,atac10k_ext
0.009182233,-0.005903076,atac10k_ext
-0.012867126,0.011355962,atac10k_ext
0.000340356,0.020913308,atac10k_ext
0.014162129,0.010331971,atac10k_ext
0.0026251688,0.014609668,atac10k_ext
0.011986344,0.003091989,atac10k_ext
-0.01040045,0.012568913,atac10k_ext
0.005559906,-0.0045123585,atac10k_ext
-0.030271685,-0.006268276,atac10k_ext
0.023201147,-0.009110655,atac10k_ext
0.020362366,0.0042262333,atac10k_ext
-0.0006527175,0.00814506,atac10k_ext
-0.0038310753,0.0050307377,atac10k_ext
-0.01103931,0.013218476,atac10k_ext
0.0033802842,0.007371251,atac10k_ext
-0.0015235316,0.011397015,atac10k_ext
-0.00315577,0.0055838423,atac10k_ext
-0.01291409,0.009914263,atac10k_ext
-0.00045368166,-0.015394772,atac10k_ext
-0.0073494576,0.010234235,atac10k_ext
0.011612463,-0.006686692,atac10k_ext
-0.0044971085,0.010359295,atac10k_ext
0.00049014756,0.012753051,atac10k_ext
-0.008685606,-0.012835966,atac10k_ext
0.0044719484,-0.031257294,atac10k_ext
-0.02177948,-0.0076224264,atac10k_ext
0.0027838312,0.015564346,atac10k_ext
0.00057756435,0.0042984337,atac10k_ext
-0.0025930244,0.00850046,atac10k_ext
-0.0006133096,-0.00013432553,atac10k_ext
0.0060276245,-0.020156797,atac10k_ext
-0.026153805,0.017047178,atac10k_ext
0.002072089,-0.010513093,atac10k_ext
0.0059803147,-0.009328229,atac10k_ext
-0.019144936,0.00080405327,atac10k_ext
0.0021782673,-0.010246532,atac10k_ext
0.025394043,-0.011157117,atac10k_ext
-0.0032661413,0.004156213,atac10k_ext
-0.0006115091,0.009602146,atac10k_ext
0.001794586,0.00637259,atac10k_ext
0.015587636,0.015077912,atac10k_ext
0.019108117,0.006262962,atac10k_ext
-0.005154254,0.020585133,atac10k_ext
-0.017038554,0.009232025,atac10k_ext
-0.0029252705,0.015497874,atac10k_ext
-0.00716375,-0.00790055,atac10k_ext
-0.014422971,0.0104714725,atac10k_ext
-0.010917059,0.011366464,atac10k_ext
0.018606897,-0.023938566,atac10k_ext
-0.005826175,0.00020110115,atac10k_ext
-0.008158037,0.01630061,atac10k_ext
-0.01340363,-0.0031088414,atac10k_ext
0.006602768,0.009739454,atac10k_ext
0.0109233605,-0.009780851,atac10k_ext
-0.0048535215,-0.0054845084,atac10k_ext
0.009789463,-0.007954671,atac10k_ext
0.016553547,-0.004881814,atac10k_ext
-0.00070632575,0.010583304,atac10k_ext
-0.013042872,-0.009439556,atac10k_ext
-0.010571565,0.009578688,atac10k_ext
0.009819086,0.008216722,atac10k_ext
-0.0025254362,-0.014032452,atac10k_ext
0.014369892,-0.004897399,atac10k_ext
-0.009651166,-0.013297372,atac10k_ext
-0.00026246652,0.012484561,atac10k_ext
0.005957496,0.016493937,atac10k_ext
0.005463027,0.010824641,atac10k_ext
-0.0026167976,0.004670406,atac10k_ext
0.00521642,-0.007944086,atac10k_ext
-0.0024842543,0.012424613,atac10k_ext
-0.011043908,0.009143869,atac10k_ext
-0.0015591405,0.0051389444,atac10k_ext
-0.0133327935,0.00047348664,atac10k_ext
0.017964933,0.008035138,atac10k_ext
0.0061747595,-0.010284034,atac10k_ext
0.02000236,0.014292083,atac10k_ext
0.0058340454,-0.013417288,atac10k_ext
-0.012668983,-0.010216559,atac10k_ext
-0.0063348515,0.00484884,atac10k_ext
0.0009032984,0.008489379,atac10k_ext
0.00046326817,-0.006298967,atac10k_ext
-0.011859023,-0.0049424004,atac10k_ext
0.010528703,0.010769441,atac10k_ext
0.01079991,-0.011575447,atac10k_ext
-0.002189436,0.008408728,atac10k_ext
0.007754473,-0.00808602,atac10k_ext
-0.027022807,0.016452359,atac10k_ext
-0.007576646,-0.01319001,atac10k_ext
0.018884199,0.018641425,atac10k_ext
-0.008848304,-0.01383667,atac10k_ext
0.0019066085,-0.008319607,atac10k_ext
-0.019459093,0.004702946,atac10k_ext
0.009190498,-0.01290123,atac10k_ext
-0.0022295478,-0.009979931,atac10k_ext
-0.0033986154,0.007745126,atac10k_ext
0.0016280746,-0.0075831693,atac10k_ext
-0.010075909,-0.008976232,atac10k_ext
-0.0050886334,-0.006319498,atac10k_ext
0.00016231612,-0.004757193,atac10k_ext
0.015711358,0.0011780624,atac10k_ext
-0.006225991,0.015126436,atac10k_ext
0.02417545,0.013233173,atac10k_ext
0.014056293,0.00622303,atac10k_ext
-0.006668088,0.012641012,atac10k_ext
0.004223595,-0.0041384418,atac10k_ext
-0.005936364,0.0056022434,atac10k_ext
-0.005386208,-0.00979694,atac10k_ext
0.019772857,0.00089378515,atac10k_ext
0.00067587354,0.007173889,atac10k_ext
0.02827273,0.009996859,atac10k_ext
0.0025176986,-0.005142474,atac10k_ext
-0.0037088033,-0.009662421,atac10k_ext
0.01716523,0.0075177737,atac10k_ext
-0.0088623315,-0.009999518,atac10k_ext
-6.6580383e-06,0.00989926,atac10k_ext
-0.0068542827,0.007755547,atac10k_ext
0.0014944762,-0.006870541,atac10k_ext
-0.009565311,-0.011246532,atac10k_ext
-0.0029319206,-0.010068343,atac10k_ext
-0.026825795,0.0077372584,atac10k_ext
-0.011503396,0.013975946,atac10k_ext
-0.017752582,-0.009701309,atac10k_ext
0.011408564,-0.010015445,atac10k_ext
0.009834672,0.002003694,atac10k_ext
-0.0007738938,-0.008217143,atac10k_ext
0.011168109,0.008326094,atac10k_ext
0.0031150437,-0.011822458,atac10k_ext
-0.0121136345,0.0094754305,atac10k_ext
0.01435757,-0.005851718,atac10k_ext
-0.0009999298,0.010212192,atac10k_ext
0.014165194,-0.00358503,atac10k_ext
-0.0015792826,0.0121467095,atac10k_ext
0.015355499,-0.020618226,atac10k_ext
0.011596811,0.006029063,atac10k_ext
-0.0038538135,-0.012724382,atac10k_ext
0.010902417,-0.0050801286,atac10k_ext
0.03401246,0.008770994,atac10k_ext
-0.011231985,-0.013116117,atac10k_ext
-0.010321884,0.0034874426,atac10k_ext
0.0038845823,0.0041737566,atac10k_ext
0.012846931,0.004966978,atac10k_ext
0.0028055063,0.006412321,atac10k_ext
-0.0041951574,-0.009908954,atac10k_ext
-0.0038230615,0.005724082,atac10k_ext
-0.0070095933,0.0035757592,atac10k_ext
0.010292515,0.007945677,atac10k_ext
0.019730931,-0.004829269,atac10k_ext
-0.015350691,0.015252059,atac10k_ext
0.010346126,-0.0064231106,atac10k_ext
0.030372845,0.016100483,atac10k_ext
0.034178037,0.007971487,atac10k_ext
-0.0033414557,0.009994696,atac10k_ext
-0.005531245,-0.010088834,atac10k_ext
-0.018584952,-0.008241976,atac10k_ext
0.0005674469,0.017738577,atac10k_ext
-0.0046328055,-0.0069697537,atac10k_ext
0.0025902982,0.01708305,atac10k_ext
-0.0065493677,0.0016348136,atac10k_ext
-0.017765133,-0.016995965,atac10k_ext
0.030754622,-0.011242068,atac10k_ext
-0.0054126754,0.008723339,atac10k_ext
0.009042958,0.009335516,atac10k_ext
-0.018686417,-0.007086165,atac10k_ext
0.00930234,0.018742956,atac10k_ext
0.005285214,0.00865415,atac10k_ext
0.004709584,-0.006763323,atac10k_ext
-0.012104529,0.020265384,atac10k_ext
-0.008613983,-0.011603606,atac10k_ext
-0.023389656,-0.015581726,atac10k_ext
0.010517818,-0.008958246,atac10k_ext
-0.005036084,-0.0055564293,atac10k_ext
0.00067740853,-0.0062506776,atac10k_ext
0.004204727,-0.011133074,atac10k_ext
0.0033745882,0.01277369,atac10k_ext
0.002878403,0.0075417454,atac10k_ext
0.0028339552,0.010860889,atac10k_ext
-0.0062237913,0.0056797825,atac10k_ext
0.008779278,0.018310579,atac10k_ext
0.007813125,0.0076237107,atac10k_ext
0.031031888,-0.0072187986,atac10k_ext
-0.012545155,-0.0157916,atac10k_ext
-0.004781045,-0.004765365,atac10k_ext
-0.004985326,-0.0064412807,atac10k_ext
0.006395392,-0.004445774,atac10k_ext
-0.01850941,-0.015438062,atac10k_ext
0.013580385,-0.0039242664,atac10k_ext
0.015586177,0.0061526904,atac10k_ext
0.010846278,0.0034090152,atac10k_ext
0.014340366,0.008892825,atac10k_ext
-0.018279076,-0.009995903,atac10k_ext
-0.0032825638,-0.010446211,atac10k_ext
-0.0041467994,-0.009712771,atac10k_ext
-0.0026348308,0.0040005194,atac10k_ext
-0.02226666,0.010309635,atac10k_ext
0.021601245,-0.010230036,atac10k_ext
0.022426793,-0.028852385,atac10k_ext
0.023586273,0.009637406,atac10k_ext
0.021180697,0.011894712,atac10k_ext
0.006936124,0.0057310145,atac10k_ext
0.011780827,0.011330077,atac10k_ext
-0.022753496,0.012284856,atac10k_ext
0.0059282877,0.010787377,atac10k_ext
-0.008102852,-0.004442684,atac10k_ext
0.0060241497,-0.006844852,atac10k_ext
0.0010390191,-0.009686403,atac10k_ext
0.0127138235,0.0048260046,atac10k_ext
0.011131024,-0.0022201203,atac10k_ext
-0.017242154,0.011767292,atac10k_ext
-0.013723089,-0.013713691,atac10k_ext
0.010434889,-0.0017427446,atac10k_ext
-0.012579385,0.0069421693,atac10k_ext
-0.01689584,0.0112297395,atac10k_ext
-0.004570078,0.014228459,atac10k_ext
-0.03030736,0.0018289601,atac10k_ext
-0.009666229,0.014214683,atac10k_ext
0.010397452,0.009187548,atac10k_ext
-0.000710072,-0.0126963,atac10k_ext
-0.0062885834,-0.009005425,atac10k_ext
-0.00019892542,-0.008082348,atac10k_ext
0.00053275045,0.014890612,atac10k_ext
0.024540689,0.008972429,atac10k_ext
0.016379481,-0.008313135,atac10k_ext
-0.003936576,-0.008299267,atac10k_ext
0.015512506,0.010290657,atac10k_ext
0.013690887,0.014018305,atac10k_ext
-0.005890167,-0.010387437,atac10k_ext
-0.0049767913,-0.0002663578,atac10k_ext
0.004001626,-0.015544548,atac10k_ext
0.0006152253,-0.009147879,atac10k_ext
-0.0038688136,0.00818907,atac10k_ext
-0.005857993,-0.012557568,atac10k_ext
-0.006605338,-0.012733139,atac10k_ext
0.009276309,-0.00853269,atac10k_ext
0.0080892835,0.011638052,atac10k_ext
0.0006201255,-0.015644662,atac10k_ext
-3.6808477e-05,0.008664177,atac10k_ext
0.008662947,0.008630368,atac10k_ext
0.00643236,0.001785305,atac10k_ext
-0.00060719653,-0.026682045,atac10k_ext
0.002812671,-0.014097058,atac10k_ext
-0.0017536265,0.005179172,atac10k_ext
0.010355442,-0.009303163,atac10k_ext
0.0035884818,-0.007924244,atac10k_ext
-0.0001723507,-0.00033463084,atac10k_ext
0.0017858335,-0.015277205,atac10k_ext
-0.007709252,0.011498704,atac10k_ext
0.0037537403,0.0016311001,atac10k_ext
0.0022481438,0.014694092,atac10k_ext
-0.0015012394,-0.006837524,atac10k_ext
0.0150360335,-0.0033006966,atac10k_ext
0.006868392,-0.012533328,atac10k_ext
0.00047543526,-0.015598521,atac10k_ext
-0.008648185,0.010286458,atac10k_ext
0.008644981,0.01409705,atac10k_ext
-0.0040634423,0.014482239,atac10k_ext
-0.0013757239,-0.0089641325,atac10k_ext
0.006421939,0.016206123,atac10k_ext
-0.0025798173,0.013908957,atac10k_ext
0.004195109,-0.00979433,atac10k_ext
0.005347425,-0.0055057877,atac10k_ext
0.00702868,0.010555924,atac10k_ext
-0.01427514,-0.0043380465,atac10k_ext
0.016508117,0.013153471,atac10k_ext
-0.015177703,-0.006520652,atac10k_ext
-0.012400643,0.0052713053,atac10k_ext
-0.0096503915,-0.014682928,atac10k_ext
-0.0056290645,-0.00945014,atac10k_ext
-0.008567525,-0.009846641,atac10k_ext
-0.0028236096,-0.0012391721,atac10k_ext
-0.0023933074,0.012440948,atac10k_ext
0.004002093,-0.007261548,atac10k_ext
-0.012275401,-0.010630623,atac10k_ext
0.014512638,0.0102392435,atac10k_ext
-0.01174702,0.008964007,atac10k_ext
-0.012096652,-0.00013867367,atac10k_ext
0.0104149645,-0.0074275555,atac10k_ext
0.002128105,-0.014524989,atac10k_ext
0.0020576206,-0.010263828,atac10k_ext
-0.033705458,-0.006919059,atac10k_ext
0.013764595,0.0060658334,atac10k_ext
-0.013395671,0.012444981,atac10k_ext
0.0077112797,0.0075051426,atac10k_ext
0.015802376,0.002600002,atac10k_ext
0.004557507,0.013440594,atac10k_ext
0.005818417,-0.008900925,atac10k_ext
-0.01388353,0.0074231676,atac10k_ext
-0.0030396462,-0.03038057,atac10k_ext
0.0003151531,0.0063554076,atac10k_ext
-0.0019610766,0.0120671475,atac10k_ext
-0.0046788105,-0.008002178,atac10k_ext
-0.010461936,-0.007110064,atac10k_ext
0.0011660027,0.010275299,atac10k_ext
0.0033845347,-0.0028418102,atac10k_ext
0.010279902,-0.031080354,atac10k_ext
-0.0018021301,-0.015092512,atac10k_ext
-0.00474068,0.012093752,atac10k_ext
-0.0133271385,0.009008872,atac10k_ext
0.014019945,-0.008453058,atac10k_ext
-0.02088755,0.012299255,atac10k_ext
-0.008804141,0.01122549,atac10k_ext
-0.011865877,0.0067448053,atac10k_ext
-0.004515313,0.0020627498,atac10k_ext
0.004362129,0.008230729,atac10k_ext
0.0149763515,0.0050572753,atac10k_ext
0.02102418,0.0022641574,atac10k_ext
0.003680035,-0.012383457,atac10k_ext
0.000167555,-0.00829221,atac10k_ext
-0.008978272,-0.010462625,atac10k_ext
0.008280839,0.010909062,atac10k_ext
0.0033073763,-0.010204636,atac10k_ext
-0.0011014875,-0.01268297,atac10k_ext
0.0031216103,0.01001361,atac10k_ext
0.0041452628,0.003946082,atac10k_ext
0.004874027,-0.007429719,atac10k_ext
-0.011501381,-0.009934076,atac10k_ext
0.00550481,0.0061849155,atac10k_ext
-0.027528001,0.0038250682,atac10k_ext
0.0033696918,-0.009486722,atac10k_ext
-0.0052729277,-0.013012189,atac10k_ext
0.013220245,0.0100143235,atac10k_ext
-0.014533717,-0.0027449348,atac10k_ext
-0.024545714,-0.01694612,atac10k_ext
0.010109998,-0.011319044,atac10k_ext
-0.01959699,-0.008119662,atac10k_ext
0.0027073154,-0.013472923,atac10k_ext
-0.018417057,0.0075798156,atac10k_ext
0.007355522,-0.010147667,atac10k_ext
-0.011399509,0.0004203486,atac10k_ext
0.0031258308,0.015411276,atac10k_ext
-0.012453589,0.012339576,atac10k_ext
-0.00028201324,-0.027258907,atac10k_ext
-0.0044543934,-0.011471116,atac10k_ext
-0.014332841,-0.008315073,atac10k_ext
-0.0017590829,0.005792102,atac10k_ext
0.0063119973,-0.008501752,atac10k_ext
-0.003094611,0.015027748,atac10k_ext
0.0017905303,-0.018681755,atac10k_ext
-0.004077725,-0.008839339,atac10k_ext
-0.018538447,-0.016226145,atac10k_ext
0.0010390509,0.0004390646,atac10k_ext
-0.0038409305,-0.009487835,atac10k_ext
-0.0054615727,0.0041370117,atac10k_ext
-0.005331346,-0.01544825,atac10k_ext
0.009809974,-0.004770515,atac10k_ext
-0.007597783,0.012619126,atac10k_ext
0.0065130824,-0.0059035732,atac10k_ext
-0.008837059,0.017990934,atac10k_ext
-0.023460697,-0.0050182845,atac10k_ext
-0.0033623744,0.007775861,atac10k_ext
0.0016559209,-0.017261459,atac10k_ext
-0.009311807,0.011678972,atac10k_ext
-0.000745242,0.004937391,atac10k_ext
-0.0009667261,0.011025102,atac10k_ext
0.014279116,-0.0123625845,atac10k_ext
-0.017612077,0.005791331,atac10k_ext
0.0048146388,0.010290978,atac10k_ext
-0.018872326,-0.02321566,atac10k_ext
0.006658039,0.007778653,atac10k_ext
0.011747211,-0.011873294,atac10k_ext
-0.00887781,-0.00015465621,atac10k_ext
-0.0013122315,0.0029223925,atac10k_ext
-0.00525319,-0.0072826603,atac10k_ext
0.015104882,-0.010073699,atac10k_ext
0.02028592,0.01477414,atac10k_ext
-0.0029662892,0.01391314,atac10k_ext
0.0085199755,-0.01946819,atac10k_ext
-0.015626814,0.008898979,atac10k_ext
0.0058365646,-0.0029822066,atac10k_ext
0.012427715,-0.013158697,atac10k_ext
-0.0070695225,0.0034121198,atac10k_ext
-0.01589662,0.0014877165,atac10k_ext
-0.009847417,-0.0017760607,atac10k_ext
-0.0029678512,-0.008970007,atac10k_ext
-0.0018955478,0.01028085,atac10k_ext
0.0077230274,0.014486332,atac10k_ext
-0.024683898,0.010046767,atac10k_ext
-0.0009625761,0.0127421925,atac10k_ext
-0.012558527,-0.018802745,atac10k_ext
-0.006927672,-0.003963202,atac10k_ext
0.00764696,0.011084988,atac10k_ext
-0.007151029,0.009441787,atac10k_ext
-0.020872705,-0.00948991,atac10k_ext
0.0039886315,-0.007772612,atac10k_ext
0.004226639,0.0070874365,atac10k_ext
-0.010623059,-0.0026861546,atac10k_ext
0.0057679946,0.012530381,atac10k_ext
0.005699285,-0.0011185373,atac10k_ext
0.00017801356,0.0026248496,atac10k_ext
0.0032168285,0.010097811,atac10k_ext
0.0012123152,0.0029410508,atac10k_ext
0.0013355587,0.010048455,atac10k_ext
0.003916698,-0.009492339,atac10k_ext
-0.006916194,-0.010551167,atac10k_ext
-0.0047340808,-0.005066192,atac10k_ext
0.005703311,0.0047705155,atac10k_ext
0.0045989123,0.015719168,atac10k_ext
0.0014070073,-0.009345782,atac10k_ext
-0.0057188137,0.010766876,atac10k_ext
0.012608198,0.009243206,atac10k_ext
-0.0052087377,0.01038479,atac10k_ext
-0.028939907,-0.0072602006,atac10k_ext
0.00054150564,-0.0041142036,atac10k_ext
-0.008469341,-0.010406219,atac10k_ext
-0.009625157,0.008817234,atac10k_ext
-0.011264502,0.005345836,atac10k_ext
-0.0068197357,-0.005331288,atac10k_ext
0.0011250882,-0.017698929,atac10k_ext
0.0078137275,-0.00876669,atac10k_ext
0.0017683515,0.0062398966,atac10k_ext
0.008256641,0.013776113,atac10k_ext
-0.004329031,0.0010777848,atac10k_ext
0.008005879,0.0026887849,atac10k_ext
0.017744035,-0.011515223,atac10k_ext
0.0041839625,0.012980014,atac10k_ext
-0.0050426074,0.008632189,atac10k_ext
0.014417977,-0.021243311,atac10k_ext
0.014692135,-0.007917505,atac10k_ext
-0.013354361,0.0036277913,atac10k_ext
-0.0123842405,-0.009135859,atac10k_ext
-0.013902694,0.009685205,atac10k_ext
0.011875935,-0.021678586,atac10k_ext
0.0015943461,0.0035547994,atac10k_ext
0.011616991,0.015972594,atac10k_ext
0.00913173,0.009948834,atac10k_ext
0.008646107,-0.013957567,atac10k_ext
-0.006208822,-0.003404753,atac10k_ext
-0.00011675328,0.0077517214,atac10k_ext
-0.005679907,-0.019681375,atac10k_ext
0.0022578507,-0.015596367,atac10k_ext
-0.023834754,0.013694176,atac10k_ext
0.0050858585,0.004576424,atac10k_ext
0.009303392,-0.0040605003,atac10k_ext
0.010637387,0.0039544585,atac10k_ext
0.0010763346,0.0019835562,atac10k_ext
0.008627556,0.01898372,atac10k_ext
0.005032156,0.011873185,atac10k_ext
0.013013278,0.007125287,atac10k_ext
-0.010957116,0.0021128089,atac10k_ext
0.0066893827,0.014960066,atac10k_ext
-0.0028230434,-0.0070930826,atac10k_ext
0.006786843,0.009941707,atac10k_ext
0.0011121564,0.0077079176,atac10k_ext
0.009105814,0.010718899,atac10k_ext
-0.006543078,0.016838994,atac10k_ext
0.029742695,-0.027970573,atac10k_ext
-0.023701701,0.008249272,atac10k_ext
6.523001e-05,0.017644579,atac10k_ext
-0.008320212,0.012519068,atac10k_ext
0.011646531,-0.006725507,atac10k_ext
0.0007007029,0.0068604727,atac10k_ext
0.01085556,-0.0032535682,atac10k_ext
0.00956067,-0.007816673,atac10k_ext
-0.0024907277,0.014443305,atac10k_ext
-0.022262381,-0.0017260781,atac10k_ext
-0.007199908,0.014480234,atac10k_ext
-0.0072727036,-0.010947407,atac10k_ext
0.016014526,-0.0067983856,atac10k_ext
0.013184932,-0.0094146,atac10k_ext
-0.008632531,0.012516035,atac10k_ext
-0.0066522956,0.008807143,atac10k_ext
0.0186135,0.007657917,atac10k_ext
-0.006460723,-0.023786752,atac10k_ext
0.016490135,0.0134610785,atac10k_ext
-0.014146065,-0.005784816,atac10k_ext
0.0005630281,0.006643912,atac10k_ext
-0.008205067,-0.015778229,atac10k_ext
0.002312726,0.014812904,atac10k_ext
-0.0067340457,-0.0047469526,atac10k_ext
-0.011170034,0.009665846,atac10k_ext
-0.029528998,0.01030747,atac10k_ext
-0.006345608,0.012754039,atac10k_ext
0.008111607,-0.011290802,atac10k_ext
-0.017779307,-0.0008990104,atac10k_ext
-0.00028615177,-0.014885091,atac10k_ext
0.014880697,0.0065301065,atac10k_ext
-0.03195898,0.008686553,atac10k_ext
0.0016211993,0.007292434,atac10k_ext
0.005975129,-0.018343987,atac10k_ext
0.0030530456,-0.0040945522,atac10k_ext
0.0068610082,-0.008824994,atac10k_ext
-0.019178195,0.016791891,atac10k_ext
0.003273672,0.010054738,atac10k_ext
-0.0017921478,-0.0094447015,atac10k_ext
-0.01146088,-0.023185207,atac10k_ext
0.015957912,-0.012116633,atac10k_ext
0.015733788,-0.010952581,atac10k_ext
0.009260174,-0.009743294,atac10k_ext
-0.0011066754,-0.0002052095,atac10k_ext
-0.0032166701,-0.012487346,atac10k_ext
-0.004263306,0.009838043,atac10k_ext
0.018510029,0.01489658,atac10k_ext
0.004506836,0.016666412,atac10k_ext
0.0063378434,-0.0051398366,atac10k_ext
-0.017734459,-0.0059447247,atac10k_ext
0.008972245,-0.011820225,atac10k_ext
-9.088065e-05,0.005440541,atac10k_ext
-0.007378715,0.010023976,atac10k_ext
-0.00806697,0.003184002,atac10k_ext
-0.024949474,-0.026729364,atac10k_ext
-0.0021003117,-0.01075584,atac10k_ext
-0.01876179,0.0066709677,atac10k_ext
0.00016465892,-0.0033071497,atac10k_ext
0.00043648898,0.013133992,atac10k_ext
0.014605169,-0.00018841538,atac10k_ext
0.008296818,-0.008970476,atac10k_ext
-0.0056560924,-0.01525702,atac10k_ext
0.004381123,0.008891747,atac10k_ext
0.024016956,-0.011579983,atac10k_ext
0.014432482,-0.0077522863,atac10k_ext
-0.012150533,-0.0044687046,atac10k_ext
-0.005151355,0.014090502,atac10k_ext
-6.8838046e-05,-0.008435838,atac10k_ext
0.0181868,0.010964185,atac10k_ext
0.04339251,0.0023205488,atac10k_ext
-0.013778992,0.009798688,atac10k_ext
-0.0059980047,-0.011611963,atac10k_ext
-0.007450036,-0.0059673907,atac10k_ext
0.011266334,0.005712776,atac10k_ext
-0.002931331,-0.006569154,atac10k_ext
0.0013632099,0.010346376,atac10k_ext
0.016115487,-0.0055280714,atac10k_ext
0.0055987625,-0.006796638,atac10k_ext
0.0036982964,-0.005118509,atac10k_ext
-0.000112206275,-0.026054932,atac10k_ext
0.007839719,-0.023533974,atac10k_ext
0.006195171,0.00774284,atac10k_ext
0.013528957,-0.011696289,atac10k_ext
0.017824477,0.013026351,atac10k_ext
0.006346542,0.007905686,atac10k_ext
0.0003676793,-0.015186527,atac10k_ext
-0.012745882,-0.0073920097,atac10k_ext
0.0007209769,-0.00927567,atac10k_ext
0.0132469535,-0.011125615,atac10k_ext
-0.005060827,-0.005877707,atac10k_ext
0.00087571435,0.010455829,atac10k_ext
-0.0019193392,0.0070949597,atac10k_ext
0.0030829543,-0.014068964,atac10k_ext
0.01302624,-0.0056914715,atac10k_ext
-0.014228245,0.010263353,atac10k_ext
0.01755725,0.009010421,atac10k_ext
0.0021511482,-0.0119521655,atac10k_ext
0.00517388,0.0063834377,atac10k_ext
0.0032295662,0.010265568,atac10k_ext
-0.01385079,0.016126847,atac10k_ext
-0.009628153,-0.004117697,atac10k_ext
0.0067205797,0.012881529,atac10k_ext
0.0011564107,0.010857826,atac10k_ext
-0.026882749,0.0051554935,atac10k_ext
0.0026853,0.0117307305,atac10k_ext
-0.0043625673,0.008197466,atac10k_ext
-0.0105481455,0.009708161,atac10k_ext
-0.0032497921,0.009766987,atac10k_ext
-0.0064676288,-0.017540855,atac10k_ext
-0.0039536725,-0.005415414,atac10k_ext
0.0071366723,-0.008941476,atac10k_ext
-0.019441323,0.005809782,atac10k_ext
-0.017025728,-0.006916355,atac10k_ext
0.011800652,-0.0040473524,atac10k_ext
-0.010270685,-0.013689727,atac10k_ext
-0.012127074,0.004796066,atac10k_ext
-0.010248852,-0.0138318725,atac10k_ext
-0.01369932,0.0021377217,atac10k_ext
-0.013485454,0.016797373,atac10k_ext
0.012483297,-0.02127184,atac10k_ext
-0.006608009,0.0053903107,atac10k_ext
-0.012782067,0.0010299229,atac10k_ext
-0.007801733,-0.0065415935,atac10k_ext
-0.0020776717,0.011689033,atac10k_ext
-0.0018966277,-0.014180237,atac10k_ext
0.004788822,0.019041898,atac10k_ext
-0.006068715,-0.01054225,atac10k_ext
-0.0030023896,0.012962923,atac10k_ext
-0.002882841,-0.007223612,atac10k_ext
-0.038105927,0.0042389473,atac10k_ext
0.00028392818,0.0045613996,atac10k_ext
-0.002964631,0.005675674,atac10k_ext
0.022483584,0.008012288,atac10k_ext
0.0036012682,0.008117699,atac10k_ext
0.032620817,0.0063320813,atac10k_ext
-0.02050526,-0.016325582,atac10k_ext
0.02542595,0.0077838684,atac10k_ext
-0.014021937,-0.0047571487,atac10k_ext
0.04035628,-0.0041174837,atac10k_ext
-0.0094744405,-0.011137187,atac10k_ext
-0.01126752,-0.005603712,atac10k_ext
0.0028196927,0.0047892514,atac10k_ext
-0.0023819148,0.008295405,atac10k_ext
-0.009622033,0.010039264,atac10k_ext
0.0064427457,-0.011456456,atac10k_ext
0.015101399,0.0062025245,atac10k_ext
-0.0059375702,0.001564149,atac10k_ext
-0.007465067,0.015917288,atac10k_ext
0.004916944,0.008397882,atac10k_ext
-0.0073312274,-0.007520071,atac10k_ext
-0.0045796684,0.005024537,atac10k_ext
-0.0048325495,-0.006992994,atac10k_ext
-0.0030402332,-0.011022045,atac10k_ext
-0.01098081,0.007906009,atac10k_ext
-0.008132906,0.0136759,atac10k_ext
0.010313206,0.009618621,atac10k_ext
-0.00034884093,-0.027495194,atac10k_ext
0.001432753,-0.008148099,atac10k_ext
-0.0022078336,0.014866256,atac10k_ext
-0.0013978397,-0.013512611,atac10k_ext
0.011190128,0.01235319,atac10k_ext
0.007900198,0.010921346,atac10k_ext
0.00978334,-0.010278402,atac10k_ext
0.0040489295,0.005951082,atac10k_ext
-0.0062920395,0.012195932,atac10k_ext
0.003108779,0.007858292,atac10k_ext
-0.011929601,-0.020213032,atac10k_ext
0.005823696,-0.0076616067,atac10k_ext
-0.00047977435,-0.016735455,atac10k_ext
-0.01071307,-0.009039286,atac10k_ext
0.0028922248,0.008282751,atac10k_ext
0.017624594,0.004221968,atac10k_ext
-0.008937572,0.00616063,atac10k_ext
0.015214001,0.00823208,atac10k_ext
0.005903323,0.008752489,atac10k_ext
-0.021912457,0.014469368,atac10k_ext
0.0055752858,0.005591811,atac10k_ext
-0.001178214,0.00644335,atac10k_ext
-0.0035480398,-0.01311257,atac10k_ext
-0.01669206,-0.019654222,atac10k_ext
-0.000435945,-0.00508643,atac10k_ext
0.0073094103,-0.010606229,atac10k_ext
0.0008700768,-0.008207872,atac10k_ext
-0.0012910868,-0.0124843605,atac10k_ext
0.021896113,0.0073905354,atac10k_ext
0.0031029976,0.012612577,atac10k_ext
0.016776137,0.009270666,atac10k_ext
-0.0042082183,0.009537295,atac10k_ext
