x,y,dataset
0.013591816,0.025599347,rna3k
-0.025597423,0.007584781,rna3k
-0.0269168,-0.0048616696,rna3k
0.0034456754,0.007153101,rna3k
0.014110595,0.009162403,rna3k
0.016226929,0.0065905,rna3k
0.015837412,-0.026482247,rna3k
-0.02637667,-0.02797917,rna3k
0.004544234,-0.0443296,rna3k
-0.024708167,-0.022080211,rna3k
-0.016179172,0.013787531,rna3k
0.013871453,-0.019627681,rna3k
0.011638555,0.0275955,rna3k
-0.026250316,-0.0008081968,rna3k
0.013592466,-0.010503883,rna3k
-0.026356624,0.0155562125,rna3k
-0.01681309,-0.026544603,rna3k
0.0037522782,0.030549077,rna3k
0.015988017,-0.009438511,rna3k
-0.026617827,-0.02594434,rna3k
0.016300768,-0.022508068,rna3k
0.0038982816,0.031774063,rna3k
-0.025969028,-0.022933237,rna3k
0.016261369,0.020788195,rna3k
0.01436389,0.008491283,rna3k
-0.026671097,-0.003583532,rna3k
-0.025395222,-0.025936259,rna3k
-0.0042970916,0.029369822,rna3k
-0.023724211,-0.023890806,rna3k
0.016068771,-0.015677921,rna3k
0.016148606,-0.032174267,rna3k
0.013583247,-0.0061105667,rna3k
0.014617301,0.0123548815,rna3k
-0.026338562,-0.0024790985,rna3k
0.013545468,-2.781591e-05,rna3k
0.01597381,0.028516838,rna3k
-0.0260831,-0.013300093,rna3k
0.016190344,0.009586527,rna3k
0.004015952,-0.0047827945,rna3k
-0.023693245,-0.026121842,rna3k
0.01621456,-0.027575294,rna3k
-0.026199523,-0.010720986,rna3k
-0.026306294,0.0348698,rna3k
0.015728159,-0.0025153211,rna3k
-0.026123252,0.0044130664,rna3k
0.016206257,-0.0018612058,rna3k
0.016245274,0.011008772,rna3k
-0.026937647,-0.007913636,rna3k
-0.020729491,-0.021250708,rna3k
-0.026346186,0.0059926696,rna3k
0.003922762,-0.0126301795,rna3k
0.016204119,0.032421786,rna3k
-0.025479011,-0.001345297,rna3k
0.016234249,0.0036387641,rna3k
0.01625779,-0.011860702,rna3k
-0.025874786,8.1923325e-05,rna3k
0.016191844,-0.025819793,rna3k
-0.026013382,0.031220965,rna3k
-0.02603504,0.0027086076,rna3k
-0.026624128,-0.0069963722,rna3k
0.0040934766,0.027230278,rna3k
0.004976496,-0.00040080288,rna3k
0.0035324446,0.039519057,rna3k
0.016117852,0.00239642,rna3k
0.003708569,-0.01055932,rna3k
0.016188275,-0.024027346,rna3k
-0.025710277,0.015523914,rna3k
0.014285036,-0.0023839702,rna3k
-0.026049739,0.005708827,rna3k
0.01621002,0.037048005,rna3k
-0.026709262,-0.011808131,rna3k
0.016149381,-0.018239526,rna3k
0.015669657,0.009657139,rna3k
0.016078781,-0.003389901,rna3k
-0.025803624,0.008732781,rna3k
-0.026813393,-0.04878655,rna3k
-0.025675751,0.008985932,rna3k
0.0039677853,0.0009145951,rna3k
0.01601183,-0.019633073,rna3k
0.0035582962,-0.000817837,rna3k
-0.026436022,0.011986269,rna3k
0.016104627,-0.0068191267,rna3k
0.003866423,-0.011754195,rna3k
0.0036577797,0.025123231,rna3k
-0.021977646,0.00015636224,rna3k
0.016085483,0.00046347204,rna3k
0.015937494,-0.023604663,rna3k
0.0037983027,0.004281953,rna3k
0.0037097929,-0.013979531,rna3k
0.01628593,0.00095811015,rna3k
0.016244106,0.018802773,rna3k
0.01601263,-0.019707477,rna3k
-0.026614383,-0.009703459,rna3k
-0.026085647,-0.057188433,rna3k
0.015479824,-0.009490801,rna3k
0.016250396,-0.02121026,rna3k
0.014620528,0.03936875,rna3k
-0.026420195,0.023297029,rna3k
-0.025684923,-0.008878241,rna3k
0.016137786,-0.009318351,rna3k
-0.026390973,0.0036023306,rna3k
-0.026255753,-0.030142894,rna3k
0.015913436,-0.011827954,rna3k
-0.02132173,0.028930029,rna3k
0.016166348,0.00548408,rna3k
-0.026786393,0.00046623865,rna3k
0.016207922,0.014149564,rna3k
-0.022284795,0.011336981,rna3k
0.016176077,0.01207478,rna3k
0.015995616,0.0020701045,rna3k
0.016287949,-0.0032244143,rna3k
0.014082283,0.016895598,rna3k
0.014612491,0.00839192,rna3k
0.01624311,-0.015794648,rna3k
-0.026339918,-0.0072809444,rna3k
0.016287617,-0.009966713,rna3k
-0.025296539,-0.03366577,rna3k
0.016240338,0.039869227,rna3k
0.0040369285,-0.019383779,rna3k
0.016176218,-0.004109358,rna3k
0.016251795,-0.0065836404,rna3k
-0.026928935,-0.01365312,rna3k
-0.026696928,0.038812917,rna3k
0.016251894,0.003207698,rna3k
0.01631797,-0.0025668275,rna3k
-0.02595223,0.0085730655,rna3k
-0.026996542,0.01685997,rna3k
0.016206663,0.025232788,rna3k
-0.025112962,0.013595304,rna3k
0.016224261,0.009161336,rna3k
-0.025815498,0.008946662,rna3k
-0.02648253,-0.00013626501,rna3k
0.01450939,0.0062212837,rna3k
-0.026463918,-0.007631071,rna3k
0.016265273,0.0040418147,rna3k
0.015903823,0.039793428,rna3k
-0.026018102,0.0039002486,rna3k
-0.025892913,0.038698364,rna3k
0.01611669,-0.020266265,rna3k
-0.026038371,-0.0014795111,rna3k
-0.004059176,0.0036954165,rna3k
0.016113123,0.0012016362,rna3k
0.01588638,0.0140087595,rna3k
-0.025729777,-9.246634e-05,rna3k
0.015977412,0.020788722,rna3k
0.014337965,-0.009514506,rna3k
-0.02585185,-0.0058073285,rna3k
-0.027026895,-0.0018670791,rna3k
0.016263513,-0.011513538,rna3k
0.016014105,-0.008793549,rna3k
0.003644648,0.0016132258,rna3k
0.015916532,-0.032466006,rna3k
-0.026839225,0.03599089,rna3k
0.015832478,0.009284295,rna3k
0.0035759925,0.010489074,rna3k
0.016196614,0.01783861,rna3k
0.016182128,-0.0021904067,rna3k
0.015944224,0.00884551,rna3k
0.013637485,0.013307469,rna3k
-0.026994428,0.011991821,rna3k
0.0037073102,-0.0048004184,rna3k
-0.026308801,0.0032503782,rna3k
-0.025748529,0.03762833,rna3k
0.016197925,-0.0014140926,rna3k
-0.026042178,0.0026404236,rna3k
0.01600966,0.012826363,rna3k
0.016016288,0.010443991,rna3k
0.014269374,0.009563635,rna3k
0.01351686,-0.018269533,rna3k
0.016249413,0.020785706,rna3k
-0.017001497,-0.0344558,rna3k
-0.021510532,-0.02486198,rna3k
-0.026589023,0.011789169,rna3k
-0.026131751,0.026973406,rna3k
-0.021160912,0.0021082172,rna3k
0.016114809,0.04041004,rna3k
-0.02638906,0.015721332,rna3k
-0.025454296,-0.01844393,rna3k
0.014093905,0.0154985525,rna3k
0.015991267,0.033449266,rna3k
-0.021466682,0.010223607,rna3k
0.016199987,0.034139242,rna3k
0.01615702,0.006895304,rna3k
-0.02622161,0.019683698,rna3k
-0.026837053,-0.0034910254,rna3k
-0.021395251,-0.013624149,rna3k
0.014250948,-0.024500102,rna3k
-0.02700375,-0.0037070739,rna3k
0.016180132,-0.00025806832,rna3k
0.015977973,-0.02509094,rna3k
0.016280651,-0.004670546,rna3k
0.0058915922,-0.0030438388,rna3k
0.016293772,0.037439734,rna3k
0.016260056,0.019067766,rna3k
0.016210837,0.0031612776,rna3k
0.002047154,0.015785336,rna3k
-0.026833776,-0.03181759,rna3k
-0.026111024,0.0052371435,rna3k
-0.026069447,-0.031222478,rna3k
-0.02583081,-0.02246447,rna3k
-0.022144876,-0.016464356,rna3k
-0.025229562,0.0033733111,rna3k
0.016208725,0.028984513,rna3k
-0.0037033712,0.015887577,rna3k
0.016165419,0.013532374,rna3k
0.015940573,0.020424565,rna3k
0.015988309,0.0049495855,rna3k
0.015200372,0.009468605,rna3k
-0.02578845,-0.023011947,rna3k
0.01623189,-0.004467799,rna3k
0.01595918,-0.0026305027,rna3k
-0.026414726,0.0089512365,rna3k
0.0034692723,0.01429029,rna3k
0.0037126816,-0.022352733,rna3k
0.01621497,-0.0115585085,rna3k
0.013668558,-0.011431223,rna3k
0.015554945,-0.02230439,rna3k
0.016189372,0.00879606,rna3k
-0.026318777,0.006415792,rna3k
-0.025962668,0.010008971,rna3k
0.013510401,0.021537988,rna3k
0.016286617,-0.018086672,rna3k
0.015963027,0.00904709,rna3k
-0.026735663,-0.005617991,rna3k
-0.0040718014,0.008860225,rna3k
0.015971532,-0.004144623,rna3k
0.016237209,0.014249492,rna3k
0.015982138,0.00837106,rna3k
0.015865564,-0.017191168,rna3k
0.016140956,-0.031812288,rna3k
0.004701877,-0.007092642,rna3k
0.013560884,-0.018105034,rna3k
0.016126638,-0.016680326,rna3k
-0.025935601,0.0074283932,rna3k
0.016279561,0.0070693754,rna3k
0.010267062,-0.035244137,rna3k
-0.022728654,0.006716136,rna3k
-0.026008196,-0.02523302,rna3k
-0.026415346,-0.015142879,rna3k
-0.026664197,0.018944615,rna3k
-0.026199516,0.0100485515,rna3k
-0.02256988,-0.0035744638,rna3k
0.01365525,-0.0075264713,rna3k
-0.026915625,0.01669205,rna3k
0.015729265,-0.03091436,rna3k
0.014282451,0.024643958,rna3k
0.013510083,0.0040623,rna3k
-0.027011862,-0.0076080705,rna3k
-0.025912337,0.023267802,rna3k
0.016273122,0.013703363,rna3k
0.014129359,0.006479471,rna3k
-0.02630193,0.005336049,rna3k
0.013537139,0.0064658145,rna3k
0.01627298,-0.0014560468,rna3k
0.00422354,0.00634276,rna3k
0.016156128,0.0019449152,rna3k
0.014643609,-0.03292442,rna3k
0.016200023,-0.021673063,rna3k
0.015823318,-0.02436067,rna3k
0.015912363,-0.008536313,rna3k
0.016219206,0.001304257,rna3k
-0.021251634,0.016299235,rna3k
-0.025868485,-0.0037285513,rna3k
-0.025887502,-0.0065049687,rna3k
0.016231675,-0.0029653332,rna3k
0.015336147,-0.032172494,rna3k
0.0024523472,-0.020649808,rna3k
-0.02632553,0.01455148,rna3k
-0.026965648,0.01372081,rna3k
0.01597299,0.023865117,rna3k
0.016232044,0.017775362,rna3k
0.0158492,-0.0056798165,rna3k
0.0039990833,0.016601525,rna3k
0.014078945,-0.001209148,rna3k
0.01596928,0.015308015,rna3k
-0.02588551,0.013273489,rna3k
0.016109906,-0.019661196,rna3k
0.016180431,0.025653375,rna3k
0.015852544,0.0052028247,rna3k
-0.025798209,0.009612002,rna3k
0.016176213,0.0069567654,rna3k
0.013632957,-0.023432443,rna3k
-0.025626428,0.01752523,rna3k
0.0036329867,-0.0028233973,rna3k
-0.026892075,-0.005926427,rna3k
-0.025876233,-0.008688833,rna3k
0.012541462,-0.002349973,rna3k
0.01620276,0.004213647,rna3k
0.003366196,-0.005725811,rna3k
-0.025717068,0.0034935887,rna3k
-0.025795031,-0.01252862,rna3k
0.015964666,-0.0112487525,rna3k
-0.026703648,-0.01435968,rna3k
-0.026064673,0.0048299287,rna3k
0.016250411,0.012775037,rna3k
0.015981372,0.005495914,rna3k
0.015909366,-0.04374446,rna3k
0.013411225,-0.014543966,rna3k
0.016147291,0.032998003,rna3k
0.015815899,-0.016053306,rna3k
-0.026063306,0.012222457,rna3k
0.016277928,0.023008196,rna3k
-0.026074165,-0.012387625,rna3k
0.016234707,-0.003076888,rna3k
0.0151912905,0.012206706,rna3k
0.0152526535,0.034950323,rna3k
0.0037444353,0.0025201659,rna3k
-0.025955416,0.0250258,rna3k
0.01619783,-0.021454975,rna3k
0.016289689,0.007899142,rna3k
-0.026588354,0.0018180511,rna3k
0.0023957642,0.0010778095,rna3k
0.01615847,0.009467161,rna3k
0.015764756,-0.016196871,rna3k
-0.025765954,0.022889635,rna3k
-0.026872728,0.019489424,rna3k
0.0037665416,-0.0028218252,rna3k
0.01429928,-0.05847571,rna3k
0.014301363,0.006464209,rna3k
-0.026886582,-0.0015685209,rna3k
0.016247096,-0.024888292,rna3k
0.015347503,-0.028232737,rna3k
-0.026155403,0.0019096441,rna3k
0.015668074,-0.0068430738,rna3k
-0.026123613,-0.01870466,rna3k
0.015922671,0.005971035,rna3k
-0.02636682,0.013891896,rna3k
-0.025420018,-0.032192007,rna3k
0.015811276,0.031170413,rna3k
-0.025958603,0.028043851,rna3k
-0.027025765,-0.024949875,rna3k
0.01604121,-0.0005466497,rna3k
0.015264795,0.020996371,rna3k
0.015976906,0.010491022,rna3k
0.013500037,-0.00088195765,rna3k
0.016062375,-0.03101001,rna3k
-0.026470907,0.010855886,rna3k
0.016179992,0.010426172,rna3k
-0.02636891,0.005745995,rna3k
0.016273977,-0.0016455782,rna3k
-0.025523653,0.03033632,rna3k
0.014235604,0.030026244,rna3k
0.01587409,0.0052080615,rna3k
0.016255992,-0.01461307,rna3k
0.016157083,-0.010578431,rna3k
0.016247282,-0.042862665,rna3k
-0.02633481,0.0029497303,rna3k
0.015967116,0.011970006,rna3k
-0.025692679,-0.024632327,rna3k
0.014265997,0.0064276555,rna3k
0.016248,0.036824826,rna3k
-0.021360295,0.010949564,rna3k
0.016124018,-0.012674764,rna3k
0.010799396,0.010005539,rna3k
0.0037347688,-0.032436863,rna3k
0.01624394,-0.01824045,rna3k
-0.026492681,-0.024079422,rna3k
-0.0037908324,0.006472385,rna3k
0.014576423,-0.014557733,rna3k
0.016078684,-0.0085654305,rna3k
-0.026013603,0.041441694,rna3k
0.016044438,0.0029429754,rna3k
-0.026663585,-0.0105435625,rna3k
0.014125566,0.026786275,rna3k
-0.025010288,-0.014733002,rna3k
-0.026995447,-0.019004405,rna3k
0.0142672,-0.01245914,rna3k
0.01608175,-0.0035372586,rna3k
0.016222611,0.018294925,rna3k
-0.025853962,0.0064126165,rna3k
0.016180862,-0.00030582515,rna3k
-0.026527885,-0.010449558,rna3k
0.016234187,0.032722827,rna3k
0.015861105,-0.014748744,rna3k
0.016091542,-0.017008526,rna3k
-0.0027489916,-0.006454864,rna3k
-0.025940724,-0.01691834,rna3k
-0.0019886815,0.031972572,rna3k
-0.025922796,-0.0027025552,rna3k
-0.026983952,0.017191976,rna3k
0.016138176,-0.027809393,rna3k
-0.027040731,0.016738793,rna3k
-0.026729045,0.032581072,rna3k
-0.026048372,-0.00021444295,rna3k
-0.025906095,-0.012561176,rna3k
0.016201664,-0.021933354,rna3k
0.014366536,0.011855366,rna3k
-0.026585625,0.032179773,rna3k
-0.026797017,0.0012737821,rna3k
-0.026970852,0.034420904,rna3k
-0.026098462,0.020887362,rna3k
-0.025937019,-0.02888916,rna3k
-0.012375184,0.0199214,rna3k
0.016276106,0.025601203,rna3k
0.015983611,-0.0072214114,rna3k
0.014222932,0.01746062,rna3k
0.015818365,-0.02293946,rna3k
-0.026963782,0.011518488,rna3k
0.016196277,0.02518666,rna3k
-0.026557034,0.0016573048,rna3k
0.01622245,0.0047449,rna3k
0.016094092,0.007333489,rna3k
0.015954232,0.020870302,rna3k
0.016266478,-0.0074134306,rna3k
0.016269147,0.006462259,rna3k
0.016289195,0.011500564,rna3k
0.01624882,-0.0065106484,rna3k
0.015233861,0.026525574,rna3k
0.0038645642,-0.008295977,rna3k
0.016276233,0.041293472,rna3k
0.014491799,-0.0040884395,rna3k
0.016240291,0.021861643,rna3k
0.016220812,0.0069560227,rna3k
0.016248202,0.004283964,rna3k
-0.02618407,-0.018874895,rna3k
-0.026703358,0.0029499817,rna3k
0.016240377,0.009151483,rna3k
0.016269514,0.013333617,rna3k
0.016053887,-0.020822264,rna3k
-0.023156673,0.027518451,rna3k
0.012549371,-0.006211338,rna3k
0.0136687085,-0.030200636,rna3k
-0.025512747,0.029896095,rna3k
0.016203681,-0.019670866,rna3k
0.0036480639,0.013081346,rna3k
0.016297122,-0.046937782,rna3k
-0.026561663,-0.0082700355,rna3k
0.016297333,0.0049877255,rna3k
-0.025955658,0.011366684,rna3k
0.014486775,-0.01716252,rna3k
-0.025593115,-0.020498693,rna3k
-0.027050648,0.008575556,rna3k
-0.026796404,-0.024667973,rna3k
0.0034647004,-1.9253204e-05,rna3k
0.01623912,-0.015647154,rna3k
0.016190773,-0.0134308245,rna3k
0.015942134,-0.026446186,rna3k
-0.02611956,0.0328139,rna3k
-0.02660568,-0.009660575,rna3k
-0.02596807,0.015913244,rna3k
-0.02612221,-0.0017194668,rna3k
-0.026167711,0.010605797,rna3k
0.016043926,-0.0145254405,rna3k
-0.025261924,0.010663821,rna3k
-0.026483092,-0.017276023,rna3k
-0.025737904,0.009733378,rna3k
0.0039048423,0.008654157,rna3k
-0.025904728,0.03214974,rna3k
0.016038511,0.02690792,rna3k
0.016238643,-0.025204187,rna3k
0.014419564,0.004253399,rna3k
-0.027007688,0.031471297,rna3k
0.01631671,0.004485699,rna3k
-0.026664302,0.028677467,rna3k
-0.025694106,0.0074217618,rna3k
0.016239963,-0.012985596,rna3k
-0.02648425,-0.0025928037,rna3k
0.01623474,0.0072409096,rna3k
0.00382779,-0.0037530453,rna3k
-0.026080575,-0.005056548,rna3k
-0.023143882,-0.00053775386,rna3k
0.003583156,0.0038155355,rna3k
-0.026698012,0.017694244,rna3k
0.014901077,0.013462184,rna3k
-0.026030274,0.019296892,rna3k
0.016199125,0.01278239,rna3k
0.016078306,-0.0048967465,rna3k
0.015721947,-0.032580912,rna3k
-0.025677146,-0.01900918,rna3k
-0.025205117,-0.017419247,rna3k
0.016041433,0.005599289,rna3k
0.016180033,-0.009712004,rna3k
0.015977643,-0.028991029,rna3k
-0.004015057,0.0145682655,rna3k
0.016324848,0.021821389,rna3k
0.0162277,-0.016395506,rna3k
0.0034438136,-0.015488731,rna3k
-0.02635138,-0.037798226,rna3k
0.016157836,-0.01084605,rna3k
0.015993902,-0.020925593,rna3k
0.01600706,-0.018518703,rna3k
0.01590282,-0.014157506,rna3k
0.016216246,0.004730664,rna3k
-0.026439127,0.026947953,rna3k
-0.026821112,-0.03171194,rna3k
0.016098922,0.031625442,rna3k
0.015782004,-0.011151631,rna3k
-0.026007758,0.010755528,rna3k
-0.021511422,0.011761013,rna3k
-0.026833551,-0.020790063,rna3k
0.01619769,0.023436353,rna3k
0.015984807,0.016676066,rna3k
-0.026067695,0.00866202,rna3k
0.00548519,-0.019201504,rna3k
0.014677898,-0.0055883634,rna3k
0.0153131485,0.04342408,rna3k
0.015844095,-0.0037932512,rna3k
-0.025691072,0.022627825,rna3k
-0.026789421,-0.011258151,rna3k
-0.026174543,-0.018016707,rna3k
0.016239135,-0.011190137,rna3k
-0.027004771,-0.020524498,rna3k
0.016251372,-0.001368181,rna3k
0.016085602,0.006198527,rna3k
0.015967576,0.04438907,rna3k
0.0145651195,0.028747575,rna3k
-0.019998042,-5.2177704e-05,rna3k
-0.02707362,0.022135366,rna3k
0.003878214,0.028047288,rna3k
0.01620486,0.036794875,rna3k
0.016314806,-0.010897364,rna3k
0.01598227,0.001021624,rna3k
0.0162353,0.026805421,rna3k
0.0140655935,-0.0066762776,rna3k
-0.025756521,-0.009963248,rna3k
-0.021832265,-0.027311742,rna3k
-0.025990497,-0.004606991,rna3k
0.014407191,0.0013673758,rna3k
-0.0037452474,-0.01527464,rna3k
-0.025939103,0.035370536,rna3k
0.015793601,-0.0032931555,rna3k
-0.025874604,0.006441281,rna3k
0.014004585,0.0039626155,rna3k
0.015547696,-0.0500889,rna3k
0.014274612,0.011829173,rna3k
0.016219461,-0.028092032,rna3k
-0.026641853,-0.016344523,rna3k
0.0034444628,0.0069130897,rna3k
0.01590557,0.034944125,rna3k
0.016188098,0.019570328,rna3k
0.016180094,-0.005545261,rna3k
-0.026012814,0.00227613,rna3k
0.013564198,-0.02903963,rna3k
-0.026933247,-0.028113589,rna3k
0.016192123,0.019626196,rna3k
0.013016085,-0.009920078,rna3k
0.0037477724,0.015561641,rna3k
0.015988063,0.005809748,rna3k
0.0039861253,0.035750113,rna3k
-0.026996708,-0.03117666,rna3k
0.003927705,0.00022864778,rna3k
0.016198853,-0.010197809,rna3k
0.016031126,0.020209776,rna3k
-0.026011545,0.011613581,rna3k
0.016189523,-0.0074192863,rna3k
0.016215865,-0.031685404,rna3k
0.016287442,0.00809123,rna3k
0.01476737,0.012494051,rna3k
0.013197974,-0.016163692,rna3k
0.016239405,-0.0095311,rna3k
-0.027013538,-0.019606614,rna3k
0.016326154,-0.0041450905,rna3k
-0.025736459,-0.008169567,rna3k
-0.0037731824,-0.014003345,rna3k
-0.026079724,-0.012978301,rna3k
0.014511277,-0.029736977,rna3k
-0.02370734,-0.003821962,rna3k
0.01622001,0.011200128,rna3k
0.012966152,0.04730339,rna3k
-0.026164053,0.0183269,rna3k
0.0160028,0.04375032,rna3k
0.015003246,0.0057423403,rna3k
0.015913812,0.01500234,rna3k
-0.026055839,0.036743503,rna3k
0.014404593,-0.03404133,rna3k
0.01628365,-0.0033984608,rna3k
0.01604155,0.008740968,rna3k
-0.02579106,-0.037308775,rna3k
-0.024443656,0.00927621,rna3k
0.015926853,-0.022212995,rna3k
0.016100105,-0.00813887,rna3k
-0.02580445,-0.005869347,rna3k
-0.025922688,0.0005760278,rna3k
0.01627529,-0.0064448565,rna3k
0.016220042,0.030442664,rna3k
0.016268546,0.007171717,rna3k
0.016267782,0.0134908175,rna3k
0.016236426,-0.0054934113,rna3k
-0.02148082,-0.02598314,rna3k
-0.026045796,-0.014262849,rna3k
0.014117038,-0.00260596,rna3k
0.016190885,-0.022883812,rna3k
0.014053189,-0.001819066,rna3k
0.016305536,-0.02472432,rna3k
-0.025658125,0.0069509917,rna3k
0.01602345,0.008691054,rna3k
-0.02602334,-0.033154894,rna3k
0.016173989,0.004144909,rna3k
-0.026136538,-0.0017030917,rna3k
-0.0037381093,-0.01736807,rna3k
0.01625467,0.010177195,rna3k
0.0039167907,0.023894766,rna3k
0.016294248,-0.010702027,rna3k
0.01600076,-0.011657315,rna3k
-0.025904894,-0.0070936894,rna3k
-0.026099607,-0.015782567,rna3k
0.01610379,0.0028872811,rna3k
-0.026370037,-0.00683248,rna3k
0.014285006,-0.0103561105,rna3k
-0.02694609,-0.006827029,rna3k
0.01599946,-0.016324002,rna3k
0.015890403,-0.0024345317,rna3k
-0.026362922,-0.004058609,rna3k
0.016034547,0.0153361475,rna3k
-0.026767954,0.03249461,rna3k
0.014384323,0.02390658,rna3k
-0.024802506,0.011186022,rna3k
0.014430664,-0.014118024,rna3k
-0.026501982,0.010072222,rna3k
0.015991194,0.002246432,rna3k
0.015997197,0.010335228,rna3k
0.016174981,-0.011903219,rna3k
-0.026828323,-0.0031653307,rna3k
0.014490535,-0.020847952,rna3k
0.01436119,-0.010258408,rna3k
-0.018361744,-0.006044197,rna3k
0.0039003126,0.014305124,rna3k
-0.026832823,-0.0072918306,rna3k
0.015829653,0.027825229,rna3k
0.016202705,-0.0016691278,rna3k
0.016225249,-0.023114963,rna3k
0.01623503,-0.0045109564,rna3k
0.016245333,0.023257555,rna3k
0.01626927,-0.06636272,rna3k
0.016259648,0.013790047,rna3k
0.0160996,0.0171229,rna3k
-0.027066652,0.016585587,rna3k
0.016014012,-0.024878774,rna3k
0.015876438,-0.005343311,rna3k
0.016209768,0.002783889,rna3k
-0.024817359,0.040896837,rna3k
-0.02382043,0.038334798,rna3k
0.016278232,0.009388317,rna3k
0.016036661,-0.010257143,rna3k
0.016202971,-0.045783263,rna3k
-0.02688083,-0.035110272,rna3k
-0.026879935,-0.024483496,rna3k
0.016205188,-0.03163567,rna3k
-0.026587376,0.029079407,rna3k
-0.024379486,-0.00027873335,rna3k
0.0034026569,0.008057027,rna3k
0.014501036,0.007617447,rna3k
-0.026254462,0.009894293,rna3k
-0.026837405,0.003139567,rna3k
0.003821432,0.034297705,rna3k
0.008071077,-0.013146113,rna3k
-0.02596413,0.024410289,rna3k
0.003957732,-0.009273334,rna3k
-0.02684518,-0.012399165,rna3k
0.0036789384,0.020402396,rna3k
-0.025946388,0.004478119,rna3k
-0.026804801,0.00023697346,rna3k
0.016050367,-0.054132864,rna3k
0.0142668,0.007252272,rna3k
0.015978679,-0.0062840222,rna3k
0.016291376,0.0037316636,rna3k
0.01508523,0.017943712,rna3k
0.0034720718,-0.035804875,rna3k
0.016071355,0.012329067,rna3k
0.016286619,0.008608387,rna3k
-0.009548058,-0.0337391,rna3k
0.0038134612,0.005694975,rna3k
0.015703982,-0.006158743,rna3k
0.016271608,-0.0071659586,rna3k
-0.026682157,0.004006946,rna3k
0.015971608,0.018904243,rna3k
-0.02689864,-0.020693447,rna3k
0.015313062,-0.037431262,rna3k
0.01627485,-0.02712389,rna3k
-0.023165407,0.016113337,rna3k
-0.0033637378,0.041289993,rna3k
-0.02677534,-0.005408164,rna3k
-0.025895597,0.0102888895,rna3k
0.015594495,-4.1836945e-05,rna3k
0.016202215,-0.00026716036,rna3k
0.014617958,0.02574156,rna3k
0.016256815,0.0046758517,rna3k
0.01626443,0.010196768,rna3k
0.013705602,0.022913955,rna3k
-0.025788529,0.009605977,rna3k
-0.026625065,0.011984366,rna3k
-0.02668115,0.010755363,rna3k
0.015858654,-0.032337025,rna3k
-0.026789987,0.01248189,rna3k
0.016273042,-0.021148244,rna3k
0.016196236,0.015652696,rna3k
-0.025358334,0.009216114,rna3k
0.016073,-0.003199374,rna3k
0.015983421,0.004431675,rna3k
0.016166477,-0.029080592,rna3k
0.0039032286,0.017428417,rna3k
0.016267465,0.021463607,rna3k
-0.026886338,-0.015130563,rna3k
0.014667013,0.007650109,rna3k
-0.026293973,0.02098084,rna3k
-0.02665817,-0.0114551885,rna3k
0.015928557,-0.022475922,rna3k
-0.025903907,-0.00033385816,rna3k
0.016245946,0.0069558243,rna3k
-0.026715921,-0.023824424,rna3k
0.01584334,-0.009761742,rna3k
0.016209712,0.009267395,rna3k
-0.02560941,-0.0012354059,rna3k
0.016284728,-0.017474,rna3k
-0.02636136,-0.024705298,rna3k
-0.02590001,0.041077346,rna3k
0.016243726,0.026572522,rna3k
0.016143005,-0.0063272715,rna3k
0.0037207603,-0.040754523,rna3k
0.014151948,-0.024712384,rna3k
0.014869145,0.005732738,rna3k
0.016068207,0.019479828,rna3k
-0.026828457,-0.0065022074,rna3k
0.01617291,0.021682909,rna3k
0.013642748,0.004031013,rna3k
0.015952552,0.024168907,rna3k
-0.024740294,0.013252566,rna3k
0.0153936315,0.00554887,rna3k
-0.025713852,0.004221734,rna3k
-0.02455373,-0.006837091,rna3k
-0.026029384,0.006261609,rna3k
0.01620071,0.03312226,rna3k
-0.026430592,-0.045419984,rna3k
0.01616269,-0.016943151,rna3k
0.014899501,-0.014559058,rna3k
0.0158617,-0.0095232455,rna3k
-0.026865046,0.020741569,rna3k
-0.026236493,-0.003925874,rna3k
-0.024299216,0.00471852,rna3k
0.016010227,-0.028857425,rna3k
-0.026872873,0.0030531082,rna3k
0.016205154,-0.0023512836,rna3k
0.014193275,-0.0058229477,rna3k
0.01629134,-0.009355685,rna3k
-0.025945127,0.0009244634,rna3k
0.015685989,0.0068511483,rna3k
-0.024458354,0.018840302,rna3k
0.014486911,-0.023309723,rna3k
-0.026863135,-0.011229273,rna3k
-0.02681712,-0.010813363,rna3k
0.014993873,0.014926426,rna3k
0.0034802821,0.060415667,rna3k
-0.02645385,0.0042393804,rna3k
0.014115605,0.010752478,rna3k
-0.026327725,0.0034868852,rna3k
0.015968783,0.022966234,rna3k
0.013609552,-0.014084897,rna3k
-0.02569488,0.0030527406,rna3k
0.0102717,-0.014244921,rna3k
-0.026794229,-0.008381228,rna3k
0.016358,-0.010751395,rna3k
-0.026496405,0.017660825,rna3k
0.013523222,0.020166568,rna3k
0.016197925,0.00023511697,rna3k
-0.026974818,-0.016451016,rna3k
0.0036158212,-0.036087736,rna3k
0.016237691,-0.0085824765,rna3k
0.014411682,0.025747135,rna3k
0.013156516,0.020845419,rna3k
0.016262239,-0.013785142,rna3k
-0.026519654,0.017534068,rna3k
-0.026628155,-0.0039110417,rna3k
-0.026918015,0.03306171,rna3k
0.014330181,0.00018760128,rna3k
-0.026425976,0.005561684,rna3k
0.015481276,0.022427825,rna3k
0.016275171,0.025540287,rna3k
-0.025977,-0.0091032805,rna3k
-0.025992034,-0.022703024,rna3k
-0.025084488,-0.0011441192,rna3k
-0.02413066,-0.037164193,rna3k
0.0136285825,-0.007970734,rna3k
0.015957639,0.042298496,rna3k
0.01631781,0.0011214666,rna3k
-0.024476461,0.0049408996,rna3k
0.013458397,-0.0088900635,rna3k
-0.025964044,0.020177005,rna3k
0.0043893903,-0.048614707,rna3k
-0.02560853,0.013714983,rna3k
-0.025756303,-0.02055423,rna3k
0.015502472,0.019483268,rna3k
0.013512321,0.017211443,rna3k
0.015978165,0.00039988654,rna3k
-0.026830988,0.012513081,rna3k
-0.026194379,-0.00089256244,rna3k
-0.026791349,0.008935108,rna3k
0.015827442,0.03461324,rna3k
0.015944669,0.029072708,rna3k
0.016234009,-0.0073120343,rna3k
-0.026398476,0.005894866,rna3k
-0.025840007,-0.026761405,rna3k
0.005459367,-0.043733228,rna3k
0.016203007,0.014222785,rna3k
-0.02591554,-0.01586235,rna3k
-0.026215753,-0.013332748,rna3k
0.003983331,-0.0061642593,rna3k
0.016243834,-0.013562368,rna3k
0.016107569,-0.016932117,rna3k
0.0041669044,0.0029259138,rna3k
0.016194586,-0.020684386,rna3k
0.015949592,0.033009917,rna3k
-0.024837438,-0.042314745,rna3k
0.01617564,-0.01939661,rna3k
-0.02557915,-0.008701473,rna3k
-0.02667761,0.02182097,rna3k
0.015916483,-0.008582084,rna3k
-0.025410142,0.0076277624,rna3k
0.014361864,-0.033717606,rna3k
0.013639987,-0.005610681,rna3k
0.015754158,0.009603989,rna3k
0.015951803,0.029151894,rna3k
0.01618008,0.0054280385,rna3k
0.015967546,0.0014288316,rna3k
-0.0263038,0.015022281,rna3k
0.014279716,0.0047536264,rna3k
-0.025304932,-0.012536742,rna3k
0.014458095,-0.0081686005,rna3k
-0.021431088,0.010885719,rna3k
0.01629285,0.0048719454,rna3k
-0.025780061,-0.0028828792,rna3k
-0.025805432,-0.016906943,rna3k
0.016269973,0.007939011,rna3k
0.014985295,0.0088144615,rna3k
-0.026053837,0.004548895,rna3k
0.01602428,-0.01061285,rna3k
-0.026007473,0.026867198,rna3k
-0.024373418,-0.017021287,rna3k
0.016235575,-0.00874762,rna3k
0.0063556833,-0.006596597,rna3k
-0.026098482,0.012916023,rna3k
-0.026876926,-0.012398123,rna3k
0.016024614,0.0044496655,rna3k
0.016207194,0.010368663,rna3k
0.014105309,-0.032904595,rna3k
0.016175758,0.013586587,rna3k
0.016247341,0.011106024,rna3k
-0.026465772,0.011803544,rna3k
0.016126065,-0.037590638,rna3k
0.015922649,0.0035456256,rna3k
-0.0214707,0.0062024114,rna3k
-0.021349147,-0.005807879,rna3k
0.00393365,0.02684288,rna3k
0.013588985,0.02150543,rna3k
0.016273675,-0.01829683,rna3k
-0.02681508,0.053314395,rna3k
0.016164344,0.025555197,rna3k
0.016144654,0.008705697,rna3k
0.016259696,-0.007994866,rna3k
-0.02558605,0.0030269972,rna3k
-0.026279882,-0.013778132,rna3k
-0.0036759274,-0.031934954,rna3k
0.0038803113,0.009647097,rna3k
0.01618811,-0.00284732,rna3k
0.01541693,0.012620031,rna3k
0.014569361,0.005072677,rna3k
0.014401511,0.01161576,rna3k
0.014420877,-0.02928805,rna3k
-0.027047543,0.006909649,rna3k
-0.025805319,-0.00827934,rna3k
0.015920188,-1.8565068e-05,rna3k
0.015697474,-0.025377953,rna3k
0.01623046,0.0029482313,rna3k
-0.02588409,0.0065857205,rna3k
0.016235357,-0.02486343,rna3k
-0.026238162,0.0152189,rna3k
-0.025228407,0.033951547,rna3k
-0.025990684,0.016721612,rna3k
0.016304953,-0.0054172035,rna3k
0.016121259,0.0019265743,rna3k
-0.02638031,-0.0064236354,rna3k
0.013450722,0.007928669,rna3k
0.014403306,-0.022563111,rna3k
0.015928095,0.01835502,rna3k
0.015035072,-0.009205891,rna3k
0.015452308,0.013117722,rna3k
0.016023995,-0.0254663,rna3k
-0.025440408,-0.01596158,rna3k
0.015946237,-0.006817246,rna3k
0.0037749165,-0.020530205,rna3k
-0.025823051,0.007143842,rna3k
0.016303468,-0.0066370647,rna3k
0.014488232,0.011814894,rna3k
0.015830737,0.017537313,rna3k
0.016076932,-0.01965592,rna3k
-0.02676756,0.008641362,rna3k
0.0037057635,-0.024825908,rna3k
0.016223116,0.016054329,rna3k
0.016214225,0.03315081,rna3k
0.01358917,-0.019279135,rna3k
0.0045679836,-0.0031185825,rna3k
-0.0079018995,-0.03050446,rna3k
-0.012689944,-0.019411243,rna3k
0.0038026653,-0.005361273,rna3k
0.016245553,0.008746691,rna3k
-0.02689613,0.011724344,rna3k
0.015948756,0.0077144164,rna3k
-0.026148235,-0.015895102,rna3k
0.005834838,0.0026653477,rna3k
0.015965419,0.0013841417,rna3k
0.004078053,0.018048631,rna3k
0.016053198,-0.009433109,rna3k
0.015993398,0.00022795366,rna3k
0.016315922,-0.050262053,rna3k
0.016289353,0.008616524,rna3k
0.016191682,-0.004199385,rna3k
0.015594771,0.0138596175,rna3k
-0.024703812,0.009001934,rna3k
0.015864875,0.004719219,rna3k
0.0162175,0.022031097,rna3k
0.016294418,0.011163212,rna3k
0.016238214,-0.0040009487,rna3k
-0.02702596,0.015166482,rna3k
0.01596103,0.007426926,rna3k
0.01422142,-0.016082888,rna3k
-0.025692226,0.043208607,rna3k
0.01625861,-0.03547765,rna3k
0.016226118,-0.019850245,rna3k
0.016290229,-0.026567448,rna3k
0.016225208,-0.040345497,rna3k
0.016133362,0.014056979,rna3k
0.016271416,0.006033202,rna3k
-0.026014438,-0.006924503,rna3k
0.01614675,-0.000916587,rna3k
0.016261287,-0.0018400486,rna3k
-0.02659756,0.01376878,rna3k
0.016161252,0.016368214,rna3k
-0.025649965,-0.015122452,rna3k
0.01625819,0.0059107286,rna3k
0.016179398,0.020944946,rna3k
0.016012438,0.017961875,rna3k
-0.025327984,0.0046763252,rna3k
0.0036737542,-0.010118596,rna3k
0.015972435,-0.027123433,rna3k
0.016087618,-0.00081482873,rna3k
0.016028639,0.0090917,rna3k
-0.025959628,-0.0064918865,rna3k
0.0144185815,0.012109198,rna3k
0.015877489,-0.008404661,rna3k
0.016258584,0.033209875,rna3k
0.01626591,-0.0130647365,rna3k
-0.022483518,0.012805113,rna3k
0.013448491,0.0051587014,rna3k
-0.026892979,0.014471623,rna3k
-0.02629215,-0.054637317,rna3k
0.015837776,0.0041275113,rna3k
0.015025677,-0.013197422,rna3k
-0.025355732,-0.015601917,rna3k
-0.026827496,0.00033073893,rna3k
0.013398259,0.008861002,rna3k
0.01103939,0.026679033,rna3k
0.016254036,0.01726256,rna3k
0.016262215,-0.021532653,rna3k
0.014431986,0.0026322159,rna3k
0.015891392,0.034841146,rna3k
0.0036408454,0.004184659,rna3k
0.013544076,-0.0052153533,rna3k
0.012820643,0.013393302,rna3k
-0.00472929,0.0010108674,rna3k
0.016047971,0.0061505544,rna3k
0.016076764,0.00544471,rna3k
0.01593302,-0.00035157712,rna3k
0.014390422,0.014903978,rna3k
-0.025942681,0.004314246,rna3k
0.016182097,0.009182144,rna3k
0.016251754,-0.0039322292,rna3k
0.013353973,0.0020904243,rna3k
0.016034042,-0.009581151,rna3k
0.015772186,-0.035652697,rna3k
0.013888503,0.04626697,rna3k
-0.026396632,0.028967744,rna3k
-0.02651136,0.0068264464,rna3k
0.016257437,0.012890079,rna3k
-0.023620503,-0.0038417405,rna3k
0.013536624,0.0032353096,rna3k
-0.02589,-0.016849691,rna3k
-0.02647952,-0.0022656587,rna3k
-0.026278215,0.0075932415,rna3k
-0.025558922,0.012213039,rna3k
0.01335179,-0.021139003,rna3k
0.01587914,-0.030995006,rna3k
0.0038073792,-0.009202097,rna3k
0.0037009462,0.03064233,rna3k
-0.026984004,0.027555943,rna3k
0.015287472,0.02713509,rna3k
0.016198823,-0.044858422,rna3k
-0.02094495,-0.010422508,rna3k
0.016209016,0.041436613,rna3k
-0.026198048,-0.006385951,rna3k
0.016188435,0.018572839,rna3k
0.014414564,0.042052418,rna3k
0.014624241,-0.035231896,rna3k
0.016242633,0.0078027872,rna3k
-0.026892727,-0.020310603,rna3k
0.014105307,-0.032822113,rna3k
0.015963316,0.016706014,rna3k
-0.0259209,-0.0117144855,rna3k
-0.0254682,-0.03441651,rna3k
0.016045744,-0.018199736,rna3k
0.014153097,-0.00394248,rna3k
0.014492781,0.019118192,rna3k
0.015930768,-0.016833602,rna3k
0.016225493,-0.028588729,rna3k
0.016184455,-0.026916651,rna3k
0.0146374,-0.008075264,rna3k
0.012155345,-0.01159235,rna3k
-0.026848115,0.0484678,rna3k
0.015858985,-0.012166431,rna3k
0.0144138215,-0.014328935,rna3k
-0.02173714,0.011536473,rna3k
0.015875736,0.024360701,rna3k
-0.0262651,-0.012592817,rna3k
-0.023934506,0.0020898501,rna3k
-0.026892858,-0.0117404265,rna3k
0.014438096,0.00935167,rna3k
0.015208733,0.030276116,rna3k
0.0038846096,-0.041231163,rna3k
0.016238159,-0.0051114527,rna3k
0.016204096,-0.022394918,rna3k
0.01420057,0.01258569,rna3k
-0.0263546,-0.007653132,rna3k
-0.026098281,0.0033663558,rna3k
0.015900638,0.0132026905,rna3k
-0.026179958,-0.008268431,rna3k
0.015995719,-0.004710326,rna3k
-0.02641734,-0.017170094,rna3k
0.003586938,-0.010777617,rna3k
0.016132165,-0.01924932,rna3k
0.0026017649,0.010599814,rna3k
0.0142711485,-0.014245784,rna3k
0.016306946,-0.008396621,rna3k
0.016279723,0.033353597,rna3k
-0.026452065,-0.0043514245,rna3k
0.013622755,-0.0086321635,rna3k
-0.026185611,-0.01893438,rna3k
-0.025990196,-0.011588016,rna3k
0.016201433,-0.004111134,rna3k
0.015898721,0.0063623395,rna3k
-0.026808511,0.0076256893,rna3k
0.014253518,0.006752129,rna3k
0.0045080907,0.026143925,rna3k
0.003929617,-0.007428421,rna3k
-0.026975472,-0.011593366,rna3k
-0.003752587,-0.0033706399,rna3k
0.01625362,0.01950707,rna3k
0.01626027,-0.000523541,rna3k
-0.02602693,-0.015386288,rna3k
0.0036413174,0.007717752,rna3k
-0.026807396,-0.031888135,rna3k
0.016112905,-0.0018347008,rna3k
0.016126567,0.009063218,rna3k
0.015988126,-0.0033752387,rna3k
0.0037179543,-0.011802516,rna3k
0.016261889,-0.04113385,rna3k
0.003601546,-0.017157475,rna3k
-0.026671777,0.014917703,rna3k
-0.024552984,-0.0054923496,rna3k
0.014945605,0.03042925,rna3k
0.016064243,0.033388615,rna3k
-0.026126731,0.013618721,rna3k
0.015842931,0.004603934,rna3k
0.013604483,-0.028340954,rna3k
0.015447425,0.012099949,rna3k
-0.024938455,-0.02119525,rna3k
0.014199762,0.025011973,rna3k
0.014616235,0.005672016,rna3k
0.015509309,-0.029696705,rna3k
-0.02575638,0.012176358,rna3k
0.015997827,-0.020317297,rna3k
-0.026046501,0.007970819,rna3k
-0.026502408,-0.016201358,rna3k
-0.02597704,-0.026391016,rna3k
-0.026721101,-0.031186821,rna3k
0.01121386,-0.02742434,rna3k
0.01616412,0.0043690396,rna3k
-0.026318824,0.010549845,rna3k
0.004030302,0.0003055773,rna3k
0.01597752,0.015503844,rna3k
0.015971325,-0.0024261265,rna3k
0.0038695731,0.023876322,rna3k
0.0039862143,0.009186062,rna3k
0.016246304,-0.0064879274,rna3k
-0.025392652,0.010215726,rna3k
0.015844926,-0.005553079,rna3k
0.016249334,0.018283332,rna3k
0.01618493,-0.01381254,rna3k
0.016137587,0.02122339,rna3k
0.0036360067,0.0010304184,rna3k
-0.025936408,0.0021446454,rna3k
0.006471545,0.0066273506,rna3k
-0.025933804,-0.013545739,rna3k
-0.026045563,-0.013322502,rna3k
-0.026845094,0.004489593,rna3k
-0.025952253,-0.013164646,rna3k
0.016252145,0.022415936,rna3k
0.0034390187,0.024555627,rna3k
0.015870664,0.018963018,rna3k
0.016250564,0.0033524213,rna3k
0.01592405,-0.013473122,rna3k
0.016014125,-0.0049576056,rna3k
-0.026025265,-0.023525951,rna3k
0.016123183,-0.002034661,rna3k
0.016244633,-0.013191481,rna3k
0.01569246,-0.018887505,rna3k
0.015912827,0.0077364063,rna3k
0.014641617,0.0030791503,rna3k
0.015994966,-0.009480947,rna3k
-0.024993865,-0.001903896,rna3k
0.0142588755,0.024077935,rna3k
-0.0225166,-0.011809876,rna3k
-0.021348348,-0.030876676,rna3k
0.003998434,0.015188404,rna3k
0.013522246,0.002775065,rna3k
0.015996791,-0.020609926,rna3k
-0.025446087,0.02820977,rna3k
0.016216753,-0.005715568,rna3k
0.01625158,0.01245894,rna3k
0.0013819976,-0.018325362,rna3k
0.016179606,-0.0048048105,rna3k
-0.026495794,0.02020598,rna3k
0.016234864,0.007106231,rna3k
0.008767266,0.009985096,rna3k
-0.02633052,0.031733856,rna3k
0.014599329,-0.026398808,rna3k
0.01602735,0.017336072,rna3k
-0.026973816,-0.009854911,rna3k
0.016266335,0.016082847,rna3k
0.016331945,-0.04201512,rna3k
0.016125524,-0.0021016118,rna3k
0.014380602,0.025232486,rna3k
-0.026068773,0.00243143,rna3k
0.014192019,-0.029219242,rna3k
-0.026989616,0.061015405,rna3k
-0.02689384,-0.009188314,rna3k
0.016226564,0.01582237,rna3k
0.016266687,-0.015435967,rna3k
0.0006778397,0.0059958673,rna3k
-0.0264121,-0.0028994253,rna3k
0.016141305,0.005099719,rna3k
-0.004044605,-0.019715594,rna3k
0.016275294,0.030495364,rna3k
0.016016021,-0.007415261,rna3k
-0.026799122,0.003946427,rna3k
0.006242419,0.018009396,rna3k
0.016259342,-4.408329e-05,rna3k
-0.025802195,0.014261955,rna3k
-0.026853044,-0.009850096,rna3k
-0.026492536,-0.04815463,rna3k
0.007956018,-0.0073085213,rna3k
0.016090874,-0.006064916,rna3k
0.015917309,-0.00087584043,rna3k
-0.026103614,0.034280814,rna3k
-0.026261294,0.019431466,rna3k
0.015897881,-0.017440237,rna3k
0.015955701,-0.0024782266,rna3k
-0.026142519,-0.013782108,rna3k
-0.023581158,-0.0058792047,rna3k
-0.026725339,-0.006283437,rna3k
0.01459172,-0.011811338,rna3k
0.016308269,0.0045584957,rna3k
0.003848864,-0.009506996,rna3k
0.016202815,0.050288104,rna3k
-0.02669395,-0.010375327,rna3k
-0.026157472,-0.01154221,rna3k
0.014688064,0.0008329064,rna3k
-0.02618797,0.005981275,rna3k
-0.02628809,-0.0062423567,rna3k
0.016157497,0.008303593,rna3k
0.016078409,0.005935766,rna3k
-0.00095260254,0.022534171,rna3k
-0.02570892,-0.032199766,rna3k
0.003643902,-0.03419502,rna3k
0.013492398,0.00045573188,rna3k
0.014225194,0.02516809,rna3k
0.016302632,0.0027376323,rna3k
0.0035891251,-0.016846867,rna3k
-0.026388286,0.0037487722,rna3k
-0.026942078,-0.0002037484,rna3k
-0.026077416,-0.0037480611,rna3k
-0.026781144,-0.027245553,rna3k
-0.025975853,-0.029156737,rna3k
0.016019326,0.027487976,rna3k
0.0062936316,-0.00030628356,rna3k
-0.025611084,0.022233842,rna3k
0.016171904,0.0036541976,rna3k
0.015976539,-0.019351834,rna3k
0.016264504,-0.0048456946,rna3k
0.015890742,0.008410621,rna3k
0.013586759,0.007554795,rna3k
0.01512169,-0.031754747,rna3k
0.015994363,0.008487088,rna3k
0.0039756917,-0.0060354494,rna3k
-0.026839664,0.015961554,rna3k
0.01620232,-0.0044708815,rna3k
-0.026663054,-0.025535563,rna3k
0.016233973,-0.0028133255,rna3k
0.016238762,0.02880046,rna3k
-0.026130848,-0.0019726853,rna3k
0.016167039,-0.020719782,rna3k
-0.026504092,0.012889916,rna3k
0.013617872,0.0032528336,rna3k
-0.026437284,-0.0018755154,rna3k
-0.026986113,0.023539627,rna3k
0.016273033,0.027617445,rna3k
0.011483634,-0.017883591,rna3k
-0.02533917,-0.011743223,rna3k
-0.025820587,-0.0105937775,rna3k
0.013375589,0.00808154,rna3k
0.0036332118,0.0013630604,rna3k
-0.026726373,-0.0038906692,rna3k
0.016283678,0.0037419456,rna3k
0.01627612,-0.025604514,rna3k
0.01628725,-0.0019167104,rna3k
0.016311802,0.0066100457,rna3k
0.016027672,0.003650309,rna3k
0.016116997,-0.0027752488,rna3k
0.016210997,0.015692128,rna3k
0.013576672,-0.036212277,rna3k
0.016258955,-0.017575545,rna3k
0.016280485,0.0028848602,rna3k
0.01597389,-0.005818996,rna3k
0.014461853,-0.015589001,rna3k
-0.024776854,-0.009194038,rna3k
-0.026805805,0.021777093,rna3k
0.003791006,0.029873386,rna3k
0.0037324773,0.021948624,rna3k
0.016113365,0.02441636,rna3k
0.0039344784,0.003981917,rna3k
0.0037576202,-0.02577396,rna3k
-0.021345787,-0.036000133,rna3k
-0.025749488,-0.0155964475,rna3k
-0.025506122,-0.011800886,rna3k
0.016091269,0.0022893124,rna3k
-0.025443554,-0.0071208784,rna3k
-0.026143763,0.008897127,rna3k
0.013594893,0.004941233,rna3k
0.016165314,-0.0087159695,rna3k
-0.026856566,-0.026989825,rna3k
-0.026123835,-0.0029618684,rna3k
0.016174363,-0.006094908,rna3k
0.016055139,-0.014279125,rna3k
0.014479832,0.01228045,rna3k
0.016261626,0.052977692,rna3k
0.01608307,0.019786961,rna3k
-0.025953528,0.009187524,rna3k
-0.025695998,0.0018724179,rna3k
0.016274141,-0.006399106,rna3k
0.016303107,-0.009349644,rna3k
0.016183779,-0.009253992,rna3k
0.016215464,-0.010880246,rna3k
-0.012786208,-0.007126168,rna3k
0.016147887,0.01832844,rna3k
0.016024109,0.04028066,rna3k
-0.02651703,0.0040623657,rna3k
0.016128778,-0.0019936478,rna3k
0.016115077,-0.046883024,rna3k
0.016248366,-0.008569457,rna3k
0.013644669,0.004317211,rna3k
-0.017709857,-0.002779088,rna3k
0.012072353,-0.0041988385,rna3k
0.016216064,0.02012549,rna3k
-0.026465924,0.026739137,rna3k
0.016042957,-0.023972033,rna3k
0.013516734,-0.012618272,rna3k
-0.026815537,-0.018694043,rna3k
-0.022098813,-0.0005636199,rna3k
0.01602387,-0.015021883,rna3k
-0.026760316,0.010988483,rna3k
0.0036396645,-0.03280893,rna3k
-0.021565137,0.0100606205,rna3k
0.004058668,0.009982851,rna3k
0.015834661,-0.00127616,rna3k
0.01618964,-0.013881925,rna3k
0.01531906,-0.03099168,rna3k
0.014345664,-0.0066628964,rna3k
-0.026030065,0.03989683,rna3k
0.016190322,0.0075537898,rna3k
0.015759222,-0.01869102,rna3k
-0.02599657,0.021277787,rna3k
0.016108938,0.0147060715,rna3k
0.01353362,-0.011732883,rna3k
-0.02601494,-0.045634706,rna3k
-0.026267914,0.0066131707,rna3k
-0.026095198,0.0018405417,rna3k
-0.021398094,0.0069382195,rna3k
-0.027025895,0.020496888,rna3k
0.015947895,0.0038788745,rna3k
-0.0034143445,-0.008646414,rna3k
-0.026975645,0.007279839,rna3k
0.016270133,0.011713346,rna3k
0.016209353,0.01837017,rna3k
-0.02484933,-0.028425653,rna3k
-0.000115709016,0.024650551,rna3k
0.0027205634,-0.017782176,rna3k
-0.027030021,-0.01466754,rna3k
0.016291965,0.02247461,rna3k
0.0161896,-0.01465538,rna3k
-0.026990704,-0.035803642,rna3k
0.015926272,0.0042746114,rna3k
0.014287022,0.0060504936,rna3k
0.016256042,-0.008625578,rna3k
-0.0256474,0.045804277,rna3k
0.01538205,-0.001959422,rna3k
0.016226396,0.009235686,rna3k
0.016022434,-0.027632881,rna3k
0.016217018,-0.004417337,rna3k
0.015921028,0.04855407,rna3k
-0.0088068945,-0.020540958,rna3k
0.016321376,-0.004986118,rna3k
0.0144441165,0.01018577,rna3k
-0.02680427,0.019888693,rna3k
-0.0218102,0.006385375,rna3k
-0.026601445,0.009794502,rna3k
0.016275335,0.0095782755,rna3k
-0.0016017152,0.04165261,rna3k
0.0143282795,-0.0068809097,rna3k
-0.026540868,-0.034363832,rna3k
0.014657146,-0.020258224,rna3k
0.004136729,0.028021738,rna3k
0.01626509,0.011955439,rna3k
0.016192969,-0.038458496,rna3k
0.015931282,-0.015638236,rna3k
0.0135410335,-0.0039287745,rna3k
0.016239876,-0.006617365,rna3k
0.016307093,-0.0067705773,rna3k
0.015946496,0.0027263989,rna3k
-0.025815643,0.021696636,rna3k
-0.026233284,-0.019554932,rna3k
0.016294438,0.0072246357,rna3k
-0.02653264,-0.004422891,rna3k
0.01620523,0.015327408,rna3k
0.016276127,-0.010335457,rna3k
0.016214436,0.037919912,rna3k
-0.026026975,0.010124203,rna3k
0.013611554,0.027544383,rna3k
0.0042252257,0.0276148,rna3k
0.013181881,0.013044036,rna3k
0.016254637,-0.037243396,rna3k
-0.021303134,0.011039579,rna3k
-0.025807204,0.004724684,rna3k
0.015889525,-0.0040340903,rna3k
-0.025784021,-0.011369434,rna3k
-0.026464285,0.03427368,rna3k
0.016256623,-0.003865016,rna3k
0.01628267,-0.01781872,rna3k
0.016286386,0.0027076046,rna3k
-0.026259495,0.0072255097,rna3k
0.016261248,-0.0059153107,rna3k
-0.02548202,-0.007357023,rna3k
0.016238214,0.007396798,rna3k
0.01566327,-0.013820047,rna3k
0.01591722,0.022606097,rna3k
0.014196463,-0.010658822,rna3k
0.014836677,0.020705106,rna3k
0.015957039,0.018240497,rna3k
0.01417664,0.007547509,rna3k
0.016177341,-0.031844385,rna3k
0.015722549,-0.029722381,rna3k
-0.026704177,0.031523496,rna3k
-0.02569617,-0.034148436,rna3k
0.016188888,-0.0008698348,rna3k
0.0025598672,-8.709366e-05,rna3k
0.0035584203,-0.031233188,rna3k
0.014578713,-0.013742293,rna3k
0.014869514,-0.022445267,rna3k
0.014414487,-0.022946449,rna3k
-0.027012734,-0.011017919,rna3k
0.01629219,0.012516464,rna3k
0.013575554,0.015205582,rna3k
0.0035122628,0.028736675,rna3k
0.016060352,-0.021283664,rna3k
0.014907541,-0.0055953334,rna3k
-0.02649453,0.016909374,rna3k
0.016231345,-0.0145873735,rna3k
0.014849168,-0.002938276,rna3k
0.016119616,0.008609186,rna3k
-0.026963884,-0.008816222,rna3k
0.016068809,0.007984695,rna3k
0.016200608,-0.033829402,rna3k
0.01568366,-0.0057718316,rna3k
0.007279807,-0.014941515,rna3k
-0.02519643,-0.006370594,rna3k
0.016198153,-0.008731128,rna3k
0.014005472,0.0048396,rna3k
-0.025975367,-0.044565972,rna3k
-0.026421571,-0.0027712728,rna3k
0.015972769,-0.016724952,rna3k
0.016215159,0.033612255,rna3k
0.014285867,-0.0309464,rna3k
-0.026893789,0.017853465,rna3k
-0.025959248,-0.013717892,rna3k
0.016199479,0.02995656,rna3k
0.0038755075,0.013290774,rna3k
0.015607621,0.019490523,rna3k
0.016182648,-0.013531816,rna3k
-0.022804134,-0.0066796723,rna3k
-0.024904978,0.0028901247,rna3k
0.003751155,-0.00608815,rna3k
-0.025560208,-0.045651626,rna3k
0.013578179,-0.019568563,rna3k
-0.026116917,-0.029531514,rna3k
0.015981784,-0.035366185,rna3k
0.016045416,-0.01640727,rna3k
-0.025539245,-0.026917137,rna3k
0.01620749,-0.040247615,rna3k
-0.02598296,-0.03990361,rna3k
0.01338438,0.0003096944,rna3k
0.016311293,0.0021394708,rna3k
0.0036041895,0.008368295,rna3k
0.016106134,0.0031241043,rna3k
-0.026988355,0.003864437,rna3k
0.0030443904,0.030940354,rna3k
0.016260155,-0.016374312,rna3k
0.016270993,-0.0100660445,rna3k
-0.026476657,-0.0047458494,rna3k
0.016232947,0.03140144,rna3k
-0.026880234,-0.0090452805,rna3k
-0.026846219,0.023980914,rna3k
0.015983991,0.04335711,rna3k
0.01624509,-0.0184216,rna3k
-0.02692181,-0.0060164253,rna3k
0.0163174,0.0251367,rna3k
-0.026329571,-0.0007943342,rna3k
-0.026529565,-0.02397701,rna3k
0.0023515965,-0.024706423,rna3k
-0.0073746396,-0.0016149166,rna3k
0.016135655,0.008159366,rna3k
-0.026780713,0.0022971884,rna3k
0.016022228,-0.037751812,rna3k
0.0039803013,0.0049909623,rna3k
0.013568983,0.004726925,rna3k
-0.02275878,0.004647999,rna3k
0.01584662,-0.002295532,rna3k
0.003806118,0.03397308,rna3k
-0.026208628,-0.028853292,rna3k
0.01585138,0.0344174,rna3k
0.016094087,-0.005123144,rna3k
0.016226834,0.011798716,rna3k
-0.025524348,0.011650742,rna3k
0.016065791,0.024981031,rna3k
0.015958529,-0.031766806,rna3k
0.016097756,0.020046355,rna3k
-0.026894499,0.01732685,rna3k
0.01629853,-0.010863712,rna3k
0.012051056,0.013454192,rna3k
0.015518581,0.005688263,rna3k
-0.026236238,0.0016588133,rna3k
0.016162958,0.006214853,rna3k
0.015950505,-0.0059308726,rna3k
0.016294064,-0.011322861,rna3k
-0.026812106,0.0062542157,rna3k
0.0037664326,0.022903265,rna3k
0.016177105,-0.00510426,rna3k
0.015934104,-0.015734354,rna3k
-0.026863696,-0.027237076,rna3k
-0.026496025,0.009234355,rna3k
0.016193373,-0.005721578,rna3k
-0.025822466,0.013026583,rna3k
-0.02666205,-0.0072095953,rna3k
0.016027378,-0.0024244806,rna3k
0.014991082,0.0106646,rna3k
0.015935227,0.011029878,rna3k
0.0162317,0.0011716401,rna3k
0.01627438,-0.010102432,rna3k
0.015893841,-0.022044722,rna3k
-0.026753753,0.0086334655,rna3k
-0.025627488,0.009913597,rna3k
-0.026700687,0.007752121,rna3k
-0.025590362,-0.015734382,rna3k
0.012024855,-0.009293346,rna3k
0.016298346,-0.011899822,rna3k
-0.025841389,0.0053675906,rna3k
0.01623567,-0.01777524,rna3k
0.014588122,-0.00569651,rna3k
0.013628333,-0.013136181,rna3k
-0.025904233,-0.00031287444,rna3k
-0.026995506,-0.012096028,rna3k
0.0039279778,0.025050776,rna3k
-0.026452603,0.025046097,rna3k
0.016227849,-0.0053742435,rna3k
0.016266778,0.00070027215,rna3k
-0.026582768,-0.008182379,rna3k
0.016301375,0.014126,rna3k
0.015900945,0.01959319,rna3k
0.016216928,-0.0055045844,rna3k
0.003620928,-0.008310315,rna3k
-0.026082272,0.03328111,rna3k
0.01381958,0.007123293,rna3k
0.016244274,-0.013687128,rna3k
0.013391728,-0.0017097796,rna3k
-0.025461998,0.010491365,rna3k
0.01628589,-0.012039205,rna3k
0.013635289,0.014673677,rna3k
0.013473497,0.01541242,rna3k
0.016220992,-0.022987073,rna3k
-0.021846062,-0.021892505,rna3k
-0.025907297,0.015956583,rna3k
0.015880903,0.0035971797,rna3k
0.016272597,0.0038166172,rna3k
0.015830165,-0.025156818,rna3k
-0.025936155,0.021448536,rna3k
0.016147615,0.0020414991,rna3k
0.016233131,-0.0065837456,rna3k
-0.02624463,0.00036610095,rna3k
0.016100094,-0.027230188,rna3k
0.0135561405,-0.008678195,rna3k
0.0162014,0.013636608,rna3k
-0.026941737,-0.02772476,rna3k
0.01415244,0.038603388,rna3k
0.0039403387,-0.013380033,rna3k
0.016214201,0.003740511,rna3k
-0.02595136,0.01565741,rna3k
-0.026934214,-0.012422443,rna3k
0.013506056,-0.01733978,rna3k
0.016230484,-0.0023425783,rna3k
-0.02595517,-0.01340891,rna3k
0.01614202,-0.00069749757,rna3k
0.016285874,-0.0021762787,rna3k
0.013272751,-0.009027149,rna3k
0.015947424,0.009768873,rna3k
0.016068133,0.016544838,rna3k
0.01588028,-0.006553569,rna3k
-0.021498581,-0.0041807992,rna3k
-0.025567343,0.009676005,rna3k
-0.027060254,0.0022897862,rna3k
0.015857339,-0.040315464,rna3k
0.016161058,-0.0022130625,rna3k
-0.025905252,-0.039222017,rna3k
0.0141500775,-0.050901424,rna3k
-0.026863525,-0.0036729851,rna3k
-0.026483882,0.02178248,rna3k
0.016040612,0.023205617,rna3k
0.003454833,-0.015698504,rna3k
-0.025984675,-0.0070667285,rna3k
0.016070545,0.008093792,rna3k
0.013582399,0.0060134884,rna3k
-0.025908,-0.022581391,rna3k
0.016104527,-0.024102686,rna3k
0.0146964025,-0.015130939,rna3k
-0.026980903,0.006862499,rna3k
0.015852027,-0.037917923,rna3k
0.013605875,0.009301935,rna3k
-0.026815502,0.0030107826,rna3k
0.0039227833,0.012181246,rna3k
-0.02673357,0.02310519,rna3k
0.016172925,-0.016512264,rna3k
0.007817265,0.011329038,rna3k
-0.026787966,0.027466767,rna3k
0.016286362,0.0041290103,rna3k
-0.025307322,0.011991735,rna3k
0.01623325,-0.045030296,rna3k
-0.026775433,-0.048598707,rna3k
0.016156953,-0.01623543,rna3k
0.01632505,0.015363434,rna3k
0.016234422,0.011163503,rna3k
0.016242366,0.008297579,rna3k
-0.018990275,0.003585185,rna3k
0.015951151,-0.0042909686,rna3k
-0.026069982,-0.021889834,rna3k
0.016189184,-0.029113537,rna3k
0.013926397,0.014806791,rna3k
0.016280757,0.010131133,rna3k
0.014285319,-0.013858971,rna3k
0.013687653,-0.034032397,rna3k
0.013817991,0.00040953798,rna3k
0.016253842,0.008553806,rna3k
-0.025469085,0.005713871,rna3k
0.015864853,-0.03455861,rna3k
-0.024976416,-0.00424177,rna3k
-0.026430348,0.0052446313,rna3k
0.015705172,0.025402728,rna3k
-0.026542502,-0.013053014,rna3k
0.016101861,-0.0010879169,rna3k
-0.021936106,-0.0072181607,rna3k
0.015912822,-0.016700553,rna3k
0.016217649,0.0059527024,rna3k
0.0152531555,-0.0169243,rna3k
-0.02582976,-0.020486502,rna3k
-0.02598217,0.023320436,rna3k
0.016192941,-0.034743764,rna3k
0.016126404,-0.0034357475,rna3k
0.016171895,0.004094406,rna3k
0.016176084,0.015241883,rna3k
-0.02609967,0.0337707,rna3k
0.016245311,-0.03780832,rna3k
0.016299667,-0.017509714,rna3k
-0.025439333,0.0025025273,rna3k
0.016263708,0.02508399,rna3k
0.015926875,-0.006112392,rna3k
-0.02602144,-0.0065864306,rna3k
0.016249606,0.013902596,rna3k
-0.026074884,-0.0018220436,rna3k
-0.02549592,0.006725555,rna3k
0.016203007,0.023664912,rna3k
-0.026445994,-0.013718971,rna3k
0.015279114,0.000105542764,rna3k
0.015952138,0.01649475,rna3k
0.015981931,-0.018817374,rna3k
0.016207125,0.0038653086,rna3k
-0.02668281,-0.01065057,rna3k
0.003922173,-0.013627173,rna3k
0.003720806,-0.0038535737,rna3k
-0.026988469,0.038540535,rna3k
0.0036573082,-0.025125029,rna3k
-0.026659029,0.0029274577,rna3k
-0.026308017,-0.015808506,rna3k
-0.02644415,-0.00011482749,rna3k
-0.025996448,-0.02364831,rna3k
0.016304882,0.03189565,rna3k
0.014251851,0.01339063,rna3k
-0.025314819,-0.009159579,rna3k
-0.026326489,-0.01459576,rna3k
0.01614168,-0.010784479,rna3k
-0.024604222,-0.012871764,rna3k
0.016242612,0.00749,rna3k
0.016137104,-0.039792895,rna3k
0.016010074,0.031190827,rna3k
0.016247323,-0.008944225,rna3k
-0.02681684,0.031086097,rna3k
-0.026947808,-0.0041465955,rna3k
-0.026764486,-0.019816553,rna3k
0.014588001,0.002094798,rna3k
0.016086109,0.00085606106,rna3k
0.016267262,0.029252488,rna3k
0.016258085,0.021875612,rna3k
-0.02572657,-0.0098607,rna3k
0.0037450776,0.013179997,rna3k
0.01582974,-0.035804715,rna3k
-0.025432017,0.033105817,rna3k
0.016216272,-0.014348787,rna3k
0.01626172,-0.022197846,rna3k
-0.026961433,-0.013614777,rna3k
-0.025617454,-0.02116769,rna3k
0.016196622,0.03702079,rna3k
-0.026104553,0.016302234,rna3k
0.0036873396,0.017468452,rna3k
0.0155266095,0.032425363,rna3k
-0.02652617,-0.0036143344,rna3k
-0.026167896,0.024607664,rna3k
-0.026374757,0.0056642406,rna3k
-0.026338343,-0.0034045926,rna3k
-0.026472293,-0.013586444,rna3k
0.01594907,-0.012478301,rna3k
-0.026001012,0.016495565,rna3k
-0.0038045577,-0.015599377,rna3k
-0.02663735,0.011752708,rna3k
0.016191699,-0.0072080684,rna3k
0.016048029,0.03079627,rna3k
0.01629862,0.009648809,rna3k
0.016243722,-0.019717094,rna3k
0.013753893,0.002815186,rna3k
-0.008131508,0.0023826524,rna3k
0.013594735,-0.040188387,rna3k
0.016280591,0.020768974,rna3k
0.016243106,-0.015431327,rna3k
-0.026056558,-0.0076975753,rna3k
-0.021269409,0.005438006,rna3k
0.01592455,0.004208705,rna3k
0.016234973,0.010670706,rna3k
0.01627961,-0.023180472,rna3k
-0.026008109,0.006905187,rna3k
-0.02645233,0.009812651,rna3k
0.014808901,0.018616442,rna3k
0.01625718,-0.031454932,rna3k
-0.02615519,-0.03103384,rna3k
-0.026304558,-0.026696293,rna3k
0.016249925,0.027980842,rna3k
0.01604601,0.012472817,rna3k
0.016326172,-0.0015250935,rna3k
-0.026868926,0.012919931,rna3k
0.01436372,0.02899426,rna3k
0.015961122,-0.0045003216,rna3k
-0.026424427,-0.0079049235,rna3k
0.016249575,0.054251138,rna3k
0.016203504,-0.022432264,rna3k
-0.026339948,0.007841643,rna3k
-0.026793335,0.0018766912,rna3k
0.0042383806,-0.020214427,rna3k
0.01597633,0.00836469,rna3k
0.016100002,0.007798261,rna3k
0.0034301,-0.026211364,rna3k
0.016202975,0.020176953,rna3k
-0.02598342,-0.0314275,rna3k
-0.025983917,-0.0002738821,rna3k
0.01631601,0.020076387,rna3k
0.015874904,-0.023742102,rna3k
0.015946418,-0.020887973,rna3k
-0.026946384,-0.025987847,rna3k
-0.025230316,-0.029049424,rna3k
0.016082179,0.0007025453,rna3k
-0.026991894,0.037819915,rna3k
0.016215106,-0.00021014303,rna3k
-0.02594351,0.0016464115,rna3k
-0.020425942,0.018465191,rna3k
-0.02704627,0.013518386,rna3k
0.0120865,-0.0077429395,rna3k
0.016282858,0.013462424,rna3k
0.01601561,-0.026542662,rna3k
-0.0038850487,-0.002158802,rna3k
0.0035771343,-0.021675225,rna3k
0.016245497,0.0022359625,rna3k
-0.026830913,0.010330517,rna3k
0.016220732,0.00549075,rna3k
-0.0037561941,0.04137107,rna3k
0.016120968,-0.046073608,rna3k
0.015562568,0.015769824,rna3k
0.0036274455,0.013680922,rna3k
-0.026530797,-0.0020028322,rna3k
-0.02533408,-0.017332131,rna3k
0.016194543,-0.0014832651,rna3k
-0.026458727,-0.008546316,rna3k
-0.025767777,0.038249843,rna3k
0.016269714,0.014648497,rna3k
0.016287625,0.016974462,rna3k
0.014329725,0.005076093,rna3k
-0.02519632,0.0060086027,rna3k
0.014643605,-0.012752288,rna3k
0.015726056,0.012820065,rna3k
0.016157245,0.007853162,rna3k
0.011410407,0.017530667,rna3k
0.013360748,-0.015205143,rna3k
0.016296335,-0.010810305,rna3k
-0.026646297,0.03022232,rna3k
0.016231379,0.014270001,rna3k
0.0037152225,0.0150409145,rna3k
0.0036644775,-0.036393907,rna3k
0.016305419,-0.008710288,rna3k
0.013492259,-0.035429355,rna3k
0.01623113,0.008359029,rna3k
0.016213214,-0.039900634,rna3k
0.01588351,-0.004992619,rna3k
0.01624616,0.0020510938,rna3k
-0.026789183,0.008666595,rna3k
-0.026923358,-0.0058917333,rna3k
0.016214274,-0.021894723,rna3k
0.015304144,0.0173605,rna3k
0.013381562,0.014601161,rna3k
0.01631749,-0.029229484,rna3k
-0.026699578,-0.05397949,rna3k
0.015950203,0.017992875,rna3k
0.016073471,0.020144802,rna3k
-0.025977124,0.022814102,rna3k
0.013870838,0.0021842357,rna3k
0.014211504,-0.013053413,rna3k
0.0037729682,0.0023059307,rna3k
0.0035863793,-0.009368331,rna3k
0.016172718,-0.031713895,rna3k
-0.02454192,-0.0006508866,rna3k
-0.025883699,-0.011278513,rna3k
-0.02489952,0.04453158,rna3k
0.015977945,-5.3332164e-06,rna3k
-0.025109576,0.0029462918,rna3k
0.016106222,0.026912948,rna3k
-0.026674813,-0.0053087,rna3k
-0.02554627,0.0025001534,rna3k
0.016042246,0.0067422246,rna3k
0.016253827,0.019837575,rna3k
0.015809176,0.049391083,rna3k
-0.026884558,-0.015761938,rna3k
0.016296066,-0.007832206,rna3k
-0.026962629,-0.011059314,rna3k
-0.025827618,-0.013105322,rna3k
-0.02657459,0.05388684,rna3k
0.016071975,-0.010617751,rna3k
0.015376022,-0.020465283,rna3k
0.016253408,-0.025394661,rna3k
-0.025971528,-0.013093968,rna3k
-0.025731409,0.006009136,rna3k
0.0038995207,-0.012456609,rna3k
0.016285472,-0.010338539,rna3k
0.01626076,-0.017822308,rna3k
0.016175728,-0.045582775,rna3k
0.016126633,0.003172307,rna3k
0.016223734,0.004410365,rna3k
0.016269943,0.014305062,rna3k
-0.025761044,0.028715419,rna3k
0.012664601,0.03502518,rna3k
0.0020784433,0.042679746,rna3k
-0.027079146,0.015943646,rna3k
0.015999917,-0.008927501,rna3k
0.01592811,-0.028573979,rna3k
0.016173936,0.024796238,rna3k
0.015232853,0.0051694005,rna3k
0.016175821,-0.024459226,rna3k
0.014322474,0.022348683,rna3k
-0.027086724,-0.026977059,rna3k
0.016109591,0.027817104,rna3k
0.0038027198,-0.0031867693,rna3k
0.016222682,-0.008171698,rna3k
0.003597915,-0.011517427,rna3k
-0.025866017,0.016349696,rna3k
0.016034376,-0.019867843,rna3k
0.016258081,0.008726273,rna3k
0.016245022,0.0061587784,rna3k
0.016210603,-0.0075075254,rna3k
-0.02703347,0.044891994,rna3k
0.016144186,0.026028033,rna3k
-0.025907295,-0.020028988,rna3k
-0.02616644,-0.006602422,rna3k
0.014833437,-0.007248005,rna3k
0.012710918,0.009993025,rna3k
0.016121497,-0.009448449,rna3k
-0.026845856,-0.011412368,rna3k
-0.025731338,-0.0059139575,rna3k
-0.02671644,0.028788317,rna3k
-0.024622846,0.0052110166,rna3k
0.016096242,0.0013143375,rna3k
-0.025978189,0.030599553,rna3k
-0.025414983,0.00936182,rna3k
0.016320165,-0.009797013,rna3k
-0.026694302,-0.00019455688,rna3k
0.01430385,-0.034129832,rna3k
0.016131705,-0.022935463,rna3k
-0.02602133,-0.00040051056,rna3k
0.015876109,-0.005061955,rna3k
-0.02613845,-0.023628814,rna3k
0.014230842,-0.019112663,rna3k
0.010024832,-0.04116138,rna3k
0.016266089,-0.0017792819,rna3k
0.015983526,0.0041900584,rna3k
0.003785463,-0.0174623,rna3k
0.016280988,-0.014496274,rna3k
0.014674211,-0.023014603,rna3k
-0.026960906,0.024362834,rna3k
0.016096497,0.023322277,rna3k
0.016268361,0.009983926,rna3k
0.016249534,-0.009655985,rna3k
0.0159408,0.011120261,rna3k
0.016256848,0.020088488,rna3k
-0.026042605,0.013758004,rna3k
-0.023727104,0.030425033,rna3k
0.016173143,-0.0065591345,rna3k
0.015970757,-0.011874507,rna3k
-0.02600596,-0.027802028,rna3k
-0.026198315,-0.009619586,rna3k
0.014690856,-0.0027850666,rna3k
0.015879717,-0.01501473,rna3k
-0.026566071,-0.002177313,rna3k
0.016212178,0.017696079,rna3k
0.00348022,0.015551532,rna3k
0.015997678,0.03846267,rna3k
-0.02674139,-0.002750226,rna3k
0.015713941,-0.01657859,rna3k
0.014665516,-0.0051071187,rna3k
0.013855759,-0.012425702,rna3k
0.015103512,-0.01791497,rna3k
-0.022246962,-0.017490536,rna3k
0.01626137,-0.014603774,rna3k
0.016169773,0.02855121,rna3k
-0.026838304,0.003834725,rna3k
-0.026594847,-0.032927956,rna3k
0.01629607,0.011323598,rna3k
0.016288022,-0.020168008,rna3k
0.016289197,0.010405571,rna3k
0.01614735,-0.013748668,rna3k
-0.0040187836,0.010795956,rna3k
-0.026591424,0.02117418,rna3k
0.016262809,0.016130399,rna3k
-0.025718689,0.031935863,rna3k
-0.025927285,0.0094489455,rna3k
-0.02668852,-0.00027110716,rna3k
-0.026969759,0.029473055,rna3k
0.016238611,0.006419902,rna3k
0.015977457,-0.026770974,rna3k
0.016271245,0.018648932,rna3k
0.01620364,-0.0015525989,rna3k
-0.025655085,0.0204432,rna3k
-0.026000533,0.0022190858,rna3k
0.015913634,0.00036646752,rna3k
0.014361634,-0.015079669,rna3k
-0.026347635,-0.0014018902,rna3k
0.016036574,-0.005400102,rna3k
0.016355757,0.013238168,rna3k
0.016315084,-0.020537524,rna3k
0.01591643,0.0038158705,rna3k
0.01626257,0.006333381,rna3k
-0.026916662,-0.026347157,rna3k
-0.02587919,0.0017894884,rna3k
-0.025956094,-0.025535934,rna3k
-0.027015498,0.012055457,rna3k
-0.026118927,-0.001986443,rna3k
-0.027016552,0.0026443494,rna3k
0.016295848,-0.016514767,rna3k
0.016233621,-0.021219688,rna3k
0.015834514,-0.034104917,rna3k
0.015016527,-0.020814735,rna3k
-0.026223019,0.011897568,rna3k
0.016099576,-0.017423922,rna3k
0.016250052,0.008667074,rna3k
0.015965426,0.0139262015,rna3k
0.016108401,-0.01655299,rna3k
-0.025975518,-0.04667186,rna3k
0.016279034,0.025138685,rna3k
-0.025902089,-0.010136351,rna3k
0.014308622,0.014555008,rna3k
0.016252214,0.029147375,rna3k
0.016245984,-0.0028317028,rna3k
0.016194768,-0.020368489,rna3k
-0.02689464,-0.027979149,rna3k
0.015892487,0.026984489,rna3k
0.016241323,0.0061055482,rna3k
0.016144548,0.009677351,rna3k
0.01584081,0.03440801,rna3k
-0.025329491,-0.0034542903,rna3k
0.015935952,7.3644835e-05,rna3k
-0.02595317,0.010062673,rna3k
0.015097027,-0.0014819667,rna3k
0.01590947,0.017212618,rna3k
0.016214974,0.024638172,rna3k
0.01378583,-0.021822536,rna3k
-0.026515607,0.024747899,rna3k
0.01348178,-0.0064819176,rna3k
0.016261874,0.025194023,rna3k
0.014378343,0.0016968996,rna3k
0.01624763,0.0028947091,rna3k
0.016215842,0.0002051237,rna3k
0.016053392,-0.0075358013,rna3k
0.016090872,-0.025418317,rna3k
-0.025543747,-0.007112399,rna3k
-0.026257822,0.028225243,rna3k
0.015945613,0.0071210796,rna3k
-0.026997766,0.022971781,rna3k
0.0160529,-0.063631736,rna3k
0.004050794,0.0003729291,rna3k
0.016202798,-0.0028250942,rna3k
0.013649495,-0.0012911775,rna3k
0.015187861,0.043433204,rna3k
-0.026262328,0.011614181,rna3k
0.016287925,-0.021608997,rna3k
0.016248446,0.02233236,rna3k
0.014341682,0.00037869724,rna3k
0.01620381,-0.008827137,rna3k
0.016214248,-0.017917478,rna3k
-0.026793955,0.039458796,rna3k
-0.02696527,-0.035839867,rna3k
-0.027068762,0.015097395,rna3k
-0.020860607,-0.032463692,rna3k
0.0034793394,-0.020115439,rna3k
0.016138012,0.032782085,rna3k
0.014188172,0.018600175,rna3k
0.016280478,0.012359291,rna3k
-0.027043942,-0.015318162,rna3k
0.016266722,-0.0103018535,rna3k
0.015840558,0.0031543989,rna3k
0.013660359,0.034501452,rna3k
0.0162504,-0.01119909,rna3k
0.0037314345,0.009816014,rna3k
-0.026889551,-0.0038042741,rna3k
0.016323311,-0.016238239,rna3k
0.016219605,-0.005573068,rna3k
0.01629947,0.046792645,rna3k
0.015399704,0.008434808,rna3k
-0.02654222,0.008480378,rna3k
-0.012172121,0.0067914543,rna3k
0.016004378,0.023326285,rna3k
-0.026268244,-0.01784183,rna3k
0.016228832,0.0129164,rna3k
0.016061962,0.04175275,rna3k
0.0043660966,0.024543189,rna3k
0.015982889,0.037136495,rna3k
-0.025979206,-0.012551609,rna3k
0.0035215388,0.0035077813,rna3k
-0.026973223,-0.0036905129,rna3k
0.013882202,0.009968625,rna3k
-0.026294341,-0.007208125,rna3k
0.016282048,0.021018352,rna3k
-0.026100831,-0.016271297,rna3k
0.003618766,0.0005666491,rna3k
0.015882837,-0.028527386,rna3k
0.016125478,0.011881553,rna3k
-0.026277471,-0.002571497,rna3k
-0.02590677,-0.018371565,rna3k
0.016035764,0.0039985664,rna3k
-0.026117364,0.00026844678,rna3k
0.015935289,0.013831294,rna3k
0.016292702,-0.03607684,rna3k
0.016238298,0.0190383,rna3k
0.015901923,-0.0068945214,rna3k
0.013948309,-0.0013184203,rna3k
-0.027042486,-0.015457317,rna3k
0.0039612455,-0.0015575198,rna3k
0.01603162,0.0320723,rna3k
-0.025672931,-0.0021311126,rna3k
0.016264664,-0.03328401,rna3k
0.0133819785,0.05352803,rna3k
-0.026602425,-0.0259003,rna3k
-0.025754867,0.017032014,rna3k
-0.0267526,-0.0046396446,rna3k
0.0039816974,0.047877964,rna3k
0.015972788,-0.0123463115,rna3k
-0.0039902343,0.027198317,rna3k
0.01628422,-0.0296843,rna3k
0.014611893,-0.02045959,rna3k
-0.027077409,0.0032969886,rna3k
-0.026572794,0.0159865,rna3k
0.016149728,-0.014245709,rna3k
-0.026561655,-0.030790018,rna3k
0.016101245,-0.004500927,rna3k
0.0037742425,-0.007994766,rna3k
0.016234355,-0.018138079,rna3k
0.016150342,0.032786705,rna3k
-0.0025004945,0.01667365,rna3k
0.01622881,-0.018457878,rna3k
0.0163063,0.030408127,rna3k
-0.026212666,-0.0016821179,rna3k
-0.026970925,0.013204763,rna3k
0.016307823,0.0029407921,rna3k
0.01575249,-0.018405495,rna3k
0.015987517,0.010771062,rna3k
0.01626657,0.008851552,rna3k
-0.026098259,-0.0067599174,rna3k
0.014393535,-0.007682616,rna3k
-0.026034974,0.008233969,rna3k
0.015886368,0.020738706,rna3k
-0.0263552,0.010112253,rna3k
-0.0038183033,0.002768498,rna3k
-0.02611073,-0.010561597,rna3k
0.016237482,-0.0022607862,rna3k
0.015735634,0.020290835,rna3k
-0.024556266,0.0080779595,rna3k
-0.026191534,-0.0021464636,rna3k
0.0037992706,0.018049741,rna3k
-0.026945222,-0.022072833,rna3k
0.0035262273,-0.013464027,rna3k
-0.021341765,0.00805061,rna3k
-0.025193024,-0.019099887,rna3k
-0.026735924,0.0020201185,rna3k
-0.027004085,0.02852934,rna3k
0.015869448,-0.023115449,rna3k
0.016211066,0.03394923,rna3k
0.016246445,0.0005403862,rna3k
-0.026023282,0.028325848,rna3k
-0.02583259,-0.0101853525,rna3k
-0.02536761,0.016916428,rna3k
-0.022512045,-0.0009395374,rna3k
-0.026125398,0.04153903,rna3k
-0.026478952,0.029619716,rna3k
-0.026177034,-0.012277723,rna3k
-0.02561953,0.005710054,rna3k
0.016196467,-0.01648377,rna3k
-0.026008483,-0.004324731,rna3k
-0.026148437,0.016176665,rna3k
0.014259312,-0.027452985,rna3k
-0.025942149,0.028114533,rna3k
0.014892175,0.039451607,rna3k
-0.021075387,0.015944341,rna3k
0.0035534976,-0.0121119935,rna3k
0.003925964,-0.043316882,rna3k
0.016079964,0.03523005,rna3k
-0.026526595,-0.017775536,rna3k
0.015874954,-0.020448064,rna3k
-0.026702093,0.016713627,rna3k
0.015876416,-0.0052459296,rna3k
0.016221995,-0.025160326,rna3k
0.0039648563,-0.018816775,rna3k
0.016246011,-0.019615019,rna3k
-0.025267944,-0.0023977698,rna3k
-0.004257236,0.025798636,rna3k
0.016198931,-0.021368386,rna3k
0.0155802,-0.037792355,rna3k
0.016241154,-0.023119884,rna3k
0.016298769,-0.01918588,rna3k
-0.024690513,0.019196216,rna3k
0.016265288,0.023520414,rna3k
0.016288789,0.016436737,rna3k
0.016214717,-0.022172417,rna3k
-0.026635671,0.0031685962,rna3k
0.013635957,-0.00057065755,rna3k
0.0042338083,0.004197577,rna3k
0.016200777,-0.023348736,rna3k
-0.026947647,-0.0046645766,rna3k
0.016212704,0.0135791665,rna3k
0.01606655,0.019656762,rna3k
-0.026990544,0.035741966,rna3k
0.01510775,-0.0019700082,rna3k
0.0141813615,-0.039962858,rna3k
0.015932895,-0.0075369785,rna3k
-0.026147276,0.02001775,rna3k
0.016250784,-0.002522148,rna3k
-0.026804628,-0.009198937,rna3k
-0.023342546,0.000612901,rna3k
0.014864663,0.013180873,rna3k
0.01595835,-0.044307888,rna3k
0.016239239,0.018884482,rna3k
-0.026490493,0.022658855,rna3k
-0.026413389,0.022250647,rna3k
0.016050346,-0.0057453588,rna3k
0.013507218,0.013285988,rna3k
-0.025503475,-0.0068868124,rna3k
0.014556571,0.020750655,rna3k
0.013494955,0.0099265985,rna3k
-0.02605786,0.015287853,rna3k
-0.02590328,-0.02310902,rna3k
0.016121633,-6.550074e-05,rna3k
-0.026016299,-0.020222533,rna3k
-0.027054949,-0.015294705,rna3k
0.016269026,0.015167777,rna3k
0.014731201,0.033020962,rna3k
0.016162002,0.0071676373,rna3k
0.0029350522,-0.014454229,rna3k
-0.026888,0.0021992845,rna3k
-0.02603716,-0.031828515,rna3k
0.015992511,0.013518013,rna3k
0.014574261,0.013158819,rna3k
-0.024270926,0.021436702,rna3k
0.014423678,0.010708441,rna3k
0.016234007,-0.005689174,rna3k
-0.024573518,-0.0018947611,rna3k
-0.025791377,0.031344306,rna3k
0.016204387,0.012007902,rna3k
0.01361349,0.00606539,rna3k
-0.025757145,-0.012924091,rna3k
0.011835303,-0.018605838,rna3k
-0.026864609,0.002256784,rna3k
0.016272124,0.035462864,rna3k
0.015955288,-0.00015060391,rna3k
-0.026325097,-0.022069106,rna3k
0.01601521,0.017860033,rna3k
0.016175926,-0.0051972764,rna3k
0.016209861,-0.0071185417,rna3k
0.016306024,-0.031134233,rna3k
0.016037175,-0.030800318,rna3k
-0.026833192,-0.0035817446,rna3k
-0.02595926,0.024722386,rna3k
0.015490075,-0.04075574,rna3k
-0.025326332,-0.0058355536,rna3k
0.016067522,-0.003597657,rna3k
0.014125713,0.010300577,rna3k
0.013530314,-0.0070629898,rna3k
0.013501221,0.017162614,rna3k
0.015263501,0.029565943,rna3k
0.016074274,0.011650908,rna3k
0.015958082,0.012434539,rna3k
0.011705594,0.0015741976,rna3k
0.016194167,-0.015807588,rna3k
0.01540774,0.034483306,rna3k
0.016018746,-0.021145046,rna3k
0.01578478,0.011266244,rna3k
0.016087998,-0.027401306,rna3k
-0.026758872,0.010910005,rna3k
0.013612562,-0.0026302116,rna3k
0.012396278,0.023230938,rna3k
0.016270675,-0.013112249,rna3k
0.015269562,-0.014299582,rna3k
0.014308158,-0.007836525,rna3k
-0.0253366,0.005280185,rna3k
0.016297456,-0.01735579,rna3k
0.014817424,0.02378943,rna3k
0.013547171,0.02582273,rna3k
0.016231015,0.01065405,rna3k
-0.0037445687,0.0050695515,rna3k
-0.027028684,-0.00038695757,rna3k
-0.025754305,-0.026422322,rna3k
-0.026887586,0.020315448,rna3k
0.016336186,0.010398325,rna3k
0.0025743153,-0.0032096214,rna3k
0.016231034,0.028832218,rna3k
0.015591761,0.0057578217,rna3k
0.0042679133,-0.005465995,rna3k
0.016275061,-0.017367225,rna3k
-0.025928816,-0.014604803,rna3k
0.016296154,-0.0013261643,rna3k
-0.025816167,0.029729217,rna3k
0.016307982,0.0027858072,rna3k
-0.025583884,-0.0055127884,rna3k
0.016085532,-0.010987582,rna3k
-0.02591449,-0.021011457,rna3k
0.013537483,-0.035501823,rna3k
0.015716646,0.011646749,rna3k
-0.026030703,-0.0011855299,rna3k
0.013562201,0.019387793,rna3k
0.014295968,0.016432872,rna3k
0.013836033,0.02198349,rna3k
0.003780771,0.020757616,rna3k
0.01595183,-0.0069805235,rna3k
-0.026084637,-0.009575094,rna3k
0.004318645,0.034490347,rna3k
0.015923234,-0.012483531,rna3k
0.0038603896,-0.007061526,rna3k
0.016080821,-0.010539718,rna3k
-0.026213929,-0.020956546,rna3k
-0.018258156,0.027753172,rna3k
0.014074577,-0.002700458,rna3k
0.016037859,0.007855061,rna3k
0.01631032,0.018203214,rna3k
0.0158659,-0.044300623,rna3k
-0.026518302,0.006368504,rna3k
-0.025402648,-0.0025387302,rna3k
-0.025970126,0.015766906,rna3k
0.01621087,0.012114988,rna3k
0.016310444,-0.034745038,rna3k
0.016264435,-0.021930195,rna3k
0.01618753,0.019360915,rna3k
0.015895374,0.015107146,rna3k
0.0039212,-0.018269025,rna3k
0.011729134,0.0089542605,rna3k
0.0151245,-0.026937447,rna3k
0.015903244,0.0011657459,rna3k
0.01623342,0.018088616,rna3k
-0.026846565,0.00798933,rna3k
0.01612131,-0.014374139,rna3k
0.015926383,-0.020251567,rna3k
0.016280223,0.023843812,rna3k
-0.026169563,-0.0019526088,rna3k
-0.026385786,-0.0036602814,rna3k
-0.026260572,-0.01339363,rna3k
0.014927155,-0.0031149685,rna3k
0.016284063,0.014895922,rna3k
0.015423738,0.011126397,rna3k
0.01589433,0.028486867,rna3k
-0.023045583,0.02823726,rna3k
0.016291184,-0.0054145185,rna3k
0.003734475,0.0018999713,rna3k
-0.026848868,0.02842777,rna3k
-0.023821266,0.004887766,rna3k
-0.02621849,-0.017744638,rna3k
0.01595621,0.033574868,rna3k
-0.026856713,0.0100217415,rna3k
0.016283898,-0.008151449,rna3k
-0.026841672,0.009546855,rna3k
-0.026703084,-0.01900178,rna3k
0.016140942,0.008614356,rna3k
0.015958343,-0.022728479,rna3k
-0.02607053,-0.014606164,rna3k
0.014413304,0.03578205,rna3k
0.0038959926,0.014573877,rna3k
-0.02592445,0.011666541,rna3k
0.016224453,0.015858993,rna3k
-0.025831014,0.003656064,rna3k
-0.026726598,-0.012000567,rna3k
0.0040573752,-0.019606663,rna3k
0.0039588106,-0.018574152,rna3k
0.003705597,-0.015241216,rna3k
-0.02653436,0.0092765605,rna3k
0.015204559,-0.0070665493,rna3k
-0.025774017,-0.018017763,rna3k
0.01591511,-0.010833732,rna3k
-0.02694333,-0.0008650334,rna3k
0.016243847,0.002718788,rna3k
0.01591709,0.011847697,rna3k
0.015994562,0.002614254,rna3k
0.014285136,0.028451677,rna3k
0.016213143,-0.03701055,rna3k
-0.026046047,-0.019533753,rna3k
0.015402184,0.0005411636,rna3k
0.013425936,0.019196559,rna3k
0.014607839,-0.0066433516,rna3k
0.016282525,0.008287431,rna3k
-0.022771126,0.02867309,rna3k
0.016240146,-0.015234598,rna3k
-0.026781188,0.0058302754,rna3k
0.016228214,-0.0030896855,rna3k
-0.026311295,-0.0061099227,rna3k
0.015927056,0.032018434,rna3k
0.016039634,0.0058106845,rna3k
0.0058975215,-0.013513167,rna3k
0.0034832375,0.0054977853,rna3k
0.003914589,-0.017736044,rna3k
-0.025963936,0.020216111,rna3k
-0.026778001,0.034848113,rna3k
-0.026288953,0.0025188585,rna3k
0.016269296,0.00067937956,rna3k
0.016145155,0.014921182,rna3k
0.013431625,-0.021355055,rna3k
0.015130798,-0.013327673,rna3k
0.016283983,-0.005054386,rna3k
0.015526214,-0.019895112,rna3k
-0.025435671,0.027533999,rna3k
-0.026911518,0.0015956797,rna3k
-0.026278239,0.014991021,rna3k
-0.025907258,0.0052377935,rna3k
0.016193299,0.009282986,rna3k
-0.026813546,-0.016194796,rna3k
-0.02600759,0.0021033697,rna3k
-0.02599673,-0.01144165,rna3k
0.016313022,-0.002027983,rna3k
-0.02698744,0.017181195,rna3k
-0.026107881,-0.0004068447,rna3k
0.01592135,0.042918924,rna3k
0.011237174,0.007866608,rna3k
0.015954694,-0.020437205,rna3k
0.016236044,-0.0018474006,rna3k
0.015857982,0.010242346,rna3k
0.01628323,-0.008479351,rna3k
0.016277514,0.02160872,rna3k
0.0162493,0.020508204,rna3k
0.016249297,0.012120627,rna3k
-0.026199361,0.0007930267,rna3k
0.0036935962,0.015746849,rna3k
0.016248869,0.02211641,rna3k
0.016160704,0.01451781,rna3k
0.014122111,0.013913862,rna3k
0.016010245,-0.02329872,rna3k
-0.026351798,-0.014554557,rna3k
0.015986288,0.035270672,rna3k
-0.02681312,-0.044521227,rna3k
0.01624165,0.022213617,rna3k
0.014963341,-0.015202219,rna3k
-0.026916834,-0.011382696,rna3k
0.01527165,0.002589985,rna3k
-0.02628807,0.0054337224,rna3k
0.016129123,0.029689986,rna3k
0.016276691,0.051163636,rna3k
-0.02682349,0.007470352,rna3k
-0.025406586,0.036640044,rna3k
0.016235493,0.024884949,rna3k
0.016201496,-0.011525711,rna3k
0.015185023,0.013644782,rna3k
-0.003759898,-0.010061847,rna3k
-0.025983283,0.0071491315,rna3k
-0.0036004642,0.0070423386,rna3k
-0.02686223,0.0029346969,rna3k
0.016274448,-0.001109037,rna3k
0.016251767,-0.017947441,rna3k
0.014424989,0.012314278,rna3k
0.0038932164,-0.0038745624,rna3k
0.0032408824,-0.022865783,rna3k
0.015910137,-0.01592051,rna3k
-0.026453916,-0.013073028,rna3k
0.016250001,0.039133087,rna3k
-0.025542378,0.016471988,rna3k
0.015976295,0.0033346792,rna3k
0.016291266,0.007161616,rna3k
-0.02694524,0.006639741,rna3k
0.014379592,-0.014316057,rna3k
0.016264359,-0.0029313602,rna3k
0.016291428,0.005696531,rna3k
0.01605432,-0.01731926,rna3k
0.01619265,-0.014185445,rna3k
0.016025994,0.011489739,rna3k
0.016113486,-0.0040431726,rna3k
0.008025489,0.028238881,rna3k
-0.025260802,0.025624512,rna3k
-0.018238775,0.0030968168,rna3k
-0.02600253,-0.008369396,rna3k
-0.024040204,-0.010076865,rna3k
-0.026260382,-0.015974816,rna3k
0.016254108,-0.026691813,rna3k
0.013724381,0.002972108,rna3k
0.016045766,-0.00073686684,rna3k
0.0021948612,-0.009144195,rna3k
0.014271915,0.0008809185,rna3k
0.014851284,-0.006651196,rna3k
-0.026151042,0.033295162,rna3k
0.016119462,-0.00456533,rna3k
0.014134485,-0.023329908,rna3k
0.01620596,-0.004744336,rna3k
0.014262956,-0.0048821587,rna3k
0.01622829,0.0068818186,rna3k
0.016215472,-0.010140216,rna3k
0.01629661,-0.011838243,rna3k
-0.0039645904,-0.0028613475,rna3k
0.016282134,0.0060812365,rna3k
0.016233558,0.0113155935,rna3k
0.003611667,0.008420927,rna3k
0.014870803,-0.013582918,rna3k
-0.024698554,0.02701371,rna3k
0.003640861,-0.024667522,rna3k
-0.025967969,0.022794701,rna3k
0.0036402473,0.020128526,rna3k
0.016204888,-0.061811503,rna3k
-0.020346114,-0.005773869,rna3k
0.016246386,-0.024930371,rna3k
0.0036925192,-0.008131959,rna3k
0.01626517,-0.011761002,rna3k
0.014490547,0.029617637,rna3k
0.013628907,-0.0031739601,rna3k
0.01621192,-0.006887121,rna3k
0.015671184,-0.006470569,rna3k
0.016086427,-9.240297e-05,rna3k
0.013885459,-0.013115886,rna3k
-0.02690725,0.010541276,rna3k
-0.026850533,0.016415102,rna3k
-0.026471112,-0.013949566,rna3k
-0.016903909,-0.03269485,rna3k
0.016135912,0.017806696,rna3k
0.0036691837,0.0055073225,rna3k
-0.025788175,-0.010720908,rna3k
0.015886184,0.02322956,rna3k
0.013544794,0.004940495,rna3k
0.01623259,0.015898054,rna3k
0.016277665,-0.0026901087,rna3k
0.016264083,-0.007271706,rna3k
0.0037080164,0.0013578342,rna3k
0.0036562972,-0.008757942,rna3k
0.013457358,0.036614086,rna3k
0.01628786,0.016952429,rna3k
0.016253833,-0.0058066896,rna3k
0.016126921,0.0076006586,rna3k
-0.026345737,-0.0059005343,rna3k
0.015937744,-0.015078104,rna3k
-0.016547652,0.019338312,rna3k
0.016228173,-0.027241994,rna3k
0.0162101,0.015471428,rna3k
0.01608105,-0.015516741,rna3k
-0.026678063,-0.005241866,rna3k
-0.026574558,-0.0031227535,rna3k
0.016164804,0.0038533204,rna3k
0.0038080066,-0.010181601,rna3k
0.01594832,0.0032339375,rna3k
-0.026381057,-0.0076671215,rna3k
0.016212903,0.030978596,rna3k
0.014276749,0.009451511,rna3k
0.015918177,0.040879942,rna3k
-0.025325518,-0.026475413,rna3k
-0.026777886,0.021450602,rna3k
0.016255483,-0.015890596,rna3k
0.016084349,0.002232136,rna3k
0.014447488,-0.014167941,rna3k
0.016309619,-0.0028355285,rna3k
-0.010336151,-0.005387518,rna3k
0.01629376,0.014943636,rna3k
0.016231406,-0.011058655,rna3k
-0.02596075,0.0050196783,rna3k
0.016250534,0.027741896,rna3k
-0.026759656,-0.017438998,rna3k
0.013491265,0.012765647,rna3k
-0.003641043,0.006038073,rna3k
0.016277825,-0.01840334,rna3k
-0.022358695,-0.038620517,rna3k
0.016217388,0.011205729,rna3k
0.016200064,-0.0020499728,rna3k
0.015455245,0.009814362,rna3k
0.0036633941,0.009790326,rna3k
-0.026957635,-0.0052290363,rna3k
0.014473061,0.01786074,rna3k
-0.02563461,0.0056771487,rna3k
0.016167132,-0.0006459042,rna3k
-0.026224565,-0.00942974,rna3k
-0.026539873,0.010852723,rna3k
-0.026410233,0.010169719,rna3k
0.01619982,-0.0053850445,rna3k
-0.024242343,0.021899197,rna3k
-0.026765665,-0.04629443,rna3k
0.014884284,-0.010729905,rna3k
0.014306296,0.018467559,rna3k
-0.025975881,-0.009693671,rna3k
0.014695511,-0.006657826,rna3k
-0.026034083,0.019680655,rna3k
0.016134853,-0.0111731095,rna3k
0.014218753,0.0077653704,rna3k
-0.02691117,0.006389943,rna3k
0.016289352,0.018895166,rna3k
0.015107503,-0.055406034,rna3k
0.015741426,-0.022191884,rna3k
0.0135729965,0.0068297177,rna3k
-0.0008023548,-0.0030828747,rna3k
-0.026020395,-0.017272359,rna3k
0.016219983,0.042716574,rna3k
0.016277764,0.0024645466,rna3k
0.013801404,0.006557414,rna3k
0.0041933195,0.014884199,rna3k
0.016271006,0.041307528,rna3k
0.015717313,-0.0016293485,rna3k
0.015070184,-0.01509172,rna3k
0.014193367,0.006980049,rna3k
0.0035207076,-0.010537276,rna3k
-0.025863314,0.014905958,rna3k
0.013394113,-0.015827857,rna3k
0.016267903,0.019141003,rna3k
0.016254619,-0.0057005784,rna3k
-0.026163997,-0.055513848,rna3k
0.015926324,0.012058019,rna3k
-0.026814055,0.0032392181,rna3k
0.0039868886,0.00094175164,rna3k
0.016249353,-0.057889786,rna3k
-0.026666524,0.0013833701,rna3k
0.0037592347,0.013358527,rna3k
0.01608494,0.030281462,rna3k
0.016208835,0.0067322636,rna3k
0.0029745263,-0.020288836,rna3k
0.0037144138,-0.0066508637,rna3k
0.015742391,-0.040290177,rna3k
0.01616275,0.03055536,rna3k
0.013543631,-0.037848063,rna3k
0.013554664,0.011617283,rna3k
0.016256401,-0.0009276233,rna3k
0.016228141,0.030036213,rna3k
-0.026420401,-0.007544484,rna3k
0.01619662,0.012881961,rna3k
-0.021599531,-0.014914644,rna3k
0.0037714636,-0.016154286,rna3k
-0.026111629,0.009461144,rna3k
0.0035477744,-0.0045996397,rna3k
0.0038351524,0.014003515,rna3k
-0.025982507,-0.02205662,rna3k
0.013539146,0.021430228,rna3k
-0.009752418,-0.024553783,rna3k
0.016237503,0.003752825,rna3k
-0.027065288,-0.003864153,rna3k
-0.025351807,0.019816337,rna3k
-0.025924556,-0.021748304,rna3k
0.016259803,-0.020778775,rna3k
0.003994442,-0.014477164,rna3k
0.0037520698,-0.0059403004,rna3k
-0.026679352,-0.0007480534,rna3k
0.015942376,0.008470457,rna3k
-0.025919588,-0.009277066,rna3k
-0.027115423,0.058143426,rna3k
-0.026417358,-0.014714117,rna3k
-0.026416445,0.005811607,rna3k
0.0041187806,-0.009121393,rna3k
-0.025988974,-0.010308608,rna3k
-0.026167085,0.025582863,rna3k
-0.025733348,-0.03305015,rna3k
0.015154481,0.0059370105,rna3k
-0.026326664,-0.009840953,rna3k
0.015873933,-0.012797614,rna3k
-0.023306767,-0.0136077935,rna3k
0.016060034,0.0132917045,rna3k
0.0012266851,0.019322434,rna3k
-0.026925562,0.0068872604,rna3k
-0.025884274,-0.009099476,rna3k
-0.025990998,0.026654297,rna3k
0.016213318,-0.027930453,rna3k
0.0036579196,0.014495484,rna3k
0.015991181,-0.022752482,rna3k
-0.025714088,0.021299114,rna3k
0.015961923,0.031927135,rna3k
0.01626303,-0.01417345,rna3k
-0.025834892,0.006532373,rna3k
0.016288048,0.0048999554,rna3k
0.01620421,0.0025351625,rna3k
0.016179586,-0.024238827,rna3k
0.01621886,-0.010388393,rna3k
-0.025997331,-0.024669038,rna3k
0.016226487,-0.016220912,rna3k
0.0051836255,0.045256793,rna3k
0.013541972,-0.0074493457,rna3k
0.016168905,-0.0049350285,rna3k
-0.025710793,0.015595421,rna3k
0.016187405,-0.023638511,rna3k
0.016207265,-0.003464753,rna3k
-0.026213834,-0.023705589,rna3k
0.014776757,0.0014141285,rna3k
0.015942834,0.0135077685,rna3k
0.003803637,0.021903602,rna3k
0.01616412,0.020852165,rna3k
-0.025992109,-0.023778234,rna3k
0.015901793,-0.0115943495,rna3k
0.01354971,-0.01739373,rna3k
0.015137858,0.0069145784,rna3k
0.015872769,-0.020798024,rna3k
0.016175486,0.012032684,rna3k
0.016036412,-0.0073683797,rna3k
0.015967105,0.003097163,rna3k
-0.026967166,-0.035147063,rna3k
-0.026454657,-0.007986325,rna3k
-0.02676341,-0.012066301,rna3k
-0.023339897,0.008059998,rna3k
-0.02686335,-0.0031439124,rna3k
-0.02590835,0.0010263793,rna3k
-0.026757218,-0.0054591945,rna3k
0.016139966,0.05763763,rna3k
-0.026042482,0.025363544,rna3k
0.012909593,0.012806647,rna3k
0.00357728,0.033257186,rna3k
-0.026107972,-0.010387806,rna3k
0.015857536,-0.0032445805,rna3k
0.016225979,0.026705971,rna3k
0.016271638,-0.01600893,rna3k
0.016199235,-0.017961148,rna3k
0.016282864,0.002280489,rna3k
0.003974719,-0.0153733,rna3k
-0.026710384,0.0038592676,rna3k
0.004688622,0.009683415,rna3k
-0.026937092,-0.022820437,rna3k
0.01621368,0.018365027,rna3k
-0.02449896,0.012066025,rna3k
0.015982196,0.030494632,rna3k
-0.02683482,-0.026308002,rna3k
0.015992664,0.0042711846,rna3k
0.01589455,-0.0028311512,rna3k
-0.02663548,-0.011485415,rna3k
0.016176434,-0.012206202,rna3k
0.01576381,0.0025752059,rna3k
0.016006464,0.011897594,rna3k
0.014427095,-0.023969466,rna3k
0.015993215,0.024964567,rna3k
-0.025691357,0.016922724,rna3k
0.016246164,0.00012523314,rna3k
0.016019043,-0.05369087,rna3k
0.0036985313,-0.010957603,rna3k
-0.026890308,-0.009090497,rna3k
0.01627639,-0.0023255283,rna3k
-0.02687606,0.0065951734,rna3k
-0.02202195,0.013891282,rna3k
-0.02629934,-0.019438243,rna3k
0.016273106,0.03605285,rna3k
0.016069178,0.010811301,rna3k
0.01596373,-0.018508535,rna3k
0.013600304,-0.008600845,rna3k
-0.024955437,-0.015333758,rna3k
-0.0039112554,-0.003998103,rna3k
0.013865788,-0.026878992,rna3k
-0.026003756,0.02421495,rna3k
-0.026333978,-0.013636372,rna3k
0.015061129,-0.015619561,rna3k
0.016092535,-0.010732899,rna3k
-0.0042025596,-0.0128173465,rna3k
-0.025933554,-0.0009691653,rna3k
-0.025985997,0.031867214,rna3k
0.016234374,-0.0005483078,rna3k
0.013621342,0.0035288604,rna3k
0.015936797,0.0016777496,rna3k
-0.026306124,-0.022317037,rna3k
0.014485455,-0.0060472046,rna3k
0.016085638,0.006384697,rna3k
0.0038910904,0.037609816,rna3k
-0.026303252,-0.010117527,rna3k
0.016240548,0.031754572,rna3k
-0.025765518,0.050614033,rna3k
0.016082859,-0.0022195897,rna3k
0.013755709,-0.0053228633,rna3k
0.013730571,-0.002294002,rna3k
0.003959757,-0.023793194,rna3k
-0.025852853,-0.0037192437,rna3k
0.016294792,-0.012084432,rna3k
-0.027047252,-0.0016931624,rna3k
0.016115086,0.0035468875,rna3k
0.015174446,0.012570566,rna3k
-0.025168901,-0.008880194,rna3k
0.016252346,-0.03968293,rna3k
0.016270071,-0.0197279,rna3k
0.016293148,-0.010346582,rna3k
0.016344406,0.001862053,rna3k
0.016189892,0.016540617,rna3k
-0.022082482,-0.012397532,rna3k
0.015963122,0.010154047,rna3k
0.0152470255,0.025737777,rna3k
0.0038441843,-0.029555926,rna3k
-0.02585642,0.005666433,rna3k
0.016212462,-0.0128393425,rna3k
0.016261268,0.03146547,rna3k
0.0154546825,-0.0091548525,rna3k
0.0036207256,-0.026261041,rna3k
0.015845008,-0.028254678,rna3k
0.0033914198,-0.0073832828,rna3k
0.01437997,-0.010432604,rna3k
0.014087228,0.030150708,rna3k
-0.02617631,-0.019945167,rna3k
0.016297176,-0.0045740977,rna3k
0.013457631,-0.0018000175,rna3k
-0.026557814,0.017832492,rna3k
-0.026747731,-0.010651932,rna3k
0.015988534,-0.006187501,rna3k
0.015977941,0.0057748626,rna3k
-0.021639612,-0.024538813,rna3k
0.015346008,0.006875886,rna3k
0.016209124,-0.020403575,rna3k
-0.02633105,0.015082346,rna3k
-0.026586194,0.0026727826,rna3k
0.014125483,-0.020198373,rna3k
0.016169226,-0.05066081,rna3k
0.015861785,0.015769899,rna3k
0.01619883,0.03605774,rna3k
0.01624415,0.0003113059,rna3k
-0.021975536,-0.013046817,rna3k
0.016032133,-0.01460896,rna3k
0.016230796,-0.0027471608,rna3k
0.014310192,-0.004276458,rna3k
-0.026930807,0.02663026,rna3k
-0.018748108,0.0045953477,rna3k
-0.025727628,0.010100551,rna3k
0.014211734,0.0037684166,rna3k
0.015952814,-0.035161067,rna3k
-0.025912087,-2.4517436e-05,rna3k
0.0036558425,-0.029538829,rna3k
-0.025819477,0.0026753638,rna3k
0.01598655,-0.021143707,rna3k
0.016211877,0.021827955,rna3k
-0.026434977,0.0016178748,rna3k
0.01626355,0.0069179246,rna3k
0.016207226,-0.005643257,rna3k
0.0035850392,-0.0065026823,rna3k
0.016270353,0.026253482,rna3k
-0.026324678,-0.01776111,rna3k
-0.025871564,-0.03173988,rna3k
-0.026859378,0.037867304,rna3k
0.0037303942,-0.00445669,rna3k
-0.025207598,-0.03574415,rna3k
0.014331536,0.0014682118,rna3k
0.01604912,-0.023514556,rna3k
-0.026609609,-0.02051416,rna3k
-0.027005835,0.020999892,rna3k
-0.026481004,-0.026319768,rna3k
0.016250357,0.0033270367,rna3k
0.01627013,-0.003027414,rna3k
-0.026543073,-0.01995362,rna3k
-0.02568532,0.0060344064,rna3k
-0.02123664,0.005440304,rna3k
0.01593183,-0.045424685,rna3k
-0.026615897,-0.009123947,rna3k
-0.026959868,0.019815838,rna3k
0.01624514,0.014671197,rna3k
0.01584345,-0.00956584,rna3k
-0.026833719,-0.017659388,rna3k
-0.024862187,-0.019045942,rna3k
0.016284877,-0.018603731,rna3k
0.016263293,0.014738024,rna3k
0.016318325,0.0056670187,rna3k
0.016165785,0.005078792,rna3k
0.0140604265,0.022916926,rna3k
-0.025785994,-0.009051313,rna3k
-0.026549011,-0.028112391,rna3k
0.016109897,0.008194528,rna3k
0.0034697684,-0.022329066,rna3k
0.016119549,-0.02020518,rna3k
0.013686675,-0.0048083635,rna3k
0.01450946,0.0031681925,rna3k
0.013541018,0.013454677,rna3k
0.003761406,0.018216534,rna3k
0.0078228405,0.0010539561,atac3k
0.007807803,0.0017714185,atac3k
0.00781454,0.0028846327,atac3k
0.0078115338,-0.0018986191,atac3k
0.007815879,-0.006125449,atac3k
0.0078082187,0.0006713403,atac3k
0.007805059,0.007371237,atac3k
0.0078076776,0.0014664478,atac3k
0.007815319,-0.004504524,atac3k
0.007813997,-0.0037064785,atac3k
0.0078091705,-0.010116077,atac3k
0.007825634,0.00095158315,atac3k
0.0078071617,0.0023681964,atac3k
0.0078088804,0.0017501193,atac3k
0.007815946,-0.0012949847,atac3k
0.0078157475,0.0036528867,atac3k
0.007787681,0.00791725,atac3k
0.0077876565,0.0006125032,atac3k
0.0078112828,-0.002319744,atac3k
0.007812293,0.0024404617,atac3k
0.007820929,0.012363146,atac3k
0.007819405,-0.009831339,atac3k
0.0078152865,0.0036304076,atac3k
0.0078058774,0.0025776133,atac3k
0.0078101773,-0.0019178772,atac3k
0.0078121712,0.0028845326,atac3k
0.007804915,0.002515235,atac3k
0.0078112255,0.0034420576,atac3k
0.0078119184,-0.002582383,atac3k
0.0078062355,0.008002514,atac3k
0.0078071896,-0.001022216,atac3k
0.007817836,-0.0018761202,atac3k
0.007814526,-0.0057167863,atac3k
0.007801845,0.004315259,atac3k
0.0078093857,-0.0030260254,atac3k
0.00781582,-0.004126942,atac3k
0.0078004287,0.003313795,atac3k
0.007806079,0.0015192188,atac3k
0.007819277,-0.0013912336,atac3k
0.0077999323,-0.007010052,atac3k
0.007811649,-0.0027903568,atac3k
0.0078042904,0.0020734996,atac3k
0.007807037,0.0022933888,atac3k
0.0078052366,0.00900524,atac3k
0.007803164,0.0020887686,atac3k
0.0078066234,-0.0016634415,atac3k
0.007822113,0.008325117,atac3k
0.007816697,0.005206957,atac3k
0.007818096,-0.0049595023,atac3k
0.00781578,0.0037692378,atac3k
0.007818645,-0.0061266962,atac3k
0.007807663,0.0008160697,atac3k
0.0077979574,0.004575849,atac3k
0.007813508,-0.0030039945,atac3k
0.0078120804,-0.0033302985,atac3k
0.0077947155,0.007262459,atac3k
0.0078077926,0.00083508727,atac3k
0.0078102266,0.0013906831,atac3k
0.00780412,0.0025306244,atac3k
0.0078134425,0.0027512768,atac3k
0.007821431,-0.0075187352,atac3k
0.007821017,-0.007985907,atac3k
0.007816935,-0.0055754855,atac3k
0.0078112623,-0.0045701736,atac3k
0.007813971,-0.004859745,atac3k
0.0078139175,-0.0040938514,atac3k
0.007813228,0.0028628772,atac3k
0.007813251,-0.0036109933,atac3k
0.0077879545,0.010471943,atac3k
0.00782226,0.01939931,atac3k
0.007818339,0.004391699,atac3k
0.0078066466,0.006427624,atac3k
0.007816088,-0.0047599585,atac3k
0.007814246,-0.005577582,atac3k
0.007813209,0.0027831988,atac3k
0.007802263,0.002412443,atac3k
0.0078061563,0.0017762348,atac3k
0.007817268,-0.00573793,atac3k
0.007818963,-0.008234105,atac3k
0.007817221,-0.0056057973,atac3k
0.007813712,0.002731784,atac3k
0.0078061135,0.001639398,atac3k
0.007820589,-0.0051860744,atac3k
0.007819767,-0.0054418817,atac3k
0.0078088855,0.0017501691,atac3k
0.007814123,-0.0035232943,atac3k
0.007806216,0.0004065681,atac3k
0.007815059,-0.0042572636,atac3k
0.0078132935,0.0034624538,atac3k
0.007804025,0.0034871465,atac3k
0.0078094364,-0.0008854008,atac3k
0.0078045074,0.007749655,atac3k
0.0078112795,0.0016430652,atac3k
0.007814807,0.0031442838,atac3k
0.0078180805,-0.005391214,atac3k
0.007807174,-0.0018068352,atac3k
0.0078112986,-0.0017646652,atac3k
0.0078112916,0.0017063144,atac3k
0.0078116762,0.0020624092,atac3k
0.0078109666,-0.003653808,atac3k
0.007700877,-0.00039990857,atac3k
0.0078111417,0.0024039163,atac3k
0.007805576,0.0018727434,atac3k
0.007812087,0.0023820682,atac3k
0.007817135,-0.0072976025,atac3k
0.007820817,0.0053546093,atac3k
0.0078081926,-0.002687976,atac3k
0.007798064,0.012949061,atac3k
0.0078083626,0.00034870426,atac3k
0.0078080725,0.00069174496,atac3k
0.0078104683,-0.0014765849,atac3k
0.007818336,-0.0066736867,atac3k
0.007795424,-0.017068963,atac3k
0.0078065665,0.0013088288,atac3k
0.0078068464,0.001231307,atac3k
0.007806106,0.0019267226,atac3k
0.007818826,-0.003007494,atac3k
0.0078107156,-0.001575515,atac3k
0.007820498,-0.008272816,atac3k
0.007813863,0.0024095722,atac3k
0.007819141,-0.00607062,atac3k
0.0078186095,0.0076548615,atac3k
0.007819085,0.0064516896,atac3k
0.0078418935,-0.011444762,atac3k
0.00781032,-0.002110472,atac3k
0.0078077023,0.0016145258,atac3k
0.0078092203,0.0021229251,atac3k
0.007813785,0.016241793,atac3k
0.0078104096,-0.001456341,atac3k
0.007804921,0.0045066033,atac3k
0.007808633,0.001872579,atac3k
0.007803583,0.0044639236,atac3k
0.007682813,-0.004657176,atac3k
0.00781263,0.0022258763,atac3k
0.007805068,0.008664171,atac3k
0.0078100483,-0.0030851108,atac3k
0.007807761,-0.011251047,atac3k
0.007815857,0.0037675267,atac3k
0.007805295,0.0028881552,atac3k
0.007810053,0.001689124,atac3k
0.0077900225,0.0088440515,atac3k
0.0078051537,0.0035257966,atac3k
0.007819061,-0.0056957323,atac3k
0.007816445,0.0040636244,atac3k
0.0077031334,-0.0005731083,atac3k
0.0078114374,-0.0029420604,atac3k
0.007791122,0.0016131242,atac3k
0.007813658,0.003149384,atac3k
0.0078060306,0.0001680366,atac3k
0.007818013,-0.009090247,atac3k
0.007821037,-0.0062895915,atac3k
0.007812569,-0.0033896503,atac3k
0.007809857,0.0017605508,atac3k
0.0078104613,-0.0026471491,atac3k
0.007808939,-0.0026897755,atac3k
0.0078067584,0.00014290499,atac3k
0.007806464,0.0034805029,atac3k
0.007805371,0.009295456,atac3k
0.0078158295,-0.0044414224,atac3k
0.007806635,0.002153533,atac3k
0.007817733,-0.008412176,atac3k
0.00780718,0.0014128045,atac3k
0.007806957,0.0025757058,atac3k
0.0078062075,0.0025119649,atac3k
0.0078108306,0.0023171834,atac3k
0.0078058844,0.0010915033,atac3k
0.007809171,-0.0006580248,atac3k
0.007810121,-0.0039573577,atac3k
0.007825132,0.007402987,atac3k
0.007813939,-0.0045199767,atac3k
0.007704632,-0.00160861,atac3k
0.007813263,0.0037082233,atac3k
0.007812649,0.0025170532,atac3k
0.007819165,0.0059124944,atac3k
0.0077035925,-0.0010132145,atac3k
0.007805455,0.0030555392,atac3k
0.007817705,0.0043019988,atac3k
0.0078096776,0.0021126014,atac3k
0.007814197,-0.0038989321,atac3k
0.007812814,-0.0031445476,atac3k
0.0077873073,-0.016952295,atac3k
0.007805367,0.003119319,atac3k
0.007820859,0.019244766,atac3k
0.0078100376,0.001605577,atac3k
0.0078036524,0.0019634282,atac3k
0.007811784,0.002004055,atac3k
0.007813718,-0.0060772467,atac3k
0.007820226,0.01063066,atac3k
0.007809741,-0.0011414876,atac3k
0.0078076464,-0.00042322895,atac3k
0.007807096,0.0010380679,atac3k
0.0078103496,-0.0007214462,atac3k
0.0078107077,-0.0040656957,atac3k
0.0078096646,-0.0017340746,atac3k
0.0078118253,0.0022666564,atac3k
0.0077061853,-0.00044671653,atac3k
0.007821166,0.0052025365,atac3k
0.0078035244,0.0024711252,atac3k
0.0078054243,0.0021529398,atac3k
0.0078060245,0.0022732625,atac3k
0.007815994,0.0035972584,atac3k
0.007814846,0.0029269385,atac3k
0.0078106755,-0.0027118188,atac3k
0.007817561,-0.001250611,atac3k
0.007810386,0.0008411117,atac3k
0.007814368,0.001373436,atac3k
0.007811934,-0.0026810386,atac3k
0.007786851,0.004894766,atac3k
0.007815004,0.003263708,atac3k
0.007808308,-0.00034700934,atac3k
0.0078111873,-0.0015909869,atac3k
0.0078055677,0.0026404639,atac3k
0.007810396,0.0014248154,atac3k
0.007817178,-0.005260829,atac3k
0.007807811,0.00042047788,atac3k
0.007821705,-0.0054315967,atac3k
0.0078034927,-0.011543317,atac3k
0.0078082946,2.6746438e-05,atac3k
0.007815573,0.004285558,atac3k
0.007807303,0.0015382575,atac3k
0.0078063905,-4.0885403e-05,atac3k
0.007811552,-0.0039276816,atac3k
0.0078050825,0.0032513237,atac3k
0.007816149,0.0043411967,atac3k
0.007814755,0.001941512,atac3k
0.007815663,-0.0043063504,atac3k
0.0078060683,0.002048848,atac3k
0.007808591,-0.0028732438,atac3k
0.007697069,6.299608e-05,atac3k
0.007815217,0.006240285,atac3k
0.007819592,-0.006438497,atac3k
0.007819198,0.030717388,atac3k
0.007806329,0.0019063145,atac3k
0.0078068944,0.0022182355,atac3k
0.007815034,-0.0046196925,atac3k
0.0078049363,0.0021299946,atac3k
0.0078109796,-0.0017839372,atac3k
0.0077891266,0.008235508,atac3k
0.007811755,0.0026534004,atac3k
0.007815162,0.0030824975,atac3k
0.007810853,0.0020421206,atac3k
0.007816319,0.0039823703,atac3k
0.007817247,-0.009587938,atac3k
0.0077934586,0.0019806684,atac3k
0.007819701,-0.004435333,atac3k
0.007817014,-0.005730524,atac3k
0.007806202,0.001348417,atac3k
0.007800697,0.0024653208,atac3k
0.0077882917,0.0054186936,atac3k
0.007818675,-0.0055113737,atac3k
0.007815585,-0.004569584,atac3k
0.007818202,0.0041708187,atac3k
0.007822293,0.012338826,atac3k
0.007809888,0.012037106,atac3k
0.007819068,-0.0057167336,atac3k
0.007805968,0.0027843814,atac3k
0.0078068916,0.002073722,atac3k
0.0078058965,0.0053506005,atac3k
0.00780844,0.000100849145,atac3k
0.0078086285,-0.00015247792,atac3k
0.007817532,-0.006517965,atac3k
0.007815172,0.0028404533,atac3k
0.0077911587,0.013965196,atac3k
0.007817667,0.004135324,atac3k
0.0078105894,-0.0013685657,atac3k
0.0078097805,-0.0003990995,atac3k
0.007805201,-0.006776773,atac3k
0.007813868,0.0031162582,atac3k
0.007804816,0.0016966587,atac3k
0.007813969,-0.003933609,atac3k
0.0078061256,0.0015644665,atac3k
0.007813519,-0.0038734758,atac3k
0.007821092,-0.0063477694,atac3k
0.007819275,-0.0073941015,atac3k
0.0078063877,0.004008553,atac3k
0.0078045074,0.0017713226,atac3k
0.0078124693,-0.0017556304,atac3k
0.007805211,0.002224208,atac3k
0.0077792234,-0.0044472204,atac3k
0.0078104,0.0020923861,atac3k
0.0078060413,0.0067482865,atac3k
0.007812889,-0.0038253118,atac3k
0.007807427,0.0010288038,atac3k
0.007819017,-0.0064718192,atac3k
0.007755495,-0.008085403,atac3k
0.0078120297,0.0018153383,atac3k
0.007815027,-0.0057988125,atac3k
0.0078104762,-0.0020360032,atac3k
0.007793808,0.010845012,atac3k
0.0078060804,0.00211757,atac3k
0.007805584,0.0019092227,atac3k
0.007818583,-0.008011295,atac3k
0.0077054477,-0.0023576918,atac3k
0.0077897995,0.012803572,atac3k
0.007812585,-0.0028957645,atac3k
0.007806391,0.0067549837,atac3k
0.0078170635,-0.005913561,atac3k
0.007815704,-0.0052012033,atac3k
0.007819388,-0.008010172,atac3k
0.0078058518,0.0018529803,atac3k
0.007805911,0.0016260295,atac3k
0.007817359,0.025735468,atac3k
0.0078105545,0.0019878172,atac3k
0.0078046387,0.0034545618,atac3k
0.0077667576,-0.024042496,atac3k
0.007813229,-0.0039445376,atac3k
0.0077813976,-0.00077614153,atac3k
0.007804077,0.0036656526,atac3k
0.007814434,-0.0062030116,atac3k
0.007818238,-0.0058198874,atac3k
0.007815131,0.0035601265,atac3k
0.007802464,-0.008543399,atac3k
0.0078051165,0.0043612495,atac3k
0.007813383,-0.003015187,atac3k
0.0078078522,0.0020936918,atac3k
0.0078120865,0.002126589,atac3k
0.0077024554,-0.0014153502,atac3k
0.007813156,-0.0047949483,atac3k
0.007813649,-0.004944631,atac3k
0.007815758,0.0032967946,atac3k
0.007700427,-0.002395341,atac3k
0.007820529,0.0044653965,atac3k
0.0078134425,0.002689554,atac3k
0.00781552,-0.006013922,atac3k
0.007815128,0.0028224136,atac3k
0.007814715,-0.006901999,atac3k
0.0078045917,0.0023538931,atac3k
0.0078027183,0.0022551385,atac3k
0.007801967,0.0019791482,atac3k
0.007809323,0.0018074197,atac3k
0.007817509,0.005893423,atac3k
0.0078088734,-0.0019431036,atac3k
0.0078052664,0.0018704532,atac3k
0.007812663,-0.0028803423,atac3k
0.007814932,-0.004323415,atac3k
0.0078058876,0.009708801,atac3k
0.007819214,0.0045728576,atac3k
0.007808105,-0.001092284,atac3k
0.007816539,0.003997729,atac3k
0.007805512,0.002393305,atac3k
0.00781268,0.002567918,atac3k
0.00781438,-0.0051506096,atac3k
0.0078108604,-0.0016668906,atac3k
0.007808379,0.000834981,atac3k
0.0078079533,0.027376749,atac3k
0.007812036,-0.010004614,atac3k
0.007817965,0.0047940803,atac3k
0.007811395,-0.0032933182,atac3k
0.007817125,0.0040117446,atac3k
0.0077987183,0.0001437799,atac3k
0.007817765,-0.005382195,atac3k
0.007809725,0.0018796389,atac3k
0.007818056,-0.0052157654,atac3k
0.007815576,0.002971947,atac3k
0.007818289,-0.0068184943,atac3k
0.007805455,0.003251003,atac3k
0.007790806,0.0039278967,atac3k
0.0078048473,0.0018924369,atac3k
0.007804479,0.010488354,atac3k
0.007808388,0.0030853818,atac3k
0.0078110155,0.0021147705,atac3k
0.007806559,-0.00072049676,atac3k
0.007800508,0.0023766167,atac3k
0.007817486,0.0039152815,atac3k
0.0078094425,-0.0004850368,atac3k
0.007816478,0.0040868763,atac3k
0.007810219,-0.0020847716,atac3k
0.007817183,-0.0063845147,atac3k
0.0078076827,-0.00012859526,atac3k
0.007724165,0.007769137,atac3k
0.0078063034,0.00020080249,atac3k
0.0077908137,0.0006098203,atac3k
0.007805703,0.002017342,atac3k
0.007818214,-0.0091113495,atac3k
0.0078055253,0.0030808607,atac3k
0.007815034,-0.004363363,atac3k
0.007780124,0.0109356055,atac3k
0.007803229,0.003067991,atac3k
0.007808269,0.0013542412,atac3k
0.007811642,0.002391309,atac3k
0.0078090546,-0.00028634578,atac3k
0.0077635054,0.001387056,atac3k
0.007815099,0.003377169,atac3k
0.007804197,0.0022486227,atac3k
0.007789549,-0.013218688,atac3k
0.0078096255,0.00022247838,atac3k
0.0077154418,0.006717975,atac3k
0.0078119757,0.0018873839,atac3k
0.0077971285,0.0030097065,atac3k
0.007806182,0.002243043,atac3k
0.007816515,0.003872481,atac3k
0.007807453,0.0013427323,atac3k
0.0077721695,-0.017784243,atac3k
0.0078062587,0.0017411201,atac3k
0.007810828,-0.0017923343,atac3k
0.0078176465,-0.0025565685,atac3k
0.00781552,-0.0054371622,atac3k
0.007815677,0.0032250625,atac3k
0.0078101032,-0.0018930766,atac3k
0.007815404,0.0040610875,atac3k
0.0078134565,-0.0055954014,atac3k
0.007805592,0.00391573,atac3k
0.007814826,-0.004920771,atac3k
0.007815589,-0.005405848,atac3k
0.0078113256,-0.0014538199,atac3k
0.007806438,0.0012886134,atac3k
0.0078105773,-0.0013536955,atac3k
0.007828296,0.020525347,atac3k
0.00781999,-0.0039189616,atac3k
0.007820079,0.008594403,atac3k
0.007819908,-0.0072887135,atac3k
0.0078059235,0.0010397043,atac3k
0.0078059896,0.0026931106,atac3k
0.007810993,-0.0024250029,atac3k
0.007816402,0.0040937704,atac3k
0.007814612,0.0030250095,atac3k
0.007809752,-0.0006850288,atac3k
0.007809701,-9.7856275e-05,atac3k
0.0078114136,-0.0021654475,atac3k
0.0078086937,0.0016983185,atac3k
0.0078010377,-0.0094123,atac3k
0.0078060357,0.0030053696,atac3k
0.0078073964,0.001859785,atac3k
0.0078060864,0.0036102112,atac3k
0.007815423,-0.0060121473,atac3k
0.0078099295,-0.0013128883,atac3k
0.007698275,0.006386564,atac3k
0.0078064967,0.0016987908,atac3k
0.007820044,0.0051771384,atac3k
0.007821797,-0.006064361,atac3k
0.0077920356,0.010293428,atac3k
0.007814576,0.0031546766,atac3k
0.007809856,0.0016440208,atac3k
0.007815507,-0.0044509163,atac3k
0.007806178,0.0030613756,atac3k
0.007806158,0.005931199,atac3k
0.007807808,0.00039368068,atac3k
0.0078041637,0.0019480193,atac3k
0.007809536,0.0017908809,atac3k
0.007805399,0.0025849412,atac3k
0.007804636,0.0024575584,atac3k
0.0078022988,0.0037262433,atac3k
0.007812957,-0.0024551412,atac3k
0.0078109973,0.0017386464,atac3k
0.007813166,0.0023353754,atac3k
0.007783864,0.0029521617,atac3k
0.007821616,-0.005888805,atac3k
0.0078009893,0.0038893165,atac3k
0.0078123584,-0.0027722502,atac3k
0.0078075044,0.0006415058,atac3k
0.0078100003,-0.004281716,atac3k
0.007704702,0.0045902347,atac3k
0.007813861,-0.007571582,atac3k
0.007794695,0.0028111346,atac3k
0.007813722,0.0027363584,atac3k
0.007805178,0.002719129,atac3k
0.007818987,0.0065824534,atac3k
0.0078079714,0.00080653507,atac3k
0.007815644,-0.0041938988,atac3k
0.007810519,0.001915171,atac3k
0.0078090965,0.0021672912,atac3k
0.007813041,-0.0035391175,atac3k
0.007810912,0.0020449948,atac3k
0.0078193,-0.006986836,atac3k
0.007812651,0.0020145455,atac3k
0.007806004,0.0037516765,atac3k
0.007819408,-0.006655107,atac3k
0.0078103854,-0.0034634303,atac3k
0.007814494,0.0035112747,atac3k
0.007817944,0.004511729,atac3k
0.0078062676,0.004419623,atac3k
0.007818272,-0.008496585,atac3k
0.007819492,0.0014690472,atac3k
0.007816373,0.00199863,atac3k
0.0078095645,-0.0010075549,atac3k
0.0078057908,0.003638724,atac3k
0.0078121,-0.003733768,atac3k
0.0077976855,0.0015208035,atac3k
0.0078121554,-0.0022764497,atac3k
0.00781588,-0.0047379113,atac3k
0.007818976,-0.0060761585,atac3k
0.007813534,-0.003047379,atac3k
0.0077899024,-0.007995679,atac3k
0.007816507,0.004144838,atac3k
0.00780743,0.0014201523,atac3k
0.007813609,0.011243,atac3k
0.007818378,-0.007966945,atac3k
0.007802178,0.0021013222,atac3k
0.0078130355,0.0024931086,atac3k
0.0078062774,0.0020679943,atac3k
0.0078060734,0.0043776594,atac3k
0.007817234,-0.006181197,atac3k
0.0078031565,0.0023580051,atac3k
0.0078108828,-0.001987275,atac3k
0.007807706,-0.0011504471,atac3k
0.0078063384,0.0018411546,atac3k
0.007815518,-0.0047307825,atac3k
0.0077770497,0.004549696,atac3k
0.0078038597,0.005231792,atac3k
0.0077950153,0.008625936,atac3k
0.0078090443,0.008613008,atac3k
0.007817283,0.004678658,atac3k
0.007812299,-0.00743625,atac3k
0.007814979,-0.006283671,atac3k
0.007814571,-0.0042825663,atac3k
0.007813434,-0.0040480183,atac3k
0.007802023,0.0025462823,atac3k
0.007817328,0.005205329,atac3k
0.007821575,-0.006792962,atac3k
0.0078065875,0.0003883411,atac3k
0.0078111873,-0.004597071,atac3k
0.007805914,0.0050576176,atac3k
0.007806235,0.0032405164,atac3k
0.007818107,-0.0010011072,atac3k
0.007809907,0.0017394924,atac3k
0.007812697,0.0025825312,atac3k
0.0078055947,0.0022181412,atac3k
0.007820016,-0.0069758683,atac3k
0.0077986466,0.00088620104,atac3k
0.0078088297,0.001952062,atac3k
0.0078172935,-0.0018192014,atac3k
0.0078088096,0.0023090204,atac3k
0.0077012526,-0.000974474,atac3k
0.00780611,0.0011095922,atac3k
0.0078159915,-0.007109501,atac3k
0.007821841,0.010137928,atac3k
0.00781624,0.0036970654,atac3k
0.007819056,-0.007940848,atac3k
0.0078097703,-0.00088464725,atac3k
0.00780522,0.0021591738,atac3k
0.0078050666,0.001814774,atac3k
0.007800162,0.0029934652,atac3k
0.0078091337,-0.0014498387,atac3k
0.007816969,0.004357655,atac3k
0.007807742,0.0009338673,atac3k
0.0077012726,-1.5226911e-05,atac3k
0.0078193825,-0.0057165474,atac3k
0.007818008,-0.006786417,atac3k
0.007819766,-0.0023637787,atac3k
0.0078026275,0.00485604,atac3k
0.007814428,0.003626993,atac3k
0.00780973,-0.0012081992,atac3k
0.0078124246,-0.0027410062,atac3k
0.007817514,0.004528805,atac3k
0.007809208,-0.0008437662,atac3k
0.00781486,-0.00464418,atac3k
0.007819219,-0.005172618,atac3k
0.0076998645,-0.00047263026,atac3k
0.007805795,0.007920889,atac3k
0.007804782,0.0029965916,atac3k
0.007815277,0.001783592,atac3k
0.007811009,-0.0050982945,atac3k
0.00781399,0.0034208803,atac3k
0.007815208,0.0029659336,atac3k
0.007802973,0.0026234942,atac3k
0.007814574,-0.0057729622,atac3k
0.007807496,0.0014232484,atac3k
0.007813057,-0.004384387,atac3k
0.0078098066,-0.0038866727,atac3k
0.0078056683,0.00257237,atac3k
0.007812165,-0.0030926687,atac3k
0.007815327,-0.004031015,atac3k
0.007750724,-0.011076383,atac3k
0.0078052403,0.0022473175,atac3k
0.007818028,-0.008601624,atac3k
0.007813028,-0.002617279,atac3k
0.007815746,-0.005975944,atac3k
0.007814532,0.00288698,atac3k
0.007818066,-0.0009973734,atac3k
0.007804814,0.005932676,atac3k
0.007814034,-0.0029988373,atac3k
0.0078102197,0.00185345,atac3k
0.007810449,0.002011757,atac3k
0.0078063817,-0.0017007302,atac3k
0.007806613,0.0009702556,atac3k
0.007816666,0.0035709345,atac3k
0.0078185275,0.005028363,atac3k
0.00781763,-0.0078851525,atac3k
0.0078030853,0.0047727344,atac3k
0.007817539,0.0042833854,atac3k
0.007806846,0.0041156216,atac3k
0.0078061568,0.001454037,atac3k
0.007817283,-0.005274494,atac3k
0.007816145,-0.005431564,atac3k
0.007812973,0.0024122335,atac3k
0.007808789,-0.00013414722,atac3k
0.0078084073,0.0017174918,atac3k
0.007819441,-0.0049084886,atac3k
0.007814977,0.003189069,atac3k
0.007816343,0.00071230874,atac3k
0.007806703,0.0012755155,atac3k
0.007819797,-0.0067791915,atac3k
0.007814388,-0.0053605363,atac3k
0.0078004114,-0.0029276165,atac3k
0.007813191,0.0023927249,atac3k
0.007814089,0.0024676411,atac3k
0.007802232,-0.0056670597,atac3k
0.007806489,0.0024723934,atac3k
0.007805057,0.0029823633,atac3k
0.007794027,0.008104298,atac3k
0.0078106755,-0.0018251447,atac3k
0.007814051,-0.0034228645,atac3k
0.007784134,0.003061024,atac3k
0.0078089456,-0.0011270867,atac3k
0.007807162,0.002070095,atac3k
0.0078071062,-0.0020702537,atac3k
0.007812951,-0.002979015,atac3k
0.0077961716,0.009214468,atac3k
0.0078030205,0.002183798,atac3k
0.007815219,-0.006426281,atac3k
0.007819829,0.005195519,atac3k
0.007805178,0.009784293,atac3k
0.007813784,0.0028074465,atac3k
0.007816949,-0.0051151044,atac3k
0.007812197,-0.0033306524,atac3k
0.0078115654,0.0015760858,atac3k
0.007817499,-0.005812526,atac3k
0.007817085,0.00499301,atac3k
0.0078074494,0.00042918982,atac3k
0.0078118434,-0.0024069035,atac3k
0.0078105307,-0.0039682724,atac3k
0.007806205,0.0028084042,atac3k
0.007817835,0.0056747934,atac3k
0.0078100776,-0.0011453307,atac3k
0.007808523,-0.009868907,atac3k
0.0078104027,-0.0014225021,atac3k
0.0078069144,0.0021145816,atac3k
0.0077898595,0.012432915,atac3k
0.007813051,-0.004142642,atac3k
0.007812643,-0.0029835773,atac3k
0.007803941,0.0022899,atac3k
0.007802127,0.0021303233,atac3k
0.007817133,-0.0056943563,atac3k
0.007811478,-0.0021031965,atac3k
0.0078210905,0.012416262,atac3k
0.007814791,0.0029272637,atac3k
0.007819769,0.0064992267,atac3k
0.007805302,0.005289968,atac3k
0.007807199,0.0022022417,atac3k
0.0077006896,-0.0005441323,atac3k
0.00781613,-0.005210022,atac3k
0.007803598,-0.00041796436,atac3k
0.0077879415,-0.007882932,atac3k
0.007816644,0.0038795474,atac3k
0.007819458,-0.006296514,atac3k
0.007818794,-0.015013608,atac3k
0.007736338,-0.00020199188,atac3k
0.0077549005,-0.0031605898,atac3k
0.0078048194,0.0022216844,atac3k
0.007820042,3.15251e-05,atac3k
0.0078041414,-0.008806283,atac3k
0.007816252,0.0036582346,atac3k
0.0078041987,0.012037137,atac3k
0.00781193,-0.0034325519,atac3k
0.007813129,-0.007490724,atac3k
0.007816054,-0.0059135198,atac3k
0.007819402,-0.004331967,atac3k
0.007817714,-0.0057562026,atac3k
0.0077969194,0.0051841442,atac3k
0.007837232,0.0042306064,atac3k
0.007743304,-0.012934188,atac3k
0.007820333,-0.0056322967,atac3k
0.007816819,-0.006402903,atac3k
0.007815637,0.0061072097,atac3k
0.0078069153,0.0017651869,atac3k
0.0078089894,-0.00055208453,atac3k
0.0077929087,0.002193842,atac3k
0.007818338,-0.006539137,atac3k
0.007813845,0.0024224794,atac3k
0.007808023,0.0016524291,atac3k
0.0078026415,-0.0018022727,atac3k
0.0078126555,0.0028242795,atac3k
0.0078037134,0.0014624106,atac3k
0.007689494,-0.0019693207,atac3k
0.0078075957,0.00039824858,atac3k
0.0076982207,-0.001650062,atac3k
0.007806175,0.0018933263,atac3k
0.007809394,-0.0018583273,atac3k
0.007817661,-0.0059561566,atac3k
0.0078104925,0.0020232277,atac3k
0.007815885,0.002922193,atac3k
0.007818622,0.005100075,atac3k
0.007814756,-0.004101088,atac3k
0.007818449,0.007441529,atac3k
0.007802272,-0.010755542,atac3k
0.0078089465,0.007433905,atac3k
0.0078185,-0.0055088648,atac3k
0.007816241,0.012554412,atac3k
0.007813191,-0.0031463203,atac3k
0.0078096883,-0.0029999218,atac3k
0.007821046,-0.006340943,atac3k
0.007802703,-0.00039080423,atac3k
0.007701316,-0.00088005955,atac3k
0.0078122495,-0.0035975396,atac3k
0.007810152,0.0021272684,atac3k
0.007811338,0.001946813,atac3k
0.007811114,-0.0019227158,atac3k
0.0078064348,0.0015102075,atac3k
0.007808769,-0.0021143714,atac3k
0.0078158,-0.0024097054,atac3k
0.007819627,-0.0013318867,atac3k
0.0078056753,0.0046187174,atac3k
0.007805818,0.0017175963,atac3k
0.00781674,0.0004305908,atac3k
0.007813361,0.0024774256,atac3k
0.0077215796,0.0024254282,atac3k
0.007816601,-0.0066721966,atac3k
0.007807255,0.002198433,atac3k
0.007818762,-0.006442244,atac3k
0.0078116073,-0.0027183357,atac3k
0.007819725,-0.0053921025,atac3k
0.007808577,9.121662e-05,atac3k
0.007812978,0.0023497217,atac3k
0.007806227,-1.4340234e-05,atac3k
0.007815179,-0.007313528,atac3k
0.00781645,-0.008764645,atac3k
0.007811872,-0.0023995093,atac3k
0.007804875,0.008345054,atac3k
0.0078079975,0.0018604362,atac3k
0.0077933315,-0.008934412,atac3k
0.007807614,0.0020603882,atac3k
0.0078098443,-0.0010717964,atac3k
0.0077953176,0.0044634673,atac3k
0.007816081,0.009072148,atac3k
0.007820297,-0.003804445,atac3k
0.007809307,-0.00040213385,atac3k
0.0077920384,-0.023862826,atac3k
0.0077647446,0.0006808325,atac3k
0.007811665,-0.0020876757,atac3k
0.007806224,0.004707775,atac3k
0.0078078276,0.001899712,atac3k
0.007821648,0.016650444,atac3k
0.007821543,-0.0013496872,atac3k
0.007810613,-0.001167213,atac3k
0.0078071337,0.001993123,atac3k
0.0078051416,0.0050893114,atac3k
0.0078110592,0.0020730293,atac3k
0.0078139175,-0.0026912664,atac3k
0.007817134,0.004771685,atac3k
0.007813573,0.0026431482,atac3k
0.00781042,-0.002133239,atac3k
0.007816383,-0.0052187303,atac3k
0.0078080744,0.001695479,atac3k
0.0078164525,-0.004947846,atac3k
0.0077904207,0.009740671,atac3k
0.007810939,-0.0021371397,atac3k
0.007814042,-0.0039870855,atac3k
0.007812225,0.0019644406,atac3k
0.0078113405,-0.0022119386,atac3k
0.007817856,0.004564924,atac3k
0.007805798,0.002065136,atac3k
0.007817189,0.0046761995,atac3k
0.007806323,0.0011767285,atac3k
0.007816136,0.008120776,atac3k
0.007803171,0.002432489,atac3k
0.007808631,-0.0013470982,atac3k
0.007809634,-0.0012240572,atac3k
0.0078125065,-0.0030312107,atac3k
0.0078092758,-0.0013239925,atac3k
0.0078095244,-0.0007356982,atac3k
0.0078064036,0.0020306387,atac3k
0.007817022,0.0040147137,atac3k
0.00781291,0.0030636257,atac3k
0.0078100464,-0.0010486181,atac3k
0.007818772,0.004335091,atac3k
0.007820781,-0.0072630392,atac3k
0.0078113773,-0.0028045375,atac3k
0.0078140665,0.002999061,atac3k
0.007811038,0.0020058781,atac3k
0.007809373,-0.00027652696,atac3k
0.007815759,-0.005338409,atac3k
0.007822254,-0.0058343005,atac3k
0.007815682,-0.00772179,atac3k
0.007804966,0.00540143,atac3k
0.007812843,0.0019085534,atac3k
0.0077983355,0.011578256,atac3k
0.0077957697,0.00756796,atac3k
0.007820928,-0.0052390583,atac3k
0.007809447,0.0015039695,atac3k
0.007813553,0.0031031223,atac3k
0.00781522,-0.004083032,atac3k
0.007803579,-0.0009995281,atac3k
0.007819368,-0.009124959,atac3k
0.0078073936,0.0017642113,atac3k
0.007807134,0.00085599616,atac3k
0.0078046676,0.0018385666,atac3k
0.007821763,-0.005120449,atac3k
0.0078100385,-0.0032330216,atac3k
0.007778437,0.0084459055,atac3k
0.0077513787,0.0006390323,atac3k
0.00780367,0.003991883,atac3k
0.007817118,0.00066463026,atac3k
0.0078110355,-0.0021341655,atac3k
0.007804407,0.002320639,atac3k
0.0078072133,0.0015948486,atac3k
0.007820742,-0.007154383,atac3k
0.0078114667,-0.001505059,atac3k
0.007801446,0.00064463966,atac3k
0.007821895,-0.007113381,atac3k
0.00780963,-0.001758025,atac3k
0.007818298,-0.006493496,atac3k
0.007814172,-0.0037916615,atac3k
0.0078104814,-0.00071041996,atac3k
0.007800485,0.0029525557,atac3k
0.007811899,0.0019715137,atac3k
0.007812749,-0.003319373,atac3k
0.007802613,0.0022875927,atac3k
0.007814665,-0.0038498566,atac3k
0.007820442,-0.0048322557,atac3k
0.00781305,-0.0031272694,atac3k
0.0078091053,-0.0023406872,atac3k
0.0078046275,0.003634711,atac3k
0.0078073866,0.002563623,atac3k
0.0078068436,-0.0034187108,atac3k
0.007812303,-0.0030839453,atac3k
0.0078102723,0.0017550731,atac3k
0.0078111086,-0.0019505325,atac3k
0.0077952067,0.006846423,atac3k
0.0078106555,-0.001191573,atac3k
0.0077292635,0.014988003,atac3k
0.007819343,0.004744703,atac3k
0.007804996,0.0028681671,atac3k
0.00781263,-0.003005368,atac3k
0.007817637,0.005417986,atac3k
0.007808714,0.000519395,atac3k
0.0078091403,0.001626572,atac3k
0.0078121047,-0.0027993224,atac3k
0.00781445,-0.0044659427,atac3k
0.007807321,0.001330391,atac3k
0.007710936,-0.001523996,atac3k
0.0078200735,0.0062103346,atac3k
0.0078123766,-0.0029701502,atac3k
0.007804738,0.0054800212,atac3k
0.007816627,-0.005338939,atac3k
0.0078074476,0.0012495979,atac3k
0.007815075,0.0074340254,atac3k
0.007818819,0.004171662,atac3k
0.0078086867,-0.0002917852,atac3k
0.007811157,-0.0019925078,atac3k
0.0078089433,0.0021139996,atac3k
0.007816522,0.0011723539,atac3k
0.0077892486,0.016106075,atac3k
0.007818333,-0.006970781,atac3k
0.007700117,0.0017787442,atac3k
0.007813977,0.0031039957,atac3k
0.00781386,-0.004531142,atac3k
0.007806905,0.0016816447,atac3k
0.007808544,-0.0015016325,atac3k
0.007817827,0.0043484266,atac3k
0.007772063,-0.016819606,atac3k
0.00781627,-0.0012299513,atac3k
0.007816632,-0.0051359213,atac3k
0.007812193,-0.0024358286,atac3k
0.007819605,-0.006113794,atac3k
0.007808372,0.00022074723,atac3k
0.007818617,-0.005474187,atac3k
0.007817858,-0.0060543776,atac3k
0.00781725,0.004370596,atac3k
0.007805031,0.0016317599,atac3k
0.0078134565,-0.008243337,atac3k
0.007818317,-0.0057447995,atac3k
0.0078102453,-0.0013439152,atac3k
0.0078016804,0.0040454622,atac3k
0.0077026323,-0.0014406029,atac3k
0.007806512,0.002028673,atac3k
0.007805873,0.0023309824,atac3k
0.007794857,0.0074797114,atac3k
0.007815423,-0.0046491604,atac3k
0.007805262,0.0021429707,atac3k
0.007812094,0.0027434204,atac3k
0.0078092995,-0.002566947,atac3k
0.0078089265,-0.00023110509,atac3k
0.0078052995,0.0040497323,atac3k
0.007704769,-0.004021804,atac3k
0.007816972,-0.0054610013,atac3k
0.007810419,-0.0013584736,atac3k
0.007817093,0.0044427533,atac3k
0.007813384,-0.003763362,atac3k
0.007819383,-0.007948677,atac3k
0.007807903,0.001014548,atac3k
0.0078080758,0.0003064836,atac3k
0.007812783,-0.0062571797,atac3k
0.007809985,-0.0029522802,atac3k
0.007812673,-0.0054377904,atac3k
0.007804224,0.0018376837,atac3k
0.007818817,-0.0060656513,atac3k
0.007808232,-0.00034054482,atac3k
0.0078007616,0.013816252,atac3k
0.00781432,-0.0051011173,atac3k
0.007815119,-0.0045476425,atac3k
0.0077915066,0.009906166,atac3k
0.0077622887,-0.017249273,atac3k
0.007815415,-0.004738835,atac3k
0.007804562,0.0025903913,atac3k
0.0077989893,0.0066051134,atac3k
0.0078089195,-0.0015493709,atac3k
0.007803684,0.002389153,atac3k
0.00782342,0.0073162336,atac3k
0.007808351,0.0004874182,atac3k
0.007819939,-0.0049632145,atac3k
0.0078073684,0.00039046255,atac3k
0.0078157475,-0.0049262024,atac3k
0.0078121116,-0.0032402987,atac3k
0.007700629,-0.0016878437,atac3k
0.007807052,0.00047546596,atac3k
0.0078056445,0.0070184073,atac3k
0.0078122546,-0.0026581404,atac3k
0.007819973,-0.0024228622,atac3k
0.0078039113,0.009132637,atac3k
0.007821152,-0.0053326865,atac3k
0.007807023,0.005813123,atac3k
0.007796177,0.0037915893,atac3k
0.007814451,-0.0066284933,atac3k
0.007810334,-0.00499774,atac3k
0.0078177685,0.0034273223,atac3k
0.007817156,-0.006882932,atac3k
0.0077117034,0.0040815384,atac3k
0.007808986,-0.0015510066,atac3k
0.007813615,-0.005529438,atac3k
0.007771404,-0.025855308,atac3k
0.007809553,-0.00062423554,atac3k
0.007790497,0.0009580873,atac3k
0.0078060194,0.0019861904,atac3k
0.007806122,0.0019086349,atac3k
0.007817836,0.004722164,atac3k
0.0078068776,0.00034592667,atac3k
0.0077975737,0.0009256441,atac3k
0.007807614,0.0008559236,atac3k
0.0078097982,-0.0009850024,atac3k
0.007805228,0.0037723917,atac3k
0.0078093484,0.0016407293,atac3k
0.0077949227,-0.0006456851,atac3k
0.0078054867,0.0022697446,atac3k
0.007810393,-0.0017293837,atac3k
0.007810877,-0.0020421313,atac3k
0.007702016,-0.0018778667,atac3k
0.007817781,-0.00782894,atac3k
0.007806745,0.0005884097,atac3k
0.007810392,-0.003052343,atac3k
0.007816192,-0.006541578,atac3k
0.007810646,0.0023131808,atac3k
0.00781969,-0.006572859,atac3k
0.007817116,0.0046039685,atac3k
0.0078074094,0.0015585006,atac3k
0.0078060795,0.0026086485,atac3k
0.007818723,-0.0060623805,atac3k
0.007816051,0.004117058,atac3k
0.0078033446,0.0020577298,atac3k
0.007818102,0.0062136245,atac3k
0.007815708,-0.004877845,atac3k
0.007808135,0.0004799435,atac3k
0.0077931685,-0.03695036,atac3k
0.007818807,-0.007417204,atac3k
0.007814346,-0.0039285724,atac3k
0.007820512,-0.0072815167,atac3k
0.007816054,-0.005073781,atac3k
0.007795689,0.0004912116,atac3k
0.0077653704,-0.023919512,atac3k
0.007803716,-0.0028650428,atac3k
0.0078085084,0.00017864461,atac3k
0.007806233,0.0017559691,atac3k
0.007818421,-0.006024537,atac3k
0.007760587,-0.018285235,atac3k
0.0078110304,-0.0017145956,atac3k
0.007806028,0.00083394186,atac3k
0.00780778,-0.0008067359,atac3k
0.007813707,-0.0036893848,atac3k
0.007815208,-0.004790101,atac3k
0.007820218,-0.0053819963,atac3k
0.0078071333,0.0011733111,atac3k
0.007818831,0.0068053612,atac3k
0.007806955,0.003888152,atac3k
0.007805628,0.002159938,atac3k
0.0078089326,-0.0019095547,atac3k
0.007816227,0.0033758604,atac3k
0.007804884,0.0029369753,atac3k
0.0078107594,0.0018123958,atac3k
0.00779135,0.015940322,atac3k
0.0078081694,0.001117925,atac3k
0.007824565,0.007656487,atac3k
0.007814688,-0.004802911,atac3k
0.007818014,-0.0059516663,atac3k
0.0078087253,0.0018845276,atac3k
0.007809612,-0.0007880518,atac3k
0.0078111407,-0.00029468484,atac3k
0.007816132,0.0035641284,atac3k
0.007808127,-0.0012827131,atac3k
0.0078045554,0.0021105343,atac3k
0.007810699,-0.0015054494,atac3k
0.0078093773,-0.0023136833,atac3k
0.007818479,-0.00924259,atac3k
0.0078119948,-0.0042067035,atac3k
0.007818138,0.0058388687,atac3k
0.0078206435,-0.0067105,atac3k
0.007811727,-0.0030624147,atac3k
0.007792019,0.0024822266,atac3k
0.007811645,0.002476529,atac3k
0.0078077847,0.0030373977,atac3k
0.0078118606,-0.0045157066,atac3k
0.007813188,-0.001007857,atac3k
0.007818877,-0.008372219,atac3k
0.007814002,-0.00316329,atac3k
0.007818068,-0.0052557713,atac3k
0.007807443,0.0013259994,atac3k
0.0078074625,0.0010864498,atac3k
0.0078090327,0.0015875145,atac3k
0.00781253,-0.0036855517,atac3k
0.007815117,-0.008013559,atac3k
0.0078063374,0.0019541874,atac3k
0.007809815,-0.0013617777,atac3k
0.007816949,0.004468837,atac3k
0.007700691,-0.00067630026,atac3k
0.007812567,0.0022297937,atac3k
0.007807595,0.00036293778,atac3k
0.007807558,0.0020884252,atac3k
0.007820486,-0.009504528,atac3k
0.0078064213,0.0014568936,atac3k
0.0076954644,-0.0016484355,atac3k
0.007816519,0.0040879296,atac3k
0.0078172395,0.0035908017,atac3k
0.0078089163,0.0015519153,atac3k
0.007815123,-0.004595744,atac3k
0.007817368,0.004890737,atac3k
0.00781483,-0.006438089,atac3k
0.007810203,0.0013294053,atac3k
0.0077955294,-0.018683787,atac3k
0.007816219,-0.005533274,atac3k
0.007809679,0.00036644776,atac3k
0.0078059123,0.0010931483,atac3k
0.0078083375,0.00051053986,atac3k
0.007813906,-0.0050904606,atac3k
0.00781388,0.002673502,atac3k
0.0078119417,-0.0035081427,atac3k
0.0078107603,0.0021791784,atac3k
0.007792064,0.008951687,atac3k
0.0078048417,0.0038461306,atac3k
0.0078131985,-0.001068963,atac3k
0.00781824,0.006304777,atac3k
0.0078101913,-0.0012662555,atac3k
0.0078165345,0.00025857816,atac3k
0.007820661,-0.007291616,atac3k
0.0078176595,0.006612377,atac3k
0.007813421,0.0024538944,atac3k
0.0078071766,0.0012818062,atac3k
0.0078073945,-0.00023169565,atac3k
0.007795689,0.00071464456,atac3k
0.0078197885,-0.008808815,atac3k
0.0078097256,0.0021010533,atac3k
0.007816682,-0.005906249,atac3k
0.007809765,-0.0032433986,atac3k
0.007813096,-0.004649897,atac3k
0.007818084,-0.005555191,atac3k
0.007813346,-0.0060141464,atac3k
0.007818819,-0.005162298,atac3k
0.0078077307,0.0015396429,atac3k
0.0078088846,0.0020634749,atac3k
0.0078065526,0.0008242178,atac3k
0.007807989,0.0002758726,atac3k
0.007811959,0.0018157995,atac3k
0.007822054,-0.0067092674,atac3k
0.007701179,-0.001530403,atac3k
0.0078043374,0.0036192893,atac3k
0.007816575,0.0035886406,atac3k
0.007809447,-0.0029616375,atac3k
0.0078078946,-0.0005125584,atac3k
0.00779437,0.0027147506,atac3k
0.0078100706,0.0020584965,atac3k
0.0078091845,-0.00020655645,atac3k
0.0078100725,0.0016207558,atac3k
0.0078073107,0.0020181956,atac3k
0.007812804,0.002108742,atac3k
0.007811634,0.0020618108,atac3k
0.00781602,-0.007068598,atac3k
0.0078186765,-0.0077340133,atac3k
0.007819214,0.00528741,atac3k
0.007816855,0.006806498,atac3k
0.0078039477,0.004466666,atac3k
0.0078114183,-0.00030257294,atac3k
0.007818275,-0.0057487534,atac3k
0.007816193,-0.00488651,atac3k
0.0078050187,0.0030399296,atac3k
0.007707908,-0.0057608094,atac3k
0.0078181205,0.010143714,atac3k
0.0078109964,-0.0018840558,atac3k
0.0078064646,0.0015987641,atac3k
0.0078124013,-0.003244396,atac3k
0.0078051584,0.002605273,atac3k
0.007809411,0.0010521273,atac3k
0.0078108325,-0.0018761933,atac3k
0.0078038513,0.00239149,atac3k
0.007807165,0.001346285,atac3k
0.007816221,0.0042008315,atac3k
0.00781173,0.0025102056,atac3k
0.007806327,0.0025062761,atac3k
0.007817676,0.0051806695,atac3k
0.00780631,0.0013592277,atac3k
0.007805575,0.0024425033,atac3k
0.007704167,-0.001246092,atac3k
0.0078061237,0.0017324289,atac3k
0.007802635,0.0035444864,atac3k
0.007808614,-0.00029369793,atac3k
0.0078113917,-0.0026673346,atac3k
0.007821347,-0.0068553034,atac3k
0.007816526,-0.004639955,atac3k
0.007806132,0.0009118315,atac3k
0.0078073544,0.0014769557,atac3k
0.0078019863,0.0023324194,atac3k
0.007809044,-0.011527572,atac3k
0.00780503,0.0028831798,atac3k
0.0076994034,-0.0009310669,atac3k
0.007703493,-0.0010959833,atac3k
0.0078114807,-0.0053636297,atac3k
0.007822106,0.00709093,atac3k
0.0078052958,0.0021432466,atac3k
0.007823649,0.009652762,atac3k
0.007813685,-0.0035015484,atac3k
0.0078070057,0.0061287186,atac3k
0.007810204,-0.0014281318,atac3k
0.007817628,0.004085304,atac3k
0.007812599,-0.003064684,atac3k
0.0078082727,-0.0041810474,atac3k
0.0078068636,0.002131562,atac3k
0.007807005,0.000713306,atac3k
0.0078085302,-0.00012180258,atac3k
0.007818306,0.004814432,atac3k
0.007807238,-0.0016152782,atac3k
0.007787533,-0.008076902,atac3k
0.007807672,0.0006998934,atac3k
0.007791145,0.0044611455,atac3k
0.007817006,0.004045124,atac3k
0.007819013,-0.007772846,atac3k
0.007819692,0.0066929855,atac3k
0.007814692,0.0032654058,atac3k
0.007808715,-0.00026744168,atac3k
0.0077001816,-0.00032172468,atac3k
0.007815207,0.0019987777,atac3k
0.007819032,0.0062753083,atac3k
0.007817409,0.0038513485,atac3k
0.007804679,0.0052859234,atac3k
0.0078166025,-0.0068431706,atac3k
0.0078069414,0.0012754437,atac3k
0.0077882223,0.004867709,atac3k
0.0078076646,0.0025011285,atac3k
0.007812715,-0.0030250158,atac3k
0.007819794,0.004019062,atac3k
0.007798295,0.0071563306,atac3k
0.0078063286,0.00093559903,atac3k
0.0076988,-0.0011088388,atac3k
0.007820286,-0.017917061,atac3k
0.007813883,-0.003862435,atac3k
0.0077915923,0.0022759559,atac3k
0.0078170905,0.0037262908,atac3k
0.0078059863,0.00203256,atac3k
0.0078070997,0.00063611753,atac3k
0.007814918,0.0030426807,atac3k
0.0077917892,0.009321074,atac3k
0.0077943434,0.0033434166,atac3k
0.00782071,-0.006676104,atac3k
0.007815224,-0.0049262103,atac3k
0.007817665,-0.009529446,atac3k
0.0076962374,0.0013467667,atac3k
0.007818125,0.00479831,atac3k
0.0078014093,0.0035081683,atac3k
0.007824251,0.0020109373,atac3k
0.007817272,0.0054170704,atac3k
0.007816693,0.005211822,atac3k
0.007689272,-0.001428955,atac3k
0.0077028396,-0.012439677,atac3k
0.0077015986,-0.0020027275,atac3k
0.007817031,0.004386169,atac3k
0.007815112,-0.004659346,atac3k
0.007813364,-0.0037643113,atac3k
0.007813049,-0.004207402,atac3k
0.007806321,0.0013517921,atac3k
0.00781455,-0.0043117055,atac3k
0.00781519,0.003522062,atac3k
0.0078065586,0.0021075038,atac3k
0.0078048096,0.0017060663,atac3k
0.0078108083,0.00230501,atac3k
0.007746,-0.02097723,atac3k
0.007818891,-0.008154108,atac3k
0.00780946,-0.0012132184,atac3k
0.00781524,0.0039762068,atac3k
0.0078119086,-0.0036730678,atac3k
0.007810655,-0.009457808,atac3k
0.007805841,0.0022320347,atac3k
0.007788675,-0.000374287,atac3k
0.007818039,-0.0100988215,atac3k
0.0078081847,0.00032805148,atac3k
0.007812739,-0.0031229346,atac3k
0.007816807,-0.005486223,atac3k
0.007810334,0.002280295,atac3k
0.0078082364,0.0053582746,atac3k
0.007809559,0.0015317257,atac3k
0.0078073354,0.0015203753,atac3k
0.007805315,0.0026005069,atac3k
0.007701115,-0.0015079203,atac3k
0.0078008003,-0.020992804,atac3k
0.0078098504,0.0017191017,atac3k
0.007821611,-0.008240223,atac3k
0.0078072986,0.0020832005,atac3k
0.007817973,0.0055801994,atac3k
0.007805965,0.0036825023,atac3k
0.0078070834,0.0017530547,atac3k
0.007818059,0.004819481,atac3k
0.0078121433,0.0025993753,atac3k
0.0076817875,-0.005618959,atac3k
0.007816508,-0.00731396,atac3k
0.007816865,0.0039935173,atac3k
0.0077033406,-0.0018812689,atac3k
0.0078075975,-0.0018324902,atac3k
0.007868518,-0.068767965,atac3k
0.0078068995,0.0026961348,atac3k
0.0078096515,-0.0008560167,atac3k
0.0078121065,-0.0019859863,atac3k
0.007809325,-0.0015017497,atac3k
0.007806805,0.008889379,atac3k
0.0078097,-0.002715763,atac3k
0.007812261,-0.0029273664,atac3k
0.007814499,-0.0066323727,atac3k
0.007819775,-0.007706793,atac3k
0.00781364,0.002828813,atac3k
0.0078013916,0.0051669637,atac3k
0.007818809,-0.0067738644,atac3k
0.007819427,-0.0066027967,atac3k
0.007805338,0.0027340222,atac3k
0.007819388,-0.0067140143,atac3k
0.0077980664,0.015843013,atac3k
0.007815221,0.002544806,atac3k
0.007808345,0.0014905485,atac3k
0.007812377,-0.0028215584,atac3k
0.007807142,0.0007662099,atac3k
0.0078056697,0.0021915725,atac3k
0.00781673,0.0044847922,atac3k
0.007812607,-0.00903373,atac3k
0.007813242,0.0013420616,atac3k
0.007818131,0.009760954,atac3k
0.0078018373,0.002880727,atac3k
0.0078050448,0.0034778307,atac3k
0.0078092953,-0.0026156388,atac3k
0.007817545,-0.0062091528,atac3k
0.00781661,-0.0034635721,atac3k
0.007807032,0.0030796053,atac3k
0.007800221,0.0026378215,atac3k
0.007807019,0.00209519,atac3k
0.0078038317,-0.007904503,atac3k
0.007809304,-0.00044368955,atac3k
0.007815644,-0.004528601,atac3k
0.0078110998,-0.0018762613,atac3k
0.0078105154,0.0031713657,atac3k
0.0078087924,-0.00021732453,atac3k
0.007818149,-0.00791596,atac3k
0.007813055,0.0022199599,atac3k
0.007808432,-0.0013179098,atac3k
0.007807093,0.0033817696,atac3k
0.0078208605,-0.0044918056,atac3k
0.007815995,-0.005234329,atac3k
0.007804377,0.002342969,atac3k
0.007810216,-0.0045934767,atac3k
0.007810572,-0.0021785991,atac3k
0.007789084,0.005422579,atac3k
0.0078079863,0.004274012,atac3k
0.0077069746,-0.0059678764,atac3k
0.007808535,0.00156545,atac3k
0.0078105507,0.0019187706,atac3k
0.00781017,-0.0011141727,atac3k
0.007811885,0.00250915,atac3k
0.007814835,-0.0047844495,atac3k
0.007818887,-0.0014370676,atac3k
0.00782088,-0.006827158,atac3k
0.0078146225,-0.005351478,atac3k
0.007818231,-0.0061044316,atac3k
0.007808731,-0.0009936914,atac3k
0.0077845943,0.0027046057,atac3k
0.007809285,0.0017393815,atac3k
0.007796292,-0.006831117,atac3k
0.007813815,-0.0048256177,atac3k
0.007733289,-0.0109042665,atac3k
0.007678732,-0.002109007,atac3k
0.007812783,0.01202677,atac3k
0.0078093745,0.0016155725,atac3k
0.0077824565,0.0055877334,atac3k
0.0078067323,0.0017088414,atac3k
0.0078047863,0.0018800785,atac3k
0.007820149,0.0034746306,atac3k
0.0078109223,0.004521261,atac3k
0.0078073745,0.00057385943,atac3k
0.007806353,0.0014867969,atac3k
0.0076999348,-0.0010087132,atac3k
0.0078055966,0.004988173,atac3k
0.0077866265,0.010858271,atac3k
0.007740498,-0.0020168957,atac3k
0.007814129,0.0031130018,atac3k
0.007815473,0.0034325123,atac3k
0.007818866,-0.007723102,atac3k
0.007808461,0.00014138315,atac3k
0.007814952,0.0031873935,atac3k
0.0077903545,0.0059687323,atac3k
0.007812006,-0.004210582,atac3k
0.00780497,0.0024664684,atac3k
0.007820383,0.004042982,atac3k
0.007810017,-0.0015232925,atac3k
0.007813854,-0.003852282,atac3k
0.0078093978,-0.0010436409,atac3k
0.0078041134,0.0038048287,atac3k
0.007798188,-0.01628932,atac3k
0.007697877,-0.0005824291,atac3k
0.007806772,0.0011732088,atac3k
0.00781347,-0.00579805,atac3k
0.0078070913,0.0013043426,atac3k
0.007813329,0.0025049595,atac3k
0.0076998686,-0.00046101582,atac3k
0.00780654,0.0017362386,atac3k
0.0077903564,0.0032853798,atac3k
0.007817018,-0.0057991846,atac3k
0.0077057187,-0.002757789,atac3k
0.007813518,-0.0045953165,atac3k
0.007801313,0.0036911585,atac3k
0.0078132665,-0.003943342,atac3k
0.007806033,0.003121985,atac3k
0.007815716,-0.0041111056,atac3k
0.007803294,0.0035199127,atac3k
0.0078123454,-0.0029289268,atac3k
0.007812086,-0.0022029185,atac3k
0.007816666,-0.004702145,atac3k
0.0078050643,0.0024931557,atac3k
0.007812913,0.0030873357,atac3k
0.0078050853,0.0039234674,atac3k
0.007704077,-0.0010004619,atac3k
0.007805727,0.0020961002,atac3k
0.007812329,-0.0026868244,atac3k
0.007812573,-0.003013155,atac3k
0.0078079514,0.0017918327,atac3k
0.007818659,0.0011503347,atac3k
0.0077153738,0.00088837894,atac3k
0.007814442,-0.005003503,atac3k
0.007805051,0.0077160774,atac3k
0.0077972994,0.0034480954,atac3k
0.007814056,0.002627668,atac3k
0.007816401,0.018563543,atac3k
0.007815747,0.0034237185,atac3k
0.007817813,0.0050624926,atac3k
0.007813886,-0.0026937753,atac3k
0.007811309,-0.002443275,atac3k
0.007818385,0.0053063156,atac3k
0.0078044944,0.0025115537,atac3k
0.007814269,-0.004937894,atac3k
0.007802338,0.0030136532,atac3k
0.007689783,-0.0015521202,atac3k
0.007815959,-0.0051509766,atac3k
0.0078057027,0.003810027,atac3k
0.007815911,-0.006733739,atac3k
0.0077011515,0.008400959,atac3k
0.007814358,-0.0063334126,atac3k
0.007818242,-0.002258654,atac3k
0.0078202505,0.0047710687,atac3k
0.007812771,-0.0072424696,atac3k
0.0078060455,0.0032255307,atac3k
0.007817723,0.0067908433,atac3k
0.007810173,-0.0005642513,atac3k
0.007816712,-0.007064264,atac3k
0.007816872,-0.006091703,atac3k
0.0078048157,0.0032122172,atac3k
0.0078088157,-0.0011595525,atac3k
0.0078121424,-0.0033716492,atac3k
0.00781607,0.004329652,atac3k
0.00780441,0.003295375,atac3k
0.007816614,0.0007841054,atac3k
0.007820792,-0.010543656,atac3k
0.007808224,0.0032496806,atac3k
0.007817294,0.005624044,atac3k
0.007816643,0.0043675937,atac3k
0.0078063146,0.0025604195,atac3k
0.007813906,-0.0067587383,atac3k
0.00780875,-0.0023442376,atac3k
0.007807779,0.001516223,atac3k
0.0078093167,-0.00027551324,atac3k
0.0078046895,0.0055309646,atac3k
0.007813109,-0.0031494328,atac3k
0.007819395,-0.0016923951,atac3k
0.0077956277,0.009199847,atac3k
0.007805997,0.0027068518,atac3k
0.0078079994,-0.0011081039,atac3k
0.0078076483,0.0019296617,atac3k
0.007814744,0.0033891534,atac3k
0.0078120288,-0.0019791725,atac3k
0.007806477,0.0051966836,atac3k
0.0078096297,-0.0015445261,atac3k
0.007808827,0.0019530987,atac3k
0.0078067165,0.0015212852,atac3k
0.007806865,0.0019891767,atac3k
0.0077945455,-0.07484512,atac3k
0.007805483,0.0027587586,atac3k
0.007809221,-0.00014151073,atac3k
0.007813288,0.0022142471,atac3k
0.007820701,0.0073286584,atac3k
0.00781813,-0.0050470736,atac3k
0.007798623,0.0057080407,atac3k
0.007814116,-0.006601514,atac3k
0.007813112,0.0030671593,atac3k
0.0078067197,0.0012268294,atac3k
0.007816322,-0.0047820886,atac3k
0.0078077195,0.0013827585,atac3k
0.0078090057,-0.0006604981,atac3k
0.00780178,0.0019836947,atac3k
0.007695436,-0.00097321026,atac3k
0.007815849,-0.0058150487,atac3k
0.007817562,-0.008309186,atac3k
0.007807638,0.00179165,atac3k
0.0078094774,0.0015631731,atac3k
0.007819515,-0.0060203746,atac3k
0.0078061325,0.008927557,atac3k
0.007812089,-0.0026120981,atac3k
0.007820379,0.010215572,atac3k
0.0078056837,0.0007433988,atac3k
0.007820532,0.0064056674,atac3k
0.007815742,0.0037063318,atac3k
0.007812628,-0.003115547,atac3k
0.007816481,-0.0061301943,atac3k
0.0076991552,-0.0012758242,atac3k
0.0078081675,-0.0009161518,atac3k
0.007813274,0.0028452617,atac3k
0.007803774,0.0032632735,atac3k
0.0078180265,-0.006549807,atac3k
0.007821235,0.0027298955,atac3k
0.0078054564,-0.0019580363,atac3k
0.007816249,0.0052787527,atac3k
0.0078070266,0.0010177633,atac3k
0.007816823,-0.005225128,atac3k
0.0078093847,-0.0011834105,atac3k
0.0078041432,0.0016637851,atac3k
0.007816433,-0.005470869,atac3k
0.007820541,-0.0047757854,atac3k
0.0078056105,0.0043483325,atac3k
0.007815838,-0.004737885,atac3k
0.007815637,-0.0045064157,atac3k
0.0078099873,-0.0013588383,atac3k
0.0078116623,0.0019074635,atac3k
0.007815753,-0.0029913327,atac3k
0.007806169,-0.00042509215,atac3k
0.007813551,-0.0035307398,atac3k
0.007807243,0.0014855454,atac3k
0.0078081754,0.00053631427,atac3k
0.0078253215,0.009691045,atac3k
0.007816185,-0.007777799,atac3k
0.007816616,0.003891334,atac3k
0.007807154,0.0012419564,atac3k
0.0078105438,0.014432728,atac3k
0.007807419,0.0015482479,atac3k
0.0078103202,0.0019878983,atac3k
0.007798406,0.0055545247,atac3k
0.0078060552,0.0014461518,atac3k
0.007817891,-0.004781567,atac3k
0.007817372,0.005261125,atac3k
0.007816188,0.0051152455,atac3k
0.00781657,-0.0057028225,atac3k
0.0078067826,0.0017590722,atac3k
0.0077935564,0.0009982316,atac3k
0.00782172,-0.006794141,atac3k
0.007816612,-0.008089019,atac3k
0.0078052524,0.007282528,atac3k
0.0078065223,0.0011313135,atac3k
0.007806736,0.0013367124,atac3k
0.007811389,-0.0027532983,atac3k
0.0078139305,0.0033932305,atac3k
0.007797201,0.005528006,atac3k
0.0077042547,-0.0027259674,atac3k
0.007793625,0.0034798079,atac3k
0.0078177415,-0.008336728,atac3k
0.0078136,-0.004008401,atac3k
0.007813749,-0.0033033567,atac3k
0.0078074187,1.5565622e-05,atac3k
0.0078088795,-0.0013742485,atac3k
0.007813495,-0.0057697487,atac3k
0.0078023714,0.0031641622,atac3k
0.007815174,0.019180162,atac3k
0.007792153,0.012923832,atac3k
0.007819175,0.005931138,atac3k
0.0078107733,-0.003381489,atac3k
0.007804637,0.0034550638,atac3k
0.0078054494,0.0026323174,atac3k
0.007813191,-0.0050675413,atac3k
0.007813695,0.028913394,atac3k
0.007812853,-0.0045841974,atac3k
0.007818453,-0.0068855253,atac3k
0.007814941,0.003179674,atac3k
0.007816776,-0.0058388263,atac3k
0.007814383,-0.006678246,atac3k
0.007813189,-0.0040481333,atac3k
0.0078111044,0.002192124,atac3k
0.007820382,-0.0074786553,atac3k
0.00781928,-0.0055493945,atac3k
0.007819167,-0.007826271,atac3k
0.0078082313,-0.0010743865,atac3k
0.007807774,0.0019859436,atac3k
0.0078029977,0.002740653,atac3k
0.0078083244,0.00049282453,atac3k
0.0078106723,-0.0038692283,atac3k
0.007819285,0.015836252,atac3k
0.007813402,0.0029513119,atac3k
0.007805828,0.0047276528,atac3k
0.007805886,0.003182098,atac3k
0.0078076036,0.0023675645,atac3k
0.007813068,-0.005737421,atac3k
0.007814823,-0.0042359596,atac3k
0.0078064296,0.002186069,atac3k
0.007817352,0.0047652787,atac3k
0.0078108422,-0.0013753822,atac3k
0.007819306,-0.0051067015,atac3k
0.007806057,0.0017107436,atac3k
0.0078079463,0.002278031,atac3k
0.007810752,0.001925382,atac3k
0.007812798,-0.004001104,atac3k
0.007810667,-0.001423337,atac3k
0.00780953,0.001659734,atac3k
0.007814735,-0.0043708757,atac3k
0.0078091226,-0.0023220256,atac3k
0.0078189885,0.016163671,atac3k
0.007809226,-0.00022163596,atac3k
0.0078122374,-0.0019699037,atac3k
0.0077052405,-0.0052938657,atac3k
0.0077069425,-0.0009397988,atac3k
0.0077969665,0.0070054065,atac3k
0.007821959,0.012332049,atac3k
0.007812012,-0.0030341796,atac3k
0.007817472,-0.0070814504,atac3k
0.007789271,0.00932347,atac3k
0.007818657,-0.006567684,atac3k
0.007812974,0.0025372321,atac3k
0.007803649,0.0042469883,atac3k
0.0078139,-0.00648101,atac3k
0.007815326,-0.0060741017,atac3k
0.0078093633,0.00193754,atac3k
0.0078109647,-0.0044367365,atac3k
0.0078086634,-0.0025641464,atac3k
0.007802931,0.0025182264,atac3k
0.007814639,-0.005952449,atac3k
0.0078115994,-0.0013376736,atac3k
0.007811581,0.0016103751,atac3k
0.0078048436,0.0050450643,atac3k
0.007709055,-0.0012362025,atac3k
0.0077878577,0.008235744,atac3k
0.007821705,-0.0074669933,atac3k
0.007814915,0.002886981,atac3k
0.007807166,0.00017865917,atac3k
0.007796926,0.001036675,atac3k
0.0078089926,0.0013023698,atac3k
0.007809863,-0.0013495146,atac3k
0.007818038,0.005225253,atac3k
0.007783896,-0.012798255,atac3k
0.007803998,0.0023244377,atac3k
0.00780508,0.0030240235,atac3k
0.0078073423,0.001482126,atac3k
0.007809876,-0.0017118038,atac3k
0.0078099393,-0.0010516782,atac3k
0.007805537,0.0020911782,atac3k
0.007813455,-0.0034218624,atac3k
0.007799328,0.0028476098,atac3k
0.0078102024,-0.00095943856,atac3k
0.007807386,2.830275e-05,atac3k
0.0078004724,-0.018980445,atac3k
0.0078049456,0.0070115393,atac3k
0.007820986,-0.002984187,atac3k
0.007818953,-0.0059372033,atac3k
0.0078055034,0.0039872513,atac3k
0.007817274,0.0038007565,atac3k
0.0078115743,-0.0025091895,atac3k
0.007810157,-0.0012584856,atac3k
0.007818812,0.0055284984,atac3k
0.007808328,0.006448193,atac3k
0.0078061298,0.0020042865,atac3k
0.0078042406,0.0022009064,atac3k
0.007807964,0.002059495,atac3k
0.007816355,-0.007683562,atac3k
0.0078097354,0.0058297664,atac3k
0.0077009415,-0.0015810609,atac3k
0.0077415807,-0.015537198,atac3k
0.007812185,0.0022876028,atac3k
0.0078056,0.007391946,atac3k
0.007808631,-0.001002626,atac3k
0.0078096427,-0.00032777656,atac3k
0.0078038094,0.003760455,atac3k
0.0078113545,0.0018327909,atac3k
0.0078074783,-9.2144146e-05,atac3k
0.007810778,-0.0030375908,atac3k
0.0078103947,0.001959621,atac3k
0.007806257,0.00012509557,atac3k
0.007815258,-0.003399908,atac3k
0.007771032,-0.006479569,atac3k
0.007818847,-0.005561111,atac3k
0.007809755,0.0020138775,atac3k
0.0078116586,0.002328125,atac3k
0.007806316,0.0016120375,atac3k
0.007817985,0.0061347145,atac3k
0.007805951,0.0014576939,atac3k
0.0078142015,-0.0041573457,atac3k
0.0078108227,-0.0022985358,atac3k
0.007807957,-0.0014232517,atac3k
0.0078160735,0.0036014777,atac3k
0.0077954363,0.010630903,atac3k
0.007811739,-0.0037863273,atac3k
0.007809575,0.0016190422,atac3k
0.007815029,-0.0038500223,atac3k
0.007816132,0.0037544267,atac3k
0.007818377,0.0065751695,atac3k
0.007803564,0.0031128288,atac3k
0.007813598,0.0030071037,atac3k
0.007808201,-4.4468825e-06,atac3k
0.007814156,-0.007205224,atac3k
0.0078145955,0.0027179145,atac3k
0.0078132935,0.0027801953,atac3k
0.0078075724,0.0002955114,atac3k
0.007814502,0.002985581,atac3k
0.007806796,-0.0015911051,atac3k
0.0078061703,0.0013332925,atac3k
0.007816039,-0.008627099,atac3k
0.0078057344,0.009113558,atac3k
0.007814596,0.0030510698,atac3k
0.0078009847,0.0022533264,atac3k
0.007815274,0.0033838814,atac3k
0.007811281,-0.0057993354,atac3k
0.007807762,0.004429196,atac3k
0.007807503,0.015166714,atac3k
0.007809331,-5.5739833e-06,atac3k
0.007814849,0.0032724529,atac3k
0.007820076,-0.0067904647,atac3k
0.0077822725,0.0014580366,atac3k
0.007809525,0.0017855535,atac3k
0.007813769,0.0032431816,atac3k
0.0078124707,-0.0043541016,atac3k
0.007818473,0.0057365876,atac3k
0.007814958,-0.004533261,atac3k
0.0078067225,0.0009657368,atac3k
0.007805649,0.0019974657,atac3k
0.0078153275,-0.004660138,atac3k
0.0078063514,0.0007160347,atac3k
0.0078072133,0.001540406,atac3k
0.007816137,0.003779603,atac3k
0.007817933,0.0044606538,atac3k
0.007816801,0.003926669,atac3k
0.007815881,0.0039674905,atac3k
0.007813327,-0.0009350547,atac3k
0.007811889,0.0024763471,atac3k
0.00781376,0.0031880087,atac3k
0.00778818,0.0115324715,atac3k
0.0078062722,0.0027193613,atac3k
0.007847596,0.0094294995,atac3k
0.007793568,-0.0048967926,atac3k
0.0076868604,-0.0028619608,atac3k
0.007812936,-0.003132598,atac3k
0.007719564,0.01074748,atac3k
0.007812849,-0.003968224,atac3k
0.007818533,-0.0025380354,atac3k
0.007813079,-0.0051371665,atac3k
0.0078103226,0.0017316196,atac3k
0.0078100357,0.0019104519,atac3k
0.0078198975,-0.005849336,atac3k
0.007808026,0.0002909796,atac3k
0.007805217,0.0030689673,atac3k
0.0078160735,-0.004529244,atac3k
0.0078067393,0.001348067,atac3k
0.007807803,0.00084795995,atac3k
0.00781328,-0.003907912,atac3k
0.007778941,0.0046214615,atac3k
0.00781396,0.0028091823,atac3k
0.007808884,-0.0011680018,atac3k
0.0078094406,-0.0015667083,atac3k
0.00779927,-0.01684044,atac3k
0.007815291,0.0041026347,atac3k
0.007819032,-0.009727748,atac3k
0.007811104,-0.0018241702,atac3k
0.007798223,0.0029932193,atac3k
0.007815017,-0.0037380373,atac3k
0.007808244,-0.00040978307,atac3k
0.007813801,0.0025277117,atac3k
0.00781319,0.0024917198,atac3k
0.007821225,-0.008713635,atac3k
0.007815812,-0.0052607395,atac3k
0.007788872,-0.049316444,atac3k
0.007815874,0.011240089,atac3k
0.007819505,0.004384614,atac3k
0.0077863904,0.0100098215,atac3k
0.0078063537,0.00487294,atac3k
0.0078060552,0.0020013154,atac3k
0.0078095975,-0.0011252756,atac3k
0.007814337,-0.004048147,atac3k
0.007803297,-0.009585538,atac3k
0.007810983,0.002177996,atac3k
0.0078107617,-0.0014522137,atac3k
0.0078082858,0.0018272629,atac3k
0.007814168,-0.003590244,atac3k
0.0077994894,0.0042774864,atac3k
0.007789593,0.013902571,atac3k
0.007819253,0.006081453,atac3k
0.0077039963,-0.00394216,atac3k
0.007809174,-0.0002724962,atac3k
0.0078063007,0.0003332741,atac3k
0.0078107193,0.0039178403,atac3k
0.007815114,-0.004630234,atac3k
0.007807288,0.0009491591,atac3k
0.0077407737,-0.019039772,atac3k
0.0078098997,-0.0023337926,atac3k
0.0078078527,0.002894104,atac3k
0.007806249,0.0016460291,atac3k
0.007805152,0.0034650585,atac3k
0.007818785,-0.006958473,atac3k
0.0078094066,0.0023109051,atac3k
0.007808963,0.0018070738,atac3k
0.0078115677,-0.0021355473,atac3k
0.007815198,0.0030085794,atac3k
0.007806114,0.0022239652,atac3k
0.007807165,0.0015749731,atac3k
0.007805253,0.003596577,atac3k
0.007814312,-0.00529742,atac3k
0.0078107556,0.002393677,atac3k
0.007814265,-0.004041517,atac3k
0.007810639,-0.0013297531,atac3k
0.007806752,0.0012930442,atac3k
0.007705086,0.00052751653,atac3k
0.007821963,-0.0010530578,atac3k
0.0078100944,-0.0029706422,atac3k
0.0078087687,0.002107948,atac3k
0.007812364,-0.004200163,atac3k
0.007715037,0.0020499406,atac3k
0.0077278335,0.0016435861,atac3k
0.007758092,0.0018640754,atac3k
0.0078117955,-0.0026229944,atac3k
0.007805287,0.0046772202,atac3k
0.007807003,0.0015624254,atac3k
0.007806302,0.0016195029,atac3k
0.007814322,-0.004448067,atac3k
0.007816048,0.004569646,atac3k
0.007814438,0.002357334,atac3k
0.00781259,-0.0025321394,atac3k
0.0077036438,-0.0060652173,atac3k
0.0078143915,-0.0049696057,atac3k
0.007809678,-0.0017582187,atac3k
0.007817635,0.004445593,atac3k
0.0078213215,-0.0056871213,atac3k
0.007818568,0.0031432107,atac3k
0.007816935,-0.00026202644,atac3k
0.007809214,-0.0015548989,atac3k
0.007809811,-0.0021033406,atac3k
0.00782022,-0.0056705847,atac3k
0.007817759,-0.004823852,atac3k
0.0078114285,-0.0023298704,atac3k
0.0078005395,0.007864909,atac3k
0.007816605,0.003833699,atac3k
0.007815188,0.002763721,atac3k
0.007805131,0.007734907,atac3k
0.0076986537,-0.0011934441,atac3k
0.007805243,0.002402121,atac3k
0.007814997,0.0031861993,atac3k
0.0078123696,-0.0027640085,atac3k
0.007806258,0.0023323412,atac3k
0.0078022094,-0.0048843157,atac3k
0.007814112,-0.0045565283,atac3k
0.0078153545,0.0035660758,atac3k
0.007813394,-0.0053003677,atac3k
0.007820575,0.006700495,atac3k
0.0078098085,0.001499484,atac3k
0.007793374,0.0031565863,atac3k
0.0078090667,-0.0017886291,atac3k
0.0078044375,0.004581037,atac3k
0.007816509,-0.005296239,atac3k
0.0078122932,0.0017483667,atac3k
0.007812906,0.0026605588,atac3k
0.0077052265,0.002195019,atac3k
0.0078079896,0.0002311255,atac3k
0.0077921823,0.013397547,atac3k
0.0078083193,0.0004846135,atac3k
0.007807812,0.0013002326,atac3k
0.007809306,0.00020547978,atac3k
0.007813514,-0.0050861468,atac3k
0.0077906493,0.0069040405,atac3k
0.007811819,0.0024011491,atac3k
0.0077918028,0.0041837413,atac3k
0.007819002,0.0071260226,atac3k
0.0078131985,-0.00047232347,atac3k
0.0078054233,0.0017627361,atac3k
0.0078080916,0.0012109572,atac3k
0.00780717,0.0012985119,atac3k
0.0078050224,0.0042068763,atac3k
0.00780832,-0.0011337353,atac3k
0.007788038,0.00441581,atac3k
0.007812596,-0.0026432003,atac3k
0.007818306,-0.0051950696,atac3k
0.0078084473,-0.00047059485,atac3k
0.007818944,-0.0074796337,atac3k
0.007815559,0.004261459,atac3k
0.0078091687,-0.00035409437,atac3k
0.007806737,0.0015168798,atac3k
0.00780509,0.0033574635,atac3k
0.007809305,-0.0007241335,atac3k
0.007816773,0.0041977884,atac3k
0.0078057996,0.00028256592,atac3k
0.0078018517,0.002646537,atac3k
0.007802104,0.0032570662,atac3k
0.0078116325,-0.0024528187,atac3k
0.007816132,-0.005970333,atac3k
0.0078104082,0.007019929,atac3k
0.007816259,0.0039862203,atac3k
0.0077990475,0.0036273126,atac3k
0.007817791,0.004371812,atac3k
0.007704156,2.9897295e-05,atac3k
0.0078051668,0.0021243796,atac3k
0.0078053125,0.0017876368,atac3k
0.007791117,0.007853925,atac3k
0.007812605,-0.001987451,atac3k
0.007808041,0.0018533261,atac3k
0.0078137005,-0.0041142176,atac3k
0.007815153,-0.0042088283,atac3k
0.0078027495,0.0033837187,atac3k
0.007708424,0.007498582,atac3k
0.007791186,0.0030442283,atac3k
0.0078072865,0.0005590006,atac3k
0.007809408,-0.000630196,atac3k
0.0078114276,-0.0010469293,atac3k
0.007811929,-0.0033691614,atac3k
0.0078076464,0.0055605657,atac3k
0.007809703,-0.0011477256,atac3k
0.007797684,0.011439004,atac3k
0.007818606,0.007581619,atac3k
0.0078079337,-2.89335e-05,atac3k
0.0078052524,0.006075541,atac3k
0.007813559,-0.0035426752,atac3k
0.007806921,0.0013892588,atac3k
0.007812302,0.0056349956,atac3k
0.007813785,0.0029246311,atac3k
0.007809018,0.0020216946,atac3k
0.007811632,-0.0034740951,atac3k
0.007805431,0.0017920369,atac3k
0.007808336,0.0019712665,atac3k
0.00781705,0.0064029405,atac3k
0.007826702,0.01585442,atac3k
0.0078067863,0.0056785215,atac3k
0.007814834,0.0029251603,atac3k
0.007808533,0.00015130777,atac3k
0.0078841755,0.014777679,atac3k
0.007814502,-0.0042631333,atac3k
0.007818441,0.0052689454,atac3k
0.007815815,0.0023347884,atac3k
0.007804633,0.004056486,atac3k
0.007815137,-0.004308682,atac3k
0.007818013,-0.007393794,atac3k
0.0077811847,0.005278013,atac3k
0.0078068995,0.0018086766,atac3k
0.0078087756,0.00012788073,atac3k
0.007817074,0.0043906425,atac3k
0.00781635,0.003431432,atac3k
0.00781318,-0.0034030671,atac3k
0.007823339,-0.0050658165,atac3k
0.007812537,-0.0017000756,atac3k
0.0077992193,-0.016328365,atac3k
0.0078140935,0.004452494,atac3k
0.007818381,0.0049904664,atac3k
0.0078052985,0.0053570666,atac3k
0.007813945,0.0029991316,atac3k
0.0078099887,0.0013292696,atac3k
0.007818569,0.0059136953,atac3k
0.007809692,0.0019272254,atac3k
0.0078063086,0.005920797,atac3k
0.007817116,-0.0057458016,atac3k
0.007807303,-0.012946901,atac3k
0.007816592,-0.005502312,atac3k
0.0078123356,0.002198238,atac3k
0.0078063547,0.0016848604,atac3k
0.007797121,-0.0034461475,atac3k
0.007812229,0.002456295,atac3k
0.007816069,0.0035609687,atac3k
0.007802793,-0.011549729,atac3k
0.0078074057,0.0025410762,atac3k
0.0078049744,0.0027076008,atac3k
0.007807528,0.0006679047,atac3k
0.0078074383,0.0004447002,atac3k
0.007811403,0.0011846131,atac3k
0.0078180265,0.0052750222,atac3k
0.007810667,0.0021787807,atac3k
0.00780961,0.001753396,atac3k
0.007809363,0.0018203704,atac3k
0.007797802,0.005231057,atac3k
0.007805854,0.002254021,atac3k
0.007810112,-0.0011687819,atac3k
0.007805838,0.0016911096,atac3k
0.0078058518,0.0056058136,atac3k
0.007817821,0.0043902732,atac3k
0.0078069936,0.00059082615,atac3k
0.0078076776,-0.0008713883,atac3k
0.0078083375,-0.0015335601,atac3k
0.007807285,0.0013104535,atac3k
0.007798956,0.0048561743,atac3k
0.0078078043,0.00014134227,atac3k
0.007801593,0.0021752503,atac3k
0.007809478,-0.00063453085,atac3k
0.0078096734,-0.002121905,atac3k
0.007812591,-0.0029573117,atac3k
0.0078052715,0.0039921,atac3k
0.0078087975,0.0016479657,atac3k
0.007817145,-0.006946238,atac3k
0.007809215,-0.0033204877,atac3k
0.007806676,0.0016239199,atac3k
0.0078124385,-0.0058681243,atac3k
0.007809537,0.0020981103,atac3k
0.007807883,-0.00017230901,atac3k
0.007807955,0.0010378539,atac3k
0.007812324,-0.0053110626,atac3k
0.0078111095,-0.0051780776,atac3k
0.0078056897,0.00296499,atac3k
0.007817556,-0.0067377775,atac3k
0.0078116707,0.0020016765,atac3k
0.007813291,-0.004390477,atac3k
0.0078047267,0.0079907505,atac3k
0.007818963,-0.0066805673,atac3k
0.007808102,0.00021639199,atac3k
0.0078090625,-0.00035912372,atac3k
0.0078090904,-0.0004974001,atac3k
0.0078046825,0.004486169,atac3k
0.00781331,0.0023860938,atac3k
0.007804194,0.0020815304,atac3k
0.0078168195,-0.0049881903,atac3k
0.0078072557,0.0021690284,atac3k
0.007809297,-0.0007065582,atac3k
0.0078205,-0.006106093,atac3k
0.007795168,-0.011725285,atac3k
0.0078102904,-0.0027312683,atac3k
0.007850681,0.000549903,atac3k
0.007733683,-0.0024293077,atac3k
0.007819961,-0.003989009,atac3k
0.0078125335,-0.002632078,atac3k
0.007818272,-0.005162178,atac3k
0.007808375,-0.0004007849,atac3k
0.0078110485,-0.0017028231,atac3k
0.007812735,0.0024825702,atac3k
0.0078059547,0.0012551389,atac3k
0.007817921,0.0068368493,atac3k
0.007808853,0.0019376935,atac3k
0.007817719,-0.0069997264,atac3k
0.007807772,-0.000360482,atac3k
0.0078172125,-0.0053890334,atac3k
0.0078096995,-0.00052853,atac3k
0.0078164525,0.005777341,atac3k
0.007815311,-0.005578462,atac3k
0.00781595,-0.0063049947,atac3k
0.007818538,-0.0060161785,atac3k
0.0078081395,0.0062411674,atac3k
0.007814603,-0.0042902026,atac3k
0.00780948,0.0014621787,atac3k
0.0078105293,-0.0019625546,atac3k
0.0078056403,0.007664376,atac3k
0.007678538,0.015570414,atac3k
0.007805546,0.003333332,atac3k
0.007818354,0.0047730687,atac3k
0.007780839,0.0027513904,atac3k
0.007811846,-0.002646127,atac3k
0.0078123547,-0.0028409453,atac3k
0.0078054555,0.001839245,atac3k
0.007807447,0.0008945098,atac3k
0.007816406,-0.005327851,atac3k
0.007809042,-0.00045594986,atac3k
0.0078113712,0.0021528513,atac3k
0.0078187855,-0.00587722,atac3k
0.0077076824,0.008969492,atac3k
0.007817786,0.0052288626,atac3k
0.007804651,0.0019132728,atac3k
0.0078085857,0.001074945,atac3k
0.007812711,0.002463082,atac3k
0.007817737,-0.0060411952,atac3k
0.007812667,-0.00393501,atac3k
0.0078120986,-0.0022674527,atac3k
0.0077888602,0.002635132,atac3k
0.0078069777,0.0019267799,atac3k
0.007806727,0.0017118629,atac3k
0.0078123813,0.002585567,atac3k
0.007814239,-0.0041247774,atac3k
0.0078068157,0.0035072959,atac3k
0.0078065554,0.0026510174,atac3k
0.007812738,-0.0068417336,atac3k
0.007814183,-0.0061141797,atac3k
0.007817457,0.00629444,atac3k
0.007819461,-0.004799226,atac3k
0.0078054746,0.0028509905,atac3k
0.007804473,0.0023494223,atac3k
0.0078087975,-0.0011186409,atac3k
0.007794458,0.008262469,atac3k
0.007815468,0.0033895324,atac3k
0.007813425,0.0034371114,atac3k
0.0077330302,-0.00132468,atac3k
0.00781871,-0.003510918,atac3k
0.0078124134,-0.0027886704,atac3k
0.007727627,-0.012609926,atac3k
0.0077822893,0.005771476,atac3k
0.007818348,-0.0071688103,atac3k
0.007811968,0.0022482525,atac3k
0.0078123794,0.0023263842,atac3k
0.007812355,-0.003985026,atac3k
0.007816545,0.0040124585,atac3k
0.007810531,-0.0012812164,atac3k
0.007818155,-0.003895309,atac3k
0.00781214,-0.0028732887,atac3k
0.0078048226,0.0013892362,atac3k
0.007817807,-0.0031135343,atac3k
0.0078090234,-0.0005319018,atac3k
0.0078074993,0.0037609234,atac3k
0.007788681,-0.0037413544,atac3k
0.007706257,-0.0011394537,atac3k
0.007817715,-0.005113294,atac3k
0.007814494,-0.004515974,atac3k
0.007814891,-0.004438541,atac3k
0.007809652,-0.0010599411,atac3k
0.0078114867,0.002005919,atac3k
0.007821549,-0.004794834,atac3k
0.0078083286,0.001964371,atac3k
0.0078091,-0.00044092405,atac3k
0.0078066983,0.0015552895,atac3k
0.007816514,-0.00024600135,atac3k
0.007816607,0.0043513253,atac3k
0.007806246,0.0018698471,atac3k
0.007813134,-0.003031329,atac3k
0.007701359,-0.0007156028,atac3k
0.007816999,0.004729686,atac3k
0.0078151375,-0.004359984,atac3k
0.007818579,0.0046407217,atac3k
0.0078111873,-0.0044897846,atac3k
0.007799201,0.0023729522,atac3k
0.007815001,0.003524186,atac3k
0.0078091347,0.00068502803,atac3k
0.007818827,0.0054736976,atac3k
0.007812784,-0.004162443,atac3k
0.00781596,-0.0053437026,atac3k
0.007699649,-0.00056947756,atac3k
0.007794461,0.006783804,atac3k
0.007803634,0.0021463884,atac3k
0.007796598,0.0054569473,atac3k
0.0078081577,0.0019810277,atac3k
0.007801,0.0019981167,atac3k
0.007815228,0.0029695816,atac3k
0.00781289,0.0024493192,atac3k
0.0078047523,0.0018399071,atac3k
0.0078066187,0.00605311,atac3k
0.007817052,0.0050294464,atac3k
0.0078116823,0.002411284,atac3k
0.00781039,-0.0019813834,atac3k
0.007800672,0.002575881,atac3k
0.007818597,0.003474212,atac3k
0.0078061316,0.0017118321,atac3k
0.007822482,-0.0034665545,atac3k
0.007820567,-0.006156492,atac3k
0.0078084967,-0.0006078893,atac3k
0.0077863224,-0.019012477,atac3k
0.007819286,-0.0055483873,atac3k
0.007814936,0.0030211317,atac3k
0.0078113596,-0.0016914448,atac3k
0.0078047635,0.0058751926,atac3k
0.007809305,-0.0008596561,atac3k
0.0078070667,0.0012814301,atac3k
0.0077014086,-0.0010117834,atac3k
0.0077723837,-0.021814676,atac3k
0.007802492,0.0048862025,atac3k
0.007820072,-0.010318619,atac3k
0.0078100427,-0.0042760987,atac3k
0.007812684,-0.0019231318,atac3k
0.007818255,0.004305354,atac3k
0.007808876,0.00017530232,atac3k
0.007812571,-0.007112224,atac3k
0.0078054345,0.003421204,atac3k
0.00781574,0.0037846882,atac3k
0.007816936,0.002588002,atac3k
0.0078200055,-0.004303449,atac3k
0.007815872,-0.005440017,atac3k
0.007806726,0.00078933267,atac3k
0.007804917,0.0077340826,atac3k
0.007814004,-0.004970777,atac3k
0.007817962,0.004817401,atac3k
0.0078050317,0.003403634,atac3k
0.0078111347,-0.0041813017,atac3k
0.007817233,0.011620629,atac3k
0.007805781,0.0018389319,atac3k
0.007807754,0.00066613645,atac3k
0.0077358945,0.008399015,atac3k
0.007798638,0.0031715606,atac3k
0.0077780327,0.004534798,atac3k
0.0078107505,-0.0012914559,atac3k
0.0078092436,0.000120922516,atac3k
0.007812648,0.0026689954,atac3k
0.0078158025,0.0037819145,atac3k
0.007808947,-0.0019021368,atac3k
0.0078098522,-0.003975311,atac3k
0.007813865,0.003395905,atac3k
0.0078007034,-0.016179956,atac3k
0.007813849,-0.005006498,atac3k
0.0078115854,0.0019420255,atac3k
0.007813643,0.0028318136,atac3k
0.0078093833,-0.00019327666,atac3k
0.0078068622,0.0018558785,atac3k
0.007816562,0.0037527222,atac3k
0.007817487,-0.007165974,atac3k
0.007817228,-0.008671678,atac3k
0.007814138,-0.0073966263,atac3k
0.007823403,-0.0072536394,atac3k
0.007819024,0.0063877488,atac3k
0.007809434,0.0019050901,atac3k
0.0078058755,0.003994029,atac3k
0.00781434,-0.0050746384,atac3k
0.00781823,0.0048985705,atac3k
0.007817364,-0.0123926895,atac3k
0.0078078117,0.0008730966,atac3k
0.0078094937,0.0020182882,atac3k
0.00781392,0.0028346132,atac3k
0.00781365,-0.004629696,atac3k
0.007820359,0.0025965036,atac3k
0.007794446,0.003742638,atac3k
0.007807503,0.0013204681,atac3k
0.0078100706,0.002214014,atac3k
0.007806345,0.0020273423,atac3k
0.0078071724,0.0020294748,atac3k
0.007811114,0.0022559438,atac3k
0.00782026,-0.004005054,atac3k
0.007814236,-0.0081398,atac3k
0.0078027905,-0.014983953,atac3k
0.007814114,-0.003939723,atac3k
0.007822033,0.01312509,atac3k
0.0077428604,-0.021066988,atac3k
0.0077987714,0.0040303944,atac3k
0.007816507,-0.0065953103,atac3k
0.0077950237,0.0037664522,atac3k
0.0078052506,0.0039317133,atac3k
0.007811967,-0.0055179507,atac3k
0.0078113023,-0.0041558724,atac3k
0.007812205,-0.0027269002,atac3k
0.0077668577,0.009641885,atac3k
0.0078117503,-0.002142739,atac3k
0.0078090564,-0.00040214023,atac3k
0.0077972054,-0.013018603,atac3k
0.007804754,0.0021345597,atac3k
0.007819957,-0.0076512448,atac3k
0.007790246,0.0069514005,atac3k
0.007812547,-0.0028887247,atac3k
0.007808811,-0.00096121203,atac3k
0.0078055104,0.0020368493,atac3k
0.007814998,-0.0064216387,atac3k
0.0078072567,0.0007773899,atac3k
0.0078171715,-0.008237883,atac3k
0.007813059,-0.0034485718,atac3k
0.007813496,0.00019351278,atac3k
0.0077978703,0.0029484718,atac3k
0.0078053256,0.0053680055,atac3k
0.0078096497,-0.00054417364,atac3k
0.007791794,0.01081967,atac3k
0.0078073693,-0.0010641629,atac3k
0.007817183,0.0013542862,atac3k
0.00780962,0.0019061161,atac3k
0.007814966,0.0034012273,atac3k
0.0078091025,0.0024685897,atac3k
0.0078096106,-0.00225219,atac3k
0.0077905348,-0.060439765,atac3k
0.007813018,-0.003710128,atac3k
0.007814999,-0.0041887416,atac3k
0.0078050303,0.0005840848,atac3k
0.0078096315,-0.0012732464,atac3k
0.007792707,0.003094024,atac3k
0.007812307,-0.0046338197,atac3k
0.0077994973,0.003958039,atac3k
0.007813504,-0.005063498,atac3k
0.007812059,0.0022046259,atac3k
0.0078083123,0.0006227885,atac3k
0.007812976,0.0024023405,atac3k
0.007819634,-0.0058589713,atac3k
0.007814547,-0.00879112,atac3k
0.0077987667,0.0046763704,atac3k
0.007816884,-0.005743092,atac3k
0.007813682,-0.0038286182,atac3k
0.007818192,-0.0057590404,atac3k
0.007818271,-0.007256824,atac3k
0.007816404,-0.0045858943,atac3k
0.007819017,0.004478287,atac3k
0.00781901,-0.0049513476,atac3k
0.007811867,-0.0058413027,atac3k
0.007821043,-0.007927589,atac3k
0.007811506,-0.002320175,atac3k
0.007816332,0.003828786,atac3k
0.007798931,0.013769622,atac3k
0.0078060986,0.0007415105,atac3k
0.0078074043,0.0009519922,atac3k
0.007805448,0.0011657077,atac3k
0.007813359,-0.0035492633,atac3k
0.007804452,0.0063519087,atac3k
0.007806121,0.001996655,atac3k
0.0078111175,0.0022254637,atac3k
0.007814033,-0.004506396,atac3k
0.007805569,-0.0006073999,atac3k
0.0078057195,0.0019329308,atac3k
0.0078076953,0.00031267432,atac3k
0.007820617,-0.005852764,atac3k
0.007821044,-0.007491672,atac3k
0.007698168,-0.0010366809,atac3k
0.007820779,-0.007168973,atac3k
0.007814899,-0.006408841,atac3k
0.007810469,-0.0013018958,atac3k
0.007818544,0.0075101964,atac3k
0.007806162,0.0026726858,atac3k
0.007808305,-0.0031722928,atac3k
0.00780705,0.0013054151,atac3k
0.0078072157,0.0018248975,atac3k
0.0078062043,0.0018094799,atac3k
0.007816742,0.0041380096,atac3k
0.007807019,0.0014258807,atac3k
0.007818089,-0.009783232,atac3k
0.007821481,0.0059135575,atac3k
0.0078074606,0.0016879971,atac3k
0.007814456,0.0021440103,atac3k
0.0078116828,-0.0031130102,atac3k
0.007818957,-0.005704405,atac3k
0.0078093917,0.0018833413,atac3k
0.007815613,0.0031185595,atac3k
0.0078110346,0.0021319292,atac3k
0.0076794266,-0.002172884,atac3k
0.007817817,0.0034886606,atac3k
0.007741393,0.005395171,atac3k
0.007700492,-0.0011865449,atac3k
0.007803048,0.002911202,atac3k
0.00780957,-0.0019830363,atac3k
0.007805932,0.003264892,atac3k
0.0077902824,0.01061778,atac3k
0.007818157,-0.005371848,atac3k
0.007818861,-0.0062380335,atac3k
0.0077861906,0.012500394,atac3k
0.0078053065,0.0022170674,atac3k
0.0078031817,0.0020763401,atac3k
0.0078115044,0.002785575,atac3k
0.00781098,0.0025418405,atac3k
0.007819809,-0.006441999,atac3k
0.007821325,-0.0075257705,atac3k
0.007814785,0.0028037021,atac3k
0.007818908,-0.0070026107,atac3k
0.0078153005,0.0036029983,atac3k
0.007809005,-0.010618371,atac3k
0.007807289,0.002043107,atac3k
0.007808541,0.0003170357,atac3k
0.007815856,-0.006010766,atac3k
0.0078056664,0.0026296014,atac3k
0.007810732,-0.0016794107,atac3k
0.007810825,-0.0018634604,atac3k
0.007802279,0.0028206878,atac3k
0.007812805,-0.0027654946,atac3k
0.007806456,0.001180104,atac3k
0.007815695,-0.0060847104,atac3k
0.0078063104,0.0037839916,atac3k
0.007798855,0.004383082,atac3k
0.0077963276,0.010942846,atac3k
0.007819492,0.005805567,atac3k
0.0078110965,-0.0015639425,atac3k
0.0078043537,0.0028373504,atac3k
0.007818847,-0.0053325966,atac3k
0.0078072227,0.00443106,atac3k
0.007806825,0.0017993983,atac3k
0.007815232,-0.008353404,atac3k
0.007820007,-0.006314925,atac3k
0.007814885,0.003096093,atac3k
0.007820874,0.002933894,atac3k
0.0078120697,0.0024965366,atac3k
0.007813531,-0.0042309733,atac3k
0.0078054643,0.009012199,atac3k
0.00782077,-0.0067113354,atac3k
0.0078091607,-0.0014742422,atac3k
0.0078084865,-0.0010949632,atac3k
0.0078070075,3.3006618e-05,atac3k
0.007809799,0.0021264225,atac3k
0.0078013716,0.0037892458,atac3k
0.007818517,0.0063965237,atac3k
0.007803088,0.003244723,atac3k
0.0078074327,-0.0013631807,atac3k
0.0078073493,0.0019758698,atac3k
0.007809447,0.0020729702,atac3k
0.0077927597,0.0024423697,atac3k
0.0077985483,0.011564509,atac3k
0.007815582,0.0033685113,atac3k
0.007809785,0.0017714021,atac3k
0.007817142,-0.007502967,atac3k
0.0078010554,0.0058973925,atac3k
0.0078066434,0.0004978417,atac3k
0.0078058485,0.0022761333,atac3k
0.00781939,-0.006851041,atac3k
0.0078073605,-0.0010828561,atac3k
0.00781216,0.005544742,atac3k
0.0078052864,0.002811986,atac3k
0.00781693,-0.0056260256,atac3k
0.0078069437,0.0018086014,atac3k
0.007816118,-0.005154322,atac3k
0.007808474,-0.0013917225,atac3k
0.007807348,-0.0007126018,atac3k
0.007816179,-0.0068614157,atac3k
0.007815824,-0.006024872,atac3k
0.0078123244,0.0023106812,atac3k
0.007820676,-0.0042010956,atac3k
0.007814291,0.0030729985,atac3k
0.0078076613,0.0007280969,atac3k
0.0078060105,0.0009839545,atac3k
0.007817661,0.005869016,atac3k
0.007787766,-0.044517826,atac3k
0.007806089,0.0020694113,atac3k
0.007805162,0.0023750186,atac3k
0.007815225,-0.004544876,atac3k
0.007808507,0.001627388,atac3k
0.007810054,0.0018447207,atac3k
0.007799339,0.015935913,atac3k
0.0078051356,0.005115909,atac3k
0.007806204,0.0011566567,atac3k
0.007815407,0.00014517852,atac3k
0.0078000533,0.0024822832,atac3k
0.0077384734,-0.020482343,atac3k
0.0078095323,0.0017526697,atac3k
0.007816502,-0.005266818,atac3k
0.007821172,-0.006206377,atac3k
0.0078053237,-0.0025888977,atac3k
0.007815876,-0.0048601413,atac3k
0.007821643,0.01556971,atac3k
0.0077486113,0.0032763102,atac3k
0.007799019,0.0035338209,atac3k
0.0078045814,0.010113156,atac3k
0.00781672,0.0036439383,atac3k
0.007793976,0.012921405,atac3k
0.007819735,0.0019578324,atac3k
0.0078139305,0.0030632732,atac3k
0.0078101247,-0.0010204985,atac3k
0.007814719,-0.007397418,atac3k
0.007809589,-0.0028387557,atac3k
0.0078056124,0.0039570727,atac3k
0.0078091375,-0.0002478352,atac3k
0.007823489,0.010376042,atac3k
0.007817456,-0.005721904,atac3k
0.007810288,-0.0012834235,atac3k
0.007808012,0.0021142366,atac3k
0.0077893706,0.01303662,atac3k
0.0078048347,0.0023070287,atac3k
0.0078047696,0.0019174088,atac3k
0.007805997,0.001979396,atac3k
0.007810982,-0.0019185125,atac3k
0.007819522,-0.012341415,atac3k
0.007811741,-0.0020222848,atac3k
0.007819691,0.00888685,atac3k
0.0078068743,0.00034430533,atac3k
0.0078072054,0.001325722,atac3k
0.00780356,0.002562475,atac3k
0.007807479,-2.9639194e-05,atac3k
0.007813604,-0.003306976,atac3k
0.007810481,-0.0014403751,atac3k
0.007808553,-0.0009363373,atac3k
0.0078074816,-4.0565756e-05,atac3k
0.007806969,0.0058743167,atac3k
0.007816703,-0.003714082,atac3k
0.007812752,0.0025294533,atac3k
0.0078086443,-0.0003121171,atac3k
0.0078075547,0.0007203598,atac3k
0.007817682,-0.0060506114,atac3k
0.007812968,-0.004790201,atac3k
0.0078181345,0.004818128,atac3k
0.007819697,-0.006355697,atac3k
0.0078085633,0.0015813342,atac3k
0.0078185955,-0.009387088,atac3k
0.0078144455,-0.0041700294,atac3k
0.007814354,-0.0040174774,atac3k
0.007807173,0.0011855399,atac3k
0.007818486,-0.005890239,atac3k
0.0078073344,0.00053950405,atac3k
0.007815869,-0.007289576,atac3k
0.00781976,-0.009065941,atac3k
0.007817455,-0.0051788725,atac3k
0.007820089,-0.008313945,atac3k
0.007813425,-0.004369848,atac3k
0.007815164,-0.0043802713,atac3k
0.007813741,0.002903883,atac3k
0.007818683,0.0052794064,atac3k
0.0078016557,0.003961423,atac3k
0.0077796387,0.003173338,atac3k
0.0078045405,0.0033378238,atac3k
0.007815866,-0.0052023237,atac3k
0.007813427,0.0024371091,atac3k
0.007808349,-0.0004865765,atac3k
0.007811949,-0.003279326,atac3k
0.0078116823,-0.003006299,atac3k
0.0078095472,-0.0005178676,atac3k
0.0078083253,-0.00019558401,atac3k
0.007818075,-0.0071395864,atac3k
0.007820333,-0.0066625713,atac3k
0.00781263,-0.0037288722,atac3k
0.0078061363,0.008116046,atac3k
0.007813514,-0.0035443215,atac3k
0.007807272,-0.0014057136,atac3k
0.0077887233,0.0097819595,atac3k
0.0078071128,0.00015192149,atac3k
0.007787425,0.010078587,atac3k
0.0078061,0.0019767457,atac3k
0.007813547,-0.0038320194,atac3k
0.007815525,-0.006345599,atac3k
0.0077755433,-0.010603639,atac3k
0.0077992636,0.0045722444,atac3k
0.007696854,-0.0014933741,atac3k
0.007820792,-0.008212705,atac3k
0.007807537,-0.00031319578,atac3k
0.007809516,0.0019223283,atac3k
0.007809595,-0.0009455705,atac3k
0.007815785,-0.004973225,atac3k
0.007798335,-0.0029221473,atac3k
0.0078013144,0.002290122,atac3k
0.007808486,0.0014488563,atac3k
0.0078050517,0.008951992,atac3k
0.007811554,-0.0021458846,atac3k
0.0078101372,-0.0018520777,atac3k
0.007821833,-0.0059043593,atac3k
0.007700221,-0.0014442834,atac3k
0.00770082,-0.0008801107,atac3k
0.007808484,-3.150299e-05,atac3k
0.007818614,0.0054702275,atac3k
0.007809144,-0.0005767469,atac3k
0.007813452,0.0031416586,atac3k
0.007790758,0.005660316,atac3k
0.007814669,0.0034030138,atac3k
0.00781646,-0.003913531,atac3k
0.007812164,0.0027427215,atac3k
0.0078043463,0.0025965348,atac3k
0.0078041805,0.005162579,atac3k
0.007807294,0.0014298315,atac3k
0.007819692,-0.0058921715,atac3k
0.007769985,-0.018196916,atac3k
0.007808271,0.007584909,atac3k
0.007817566,0.0046954816,atac3k
0.007807113,0.00081891293,atac3k
0.007812801,0.0023731745,atac3k
0.0077896914,0.011468387,atac3k
0.0078054345,0.0021576982,atac3k
0.007813461,-0.0033408669,atac3k
0.007818594,0.00338462,atac3k
0.00781429,0.0027741375,atac3k
0.007807668,-0.001429414,atac3k
0.0078147175,-0.0046023023,atac3k
0.007815854,0.0039372644,atac3k
0.0078055467,0.0029186334,atac3k
0.007812543,0.002894202,atac3k
0.0078102727,-0.00074583566,atac3k
0.0078103933,-0.0015720597,atac3k
0.0078035197,0.002987223,atac3k
0.007818251,-0.0053012134,atac3k
0.00782077,-0.005421334,atac3k
0.0078067984,0.0011174134,atac3k
0.007819956,-0.0066362573,atac3k
0.0077905743,0.010402113,atac3k
0.007809262,0.0017624301,atac3k
0.0078075253,0.0006071819,atac3k
0.0078074588,0.0002159339,atac3k
0.007815753,-0.0054296656,atac3k
0.007817848,-0.006016074,atac3k
0.007798477,0.011118506,atac3k
0.0078066317,0.0076239863,atac3k
0.0078112986,-0.0025448077,atac3k
0.0078115673,-0.0032206243,atac3k
0.007815688,-0.0029815973,atac3k
0.0078059235,0.0043683844,atac3k
0.007813416,-0.004500422,atac3k
0.007818663,-0.0069197193,atac3k
0.00781078,-0.0017406553,atac3k
0.0078093894,0.0017189156,atac3k
0.007821849,-0.004247395,atac3k
0.007808097,0.001956295,atac3k
0.007818493,-0.005658228,atac3k
0.007769201,0.008751951,atac3k
0.007790356,0.0011736082,atac3k
0.007817665,-0.0057585957,atac3k
0.00782108,0.016322758,atac3k
0.0078101815,-0.0012593671,atac3k
0.0077998377,0.005788922,atac3k
0.007819951,-0.006587037,atac3k
0.0078075314,0.0012224956,atac3k
0.00781946,0.0138404835,atac3k
0.0078120567,-0.0050676414,atac3k
0.0077994727,0.002172446,atac3k
0.0078023714,0.011998115,atac3k
0.00781368,-0.0035400179,atac3k
0.007789972,0.008708158,atac3k
0.0078095095,-0.0027907225,atac3k
0.007788478,0.013550134,atac3k
0.0078142295,-0.004872205,atac3k
0.007815888,0.0033746194,atac3k
0.007814099,-0.0039329124,atac3k
0.007817447,-0.005502484,atac3k
0.00781689,0.0055798157,atac3k
0.0078090737,-0.0015839306,atac3k
0.007792894,-0.009545548,atac3k
0.0078124534,-0.0028645566,atac3k
0.007818234,0.006059681,atac3k
0.007743875,-0.0040362757,atac3k
0.007818819,0.0053839856,atac3k
0.007818247,-0.0060639717,atac3k
0.007820344,-0.0062516667,atac3k
0.00781822,-0.0057007484,atac3k
0.007815373,0.003245144,atac3k
0.007818343,-0.006628647,atac3k
0.0078075565,0.0026138732,atac3k
0.007796663,0.0066396855,atac3k
0.007813694,0.002787355,atac3k
0.00781623,0.0044775004,atac3k
0.007819654,-0.0036959085,atac3k
0.007815559,0.003665419,atac3k
0.007808386,0.0009525347,atac3k
0.007809616,0.0018433334,atac3k
0.0078036855,-0.0027141306,atac3k
0.0077045937,-0.00057977776,atac3k
0.0078106783,-0.0017396521,atac3k
0.007800507,0.0034504808,atac3k
0.007807086,0.0030645502,atac3k
0.007807194,0.0013545923,atac3k
0.00782029,0.025588186,atac3k
0.00780718,0.001504273,atac3k
0.007790103,0.013194878,atac3k
0.007814559,-0.0044096685,atac3k
0.007818553,-0.006811194,atac3k
0.0078097014,-0.002266207,atac3k
0.0077921306,0.005359442,atac3k
0.007814951,-0.0034749834,atac3k
0.007806016,0.0035279435,atac3k
0.007808134,0.0020017184,atac3k
0.0078110886,-0.001667603,atac3k
0.007809167,0.00022117622,atac3k
0.0078096627,-0.000771005,atac3k
0.0078076096,0.0011303659,atac3k
0.007817406,0.0050320444,atac3k
0.007809141,-0.00015025503,atac3k
0.0078060087,0.00334941,atac3k
0.0077858707,0.0032508872,atac3k
0.007752752,0.0034157685,atac3k
0.007754217,-0.0011137606,atac3k
0.007805661,0.0004454504,atac3k
0.0078081666,0.00018023908,atac3k
0.007813099,0.0025307888,atac3k
0.0078095547,-0.0017343134,atac3k
0.007814273,-0.0038766593,atac3k
0.007818108,-0.004549613,atac3k
0.0078095496,0.00011167694,atac3k
0.007811569,0.0016150888,atac3k
0.00781348,-0.0040816753,atac3k
0.007813472,-0.0033027392,atac3k
0.007817513,-0.0067775575,atac3k
0.007818461,-0.004543393,atac3k
0.0078062704,0.0023343635,atac3k
0.0078099924,-0.0012457824,atac3k
0.0078084837,-0.0003646938,atac3k
0.007814066,0.003680997,atac3k
0.0078116613,0.0025931883,atac3k
0.007803788,0.002690168,atac3k
0.0078076445,0.0019578314,atac3k
0.007818247,0.0052023837,atac3k
0.007795341,0.0034464344,atac3k
0.007797101,-0.0031637123,atac3k
0.007774277,0.0008368877,atac3k
0.007818585,0.0067998474,atac3k
0.0078071477,0.0004803815,atac3k
0.007814497,-0.005988516,atac3k
0.0078003313,0.0067869453,atac3k
0.007792601,0.0078758495,atac3k
0.007810401,-0.0012951201,atac3k
0.007804731,0.0037673493,atac3k
0.007805144,0.0023146032,atac3k
0.007810805,-0.0015967487,atac3k
0.007817856,-0.00552747,atac3k
0.007815378,0.0032668056,atac3k
0.007818565,-0.0060539604,atac3k
0.007814711,0.003789927,atac3k
0.007809802,-0.0035047878,atac3k
0.0077061,-0.00068430003,atac3k
0.007813953,-0.0039982647,atac3k
0.007835893,0.015072887,atac3k
0.007808556,-0.0005690347,atac3k
0.0078091444,-0.0030169873,atac3k
0.007816748,0.0041110297,atac3k
0.0077016926,-0.0016219128,atac3k
0.007699924,-0.000366757,atac3k
0.0078079104,0.001021003,atac3k
0.007816046,-0.0027362355,atac3k
0.007811802,-0.0044435756,atac3k
0.0078084962,0.0018229819,atac3k
0.0078120064,-0.002092252,atac3k
0.007812643,-0.0023443194,atac3k
0.007819093,-0.0061583268,atac3k
0.007817206,0.0050603193,atac3k
0.00781593,-0.0068656444,atac3k
0.007818755,0.0062018507,atac3k
0.0077048494,-0.0012397491,atac3k
0.0077738026,-0.0054943855,atac3k
0.00781691,0.0028846646,atac3k
0.0078067086,0.00045769277,atac3k
0.0078060003,0.0032409201,atac3k
0.007812902,-0.0034182451,atac3k
0.007819155,0.005262148,atac3k
0.007817026,-0.001002388,atac3k
0.007807729,0.00093107275,atac3k
0.0077968384,0.0033421174,atac3k
0.007815717,0.0031511774,atac3k
0.0078044883,0.001438886,atac3k
0.0077901403,0.013250753,atac3k
0.0078117377,0.0016413531,atac3k
0.0078103985,0.0015212353,atac3k
0.007806274,0.002272893,atac3k
0.0078084636,-0.0010928138,atac3k
0.007814067,-0.004389739,atac3k
0.0077023897,-0.0017125759,atac3k
0.007702992,-0.0009748686,atac3k
0.007701911,-0.0023934932,atac3k
0.0078068743,0.0032826844,atac3k
0.0078026904,0.0028095413,atac3k
0.007806406,0.0018038475,atac3k
0.007806289,0.0017091234,atac3k
0.0078113875,0.002624471,atac3k
0.0078117014,-0.002307899,atac3k
0.007815286,-0.003792933,atac3k
0.0078063877,0.00029838004,atac3k
0.007819445,-0.004408108,atac3k
0.007813255,0.0025030244,atac3k
0.007808486,-0.0006653824,atac3k
0.0078092013,0.0012420635,atac3k
0.0078057754,0.0013657963,atac3k
0.0078177955,-0.0039620483,atac3k
0.0078144455,0.0024725492,atac3k
0.0077960487,-0.0019491876,atac3k
0.007805046,0.001257444,atac3k
0.0078093163,-0.0014819144,atac3k
0.007817791,-0.005804365,atac3k
0.0078090383,-0.0013261725,atac3k
0.0078080776,0.0018096879,atac3k
0.007819076,-0.0060064695,atac3k
0.007806499,0.0020858336,atac3k
0.007821257,-0.008037964,atac3k
0.0078022066,0.0025691483,atac3k
0.0078048096,0.004199357,atac3k
0.007818853,-0.008507148,atac3k
0.007852383,0.07354904,atac3k
0.007815982,-0.0050174175,atac3k
0.007815426,-0.008321865,atac3k
0.007809553,-0.0023693484,atac3k
0.0078067305,-0.0013085189,atac3k
0.007819031,-0.0047342647,atac3k
0.007810239,0.0011260299,atac3k
0.007810577,-0.0018269831,atac3k
0.0078064953,0.000345315,atac3k
0.007818771,0.0070099933,atac3k
0.007811943,0.0023520142,atac3k
0.007821928,-0.006436219,atac3k
0.0078122523,-0.004019504,atac3k
0.0078029307,0.0022500067,atac3k
0.007701497,-0.0009271556,atac3k
0.007810631,-0.00093621085,atac3k
0.007816681,0.0044284677,atac3k
0.007813971,0.0036716785,atac3k
0.0078052855,0.0025178269,atac3k
0.0078090844,-2.6903334e-07,atac3k
0.007807312,0.0072255433,atac3k
0.007807997,0.0042176107,atac3k
0.0078124707,-0.0040612016,atac3k
0.0078124297,0.00245132,atac3k
0.007806832,0.0015717531,atac3k
0.00781487,-0.0047951974,atac3k
0.0078070294,0.0019427524,atac3k
0.007817541,0.004926415,atac3k
0.007814333,0.002949708,atac3k
0.0078139575,0.0027923875,atac3k
0.0078097386,-0.00034007634,atac3k
0.007814923,-0.004741232,atac3k
0.007815543,0.0034322466,atac3k
0.007818982,-0.0069845277,atac3k
0.00781695,0.0052701267,atac3k
0.00781512,-0.004781076,atac3k
0.0078063193,0.0010951427,atac3k
0.007805909,0.0012267687,atac3k
0.007815973,-0.0050151255,atac3k
0.0078090895,-0.00027811178,atac3k
0.007817318,-0.00699985,atac3k
0.007814246,-0.0036284109,atac3k
0.007803681,0.002110358,atac3k
0.007802399,0.0055078007,atac3k
0.007815769,0.003908427,atac3k
0.007819874,-0.0057698837,atac3k
0.0078078527,0.0018178751,atac3k
0.007819491,-0.0006784721,atac3k
0.0078111426,-0.0016615707,atac3k
0.007818755,0.002186373,atac3k
0.0078012142,0.0042865565,atac3k
0.007817664,0.005132464,atac3k
0.007808454,0.000348741,atac3k
0.007808909,-0.00025264232,atac3k
0.007817529,0.0045130723,atac3k
0.0077811517,0.006174758,atac3k
0.0077909855,0.009488999,atac3k
0.00781912,-0.007208764,atac3k
0.007807458,0.0025861089,atac3k
0.0078087617,0.0015896818,atac3k
0.0077952705,-0.02008673,atac3k
0.0078114294,-0.0024182005,atac3k
0.007816497,0.0039463593,atac3k
0.0078112143,0.0020620944,atac3k
0.007811731,-0.0066816234,atac3k
0.007816438,-0.005947264,atac3k
0.007807939,-0.0002781744,atac3k
0.0078063575,0.0027236084,atac3k
0.007808155,-0.0024434344,atac3k
0.007813899,0.0023936739,atac3k
0.0078075463,0.0018663678,atac3k
0.0078095165,-0.0020059133,atac3k
0.007820213,-0.0072127357,atac3k
0.0078060306,0.0029826881,atac3k
0.007821783,0.017026875,atac3k
0.007816266,-0.0075045642,atac3k
0.0078108837,-0.0027304988,atac3k
0.007818887,-0.005600548,atac3k
-0.0063735265,0.0105499625,rna10k
-0.0063664373,-0.000529037,rna10k
-0.0063700066,0.010678806,rna10k
-0.0063777524,-0.001173962,rna10k
-0.0063558174,-0.0046955324,rna10k
-0.006357963,-0.0019120458,rna10k
-0.006391791,0.009888067,rna10k
-0.0063595693,-0.0059401756,rna10k
-0.0073605124,-0.012038761,rna10k
-0.006365491,0.0030749072,rna10k
-0.006365574,0.033512194,rna10k
-0.00636857,0.008691364,rna10k
-0.006369896,0.0066531077,rna10k
-0.006372337,0.002002435,rna10k
-0.007362812,-0.002286208,rna10k
-0.0063928724,0.0145016,rna10k
-0.0073875827,-0.001583769,rna10k
-0.006359643,-0.0043667136,rna10k
-0.007259757,-0.0015341878,rna10k
-0.0073865023,0.0047707744,rna10k
-0.0073620533,0.002759652,rna10k
-0.0063751233,0.042834904,rna10k
-0.006363171,0.0011017033,rna10k
-0.0072436905,-0.0037525669,rna10k
-0.006363279,0.0040387767,rna10k
-0.0073546055,-0.0150023885,rna10k
-0.0064297537,0.0124726435,rna10k
-0.0073154215,0.0061213328,rna10k
-0.0063674394,0.004012055,rna10k
-0.0063674254,0.006862409,rna10k
-0.007382119,-0.0037922014,rna10k
-0.0063661984,-0.00044402474,rna10k
-0.0063709617,0.0014754889,rna10k
-0.006365835,0.006033167,rna10k
-0.0073547335,-0.005754917,rna10k
-0.006561037,0.0065615335,rna10k
-0.0063588945,-0.0064346376,rna10k
-0.00635622,-0.005288171,rna10k
-0.0063609187,-0.001884638,rna10k
-0.006366152,0.0060543446,rna10k
-0.00636155,0.00024146521,rna10k
-0.006357674,-0.00076163746,rna10k
-0.0063911863,-0.0019335995,rna10k
-0.0072410726,-0.0058718696,rna10k
-0.006361561,-0.0036845915,rna10k
-0.006508797,-0.015674371,rna10k
-0.006352413,-0.008512129,rna10k
-0.0073613496,0.013242854,rna10k
-0.0065275496,0.012295041,rna10k
-0.0063614366,0.0019140862,rna10k
-0.0071637365,0.0087248385,rna10k
-0.006352706,-0.008625972,rna10k
-0.0064327354,-0.011714158,rna10k
-0.0073789386,-0.005814683,rna10k
-0.0063669146,0.0050244355,rna10k
-0.006368589,-0.006068796,rna10k
-0.0063540754,-0.0046823984,rna10k
-0.00633849,-0.00855159,rna10k
-0.0073749525,-0.007895518,rna10k
-0.0073916363,0.0056951605,rna10k
-0.007299555,0.00051644386,rna10k
-0.0063676313,0.0069742124,rna10k
-0.006362999,0.0018117204,rna10k
-0.007355924,0.000626183,rna10k
-0.0073841317,0.006497834,rna10k
-0.0063665304,0.007900137,rna10k
-0.006367084,0.007600289,rna10k
-0.0063654645,0.0013520267,rna10k
-0.007372915,-0.009049451,rna10k
-0.006345103,-0.004112735,rna10k
-0.00724528,0.004110814,rna10k
-0.006355579,-0.004803753,rna10k
-0.0065210937,0.012676151,rna10k
-0.0063645975,0.0007589241,rna10k
-0.0063624447,-0.007477524,rna10k
-0.0073833,-5.510472e-05,rna10k
-0.0063658357,0.0047798925,rna10k
-0.00635721,-0.008012024,rna10k
-0.00635323,-0.008518874,rna10k
-0.006380167,-0.011342656,rna10k
-0.006358826,-0.0009487804,rna10k
-0.006380327,-0.008566411,rna10k
-0.00736127,-0.00034000704,rna10k
-0.0073715886,-0.00697665,rna10k
-0.0063741105,0.00051445956,rna10k
-0.006521929,0.01750484,rna10k
-0.0063614044,-0.0067742458,rna10k
-0.006391287,0.0059257634,rna10k
-0.0066515394,-0.0010369613,rna10k
-0.0063662934,0.0048274472,rna10k
-0.007255898,-0.0010911922,rna10k
-0.007382705,-0.0027363964,rna10k
-0.006367709,0.040936988,rna10k
-0.006334274,-0.008262284,rna10k
-0.006378993,-0.00080024835,rna10k
-0.0073795225,-0.0062877648,rna10k
-0.007360086,0.011101222,rna10k
-0.006354421,-0.0063445554,rna10k
-0.0065215733,0.01522026,rna10k
-0.0063636554,-0.012610506,rna10k
-0.0063668736,0.006175316,rna10k
-0.006366077,-0.0051149945,rna10k
-0.006524955,-0.011443208,rna10k
-0.007348781,0.0079605635,rna10k
-0.0065122745,-0.025616976,rna10k
-0.007360669,0.0019806994,rna10k
-0.0073618456,0.0011869182,rna10k
-0.007360627,-0.0022540682,rna10k
-0.0072477255,0.009839416,rna10k
-0.0065257275,-0.014293157,rna10k
-0.00637783,-0.004011472,rna10k
-0.007371413,-0.0070414394,rna10k
-0.006364081,-0.007595936,rna10k
-0.0063945088,0.0077174413,rna10k
-0.007383756,-0.0013248718,rna10k
-0.006385513,-0.00658556,rna10k
-0.0063597327,-0.0008967336,rna10k
-0.007383854,-0.0036531633,rna10k
-0.0063652094,-0.00037574224,rna10k
-0.0063663204,0.0066532893,rna10k
-0.0073593874,-0.009843487,rna10k
-0.006363406,0.0047312337,rna10k
-0.0063660997,0.0071665086,rna10k
-0.006395354,0.009103971,rna10k
-0.0065292013,0.007638897,rna10k
-0.0063801385,0.018859636,rna10k
-0.007360428,0.013006146,rna10k
-0.0063644634,0.0022092052,rna10k
-0.0063556465,-0.0059445705,rna10k
-0.007250237,0.015801674,rna10k
-0.006524918,-0.010783931,rna10k
-0.006334963,-0.011654792,rna10k
-0.0073734643,-0.006067677,rna10k
-0.006362543,-0.00062478124,rna10k
-0.0063640266,0.0048925257,rna10k
-0.0072244853,0.016308457,rna10k
-0.0073851347,0.00467556,rna10k
-0.007383212,0.0073410706,rna10k
-0.006351235,-0.009555198,rna10k
-0.007385147,-0.0037526465,rna10k
-0.006362512,0.0015301475,rna10k
-0.0063664936,0.0050281473,rna10k
-0.00639562,0.009486436,rna10k
-0.0073623303,0.0005594218,rna10k
-0.007384046,0.002886455,rna10k
-0.007379938,-0.0049251597,rna10k
-0.0068228296,0.0052276882,rna10k
-0.0073523964,0.0060735177,rna10k
-0.006400342,0.010333185,rna10k
-0.0065207095,0.0027785818,rna10k
-0.006363063,0.003633176,rna10k
-0.0063660163,0.005848157,rna10k
-0.0072270804,0.0018719146,rna10k
-0.0073588793,-0.0029146373,rna10k
-0.0065280814,0.0049410267,rna10k
-0.006365709,0.0048905425,rna10k
-0.0073807677,-0.007637915,rna10k
-0.0073527787,0.00941303,rna10k
-0.0073665427,-0.0057729045,rna10k
-0.006520222,0.015909946,rna10k
-0.006365109,-0.002261019,rna10k
-0.0063585993,-0.0044887755,rna10k
-0.0072595654,0.013972481,rna10k
-0.0073577287,0.010221749,rna10k
-0.0063535944,-0.008154561,rna10k
-0.006361328,-0.0042259474,rna10k
-0.007386934,-0.0012661618,rna10k
-0.00636205,0.0008221291,rna10k
-0.0065257098,-0.010187893,rna10k
-0.00635967,-0.0073540877,rna10k
-0.006348643,-0.0019164912,rna10k
-0.006356591,-0.0017994895,rna10k
-0.0073309597,-0.0077682408,rna10k
-0.0063608577,-0.013092212,rna10k
-0.007379166,-0.0005176574,rna10k
-0.007385664,0.004583571,rna10k
-0.0063684173,0.005612844,rna10k
-0.006411082,0.00672285,rna10k
-0.00636742,-0.017936427,rna10k
-0.0073819165,-0.004405218,rna10k
-0.0073769344,-0.0066278437,rna10k
-0.0067488356,-0.0013669779,rna10k
-0.0064000958,0.012876381,rna10k
-0.0063457605,-0.003146512,rna10k
-0.0073612933,-0.0031612215,rna10k
-0.006352626,-0.008131222,rna10k
-0.0063595125,0.022601126,rna10k
-0.006406028,0.0043639624,rna10k
-0.0063651092,0.0012269781,rna10k
-0.007308861,0.010944409,rna10k
-0.006391784,0.003958675,rna10k
-0.0073834904,-0.0040271212,rna10k
-0.007261391,-0.018432947,rna10k
-0.00719103,-0.013238596,rna10k
-0.00635435,-0.0057581887,rna10k
-0.006549751,-0.019707106,rna10k
-0.0073158406,0.00035280664,rna10k
-0.006351589,-0.00870679,rna10k
-0.0063658017,-0.007481241,rna10k
-0.006362727,0.0028494562,rna10k
-0.00738333,-0.0023263493,rna10k
-0.0063542146,-0.007191507,rna10k
-0.006367361,0.005779072,rna10k
-0.006368365,0.0069244937,rna10k
-0.0063403384,-0.008181086,rna10k
-0.0063625765,0.0007004542,rna10k
-0.0063659125,0.0060008704,rna10k
-0.007358568,0.004317651,rna10k
-0.006376054,-0.009068558,rna10k
-0.006366954,0.0075363666,rna10k
-0.0063756336,-0.01717545,rna10k
-0.0063790064,0.010583042,rna10k
-0.0073858895,0.00104383,rna10k
-0.006397243,0.011612748,rna10k
-0.0063660922,-0.004157693,rna10k
-0.0063671595,-0.0026699177,rna10k
-0.006377277,0.015157695,rna10k
-0.0063960096,0.008897682,rna10k
-0.0063677896,-0.01502114,rna10k
-0.00652529,0.015367323,rna10k
-0.006378132,0.0011077925,rna10k
-0.006516013,-0.021150166,rna10k
-0.006403474,0.00743463,rna10k
-0.0073463754,-0.016452285,rna10k
-0.0063820533,-0.0007639996,rna10k
-0.0071610548,-0.0023703945,rna10k
-0.0073646326,-0.0035088002,rna10k
-0.007360998,-0.003781945,rna10k
-0.007379894,-0.0054195165,rna10k
-0.006358826,-0.0024960265,rna10k
-0.006368066,0.0068698865,rna10k
-0.006525583,-0.014913859,rna10k
-0.0063642035,0.0050504105,rna10k
-0.006705438,0.004741546,rna10k
-0.0063853734,0.0010808783,rna10k
-0.0073610893,-0.0059625274,rna10k
-0.0073623373,0.008621097,rna10k
-0.007372371,-0.005159289,rna10k
-0.0073828786,-0.00042087576,rna10k
-0.0063694636,0.008801264,rna10k
-0.0063538053,-0.007253001,rna10k
-0.007386743,-0.002765682,rna10k
-0.006362087,0.0033356645,rna10k
-0.007362469,-0.0045613796,rna10k
-0.006364125,-0.008421473,rna10k
-0.0073619313,0.01015756,rna10k
-0.00717064,0.006421023,rna10k
-0.006365054,0.0031838112,rna10k
-0.006402121,0.008663935,rna10k
-0.0073846607,0.003545143,rna10k
-0.007352798,-0.005384949,rna10k
-0.0073763356,-0.0070143524,rna10k
-0.00722953,0.013890977,rna10k
-0.0073843957,0.008854681,rna10k
-0.0072736912,-0.005728119,rna10k
-0.0073855547,-0.004042066,rna10k
-0.0063117356,-0.0007160314,rna10k
-0.0063938242,0.009991723,rna10k
-0.0063924375,0.012322061,rna10k
-0.0063715694,0.0041326117,rna10k
-0.0063688345,0.0032170266,rna10k
-0.00737457,-0.0061925137,rna10k
-0.0073625874,-0.0052042296,rna10k
-0.0063656033,0.0036859214,rna10k
-0.0063561397,-0.0059745633,rna10k
-0.007374919,-0.007802893,rna10k
-0.007367404,-0.009810387,rna10k
-0.0065218806,0.015813405,rna10k
-0.006389319,-0.0008269746,rna10k
-0.0072150505,-0.0017097346,rna10k
-0.007375795,-0.008489054,rna10k
-0.0073626987,-0.006184759,rna10k
-0.0065277214,-0.008456963,rna10k
-0.007384813,0.0009201184,rna10k
-0.0066501065,0.0075439406,rna10k
-0.0063672285,0.005194741,rna10k
-0.0063935793,0.011207674,rna10k
-0.0063618864,0.0010498563,rna10k
-0.0063757603,0.009380845,rna10k
-0.0063677346,0.005978575,rna10k
-0.0073593683,0.011426281,rna10k
-0.007386505,0.0015259071,rna10k
-0.006525417,-0.013793528,rna10k
-0.0063343584,-0.005959616,rna10k
-0.006400816,0.008633467,rna10k
-0.0073670787,-0.0053827846,rna10k
-0.0063990112,0.011034487,rna10k
-0.0063670906,0.0051666615,rna10k
-0.0063614473,0.00015414509,rna10k
-0.0073424717,0.011904298,rna10k
-0.0063635875,-0.0057747024,rna10k
-0.0063854083,0.0041785273,rna10k
-0.0073761493,-0.0008591183,rna10k
-0.006366434,0.008122655,rna10k
-0.0065212343,0.016070364,rna10k
-0.006360807,-0.0024605999,rna10k
-0.0063664094,0.0063319844,rna10k
-0.0065234387,-0.017860511,rna10k
-0.0073871226,-0.0029289804,rna10k
-0.0073866663,0.005029802,rna10k
-0.006365159,-0.0065122596,rna10k
-0.0073866565,-0.0017217698,rna10k
-0.006363615,-0.007990573,rna10k
-0.0063638487,-0.007686832,rna10k
-0.007384603,0.0035883726,rna10k
-0.0073767556,-0.007119782,rna10k
-0.007248957,-0.0013383721,rna10k
-0.0064157424,0.005262971,rna10k
-0.0063657304,0.0048244703,rna10k
-0.007361039,-0.0049043763,rna10k
-0.0063696336,0.0035066218,rna10k
-0.0063711526,0.004980024,rna10k
-0.0063554025,-0.014738591,rna10k
-0.0073755602,-0.006309491,rna10k
-0.0073809642,-0.0035774645,rna10k
-0.0063599,-0.0019691307,rna10k
-0.006371144,2.3178578e-05,rna10k
-0.0063893115,0.00033991045,rna10k
-0.0064013866,0.008221535,rna10k
-0.0072586946,-0.004470763,rna10k
-0.006648761,0.019949617,rna10k
-0.006403017,0.008627875,rna10k
-0.0063939705,0.007004475,rna10k
-0.0063894275,-0.02254301,rna10k
-0.007261246,-0.0035629368,rna10k
-0.006364025,-0.0030970876,rna10k
-0.0063951444,0.00962667,rna10k
-0.006393645,0.0088192625,rna10k
-0.00638119,0.012741331,rna10k
-0.006364027,-0.00893425,rna10k
-0.0073871943,0.0044223634,rna10k
-0.006360887,-0.008569043,rna10k
-0.006364369,0.0030069775,rna10k
-0.007388222,-0.00010232691,rna10k
-0.006378577,-0.0015653106,rna10k
-0.0073812613,0.0079939235,rna10k
-0.006365195,0.0036687218,rna10k
-0.006525764,0.006202504,rna10k
-0.0065277903,0.014725821,rna10k
-0.006391789,0.0016921959,rna10k
-0.0063592163,-0.001737205,rna10k
-0.0063367067,-0.009305679,rna10k
-0.0063684215,0.006397768,rna10k
-0.0063832984,0.008581217,rna10k
-0.006359357,-8.6101725e-05,rna10k
-0.007379559,-0.005272707,rna10k
-0.007385427,0.0014889652,rna10k
-0.006359509,0.00014674588,rna10k
-0.0063651702,0.0036469274,rna10k
-0.0065232567,0.015144015,rna10k
-0.0063582915,-0.004414915,rna10k
-0.0064195986,0.0065810243,rna10k
-0.0072733117,0.002138358,rna10k
-0.006355301,-0.0067465925,rna10k
-0.0073586097,0.00030967657,rna10k
-0.006365949,-0.009575144,rna10k
-0.0073614893,-0.0034067912,rna10k
-0.0065186117,0.006186182,rna10k
-0.007382868,-0.0012065123,rna10k
-0.006508611,-0.017048217,rna10k
-0.0063619465,-0.0015833429,rna10k
-0.0073739165,0.005568026,rna10k
-0.007385336,0.0048544905,rna10k
-0.0063654534,0.0038624601,rna10k
-0.007390087,0.007957968,rna10k
-0.006526019,0.0071217306,rna10k
-0.006368193,0.00796658,rna10k
-0.006381461,-0.0031524762,rna10k
-0.0063726683,0.0068677072,rna10k
-0.007226995,0.00149584,rna10k
-0.0063644755,0.005904927,rna10k
-0.00738836,-0.0024160089,rna10k
-0.007384825,-0.00012389386,rna10k
-0.0073739435,-0.0071549984,rna10k
-0.0073782727,-0.0030746483,rna10k
-0.00737975,-0.0066780965,rna10k
-0.0063593015,0.0010881836,rna10k
-0.007374955,0.005815219,rna10k
-0.00635529,-0.0066851154,rna10k
-0.0073777228,-0.006331506,rna10k
-0.006355902,-0.007591579,rna10k
-0.0063605937,-0.002909632,rna10k
-0.007366656,-0.014846457,rna10k
-0.0063593867,-0.0013368534,rna10k
-0.006401881,0.008800013,rna10k
-0.0065230154,-0.0036923382,rna10k
-0.0073573776,0.0045328154,rna10k
-0.0073581566,-0.005709373,rna10k
-0.0063670813,0.007923201,rna10k
-0.0063817403,0.004395483,rna10k
-0.007379682,0.00894243,rna10k
-0.006356387,-0.007577043,rna10k
-0.0065240897,-0.0047414657,rna10k
-0.0063574417,-0.0025719495,rna10k
-0.007231039,-0.0039054432,rna10k
-0.00735888,0.0057760663,rna10k
-0.007385188,0.004675591,rna10k
-0.006365118,0.005292525,rna10k
-0.006356289,-0.005245062,rna10k
-0.0073586674,-0.006335352,rna10k
-0.006366256,0.006531707,rna10k
-0.0063728313,-0.005989805,rna10k
-0.0073807836,0.008975437,rna10k
-0.006363901,-0.013970447,rna10k
-0.0063651525,-0.0071922787,rna10k
-0.0063546733,-0.008431676,rna10k
-0.0063583623,-0.0050617508,rna10k
-0.006361203,-0.0056505823,rna10k
-0.006357829,-0.0025620868,rna10k
-0.0063670785,0.0057977433,rna10k
-0.0068210145,0.006282341,rna10k
-0.0073843515,-0.0040910044,rna10k
-0.0073783635,-0.008131772,rna10k
-0.0072910246,0.0010648773,rna10k
-0.0063662063,0.008578804,rna10k
-0.007361021,0.005737593,rna10k
-0.006376982,-0.0061781486,rna10k
-0.006502428,-0.025408693,rna10k
-0.006362325,-0.003013686,rna10k
-0.0073553883,0.00961921,rna10k
-0.006367676,0.0069972523,rna10k
-0.0073840106,-0.0004691937,rna10k
-0.0063675344,0.008766855,rna10k
-0.00682383,0.0021334607,rna10k
-0.0073751463,-0.008022131,rna10k
-0.0065208892,0.013324486,rna10k
-0.0073876753,-0.0018375334,rna10k
-0.006423204,0.007130691,rna10k
-0.007385727,-0.002187189,rna10k
-0.0063349726,-0.009601643,rna10k
-0.0063638445,0.0031763935,rna10k
-0.006362818,0.0015162523,rna10k
-0.0073816874,-0.004731462,rna10k
-0.0073608854,-0.0062665623,rna10k
-0.007374627,-0.003008747,rna10k
-0.0063603316,0.0023572503,rna10k
-0.0072051003,-0.007230196,rna10k
-0.00636487,0.003942612,rna10k
-0.007379326,-0.005767606,rna10k
-0.0073882267,-0.0017619873,rna10k
-0.006381213,-0.008813226,rna10k
-0.007366002,-0.010570366,rna10k
-0.006336523,-0.008400949,rna10k
-0.0068218648,0.003333773,rna10k
-0.00634334,0.007143519,rna10k
-0.0073837126,-0.0017939818,rna10k
-0.0063648876,0.0046815313,rna10k
-0.0063977307,0.011157438,rna10k
-0.0063653407,0.00417557,rna10k
-0.007382575,-0.0045136143,rna10k
-0.006366063,-0.0030537688,rna10k
-0.0063643125,0.0039426163,rna10k
-0.0073594004,0.01493384,rna10k
-0.0063689123,-0.0038949472,rna10k
-0.0063625993,0.0027446446,rna10k
-0.006353215,-0.00922953,rna10k
-0.006362642,-0.0020878317,rna10k
-0.0063642664,0.0022703656,rna10k
-0.0063573914,-0.02991434,rna10k
-0.006390241,0.0035453269,rna10k
-0.006365875,-0.0077272765,rna10k
-0.0063971393,0.011854161,rna10k
-0.0063656336,-0.0010945072,rna10k
-0.0073740003,-0.0074521434,rna10k
-0.0063633267,-0.0063539445,rna10k
-0.0063917916,0.0038049293,rna10k
-0.006524667,0.01338317,rna10k
-0.0073864097,0.0053084805,rna10k
-0.0071512265,0.00036108395,rna10k
-0.0063607944,0.0018177149,rna10k
-0.0063626054,0.00145984,rna10k
-0.0073834048,-0.004197436,rna10k
-0.007362455,-0.003319752,rna10k
-0.006364965,0.0054220636,rna10k
-0.0063637174,0.003828994,rna10k
-0.0063635428,-0.006921844,rna10k
-0.0071780896,0.0010268799,rna10k
-0.0063554086,-0.005201355,rna10k
-0.007367742,-0.004588152,rna10k
-0.007367572,-0.006386837,rna10k
-0.0066301473,0.008649169,rna10k
-0.00636357,-0.0074686953,rna10k
-0.006515425,-0.016959265,rna10k
-0.006362452,0.002970486,rna10k
-0.006365954,0.004746358,rna10k
-0.0063651237,0.004937231,rna10k
-0.0063655684,0.0043568704,rna10k
-0.0073783062,-0.006573378,rna10k
-0.006363165,0.0017989621,rna10k
-0.00736996,-0.009245545,rna10k
-0.007385015,-0.0030762197,rna10k
-0.006366652,-0.0048965733,rna10k
-0.0063810623,-0.006822058,rna10k
-0.0063614612,-0.0014626933,rna10k
-0.0073829344,-0.0037064496,rna10k
-0.0063350624,0.018292231,rna10k
-0.006358985,-0.0069847596,rna10k
-0.006361853,0.00073315506,rna10k
-0.0063427254,0.01077979,rna10k
-0.0063657444,0.0064315205,rna10k
-0.0063653323,0.0082612345,rna10k
-0.0063666333,0.0053377612,rna10k
-0.0073866267,-0.0003891332,rna10k
-0.0063618575,0.00032651811,rna10k
-0.006382689,0.007314725,rna10k
-0.006644259,0.0073069753,rna10k
-0.0073776054,-0.005735654,rna10k
-0.0063796137,-0.02376797,rna10k
-0.00738358,-0.0018744046,rna10k
-0.0073710587,-0.009017443,rna10k
-0.0063668285,-0.0021258392,rna10k
-0.006367758,0.006306361,rna10k
-0.0063674734,-0.022958828,rna10k
-0.0063898857,0.0045359354,rna10k
-0.007380792,-0.006578884,rna10k
-0.0063657714,0.0053977165,rna10k
-0.0063666594,0.0053059254,rna10k
-0.0063666026,-0.0060209353,rna10k
-0.006367046,0.0068373447,rna10k
-0.0063630324,-0.006834667,rna10k
-0.006355657,-0.003439782,rna10k
-0.0063609625,-0.002055907,rna10k
-0.0063880226,-0.0046401066,rna10k
-0.0071562906,0.0020487285,rna10k
-0.006358415,-0.0025266777,rna10k
-0.006364387,0.0026836416,rna10k
-0.006366462,0.006390081,rna10k
-0.006361141,-0.00023464394,rna10k
-0.0064003877,0.008658221,rna10k
-0.0063670306,0.0058790958,rna10k
-0.0072302893,0.0018431396,rna10k
-0.0065099453,-0.02187875,rna10k
-0.007264005,0.00673248,rna10k
-0.007357569,0.0050410302,rna10k
-0.0063680056,0.010350587,rna10k
-0.006363761,0.002307325,rna10k
-0.0063564335,-0.006198665,rna10k
-0.006358531,-0.008574888,rna10k
-0.0063587856,-0.0016639384,rna10k
-0.006519213,-0.019063165,rna10k
-0.0073637273,-0.0038949067,rna10k
-0.006356185,-0.0029274917,rna10k
-0.0065245996,-0.0035277882,rna10k
-0.0071923123,-0.023970313,rna10k
-0.0065220348,0.014138363,rna10k
-0.0063659544,0.0044956994,rna10k
-0.0063567907,-0.0046191076,rna10k
-0.0073771602,-0.004497798,rna10k
-0.0065258276,-0.010776982,rna10k
-0.0073862164,0.0027624923,rna10k
-0.0063950787,0.00862955,rna10k
-0.0063616964,-0.00407166,rna10k
-0.0065246993,-0.01528887,rna10k
-0.0073862835,0.0024369273,rna10k
-0.006358322,-0.0026253478,rna10k
-0.0073857047,-0.0052806903,rna10k
-0.006355234,-0.004227251,rna10k
-0.0073787267,-0.0027852987,rna10k
-0.007357192,0.006319978,rna10k
-0.0073637194,-0.012516879,rna10k
-0.006378954,-0.013611548,rna10k
-0.0063334345,-0.010931595,rna10k
-0.0063813985,-0.010765092,rna10k
-0.0073876795,0.0026611162,rna10k
-0.0063624443,0.0022733219,rna10k
-0.007249811,-0.0021388235,rna10k
-0.006367764,0.005942108,rna10k
-0.006361217,6.7661415e-05,rna10k
-0.0063602584,-0.0004022948,rna10k
-0.006370954,-0.023240058,rna10k
-0.0063980296,-0.00042563136,rna10k
-0.007379062,-0.0054961015,rna10k
-0.0073800636,-0.003834345,rna10k
-0.007360116,0.0030510605,rna10k
-0.0073769367,-0.003626844,rna10k
-0.00735503,0.008789034,rna10k
-0.007383356,-0.0057474026,rna10k
-0.0073820427,-0.0025181833,rna10k
-0.007388144,-0.00065147853,rna10k
-0.0063628117,0.0015103676,rna10k
-0.007188698,0.010591216,rna10k
-0.0072751134,-0.012935284,rna10k
-0.0063973004,0.011274058,rna10k
-0.0063645677,0.0057249884,rna10k
-0.006521921,0.018376917,rna10k
-0.006362951,0.0044844598,rna10k
-0.0063616214,-0.008271888,rna10k
-0.007379456,-0.0064910087,rna10k
-0.006398979,0.009962115,rna10k
-0.0063570067,-0.0049587265,rna10k
-0.006522546,0.016344963,rna10k
-0.006525008,-0.007844538,rna10k
-0.006365505,0.003393223,rna10k
-0.007387074,-0.0002980742,rna10k
-0.007167509,-0.00656859,rna10k
-0.006526287,0.008724516,rna10k
-0.0065239924,0.0035708183,rna10k
-0.0063732606,0.0043945704,rna10k
-0.007351824,0.012635571,rna10k
-0.006360313,-0.00399923,rna10k
-0.0063773706,0.004318139,rna10k
-0.006341864,-0.007005574,rna10k
-0.007359788,-0.014498402,rna10k
-0.006359785,0.000883171,rna10k
-0.0063600023,-0.00922998,rna10k
-0.006367239,0.00857424,rna10k
-0.006524963,0.0055706888,rna10k
-0.006371743,-0.0015551659,rna10k
-0.006376133,-0.004277778,rna10k
-0.0063633397,0.0016530975,rna10k
-0.0063597215,-0.0007991328,rna10k
-0.0073660333,-0.005078942,rna10k
-0.0073549217,0.003685915,rna10k
-0.0065198806,-0.017643923,rna10k
-0.0073835985,-0.002189,rna10k
-0.0063279984,-0.012304735,rna10k
-0.0063402406,0.0023779278,rna10k
-0.006353939,-0.0071821916,rna10k
-0.006365722,0.0047228006,rna10k
-0.007364446,-0.0037668808,rna10k
-0.0063694743,-0.0020201767,rna10k
-0.006359298,-0.0060949703,rna10k
-0.006517612,0.00094757375,rna10k
-0.0073607457,0.0027230775,rna10k
-0.0073824413,0.010903085,rna10k
-0.00639434,0.010155269,rna10k
-0.006363269,0.0012860392,rna10k
-0.0063667158,0.012264074,rna10k
-0.006366137,0.0052565467,rna10k
-0.006341236,-0.009583607,rna10k
-0.0063733747,0.009348354,rna10k
-0.0073353495,-0.012875847,rna10k
-0.0063917446,0.0020980602,rna10k
-0.0072648553,-0.0019149021,rna10k
-0.0063513545,-0.009619758,rna10k
-0.006368576,-0.0026444474,rna10k
-0.0073855785,0.006496157,rna10k
-0.007348338,0.010566853,rna10k
-0.006364899,0.005134809,rna10k
-0.0070799235,-0.009819968,rna10k
-0.007388208,0.0016494216,rna10k
-0.006359792,0.00048020782,rna10k
-0.006362475,0.0020412884,rna10k
-0.0063602976,0.001148583,rna10k
-0.0065265563,-0.012428744,rna10k
-0.006362085,-0.001226315,rna10k
-0.0073553813,0.012051227,rna10k
-0.0073834183,0.00024514418,rna10k
-0.0065293005,-0.014987077,rna10k
-0.007355413,0.011266703,rna10k
-0.0063619534,0.0028771157,rna10k
-0.0073849526,-0.0052711763,rna10k
-0.0063659963,0.0050442526,rna10k
-0.007362741,-0.0024905873,rna10k
-0.00735237,0.0068941866,rna10k
-0.0063620224,0.0014711005,rna10k
-0.0073805386,-0.0033492362,rna10k
-0.006359859,0.000791279,rna10k
-0.007370024,-0.008174994,rna10k
-0.0072830934,0.004254491,rna10k
-0.007357366,0.0064464333,rna10k
-0.0072627547,0.018339159,rna10k
-0.007263108,-0.0079807835,rna10k
-0.00636546,0.0045427494,rna10k
-0.00736214,-0.0050313817,rna10k
-0.0072445148,0.0048988815,rna10k
-0.0073815067,0.0020111129,rna10k
-0.006368197,0.0017127091,rna10k
-0.0063649598,-0.007770756,rna10k
-0.007371278,-0.006848402,rna10k
-0.0065251165,0.013649323,rna10k
-0.00738833,0.00043293217,rna10k
-0.0065313512,-0.03374449,rna10k
-0.006365976,0.0048209154,rna10k
-0.007157492,0.002158084,rna10k
-0.0063649626,0.0034946245,rna10k
-0.00636005,0.0016481028,rna10k
-0.007183819,-0.029644266,rna10k
-0.006373618,0.012665908,rna10k
-0.0073691537,-0.006778382,rna10k
-0.0063612615,0.0020857158,rna10k
-0.006366222,0.0048528397,rna10k
-0.0063642166,-0.00799478,rna10k
-0.006370227,-0.023850106,rna10k
-0.006366855,-0.009302152,rna10k
-0.0063603725,-0.0024000828,rna10k
-0.0063993563,0.005496744,rna10k
-0.006429654,0.013422347,rna10k
-0.0068219737,0.0033893143,rna10k
-0.0063624615,-0.004570176,rna10k
-0.0063646813,0.0034649582,rna10k
-0.006350976,-0.0054102517,rna10k
-0.006358627,-0.0034782367,rna10k
-0.006366585,0.0015666418,rna10k
-0.0073655797,-0.01144001,rna10k
-0.006364767,0.0053979876,rna10k
-0.0073823766,0.007836426,rna10k
-0.00651065,-0.0037373127,rna10k
-0.006331576,-0.011446935,rna10k
-0.006394248,0.017649604,rna10k
-0.006364588,0.004850585,rna10k
-0.0063593565,-0.0037306277,rna10k
-0.0073800967,-0.004069558,rna10k
-0.006524656,-0.01469006,rna10k
-0.0063604093,-0.0007046683,rna10k
-0.0063551464,-0.004530859,rna10k
-0.0063629444,-0.011595191,rna10k
-0.006353788,-0.0076580513,rna10k
-0.0073823924,-0.0058311513,rna10k
-0.0073612933,0.00028751732,rna10k
-0.007382333,-0.0020429087,rna10k
-0.006523698,0.008758942,rna10k
-0.00738421,0.008499206,rna10k
-0.0063663633,0.0057068598,rna10k
-0.0063660825,0.004595,rna10k
-0.0073821177,-0.005174722,rna10k
-0.00640235,0.009035298,rna10k
-0.0063623236,0.0030685759,rna10k
-0.006361817,-0.0057300283,rna10k
-0.00636962,0.00972695,rna10k
-0.0073608384,-0.0067171324,rna10k
-0.0065451902,0.0077145984,rna10k
-0.0073661255,-0.0018605002,rna10k
-0.006359545,-0.0012324076,rna10k
-0.00636716,0.0062167645,rna10k
-0.007369735,-0.008952183,rna10k
-0.0063668056,0.009817758,rna10k
-0.006397948,0.009020005,rna10k
-0.0063649346,-0.0038208761,rna10k
-0.0065243044,-0.015448568,rna10k
-0.007358763,0.006242167,rna10k
-0.0065272935,-0.01151203,rna10k
-0.0063624154,-0.009290304,rna10k
-0.007369068,-0.004089233,rna10k
-0.007362008,-0.0105034085,rna10k
-0.0063631064,0.0010385297,rna10k
-0.0063676685,0.0029770876,rna10k
-0.006365602,0.0063772486,rna10k
-0.0073801284,-0.0048209997,rna10k
-0.0073562656,0.0019461042,rna10k
-0.0073858197,-0.0005982921,rna10k
-0.007380711,-0.0030489387,rna10k
-0.0073824525,-0.0042013777,rna10k
-0.007372306,-0.0054802946,rna10k
-0.006390136,0.0019351845,rna10k
-0.0065209605,0.017235005,rna10k
-0.007304312,-0.015991954,rna10k
-0.0063663423,0.0026178309,rna10k
-0.007380433,-0.0057548336,rna10k
-0.0073615788,-0.01059024,rna10k
-0.0065237056,0.014375032,rna10k
-0.0073754345,-0.0059261383,rna10k
-0.0063654752,-6.1258805e-05,rna10k
-0.006367405,0.0073373397,rna10k
-0.0073852474,0.003713354,rna10k
-0.0063602207,-0.0008998952,rna10k
-0.0063650734,0.0042577265,rna10k
-0.0065273293,-0.003452833,rna10k
-0.0073789707,-0.004299458,rna10k
-0.006357295,-0.0033857194,rna10k
-0.0063552703,0.0070790555,rna10k
-0.0063716304,0.003535711,rna10k
-0.0065260627,-0.012374654,rna10k
-0.0063608545,-0.0026733615,rna10k
-0.0063638045,0.0023327665,rna10k
-0.007378487,-0.0070962235,rna10k
-0.0063619027,0.0013883435,rna10k
-0.0072635743,-0.019708049,rna10k
-0.0066230665,0.0025916095,rna10k
-0.0073863347,0.0009295161,rna10k
-0.0063676727,0.0043906304,rna10k
-0.006397598,0.009766753,rna10k
-0.0063549997,-0.006194016,rna10k
-0.0073778834,-0.0043724584,rna10k
-0.0063669086,0.008617313,rna10k
-0.006536415,0.010818181,rna10k
-0.007192452,0.013836482,rna10k
-0.0065259147,-0.010482236,rna10k
-0.0073602833,-0.011562226,rna10k
-0.0063615507,-0.006107403,rna10k
-0.0063654413,0.001578487,rna10k
-0.006365288,-0.0013912068,rna10k
-0.006362249,-0.0058994507,rna10k
-0.006366499,0.0050978796,rna10k
-0.0071746996,0.00073960796,rna10k
-0.006651863,0.0032854797,rna10k
-0.0066015613,0.021515824,rna10k
-0.0073619206,-0.004008153,rna10k
-0.006365189,0.0061868755,rna10k
-0.0066501447,0.0023938008,rna10k
-0.0065116403,-0.025950668,rna10k
-0.006400927,0.012071647,rna10k
-0.006359872,0.001125171,rna10k
-0.0073833745,-0.0036448336,rna10k
-0.007360267,-0.0017633673,rna10k
-0.0065205176,0.0042795297,rna10k
-0.007386529,0.0018763805,rna10k
-0.0064112344,0.007972881,rna10k
-0.0063640056,0.0033055923,rna10k
-0.0063612564,-0.00018453863,rna10k
-0.0063642217,0.0020478887,rna10k
-0.0063515436,-0.0059464257,rna10k
-0.0063730264,0.0046429676,rna10k
-0.0073845456,-0.0021177793,rna10k
-0.0063674916,-0.002388264,rna10k
-0.006376269,-0.0018124143,rna10k
-0.006381117,-0.0029208441,rna10k
-0.0073798653,-0.003876039,rna10k
-0.007360278,0.00028370591,rna10k
-0.0073832674,0.0011529131,rna10k
-0.006390615,0.005284128,rna10k
-0.0063840486,0.00029731545,rna10k
-0.006332122,-0.011858752,rna10k
-0.0072651296,-0.0025893203,rna10k
-0.007385025,-0.0028049394,rna10k
-0.0063980077,0.010224223,rna10k
-0.006394544,0.00923588,rna10k
-0.0072672027,0.004642564,rna10k
-0.0063926103,-0.012682918,rna10k
-0.0063529266,-0.007356241,rna10k
-0.0063544763,-0.0040587275,rna10k
-0.0073717665,-0.006470387,rna10k
-0.0063661644,0.008327269,rna10k
-0.0063644047,0.0040992033,rna10k
-0.007361615,0.0035782615,rna10k
-0.0063603306,-0.0007871229,rna10k
-0.0073858537,-0.0039169407,rna10k
-0.006384954,0.0024404742,rna10k
-0.00738137,0.01112609,rna10k
-0.0063644294,0.004644759,rna10k
-0.007385374,0.0071828957,rna10k
-0.0063843196,0.014797134,rna10k
-0.006364682,0.0017847678,rna10k
-0.0063635893,-0.0066458927,rna10k
-0.006524696,-0.004620449,rna10k
-0.00645849,-0.020969478,rna10k
-0.006360272,-0.002644658,rna10k
-0.0073860027,0.006117133,rna10k
-0.006335336,-0.002732697,rna10k
-0.006367006,0.005466591,rna10k
-0.006394792,0.0101384865,rna10k
-0.006378391,0.0014709352,rna10k
-0.0074091568,0.03919401,rna10k
-0.006350111,-0.0078183,rna10k
-0.0073730703,-0.0049240524,rna10k
-0.007383228,-0.004960521,rna10k
-0.0073859314,0.0047987285,rna10k
-0.006528268,0.008323268,rna10k
-0.0072970577,0.005212957,rna10k
-0.007375485,-0.0071601486,rna10k
-0.0063591194,-0.0037076445,rna10k
-0.006365533,0.003916442,rna10k
-0.0063518393,-0.008235575,rna10k
-0.007361872,-0.0041988115,rna10k
-0.00648777,0.009638095,rna10k
-0.0063636997,-0.0038476083,rna10k
-0.0073608635,-0.005736846,rna10k
-0.006541713,-0.027148616,rna10k
-0.006365003,0.004681793,rna10k
-0.0073830187,0.0004068122,rna10k
-0.007377482,-0.007993024,rna10k
-0.007361106,0.0052237655,rna10k
-0.006366396,0.0060023908,rna10k
-0.007257594,-0.004183329,rna10k
-0.0073795677,-0.0028715064,rna10k
-0.006365444,0.007405222,rna10k
-0.00636448,0.004224587,rna10k
-0.007382031,-0.002635741,rna10k
-0.006389731,0.00329825,rna10k
-0.007350116,-0.005739406,rna10k
-0.00635297,-0.008086044,rna10k
-0.006362433,-0.0151646845,rna10k
-0.007356393,-0.00040333733,rna10k
-0.0073860586,0.0050869053,rna10k
-0.006361514,-0.0012053096,rna10k
-0.0071945065,-0.01736977,rna10k
-0.0066717695,-0.02091408,rna10k
-0.0073767155,-0.008712209,rna10k
-0.0073574125,0.010181607,rna10k
-0.007371051,0.0025698917,rna10k
-0.007239913,0.016334193,rna10k
-0.0063602854,-0.0031201963,rna10k
-0.007252259,0.017382108,rna10k
-0.0065205055,-0.017798295,rna10k
-0.0063647716,0.0007832635,rna10k
-0.0063966424,0.007476818,rna10k
-0.006367516,0.0073680854,rna10k
-0.006504815,-0.015636703,rna10k
-0.006330927,-0.010555058,rna10k
-0.007385021,-0.00070249185,rna10k
-0.0073636416,0.00042763248,rna10k
-0.006524236,0.013816895,rna10k
-0.0063671586,0.005827802,rna10k
-0.0063829236,-0.007902591,rna10k
-0.006371648,0.007681985,rna10k
-0.0063623884,0.0068064723,rna10k
-0.0063741775,0.009015017,rna10k
-0.006823409,0.00213344,rna10k
-0.0063714404,-0.0043497332,rna10k
-0.006363334,-0.006228494,rna10k
-0.0063633523,0.0042152186,rna10k
-0.0063633462,0.0020632613,rna10k
-0.006366394,-0.004567385,rna10k
-0.007357296,-0.0020928306,rna10k
-0.0064026318,0.009400144,rna10k
-0.0063665127,-0.0050442913,rna10k
-0.0073553994,0.009211068,rna10k
-0.006394541,0.008330625,rna10k
-0.0073632393,-0.0024166207,rna10k
-0.0063354,-0.00984767,rna10k
-0.0063623893,-0.005456342,rna10k
-0.0063956804,0.01058809,rna10k
-0.006357156,-0.0036569454,rna10k
-0.0073828865,-0.0018064212,rna10k
-0.0073606456,-0.00492114,rna10k
-0.0073846336,0.003431185,rna10k
-0.0063574575,-0.0063779945,rna10k
-0.0066525503,0.004911136,rna10k
-0.007383545,0.011474061,rna10k
-0.0063630533,-0.008813855,rna10k
-0.0064016227,0.006937971,rna10k
-0.007360319,-0.0060093924,rna10k
-0.006359995,-0.0015899836,rna10k
-0.007384092,-0.0021544914,rna10k
-0.007378368,-0.0036509489,rna10k
-0.007384893,0.007459603,rna10k
-0.0065239095,0.013852379,rna10k
-0.0073812115,-0.0019412464,rna10k
-0.0073821405,-0.0053265966,rna10k
-0.0063776695,-0.011172106,rna10k
-0.0063666482,0.0042597903,rna10k
-0.006364418,0.004214192,rna10k
-0.006357459,-0.002354306,rna10k
-0.006366365,0.006584333,rna10k
-0.0073843533,-0.00017470492,rna10k
-0.006422447,-0.012109768,rna10k
-0.0063668094,0.006697968,rna10k
-0.006577875,0.0046900297,rna10k
-0.007268557,-0.0038363456,rna10k
-0.0063673398,0.0060533546,rna10k
-0.0063543366,-0.0054856376,rna10k
-0.0063538114,-0.007225294,rna10k
-0.00636503,0.003424098,rna10k
-0.0073695392,-0.005938304,rna10k
-0.0071660974,0.0023534999,rna10k
-0.007361464,0.0017582898,rna10k
-0.006358617,-0.0030183583,rna10k
-0.006369131,0.0030821222,rna10k
-0.006362315,-0.0022585748,rna10k
-0.0063680927,0.024195714,rna10k
-0.006357393,-0.020684624,rna10k
-0.006362097,0.00057244493,rna10k
-0.0073839445,0.0024121406,rna10k
-0.0073617455,-0.003976549,rna10k
-0.006362321,0.0015547192,rna10k
-0.0063631195,0.0015277846,rna10k
-0.0063623292,-0.006488824,rna10k
-0.0063639437,0.0022194714,rna10k
-0.006361041,-0.00050827005,rna10k
-0.0063451156,-0.0030918322,rna10k
-0.0065296604,0.0010977102,rna10k
-0.0063845646,-0.022356218,rna10k
-0.0073576435,0.0027791152,rna10k
-0.006399831,0.009163481,rna10k
-0.006526501,-0.018563557,rna10k
-0.006365493,0.0039015112,rna10k
-0.0063621034,0.0007563477,rna10k
-0.007234004,0.018475572,rna10k
-0.007382119,-0.0030731026,rna10k
-0.006371212,0.0061417283,rna10k
-0.0063674487,0.013402739,rna10k
-0.0073599825,-0.004490378,rna10k
-0.0063548214,-0.0062204837,rna10k
-0.0063654743,0.006974662,rna10k
-0.00636502,0.002715125,rna10k
-0.007375467,-0.0073743323,rna10k
-0.0063632214,0.0036112235,rna10k
-0.0063741193,-0.0008349306,rna10k
-0.006359373,-0.0019310851,rna10k
-0.00636917,-0.006527778,rna10k
-0.007388544,0.0059841378,rna10k
-0.006370433,-0.0011252513,rna10k
-0.007375663,-0.004773138,rna10k
-0.006369572,0.009197667,rna10k
-0.0065232995,0.015420389,rna10k
-0.007380247,-0.0053200433,rna10k
-0.0073620183,-0.005989236,rna10k
-0.006377451,-0.0047871945,rna10k
-0.0063934615,0.0057060076,rna10k
-0.006364516,0.0036088258,rna10k
-0.006361196,0.0006061544,rna10k
-0.007385843,0.00034502745,rna10k
-0.0063636065,-0.006207067,rna10k
-0.0063545206,-0.0064483243,rna10k
-0.006526872,-0.008713332,rna10k
-0.0072560394,0.0029401043,rna10k
-0.007363841,0.0002018224,rna10k
-0.0063647456,-0.016873984,rna10k
-0.006370163,0.007916213,rna10k
-0.0073561263,0.008207174,rna10k
-0.0065230276,0.007093728,rna10k
-0.0073484476,-0.015815046,rna10k
-0.0073885317,0.0012494619,rna10k
-0.0073797926,-0.0043328186,rna10k
-0.0073798653,-0.0057762195,rna10k
-0.006367231,0.0068794447,rna10k
-0.006355885,-0.005816643,rna10k
-0.007389686,0.00076646754,rna10k
-0.0063550686,-0.00763492,rna10k
-0.00636576,0.0039230217,rna10k
-0.007377603,-0.0034356522,rna10k
-0.0073779584,-0.0064804056,rna10k
-0.007270349,-0.0063902433,rna10k
-0.0073802965,-0.0012967064,rna10k
-0.0073587187,0.010899232,rna10k
-0.006375704,0.007368839,rna10k
-0.007340075,-0.0034182707,rna10k
-0.006364863,-0.00601182,rna10k
-0.006363971,0.005352953,rna10k
-0.006335692,-0.009563275,rna10k
-0.007361703,-0.0037468516,rna10k
-0.0073832963,-0.0013034586,rna10k
-0.006364414,0.0039394605,rna10k
-0.0065227356,0.01978513,rna10k
-0.0066339327,0.011879433,rna10k
-0.0063672196,0.007024283,rna10k
-0.006819108,0.0003955739,rna10k
-0.0063651353,-0.0053979945,rna10k
-0.00636431,-0.006009095,rna10k
-0.007382664,0.01432398,rna10k
-0.00636816,0.008300203,rna10k
-0.006414151,-0.0007680279,rna10k
-0.0063623916,0.00024068673,rna10k
-0.007245553,-0.0068962867,rna10k
-0.0063701025,0.0073625203,rna10k
-0.006365889,0.0070242058,rna10k
-0.006364588,-0.0056856815,rna10k
-0.0063633556,0.0019408184,rna10k
-0.006404503,0.011604963,rna10k
-0.006364731,0.0050259344,rna10k
-0.007374738,-0.0036580283,rna10k
-0.0063674334,0.005840814,rna10k
-0.0073604686,-0.0034450595,rna10k
-0.0063780826,-0.0033595916,rna10k
-0.006370552,-0.007065596,rna10k
-0.006364954,-0.0051345546,rna10k
-0.006393908,0.007142341,rna10k
-0.0071732905,-0.0003215153,rna10k
-0.0063722497,0.0052320207,rna10k
-0.0071902024,0.00452883,rna10k
-0.006841955,0.021659935,rna10k
-0.006375205,-0.0036536094,rna10k
-0.0063699484,-0.0041742506,rna10k
-0.006355963,-0.0029261329,rna10k
-0.0072579687,0.0036473742,rna10k
-0.007383519,0.0069389357,rna10k
-0.006648811,0.0059947437,rna10k
-0.006347164,-0.0054627103,rna10k
-0.0073873745,0.0071160863,rna10k
-0.0073930747,0.0063432986,rna10k
-0.007265507,-0.006477861,rna10k
-0.0063667223,0.010499812,rna10k
-0.0063617565,0.0018464623,rna10k
-0.0063326648,-0.0147454655,rna10k
-0.00635979,0.00041235014,rna10k
-0.0073526744,0.0054287175,rna10k
-0.0073870285,-0.0012748295,rna10k
-0.00635303,-0.007718925,rna10k
-0.0063691796,-0.0048493566,rna10k
-0.0072021247,-0.011937581,rna10k
-0.006366966,-0.006014301,rna10k
-0.007222058,0.0060016597,rna10k
-0.007364487,-0.0015623065,rna10k
-0.0063846973,-0.0007327299,rna10k
-0.007380168,-0.008506899,rna10k
-0.0073800157,-0.0061913547,rna10k
-0.0065247347,0.004449891,rna10k
-0.006362107,-0.0035549807,rna10k
-0.0073833405,0.011927096,rna10k
-0.0073785484,-0.0061226087,rna10k
-0.0073652766,-0.004099476,rna10k
-0.006361463,-0.00018359744,rna10k
-0.0073640137,-0.011744578,rna10k
-0.006356208,-0.005685599,rna10k
-0.006362106,-0.001114604,rna10k
-0.0073836003,0.0049283,rna10k
-0.0073609077,-0.014291437,rna10k
-0.0073846215,0.00077684043,rna10k
-0.0073619676,-0.0009783665,rna10k
-0.0063679637,0.007234622,rna10k
-0.0063658743,0.005406683,rna10k
-0.006372606,0.012794306,rna10k
-0.007220623,0.005869583,rna10k
-0.0073885727,0.005053547,rna10k
-0.0073838565,-0.004852277,rna10k
-0.0063645192,0.0035777558,rna10k
-0.0063600624,0.0019047322,rna10k
-0.0073833056,0.007065931,rna10k
-0.0063420986,-0.008090585,rna10k
-0.0065243654,0.018327171,rna10k
-0.0073343804,0.0011887305,rna10k
-0.0073568346,0.0015393888,rna10k
-0.0063619786,0.002131731,rna10k
-0.0063664345,0.005579613,rna10k
-0.007142727,-0.0071722707,rna10k
-0.0073851016,-0.0051530073,rna10k
-0.006353472,-0.0064946865,rna10k
-0.0063724555,0.006054454,rna10k
-0.0072267805,0.01576612,rna10k
-0.0063541243,-0.0048462064,rna10k
-0.007387184,-0.0011733864,rna10k
-0.0063539026,-0.0053238226,rna10k
-0.0063690487,0.002573372,rna10k
-0.007256292,0.0006828082,rna10k
-0.0073597967,0.006866727,rna10k
-0.0073792883,-0.0065098978,rna10k
-0.00637473,0.013707914,rna10k
-0.006508605,-0.018161511,rna10k
-0.0063673332,0.0055354927,rna10k
-0.0063584954,-0.0031815222,rna10k
-0.00736059,-0.014269758,rna10k
-0.0073874737,0.0050847167,rna10k
-0.006363999,-7.507161e-05,rna10k
-0.007357713,0.0007768112,rna10k
-0.007357057,0.0055248993,rna10k
-0.006365614,0.0055016745,rna10k
-0.0073603834,-9.675674e-05,rna10k
-0.007358674,-0.00024102443,rna10k
-0.0063651623,0.0035395182,rna10k
-0.0065256334,-0.010658347,rna10k
-0.006388152,-0.00237899,rna10k
-0.006333546,-0.008349389,rna10k
-0.0073559545,0.009318799,rna10k
-0.0063560596,-0.007252098,rna10k
-0.006527927,0.0073207393,rna10k
-0.0063591544,-0.005062094,rna10k
-0.0063938363,0.0074254316,rna10k
-0.007384221,-0.0044492194,rna10k
-0.0073927273,0.008690798,rna10k
-0.0073613967,-0.0074578323,rna10k
-0.0073815375,-0.004460974,rna10k
-0.0063799596,0.0117653385,rna10k
-0.007280725,-0.0013102058,rna10k
-0.0065237605,0.01935632,rna10k
-0.006352919,-0.008021174,rna10k
-0.006403254,0.004766891,rna10k
-0.0063610417,0.0016201102,rna10k
-0.0065237097,0.01623364,rna10k
-0.0064723245,0.005099406,rna10k
-0.0073526218,0.008426725,rna10k
-0.00639506,0.00911222,rna10k
-0.0072558415,-0.0062816977,rna10k
-0.00736057,-0.0025256476,rna10k
-0.00636287,-0.0011749403,rna10k
-0.0063655786,0.005110105,rna10k
-0.0063545974,-0.005886224,rna10k
-0.007236833,0.016274258,rna10k
-0.0063729426,-0.0037331155,rna10k
-0.006407152,0.008553159,rna10k
-0.006365613,0.0037894116,rna10k
-0.0063535403,-0.0074676336,rna10k
-0.0063630817,0.0037731663,rna10k
-0.0063698897,0.008271951,rna10k
-0.006525119,-0.01639977,rna10k
-0.0073544662,0.010143603,rna10k
-0.0063892454,0.022593798,rna10k
-0.0063635544,0.0017521924,rna10k
-0.0063976073,0.013599657,rna10k
-0.006382582,-0.00096514076,rna10k
-0.007191881,-0.026372004,rna10k
-0.007377235,-0.0052325255,rna10k
-0.0063557187,-0.005227585,rna10k
-0.006654324,0.015702734,rna10k
-0.0063624545,-0.01376897,rna10k
-0.0063698483,0.0064861462,rna10k
-0.007385327,0.0007901268,rna10k
-0.0073881997,0.003402253,rna10k
-0.0063674236,0.012033554,rna10k
-0.0063646655,-0.007278938,rna10k
-0.0063614063,-0.0023723196,rna10k
-0.0063621034,0.0006855009,rna10k
-0.007380449,-0.0039101355,rna10k
-0.007374083,-0.0032202934,rna10k
-0.006365435,0.004826841,rna10k
-0.006379914,-0.0010054,rna10k
-0.0063635893,-0.009221589,rna10k
-0.006346829,0.007110121,rna10k
-0.007383137,-0.0049219835,rna10k
-0.006520925,0.013649708,rna10k
-0.0063550556,-0.005683593,rna10k
-0.0072678984,-0.0011895932,rna10k
-0.0073851673,0.0009480622,rna10k
-0.0073713283,-0.0059584733,rna10k
-0.007366652,-0.009535929,rna10k
-0.007381381,-0.00045809682,rna10k
-0.0063658375,-0.0036746936,rna10k
-0.0063579967,-0.0056556757,rna10k
-0.0063617905,0.0032028686,rna10k
-0.0073590465,0.011295291,rna10k
-0.007364898,-0.0023902317,rna10k
-0.007362569,-0.0070483633,rna10k
-0.0063562617,-0.004291383,rna10k
-0.007361293,-0.0020720838,rna10k
-0.006386949,-0.0011429791,rna10k
-0.0063846074,0.010048482,rna10k
-0.006396654,0.009691432,rna10k
-0.006371145,0.0058525307,rna10k
-0.007387574,0.0054814694,rna10k
-0.0073562455,0.006104341,rna10k
-0.007276245,0.023958122,rna10k
-0.0063607846,-0.0010690256,rna10k
-0.0063650915,-0.0075506424,rna10k
-0.007269238,-0.00057257275,rna10k
-0.0073684314,-0.005035778,rna10k
-0.0063627395,0.0041879136,rna10k
-0.0073635485,-0.010806881,rna10k
-0.0063556177,-0.0058169765,rna10k
-0.006365835,0.008028003,rna10k
-0.0063567637,-0.0036498427,rna10k
-0.0072365324,0.0058557373,rna10k
-0.0073531913,0.011867289,rna10k
-0.0073868986,0.006780489,rna10k
-0.0063643935,-0.017313007,rna10k
-0.006525308,-0.0047788476,rna10k
-0.006366289,0.0045517674,rna10k
-0.0072739744,-0.005984978,rna10k
-0.006360563,-0.0011731362,rna10k
-0.006367613,0.008357539,rna10k
-0.006364136,0.0045308773,rna10k
-0.006385376,0.000284471,rna10k
-0.0063696755,0.00933078,rna10k
-0.0073741497,-0.009921919,rna10k
-0.0073796525,-0.006440389,rna10k
-0.0063598882,-0.008003683,rna10k
-0.0063667838,0.008115488,rna10k
-0.0063684955,0.008428062,rna10k
-0.006363442,-0.0053099934,rna10k
-0.0073809656,-0.0048798164,rna10k
-0.0068236077,0.0023765443,rna10k
-0.007144123,-0.005285516,rna10k
-0.006363508,-0.007599505,rna10k
-0.0064171017,0.010065351,rna10k
-0.006524378,0.012184539,rna10k
-0.0063653532,0.0046704076,rna10k
-0.0073615154,-5.9465572e-05,rna10k
-0.0063678944,0.0062883436,rna10k
-0.0063883294,0.0012961539,rna10k
-0.0073738466,-0.006065791,rna10k
-0.006398654,0.0075447285,rna10k
-0.0063603856,-0.001810878,rna10k
-0.0063328957,-0.009932712,rna10k
-0.007385107,0.0016579942,rna10k
-0.0063674566,0.0024890075,rna10k
-0.006395697,0.006387725,rna10k
-0.007370621,-0.008303072,rna10k
-0.0063660964,0.0026342943,rna10k
-0.007368167,-0.0069680605,rna10k
-0.006364421,0.002685674,rna10k
-0.0063617635,0.00012708253,rna10k
-0.007386048,-0.0004467275,rna10k
-0.0073620016,-0.00455331,rna10k
-0.006366634,0.0050485665,rna10k
-0.0065094,-0.017813694,rna10k
-0.006367729,0.0096950885,rna10k
-0.0063667293,0.0070351413,rna10k
-0.007381334,0.0029568805,rna10k
-0.00738532,0.0032750485,rna10k
-0.0065218583,0.010027814,rna10k
-0.007381413,-0.0055601858,rna10k
-0.006367123,-0.009158587,rna10k
-0.00636839,0.0070662713,rna10k
-0.006399268,0.007522623,rna10k
-0.0065254834,0.012983065,rna10k
-0.006352103,-0.010030077,rna10k
-0.0064225676,0.010453511,rna10k
-0.007384019,-0.0003743408,rna10k
-0.0063657206,0.0064060516,rna10k
-0.007357541,-0.011901641,rna10k
-0.00652938,0.010381348,rna10k
-0.0073731537,-0.005477854,rna10k
-0.0063902587,0.0021207528,rna10k
-0.0073240343,-8.920091e-05,rna10k
-0.0063629434,0.0014101603,rna10k
-0.007374241,-0.009641908,rna10k
-0.006524929,-0.0111459065,rna10k
-0.0073831864,0.010486017,rna10k
-0.006364646,0.0038376334,rna10k
-0.0063658347,0.0050942274,rna10k
-0.007360535,0.0012303661,rna10k
-0.0063670897,0.008826086,rna10k
-0.0072487467,0.006996413,rna10k
-0.0073824157,-0.0043227375,rna10k
-0.007232961,0.00084532244,rna10k
-0.006364627,-0.004985838,rna10k
-0.0063662156,-0.007804332,rna10k
-0.0063665784,0.013374735,rna10k
-0.006390557,0.012005502,rna10k
-0.0063624247,-0.0070027523,rna10k
-0.006362045,-0.00013906958,rna10k
-0.0073538767,0.0039993525,rna10k
-0.0063649854,0.0043603834,rna10k
-0.0073534,0.009590934,rna10k
-0.006519875,-0.017447596,rna10k
-0.007381958,-0.004797173,rna10k
-0.007254798,-0.0147342505,rna10k
-0.006367194,0.006280384,rna10k
-0.0073615545,-0.008614605,rna10k
-0.006365446,-0.00038365222,rna10k
-0.0073845796,0.0034759426,rna10k
-0.0065223966,0.011108078,rna10k
-0.0063970457,0.00066640915,rna10k
-0.0063547534,-0.0057784882,rna10k
-0.007375661,-0.004885843,rna10k
-0.006371673,0.008135147,rna10k
-0.0063672806,0.0063479077,rna10k
-0.0063615707,-0.004289731,rna10k
-0.006364664,0.005201473,rna10k
-0.006395984,0.009674811,rna10k
-0.0073589426,0.003815233,rna10k
-0.0066608205,0.0027169227,rna10k
-0.006384607,-0.008099169,rna10k
-0.007384003,0.0011330722,rna10k
-0.007384478,0.009405524,rna10k
-0.0063716224,0.01078354,rna10k
-0.0073779435,-0.005616389,rna10k
-0.0063713063,0.005834801,rna10k
-0.0073603974,0.003363302,rna10k
-0.0063678836,0.00710252,rna10k
-0.0063673053,0.005795576,rna10k
-0.0063658915,0.0047053597,rna10k
-0.006365211,0.0051528644,rna10k
-0.0063703237,0.00020550423,rna10k
-0.00639665,0.008196091,rna10k
-0.007384703,-0.0016230304,rna10k
-0.007379524,-0.005058991,rna10k
-0.007241757,-1.8648285e-05,rna10k
-0.0073875105,7.965371e-05,rna10k
-0.006363364,-0.0049567716,rna10k
-0.006357441,-0.0035712002,rna10k
-0.0065215803,0.019235712,rna10k
-0.0063634277,0.0017333283,rna10k
-0.006367549,-0.004839081,rna10k
-0.007376008,-0.0048867785,rna10k
-0.0063667386,0.0088974,rna10k
-0.0065274825,0.0018753996,rna10k
-0.0065258695,-0.0127593195,rna10k
-0.0065257796,0.0011580673,rna10k
-0.0063668205,0.005437103,rna10k
-0.007361203,-0.009388689,rna10k
-0.0073830853,0.007135979,rna10k
-0.007382243,-0.0044913697,rna10k
-0.007388431,-0.004802738,rna10k
-0.006391978,0.0041710795,rna10k
-0.0073592644,0.010580995,rna10k
-0.0063646724,0.0030730295,rna10k
-0.0071333395,0.009467708,rna10k
-0.0063650794,-0.0022269685,rna10k
-0.006362834,-0.0015144125,rna10k
-0.006396603,0.010484456,rna10k
-0.006388496,0.00386752,rna10k
-0.0063648857,0.0036685462,rna10k
-0.006389794,0.0075234524,rna10k
-0.00636015,-0.00017256747,rna10k
-0.0063331844,-0.008487869,rna10k
-0.00716118,-0.0021444736,rna10k
-0.0065858588,-0.031367194,rna10k
-0.006366072,0.005112839,rna10k
-0.006373917,0.0042307293,rna10k
-0.0064204843,-0.00073304697,rna10k
-0.0063741975,-0.0024169795,rna10k
-0.006362691,-0.008716246,rna10k
-0.0063908976,-0.0005385119,rna10k
-0.007386104,0.0008765616,rna10k
-0.006381568,0.0005248774,rna10k
-0.0063389335,-0.0101052355,rna10k
-0.00734823,-0.00035121344,rna10k
-0.007360861,-0.0025756417,rna10k
-0.006373286,-0.00012604972,rna10k
-0.0063542887,-0.0049442057,rna10k
-0.007381873,-0.0023194328,rna10k
-0.0063875304,0.01262603,rna10k
-0.0073621585,-0.0072287247,rna10k
-0.006364872,0.0029893955,rna10k
-0.006391767,0.007314108,rna10k
-0.0073868893,0.0016511722,rna10k
-0.0063829594,-0.0035185711,rna10k
-0.006356993,-0.0037658305,rna10k
-0.006379895,0.013522275,rna10k
-0.007380686,-0.0067580948,rna10k
-0.0071712886,-0.013993308,rna10k
-0.0063855266,0.000425033,rna10k
-0.0063612643,-0.011882109,rna10k
-0.0063319243,-0.010192687,rna10k
-0.007385533,0.003681311,rna10k
-0.006384509,-0.0026361695,rna10k
-0.0063652922,-0.0065930462,rna10k
-0.0063616424,-0.0053350627,rna10k
-0.0073852693,0.0038811103,rna10k
-0.0065234853,0.017749555,rna10k
-0.0063638138,-0.0025749134,rna10k
-0.0066322014,-0.004544131,rna10k
-0.006830228,0.0017127879,rna10k
-0.0063884314,0.004281489,rna10k
-0.0063619204,-0.010103658,rna10k
-0.0064413287,-0.008438065,rna10k
-0.007184615,0.0006210066,rna10k
-0.007355052,0.010564988,rna10k
-0.007385044,-0.004576208,rna10k
-0.0063667446,0.0061053885,rna10k
-0.0073899794,0.0038008357,rna10k
-0.006361355,-0.0019505656,rna10k
-0.007292655,-0.006531013,rna10k
-0.0073790993,-0.0048260447,rna10k
-0.0073524173,0.014437857,rna10k
-0.007382508,0.0051538427,rna10k
-0.006371157,0.0016247315,rna10k
-0.0063713244,-0.0067534815,rna10k
-0.007363988,-0.010005311,rna10k
-0.0063542244,-0.006339416,rna10k
-0.0073871803,0.0017595849,rna10k
-0.006398225,0.009374222,rna10k
-0.006367028,0.008190309,rna10k
-0.0063600903,0.0012715701,rna10k
-0.0065262816,0.00860033,rna10k
-0.0063580796,-0.0064283595,rna10k
-0.00635764,0.022210857,rna10k
-0.0065466654,-0.012694653,rna10k
-0.0063781734,-0.0008167156,rna10k
-0.0063658264,0.00496413,rna10k
-0.0063674613,0.007803603,rna10k
-0.0063679125,0.008375281,rna10k
-0.006367782,0.007353813,rna10k
-0.0063779554,-0.005736445,rna10k
-0.0073757092,-0.005356895,rna10k
-0.0073776417,-0.0065032984,rna10k
-0.007383034,-0.0048139417,rna10k
-0.0073739258,-0.0053280103,rna10k
-0.007381651,-0.004798854,rna10k
-0.0063635223,-0.009632233,rna10k
-0.007379842,-0.0060717817,rna10k
-0.0073500513,0.0070387204,rna10k
-0.0064056683,0.008259129,rna10k
-0.006822589,0.007418713,rna10k
-0.0063570086,-0.007859693,rna10k
-0.006363129,3.1934233e-05,rna10k
-0.0064014127,0.010955182,rna10k
-0.0063589606,-0.004942643,rna10k
-0.007384798,0.0036899697,rna10k
-0.007381195,-0.0064079436,rna10k
-0.0063636196,-0.009336402,rna10k
-0.0063668774,0.005713216,rna10k
-0.0073577873,0.0067188297,rna10k
-0.0073688556,-0.004930163,rna10k
-0.0063667875,0.008902298,rna10k
-0.006358648,-0.0033070096,rna10k
-0.0071688723,-0.0019838952,rna10k
-0.0063591516,-0.008409034,rna10k
-0.00731354,-0.005541822,rna10k
-0.0063352115,-0.006978366,rna10k
-0.0063559385,-0.002605519,rna10k
-0.0066366266,0.008505628,rna10k
-0.006358541,-0.0003734129,rna10k
-0.007375045,-0.0061423527,rna10k
-0.00652118,0.016138064,rna10k
-0.0063668927,0.00658183,rna10k
-0.006363627,-0.0004395866,rna10k
-0.007254641,0.016234396,rna10k
-0.006366046,-0.007548139,rna10k
-0.0063796,0.0028567738,rna10k
-0.007360734,-0.0024888217,rna10k
-0.006365736,0.0064042797,rna10k
-0.007260498,0.009736036,rna10k
-0.007385269,0.0078507485,rna10k
-0.006389255,0.0028660488,rna10k
-0.006404248,0.0028623126,rna10k
-0.00718016,0.007247281,rna10k
-0.006365436,0.0072782836,rna10k
-0.006377019,0.00049615063,rna10k
-0.006368856,0.0076908153,rna10k
-0.0063825306,-0.0034978366,rna10k
-0.007250115,-0.011487725,rna10k
-0.0063667716,-0.0083393315,rna10k
-0.0073807086,-0.0053926366,rna10k
-0.006365178,0.003995735,rna10k
-0.00637038,0.00029238337,rna10k
-0.0064141075,-0.0029110264,rna10k
-0.0063703964,-0.011367584,rna10k
-0.0065255878,-0.018092636,rna10k
-0.006366201,-0.006025568,rna10k
-0.0063669835,0.005587887,rna10k
-0.0063683745,-0.0025651169,rna10k
-0.006369218,-0.0030692944,rna10k
-0.00635203,-0.009130045,rna10k
-0.007174356,-0.0007549587,rna10k
-0.006380171,0.006703941,rna10k
-0.006396656,0.010731694,rna10k
-0.006360275,-0.0020872962,rna10k
-0.0073833163,-0.0033827745,rna10k
-0.0073652975,-0.0019279644,rna10k
-0.0073461556,-0.00012045569,rna10k
-0.0073855193,0.011099745,rna10k
-0.007388503,0.0025469183,rna10k
-0.0063581546,-0.0031303742,rna10k
-0.0063587492,-0.002201319,rna10k
-0.0063601453,-0.00025028238,rna10k
-0.0063575935,-0.002329056,rna10k
-0.0063781133,0.0071858163,rna10k
-0.006372656,-0.00383453,rna10k
-0.007357265,-0.0050862,rna10k
-0.0063672727,0.008861593,rna10k
-0.006361396,-0.00010546128,rna10k
-0.0063638794,-0.006205782,rna10k
-0.007322071,0.00095776306,rna10k
-0.0063668727,0.0055586845,rna10k
-0.0073869834,-0.0030699414,rna10k
-0.0063599152,-0.0011710569,rna10k
-0.0063565173,-0.004432071,rna10k
-0.0073629883,0.00015218573,rna10k
-0.0063967397,0.0077889087,rna10k
-0.0063632987,0.003008992,rna10k
-0.0072477073,0.004774689,rna10k
-0.006364901,0.004717138,rna10k
-0.0073825354,-0.0050214366,rna10k
-0.0072360975,0.009941339,rna10k
-0.006523461,0.0044282023,rna10k
-0.00738124,-0.0056834244,rna10k
-0.006820091,0.000871429,rna10k
-0.007375436,-0.0051128524,rna10k
-0.006360103,0.0007556346,rna10k
-0.007351833,0.008048806,rna10k
-0.0073514716,0.007296168,rna10k
-0.007370094,-0.006489185,rna10k
-0.007383606,-0.0027264394,rna10k
-0.006365361,0.004200255,rna10k
-0.0063932263,-0.0028734782,rna10k
-0.0073592877,0.0015792048,rna10k
-0.006361219,0.0023681459,rna10k
-0.0073866034,-0.00048449077,rna10k
-0.007380045,-0.0020850678,rna10k
-0.0073639583,-0.0032766885,rna10k
-0.0063649383,-0.008557118,rna10k
-0.0063720536,0.009002859,rna10k
-0.006406796,0.0072503416,rna10k
-0.0063619576,0.0016605726,rna10k
-0.0073567163,0.010458548,rna10k
-0.0065242164,0.013473177,rna10k
-0.006363798,-0.004616605,rna10k
-0.007363511,-0.009426102,rna10k
-0.00736921,-0.0069163227,rna10k
-0.006363712,0.0019581087,rna10k
-0.0063669956,0.0062402543,rna10k
-0.0063663777,0.0059635574,rna10k
-0.0063665626,0.005487774,rna10k
-0.00636777,0.00787259,rna10k
-0.0073241335,-0.005228196,rna10k
-0.006361298,-0.0010186506,rna10k
-0.006365018,-0.00498325,rna10k
-0.007384305,0.0005511007,rna10k
-0.007262597,-0.00221914,rna10k
-0.0063968603,0.010828675,rna10k
-0.0063879495,0.00048212765,rna10k
-0.0063797603,0.0047221854,rna10k
-0.0072582355,0.0024235619,rna10k
-0.007357672,0.011639215,rna10k
-0.0063720266,-0.007988081,rna10k
-0.00736015,-0.0012953435,rna10k
-0.006363213,-0.008693314,rna10k
-0.0073794574,-0.006329786,rna10k
-0.006509402,-0.02080541,rna10k
-0.006525117,-0.008530339,rna10k
-0.0063412352,-0.0073471325,rna10k
-0.0063514933,-0.0024293645,rna10k
-0.0073824627,-0.0046194335,rna10k
-0.0063611874,9.985718e-05,rna10k
-0.0065232995,-0.00045436763,rna10k
-0.0073623694,0.014052363,rna10k
-0.0073566046,-0.015553433,rna10k
-0.0063661756,0.006120811,rna10k
-0.006370418,0.008511743,rna10k
-0.0063339476,-0.009978245,rna10k
-0.0063670054,0.0044312654,rna10k
-0.006363647,-0.0050822473,rna10k
-0.007385662,-0.0048342007,rna10k
-0.0063932226,0.0072658365,rna10k
-0.0063566524,-0.0030774365,rna10k
-0.0072251004,0.0074381833,rna10k
-0.0063608787,-0.0013539828,rna10k
-0.006363629,0.0017367644,rna10k
-0.0065447735,-0.008617772,rna10k
-0.00636324,0.0010447026,rna10k
-0.0064018746,0.008434521,rna10k
-0.00736168,0.00078996306,rna10k
-0.006366731,0.0057987985,rna10k
-0.0063520246,-0.00920019,rna10k
-0.0063652983,0.0049385326,rna10k
-0.0073767,-0.004483399,rna10k
-0.006364045,0.002481334,rna10k
-0.006820168,0.0012758971,rna10k
-0.0071525606,-0.0119211,rna10k
-0.007387231,-0.0022512213,rna10k
-0.006360648,-0.00045524572,rna10k
-0.007361911,-0.010981311,rna10k
-0.006362206,0.0039281873,rna10k
-0.0063638263,0.0030466872,rna10k
-0.0063737845,-0.0051870546,rna10k
-0.0063640205,0.002340161,rna10k
-0.0073576504,0.01130968,rna10k
-0.006354356,-0.0070651276,rna10k
-0.007386564,-0.00065975054,rna10k
-0.0063650236,-0.008798955,rna10k
-0.006367051,0.006757888,rna10k
-0.0073886276,-0.000919545,rna10k
-0.0063725407,-0.003750426,rna10k
-0.006363098,-0.0065239775,rna10k
-0.00633223,-0.009573431,rna10k
-0.0063863224,-0.0027465988,rna10k
-0.006364705,-0.0011478767,rna10k
-0.007359611,0.012289926,rna10k
-0.0065122205,0.010683297,rna10k
-0.0073452424,-0.018398084,rna10k
-0.0073829778,-0.004865875,rna10k
-0.0070843324,-0.0035200436,rna10k
-0.007374553,-0.010288008,rna10k
-0.00738761,-0.001202265,rna10k
-0.0063681593,0.0046902983,rna10k
-0.007195871,0.0039632847,rna10k
-0.006356377,-0.008009635,rna10k
-0.0063525704,-0.008660548,rna10k
-0.0063736383,-0.009339695,rna10k
-0.006363697,-0.0023297984,rna10k
-0.006371968,-0.009647072,rna10k
-0.0073837796,0.0001700636,rna10k
-0.0063607693,-0.00027636858,rna10k
-0.0063598417,-0.0012277114,rna10k
-0.006365587,0.0029465077,rna10k
-0.0063667223,0.007914944,rna10k
-0.00738582,0.0051089833,rna10k
-0.00735945,0.011105217,rna10k
-0.0072506717,0.008837068,rna10k
-0.006357724,-0.000882004,rna10k
-0.0073815384,-0.0023330136,rna10k
-0.0063676187,0.0069335955,rna10k
-0.006362196,0.003515859,rna10k
-0.007365014,-0.0029712638,rna10k
-0.0063955146,0.011109122,rna10k
-0.0063647255,0.002412808,rna10k
-0.006366136,0.00869199,rna10k
-0.0063798698,-0.003295281,rna10k
-0.0063725486,0.00404994,rna10k
-0.006363982,-0.0046626055,rna10k
-0.0063632075,-0.0010296592,rna10k
-0.00733377,-0.012183984,rna10k
-0.0063662753,-0.004793291,rna10k
-0.006359394,-0.0022910365,rna10k
-0.006367605,0.0032563643,rna10k
-0.0063585835,-0.0056764307,rna10k
-0.006393397,-0.019408036,rna10k
-0.006821143,0.0020004031,rna10k
-0.0063784462,-0.0047179163,rna10k
-0.0063705044,-0.0074750734,rna10k
-0.0063599492,-0.0012285315,rna10k
-0.0072606625,0.004243745,rna10k
-0.006360995,-0.00038575954,rna10k
-0.0071947332,0.0030458272,rna10k
-0.0063573224,-0.006841196,rna10k
-0.0063680285,0.005999868,rna10k
-0.007383172,0.0008647492,rna10k
-0.00635416,-0.0069470545,rna10k
-0.0073791645,-0.00494126,rna10k
-0.0064014653,0.009903589,rna10k
-0.006526416,0.010894966,rna10k
-0.0073600905,-0.0038570745,rna10k
-0.0073592113,0.007660517,rna10k
-0.0063655395,-0.00859615,rna10k
-0.006362072,-0.00650619,rna10k
-0.0063666813,0.006423956,rna10k
-0.007387221,-0.00024480702,rna10k
-0.0065055266,-0.025401453,rna10k
-0.006507193,-0.022022167,rna10k
-0.0063673332,0.0073981415,rna10k
-0.007378346,-0.011834848,rna10k
-0.007376801,-0.0056841588,rna10k
-0.0068207597,0.0022589401,rna10k
-0.006369954,0.008040181,rna10k
-0.0073873615,-0.0014338475,rna10k
-0.007361099,0.0006224615,rna10k
-0.0063668103,0.008897449,rna10k
-0.0063646636,0.0049260193,rna10k
-0.0072469995,0.00044308632,rna10k
-0.006363047,0.004633367,rna10k
-0.0065275114,-0.0135549335,rna10k
-0.006385769,-0.0015379351,rna10k
-0.0063645043,0.0035547717,rna10k
-0.0073831878,-0.00088819145,rna10k
-0.006357213,-0.0017602611,rna10k
-0.00738351,-0.0047047064,rna10k
-0.006360275,0.0011881825,rna10k
-0.0063702837,-0.012721846,rna10k
-0.006367889,0.008483931,rna10k
-0.0063617774,0.0008604918,rna10k
-0.006369566,0.006695502,rna10k
-0.006514462,-0.024939027,rna10k
-0.006380984,0.00945183,rna10k
-0.0063642417,0.0044000773,rna10k
-0.0063650757,-0.0059039686,rna10k
-0.006421643,0.0075343344,rna10k
-0.0073569817,0.0053612157,rna10k
-0.007268686,-0.0043781623,rna10k
-0.006398402,0.0006289657,rna10k
-0.006361715,0.0020206554,rna10k
-0.0073855985,-0.001343012,rna10k
-0.0065309247,-0.0049416353,rna10k
-0.0063658077,0.005570824,rna10k
-0.0063636955,-0.0074839825,rna10k
-0.006357881,-0.001671453,rna10k
-0.0063573187,0.0020965922,rna10k
-0.0063667027,-0.0065736333,rna10k
-0.0063853967,-0.0008137827,rna10k
-0.007263395,-0.00564325,rna10k
-0.00738222,-0.0031420994,rna10k
-0.0073626824,-0.004855042,rna10k
-0.007379042,-0.0013736422,rna10k
-0.007382519,-0.0039291214,rna10k
-0.006361725,0.0015392313,rna10k
-0.006365301,0.0057834825,rna10k
-0.006367648,0.008140667,rna10k
-0.0063615087,-0.01354988,rna10k
-0.0063655917,-0.005925094,rna10k
-0.0063981977,0.009000935,rna10k
-0.007381662,-0.002675559,rna10k
-0.006365222,0.006687626,rna10k
-0.0063637616,-0.0086348,rna10k
-0.006335479,-0.00971633,rna10k
-0.006366307,0.0043892646,rna10k
-0.007356428,-0.0032105467,rna10k
-0.0063671805,0.0009168143,rna10k
-0.0063652173,-0.0058374093,rna10k
-0.0063672336,0.0073233717,rna10k
-0.0073791877,-0.002773037,rna10k
-0.0063683423,-0.0022471403,rna10k
-0.0063619185,0.0011437051,rna10k
-0.0073328945,-0.015836813,rna10k
-0.006331334,-0.010200645,rna10k
-0.0073822765,0.00041153884,rna10k
-0.007385193,-0.001490989,rna10k
-0.006361141,-0.0018752838,rna10k
-0.0072016153,0.003550269,rna10k
-0.0063657556,-0.005326073,rna10k
-0.007353087,0.010659577,rna10k
-0.0073587205,0.009969985,rna10k
-0.0073624076,-0.0062351497,rna10k
-0.0063710585,0.0071062376,rna10k
-0.0063632284,0.0021670104,rna10k
-0.0064173597,0.010369195,rna10k
-0.0073791076,-0.0028188864,rna10k
-0.007252716,-0.01793349,rna10k
-0.007356384,0.00062438933,rna10k
-0.0072273216,0.011875405,rna10k
-0.0073833507,-0.004451486,rna10k
-0.006656828,0.009051178,rna10k
-0.0065723453,-0.0030904105,rna10k
-0.0073856823,-0.0021852015,rna10k
-0.0063624172,0.003157288,rna10k
-0.006357079,-0.00327493,rna10k
-0.006528863,-0.002637397,rna10k
-0.0063970294,0.0077891042,rna10k
-0.00723765,-0.004841687,rna10k
-0.006523321,-0.00899566,rna10k
-0.006375927,-0.0053867465,rna10k
-0.0063548586,-0.004721751,rna10k
-0.006358707,0.000951675,rna10k
-0.0073224464,-0.009615467,rna10k
-0.006393719,0.009114719,rna10k
-0.0073730964,-0.005287867,rna10k
-0.00635862,-0.0023236894,rna10k
-0.0063650464,0.006474111,rna10k
-0.0067286124,-0.005064096,rna10k
-0.0063641625,-0.00091413583,rna10k
-0.0063545685,-0.0071625947,rna10k
-0.0073814974,-0.0051915306,rna10k
-0.006360381,-0.0004443658,rna10k
-0.007356035,0.0098290825,rna10k
-0.0073669585,-0.0035768072,rna10k
-0.006377746,-0.0061726486,rna10k
-0.0068223085,0.0035458324,rna10k
-0.0063595236,-0.0018392671,rna10k
-0.0063626315,-0.0070417975,rna10k
-0.0063653304,-0.005267768,rna10k
-0.006364076,0.0035920297,rna10k
-0.006519952,-0.019090487,rna10k
-0.0072433245,0.014416714,rna10k
-0.006354363,-0.0075481934,rna10k
-0.006369147,0.004066176,rna10k
-0.0071656345,0.0058645727,rna10k
-0.007373951,-0.007280884,rna10k
-0.006511753,-0.01565033,rna10k
-0.0063628056,0.0021904462,rna10k
-0.0073851575,-0.0036723593,rna10k
-0.006400578,0.005505455,rna10k
-0.0063609476,-0.000114642375,rna10k
-0.0063656135,-0.0041272086,rna10k
-0.0063919974,0.0049861534,rna10k
-0.0063669006,-0.004189634,rna10k
-0.0073827663,0.00629898,rna10k
-0.0073827137,-0.002874266,rna10k
-0.0063640885,0.0016800872,rna10k
-0.0063620065,-0.0021981033,rna10k
-0.0065223165,0.014671439,rna10k
-0.00635911,-0.00063433946,rna10k
-0.006481686,-0.019316766,rna10k
-0.0065282513,-0.011751632,rna10k
-0.0065123,-0.02573749,rna10k
-0.006364906,0.0025640945,rna10k
-0.006364036,-0.0061234594,rna10k
-0.0073867696,0.0018612997,rna10k
-0.007384469,0.0025488476,rna10k
-0.0073861033,-0.0037661144,rna10k
-0.007384619,0.008880505,rna10k
-0.0065256683,-0.011483039,rna10k
-0.0063659414,0.004582108,rna10k
-0.006380825,-0.012671151,rna10k
-0.0063833254,-0.0022299371,rna10k
-0.006331167,-0.010164996,rna10k
-0.006366536,-0.0028630854,rna10k
-0.0063652275,0.00738905,rna10k
-0.007383913,-0.003168819,rna10k
-0.0063973446,0.006810895,rna10k
-0.006381363,0.024875417,rna10k
-0.006366711,0.010248116,rna10k
-0.0072002145,0.003876612,rna10k
-0.007381815,-0.0031560888,rna10k
-0.0063683763,0.011806226,rna10k
-0.006352895,-0.006657907,rna10k
-0.0072395853,-0.00029639332,rna10k
-0.007359269,0.012622311,rna10k
-0.006362176,-5.970656e-05,rna10k
-0.0073661143,-0.002803606,rna10k
-0.006394604,0.012687707,rna10k
-0.007386738,0.0037214095,rna10k
-0.006369222,0.007002422,rna10k
-0.00725726,0.0097321635,rna10k
-0.007386696,-0.00247557,rna10k
-0.006366311,0.008538434,rna10k
-0.0073552984,0.009294006,rna10k
-0.0063659414,0.0055066575,rna10k
-0.0073582693,-0.0030313148,rna10k
-0.006403243,0.010167766,rna10k
-0.0063662147,-0.0073659183,rna10k
-0.006363327,-0.0054841368,rna10k
-0.0063651395,-0.0096035935,rna10k
-0.0063642655,-0.003781279,rna10k
-0.006524547,-0.01679081,rna10k
-0.007363178,-0.004020084,rna10k
-0.0073595117,0.013355719,rna10k
-0.0073819915,-0.004113564,rna10k
-0.0073824916,-0.0046454337,rna10k
-0.0065183947,0.0050581316,rna10k
-0.007359681,0.0028207402,rna10k
-0.006330816,-0.009652306,rna10k
-0.0071931896,0.006305004,rna10k
-0.0063653383,0.004160215,rna10k
-0.006362498,-0.0006802606,rna10k
-0.0063596047,-0.0060939556,rna10k
-0.007377228,-0.004740546,rna10k
-0.0063659493,0.0058901315,rna10k
-0.006525594,0.0098169455,rna10k
-0.006353443,-0.007007634,rna10k
-0.00633408,-0.013956194,rna10k
-0.0063793543,-0.00016506232,rna10k
-0.0073559806,0.015754431,rna10k
-0.0063589304,-0.002242941,rna10k
-0.006397448,0.00941222,rna10k
-0.0073761116,-0.0056772134,rna10k
-0.0063656494,0.0056540677,rna10k
-0.006363931,0.0051830844,rna10k
-0.0063643213,-0.006905074,rna10k
-0.0073850644,0.001925137,rna10k
-0.007366734,-0.0075583323,rna10k
-0.007379606,-0.0066109584,rna10k
-0.0071590105,-0.0019884224,rna10k
-0.006525989,-0.010885918,rna10k
-0.006352823,-0.007913318,rna10k
-0.007349726,-0.0020969003,rna10k
-0.0063703763,-0.0013904795,rna10k
-0.006341428,-0.0039259302,rna10k
-0.007252081,0.016612135,rna10k
-0.006338847,-0.002266367,rna10k
-0.006362262,-0.008540489,rna10k
-0.0073862947,0.00021716335,rna10k
-0.0063852444,-0.0029715574,rna10k
-0.0063663702,0.0070948587,rna10k
-0.007356674,0.0047650263,rna10k
-0.0063827457,-0.008980955,rna10k
-0.0073852628,0.0041437577,rna10k
-0.0063636797,0.0051227002,rna10k
-0.006364554,0.006814316,rna10k
-0.006359083,-0.001303159,rna10k
-0.006366477,0.0055094156,rna10k
-0.0072294017,0.0023515008,rna10k
-0.007172045,0.0048174,rna10k
-0.006377378,-0.004016626,rna10k
-0.007247895,0.007926366,rna10k
-0.007369839,-0.0032746699,rna10k
-0.007377491,-0.0059044193,rna10k
-0.007360879,0.0010637606,rna10k
-0.0063677444,0.006329075,rna10k
-0.0063607437,0.0010668722,rna10k
-0.0064016716,0.010215112,rna10k
-0.0073853363,-0.001412725,rna10k
-0.006358153,-0.006848969,rna10k
-0.006366211,0.006175393,rna10k
-0.007173595,0.0067380434,rna10k
-0.00636167,-0.0001269303,rna10k
-0.0063631805,0.0010937147,rna10k
-0.006360559,-0.0014325475,rna10k
-0.0063535557,-0.0075152824,rna10k
-0.0068224613,0.010361961,rna10k
-0.0063559515,-0.005534936,rna10k
-0.0063662054,0.0055793812,rna10k
-0.0063700867,0.010445643,rna10k
-0.0063743135,0.0044655427,rna10k
-0.0065236315,0.018353272,rna10k
-0.0073870053,0.0036767991,rna10k
-0.0063615483,0.0016512582,rna10k
-0.006386965,-0.0010333527,rna10k
-0.006368923,0.0027271933,rna10k
-0.006401438,0.009158627,rna10k
-0.0072794943,-0.00432668,rna10k
-0.007385747,-0.0007609469,rna10k
-0.006410961,0.005023425,rna10k
-0.007365513,-0.005328092,rna10k
-0.0063741105,0.0054086284,rna10k
-0.00636184,0.00012992218,rna10k
-0.0073886174,0.0030266482,rna10k
-0.0073876865,0.0036346854,rna10k
-0.007387696,0.0021677846,rna10k
-0.0063318196,-0.0103877345,rna10k
-0.007382618,-0.0054698233,rna10k
-0.0063518146,-0.010721764,rna10k
-0.006364964,0.0043903654,rna10k
-0.00682446,0.0047709765,rna10k
-0.0073859706,0.0060772053,rna10k
-0.007385693,0.006031508,rna10k
-0.007386503,-0.0018291211,rna10k
-0.0063659716,0.005982046,rna10k
-0.0063660424,0.008585813,rna10k
-0.0073858122,0.002844132,rna10k
-0.006514855,-0.010584084,rna10k
-0.0073529696,0.011317629,rna10k
-0.006363675,-0.009931905,rna10k
-0.006366275,0.0051671444,rna10k
-0.0066370135,0.005697212,rna10k
-0.0063372264,-0.0012517407,rna10k
-0.0071606315,-0.0016392276,rna10k
-0.006353152,-0.008510118,rna10k
-0.006364648,-0.0017781368,rna10k
-0.0063640447,-0.0050826734,rna10k
-0.0063669663,-0.019488582,rna10k
-0.0063643386,0.0020586334,rna10k
-0.007381749,-0.0051324703,rna10k
-0.006387015,0.0067286408,rna10k
-0.0063607483,0.0010987486,rna10k
-0.006373903,-0.003947772,rna10k
-0.0063975547,-4.945238e-05,rna10k
-0.006373797,-0.004221073,rna10k
-0.0073644267,-0.0020782012,rna10k
-0.0063662,0.006821506,rna10k
-0.0063652033,-0.0028719022,rna10k
-0.0063667046,0.0061254883,rna10k
-0.0063738846,-0.007099312,rna10k
-0.0072949105,0.009087478,rna10k
-0.0073697595,-0.0034355945,rna10k
-0.007382818,-0.0020838173,rna10k
-0.0073848204,-0.0023919563,rna10k
-0.0073611857,-0.00528507,rna10k
-0.0073829344,-0.005951202,rna10k
-0.0063898982,0.005311943,rna10k
-0.006358762,-0.0018231038,rna10k
-0.006638409,-0.006399067,rna10k
-0.00738211,0.008545311,rna10k
-0.0063671903,0.008472915,rna10k
-0.0073463516,-0.0005251679,rna10k
-0.006403631,0.00692853,rna10k
-0.006813225,-0.002737423,rna10k
-0.0063726036,0.0047909566,rna10k
-0.0064026993,0.012621434,rna10k
-0.0073472997,-0.010365683,rna10k
-0.006525208,-0.002989497,rna10k
-0.007234199,0.0018808169,rna10k
-0.006369717,0.00013606549,rna10k
-0.006363179,-0.007329702,rna10k
-0.006365741,0.0065808655,rna10k
-0.0063617267,-0.004002105,rna10k
-0.0063594533,-0.0012531156,rna10k
-0.007385597,0.006414478,rna10k
-0.0073860753,0.00092545553,rna10k
-0.0063662473,0.004980181,rna10k
-0.006526115,-0.012845759,rna10k
-0.006397812,-0.0033127998,rna10k
-0.0063630138,-0.008291937,rna10k
-0.0063806786,-0.0063559995,rna10k
-0.006399716,0.0068335324,rna10k
-0.007388731,-0.0018985169,rna10k
-0.0065745823,-0.013324754,rna10k
-0.006362004,0.001657492,rna10k
-0.006363664,0.0041756807,rna10k
-0.0073861177,0.003980734,rna10k
-0.006360765,-0.0028772766,rna10k
-0.007380321,-0.004698108,rna10k
-0.0073626027,-7.091528e-05,rna10k
-0.0063619325,0.001273659,rna10k
-0.006360312,-0.00083203614,rna10k
-0.006382381,-0.0036413344,rna10k
-0.007378753,-0.004250742,rna10k
-0.006363019,0.00017222772,rna10k
-0.0073843272,0.010401085,rna10k
-0.006357227,-0.005046713,rna10k
-0.007242409,0.017740449,rna10k
-0.0071461033,-0.0039001259,rna10k
-0.0065239375,0.02045823,rna10k
-0.0073520485,0.0061537838,rna10k
-0.00653054,-0.01592539,rna10k
-0.007387858,0.0018478399,rna10k
-0.0063609933,-0.0050079986,rna10k
-0.0073856725,-0.0040719802,rna10k
-0.006377158,-0.0025287862,rna10k
-0.006364307,-0.0050654896,rna10k
-0.0072524715,-4.9780236e-05,rna10k
-0.0073823463,0.007878897,rna10k
-0.0065124063,-0.006991811,rna10k
-0.006369175,-0.006470925,rna10k
-0.007361337,0.0040512388,rna10k
-0.0063634044,0.004318983,rna10k
-0.0073575024,0.0023790146,rna10k
-0.006362676,0.0017697135,rna10k
-0.0073614926,0.012801494,rna10k
-0.006398027,0.010118019,rna10k
-0.0063641835,0.0026329174,rna10k
-0.0073858523,0.005822689,rna10k
-0.006388613,-0.002828551,rna10k
-0.006365772,0.0093210405,rna10k
-0.006366594,-0.0051707122,rna10k
-0.007383698,-0.0061779725,rna10k
-0.0073340363,-0.0070160227,rna10k
-0.0073366934,-0.0057179676,rna10k
-0.0065086256,-0.016762892,rna10k
-0.0063748905,0.008057909,rna10k
-0.006356826,-0.0016896115,rna10k
-0.0073600505,-0.0043450682,rna10k
-0.006364901,0.00342946,rna10k
-0.0073820176,-0.0046506133,rna10k
-0.0063668885,0.004892026,rna10k
-0.0063376,-0.0064282645,rna10k
-0.006406406,0.023189116,rna10k
-0.0063654296,0.0039314157,rna10k
-0.00636284,-0.0074008186,rna10k
-0.0071560116,0.0031066902,rna10k
-0.0063613234,-0.00043768343,rna10k
-0.0063688857,-0.0036928968,rna10k
-0.006363972,0.0027700856,rna10k
-0.0063649896,-0.00672288,rna10k
-0.0068174587,0.0005925379,rna10k
-0.0063887658,0.00041215387,rna10k
-0.0073842322,-0.0030573972,rna10k
-0.0064026387,0.004142388,rna10k
-0.006371185,0.012391235,rna10k
-0.007365823,-0.0074506877,rna10k
-0.0065247933,-0.010567214,rna10k
-0.0063620238,0.0023605144,rna10k
-0.007376428,-0.006125451,rna10k
-0.006525685,-0.009449004,rna10k
-0.0073816706,-0.0026397554,rna10k
-0.00736846,-0.0043364163,rna10k
-0.0065244245,-0.014192007,rna10k
-0.0063591436,0.00029903775,rna10k
-0.006523639,0.011446651,rna10k
-0.0073863943,-0.0020562762,rna10k
-0.0065230285,0.0152502395,rna10k
-0.0073842355,0.0003062022,rna10k
-0.006363916,0.005512357,rna10k
-0.0064604133,0.0005781201,rna10k
-0.006361895,0.0014995169,rna10k
-0.006522854,0.010820722,rna10k
-0.006527839,-0.01609434,rna10k
-0.0063613667,0.0008212146,rna10k
-0.007363238,-0.0124609815,rna10k
-0.0063612186,-0.024264816,rna10k
-0.0073562656,-0.0018204552,rna10k
-0.0063670618,-0.002650463,rna10k
-0.006355732,-0.004857565,rna10k
-0.006366581,-0.006598681,rna10k
-0.007370279,-0.009140895,rna10k
-0.0063683596,-0.0041527017,rna10k
-0.0065258704,0.008870163,rna10k
-0.006580554,-0.02388016,rna10k
-0.0063570645,-0.0042004264,rna10k
-0.006358945,-0.00010383948,rna10k
-0.0063646827,0.003659093,rna10k
-0.0073809815,0.008175833,rna10k
-0.007353705,0.006946587,rna10k
-0.006357171,-0.0076326807,rna10k
-0.006357853,-0.00315275,rna10k
-0.0073866304,0.015284693,rna10k
-0.006369279,-0.004828182,rna10k
-0.007382311,-0.008009255,rna10k
-0.0064000976,0.011798231,rna10k
-0.006375637,-0.0054041846,rna10k
-0.0063881064,0.0026884892,rna10k
-0.007149494,-0.006211983,rna10k
-0.0063620517,0.0017962747,rna10k
-0.0073065534,0.0012955323,rna10k
-0.006650405,0.0019698276,rna10k
-0.0063640494,-0.0018260537,rna10k
-0.0063654357,-0.0065866597,rna10k
-0.007389476,0.0022820286,rna10k
-0.006360818,0.0013698738,rna10k
-0.0063526453,-0.008508614,rna10k
-0.0073852655,0.007546056,rna10k
-0.006381251,-0.0044469372,rna10k
-0.0063634487,-0.00729947,rna10k
-0.007388211,0.0020200396,rna10k
-0.007385414,0.007844045,rna10k
-0.006358508,-0.005634408,rna10k
-0.007261002,0.016167182,rna10k
-0.006364006,0.0020416637,rna10k
-0.0063607637,-0.001324088,rna10k
-0.0065211947,0.011429241,rna10k
-0.0072796033,-0.036354773,rna10k
-0.0063597625,0.0010322678,rna10k
-0.00636182,-0.0021507123,rna10k
-0.0073515894,0.0120612895,rna10k
-0.006367386,0.010460635,rna10k
-0.007385751,0.0010491061,rna10k
-0.0073505994,0.0093030315,rna10k
-0.006365006,0.0027656488,rna10k
-0.0063825506,0.004248781,rna10k
-0.0063630613,-0.0059630694,rna10k
-0.006360385,0.00046288222,rna10k
-0.0063524824,-0.008756001,rna10k
-0.007371742,-0.0039797737,rna10k
-0.0072244727,0.004117617,rna10k
-0.006631653,0.013210178,rna10k
-0.006365181,0.0067281104,rna10k
-0.006362168,-0.0045147035,rna10k
-0.0073608384,0.000614863,rna10k
-0.0072357156,0.005916848,rna10k
-0.0072243875,-0.0040114876,rna10k
-0.0073759235,-0.0070426646,rna10k
-0.006360742,-0.0008279725,rna10k
-0.006519049,-0.025408464,rna10k
-0.0073587922,0.0046910285,rna10k
-0.0063252863,-0.008517387,rna10k
-0.0063656108,-0.004809631,rna10k
-0.006388103,-0.00080625206,rna10k
-0.0063682306,-0.008074132,rna10k
-0.0063643036,-0.0057888967,rna10k
-0.006394064,0.008197839,rna10k
-0.0063748355,0.0034206116,rna10k
-0.006523879,-0.011946973,rna10k
-0.007385546,0.0063349023,rna10k
-0.006525693,0.0068216883,rna10k
-0.0073815836,-0.0052108774,rna10k
-0.0063656857,-0.0069920146,rna10k
-0.0065264837,-0.010608091,rna10k
-0.007353526,0.011510525,rna10k
-0.007383116,-0.003064248,rna10k
-0.006365283,0.0037475459,rna10k
-0.006355113,-0.0063633486,rna10k
-0.006363349,-0.003700748,rna10k
-0.006821106,0.007899375,rna10k
-0.007354885,0.007511277,rna10k
-0.007383221,-0.003618172,rna10k
-0.0063651428,-0.0031109345,rna10k
-0.007378317,-0.0059528784,rna10k
-0.0065273116,0.0005825397,rna10k
-0.006380452,-0.018359074,rna10k
-0.0073605976,0.010290645,rna10k
-0.0063502137,-0.0056866743,rna10k
-0.006368136,0.009044125,rna10k
-0.0063980836,0.009020729,rna10k
-0.006360902,0.000544902,rna10k
-0.007382554,0.009995476,rna10k
-0.006522273,-0.008794937,rna10k
-0.0065252553,-0.013242401,rna10k
-0.0064021805,0.009116675,rna10k
-0.0073607876,0.008219713,rna10k
-0.0063644247,0.0040111695,rna10k
-0.006363002,0.0026300254,rna10k
-0.0063732527,-0.0031482216,rna10k
-0.006342286,-0.0051654736,rna10k
-0.007385338,-0.0011869497,rna10k
-0.006354636,0.009451912,rna10k
-0.006370278,0.0044644736,rna10k
-0.0073285466,0.014442052,rna10k
-0.0063560423,-0.0036339888,rna10k
-0.006364057,0.0056415075,rna10k
-0.0073814965,-0.0037638794,rna10k
-0.0073734433,-0.0060406155,rna10k
-0.0063668936,0.0056238407,rna10k
-0.0063635223,-0.0079326015,rna10k
-0.0063665262,0.0074335593,rna10k
-0.0073544565,0.015150557,rna10k
-0.0063611227,-0.004768192,rna10k
-0.007358962,-0.0062992494,rna10k
-0.0063589355,-0.0023962008,rna10k
-0.006362376,-0.007320715,rna10k
-0.0072305053,0.00436041,rna10k
-0.00738385,0.008301199,rna10k
-0.007356391,-0.0031188268,rna10k
-0.006359669,-0.0012994524,rna10k
-0.0063653328,0.004856388,rna10k
-0.0071771825,0.0002912337,rna10k
-0.00636679,0.006902042,rna10k
-0.0073872004,0.008898812,rna10k
-0.006365535,0.004073833,rna10k
-0.00633329,-0.007685648,rna10k
-0.0073735374,-0.0072784745,rna10k
-0.0063386476,-0.010050604,rna10k
-0.0073147877,-0.014267488,rna10k
-0.006357771,-0.0053146468,rna10k
-0.00639793,0.012284293,rna10k
-0.0063614575,-0.0028600262,rna10k
-0.0073744725,-0.0070908964,rna10k
-0.006333229,-0.010572367,rna10k
-0.0073830113,0.009317758,rna10k
-0.0063659945,-0.010368396,rna10k
-0.006382031,0.0017746604,rna10k
-0.007369007,-0.006098548,rna10k
-0.006336216,-0.009751663,rna10k
-0.006365142,0.0056215003,rna10k
-0.006359365,-0.0064928266,rna10k
-0.006521837,0.021977296,rna10k
-0.006506595,-0.023740172,rna10k
-0.0063380823,-0.0074967574,rna10k
-0.0063665174,0.005492017,rna10k
-0.006361719,-0.001233459,rna10k
-0.006423471,0.011684402,rna10k
-0.0073838234,-0.002471623,rna10k
-0.006365829,-0.0030026676,rna10k
-0.0063732746,-0.0114194555,rna10k
-0.0063669435,0.0059649153,rna10k
-0.006364868,0.0048859427,rna10k
-0.007361264,0.0009856547,rna10k
-0.0063601835,0.00054995966,rna10k
-0.006395009,0.006504526,rna10k
-0.0073611457,0.004108653,rna10k
-0.007356358,0.00059785385,rna10k
-0.006525501,0.015710028,rna10k
-0.006367261,0.007898306,rna10k
-0.0063643823,0.0036004402,rna10k
-0.007367986,-0.004788451,rna10k
-0.0063514384,-0.009822891,rna10k
-0.0063623767,8.153061e-05,rna10k
-0.0063618016,0.00038251927,rna10k
-0.0063656513,0.005571892,rna10k
-0.007386056,0.0013027402,rna10k
-0.006373235,0.011819856,rna10k
-0.0063839555,-0.0122802425,rna10k
-0.006361216,-0.00075259904,rna10k
-0.0063609467,-0.008597723,rna10k
-0.0073569007,0.0025183696,rna10k
-0.0064012664,0.009532444,rna10k
-0.0073679313,-0.0066468315,rna10k
-0.007369148,-0.009363229,rna10k
-0.007378287,0.010033406,rna10k
-0.006525173,0.0101145115,rna10k
-0.0063673817,0.006828898,rna10k
-0.007387856,0.0013312792,rna10k
-0.0063606636,-0.00054846087,rna10k
-0.00664706,0.010006961,rna10k
-0.0063687456,0.0075450954,rna10k
-0.006521258,0.015170663,rna10k
-0.007385076,0.0025016114,rna10k
-0.0063620172,0.0019554119,rna10k
-0.007166655,0.0049435617,rna10k
-0.006367297,0.0044922656,rna10k
-0.0073506576,0.010495296,rna10k
-0.0063643563,0.004485173,rna10k
-0.0073698335,-0.006821742,rna10k
-0.0063648117,0.003327093,rna10k
-0.006524924,-0.015534381,rna10k
-0.006362921,0.0012456424,rna10k
-0.006333615,-0.010288706,rna10k
-0.0063596107,-0.0071647605,rna10k
-0.007369324,-0.0038735045,rna10k
-0.0063984543,0.008511075,rna10k
-0.006376214,-0.0034201315,rna10k
-0.006394021,0.0015667478,rna10k
-0.0063718418,-0.0035742607,rna10k
-0.0065250946,-0.015658561,rna10k
-0.0063754,0.008929664,rna10k
-0.0073799975,-0.0051934654,rna10k
-0.00735395,0.0056071966,rna10k
-0.007387372,-0.002468589,rna10k
-0.0065247957,0.010070757,rna10k
-0.0073827794,-0.0024714312,rna10k
-0.0073745498,-0.0045903753,rna10k
-0.006361027,0.0017214031,rna10k
-0.007288966,-0.00023095246,rna10k
-0.0063592843,0.00017477608,rna10k
-0.006358167,-0.0030060918,rna10k
-0.007359953,0.004992818,rna10k
-0.0067678,-0.0039279046,rna10k
-0.006524485,-0.0048616882,rna10k
-0.006519043,0.009612067,rna10k
-0.006515641,-0.016368067,rna10k
-0.007374401,-0.0049775885,rna10k
-0.006367577,-0.0044870656,rna10k
-0.0063601737,-0.019827582,rna10k
-0.0063800127,-0.014187908,rna10k
-0.0063634743,-0.0022304738,rna10k
-0.0063677984,0.008557164,rna10k
-0.0063610934,0.00041043723,rna10k
-0.007133579,0.005401726,rna10k
-0.0073845703,7.206458e-05,rna10k
-0.0073654135,-0.0034253043,rna10k
-0.006370668,-0.0018998855,rna10k
-0.007387797,0.00247418,rna10k
-0.007374742,-0.00525706,rna10k
-0.00633928,-0.007420668,rna10k
-0.0063761855,0.011384017,rna10k
-0.0065252134,0.011499167,rna10k
-0.0072723078,-0.005967599,rna10k
-0.006364641,0.004861961,rna10k
-0.007230343,0.002088095,rna10k
-0.006371999,-0.0066462755,rna10k
-0.0063625043,0.0045983307,rna10k
-0.0063679754,0.0011530024,rna10k
-0.0063653383,0.0054180515,rna10k
-0.0063687377,0.008358305,rna10k
-0.007366869,-0.0059279082,rna10k
-0.0063620345,-0.008386237,rna10k
-0.0073853466,-0.0012565184,rna10k
-0.006366891,0.0041351896,rna10k
-0.006358138,-0.0026759359,rna10k
-0.0063674385,0.006454487,rna10k
-0.006369062,-0.0078073535,rna10k
-0.0063494747,-0.008661071,rna10k
-0.006331629,-0.009845799,rna10k
-0.0063592237,-1.2440465e-06,rna10k
-0.006365487,0.0028149793,rna10k
-0.0073504327,0.011522975,rna10k
-0.0063589136,-0.0034587453,rna10k
-0.0063706967,0.008276281,rna10k
-0.007295552,-0.0061603906,rna10k
-0.0063871415,0.0073794513,rna10k
-0.0064006047,0.0027726546,rna10k
-0.0065149455,-0.0245176,rna10k
-0.006367009,0.009980476,rna10k
-0.007382867,-0.0024990742,rna10k
-0.006358545,-0.0028574753,rna10k
-0.0066568046,-0.0018182835,rna10k
-0.00731703,0.00024298807,rna10k
-0.0063392078,-0.009194069,rna10k
-0.0063714115,-0.0010757517,rna10k
-0.0063299923,-0.011621343,rna10k
-0.006356389,-0.002826792,rna10k
-0.0063645127,0.0047709327,rna10k
-0.006361392,-0.0059505445,rna10k
-0.006351808,-0.009292891,rna10k
-0.0072463867,0.013413227,rna10k
-0.0063672974,0.0077631306,rna10k
-0.0063684443,-0.0020169404,rna10k
-0.006371417,0.009986543,rna10k
-0.007386484,0.0037292524,rna10k
-0.0063577387,-0.0029722282,rna10k
-0.0065266625,0.0125734275,rna10k
-0.006367754,0.0056824004,rna10k
-0.00635083,-0.009781893,rna10k
-0.0073582535,-0.008885402,rna10k
-0.006367576,0.0076103015,rna10k
-0.0063629053,-0.006332159,rna10k
-0.006364306,-0.0075745867,rna10k
-0.006362263,-0.0064624343,rna10k
-0.006364134,-0.0012620956,rna10k
-0.006356092,-0.0042452165,rna10k
-0.006349594,0.0155667905,rna10k
-0.0065355795,-0.020258866,rna10k
-0.0063660974,0.0056928685,rna10k
-0.0065244734,0.008464798,rna10k
-0.006364356,0.03332872,rna10k
-0.0072908597,0.0006069312,rna10k
-0.0063700145,0.008631329,rna10k
-0.0073856353,0.005535495,rna10k
-0.006394728,0.006198344,rna10k
-0.007387507,0.005989087,rna10k
-0.0063612447,-0.00015814867,rna10k
-0.0063572405,-0.002042716,rna10k
-0.0063661695,0.006530636,rna10k
-0.0073777554,-0.0060566305,rna10k
-0.0073717604,-0.004566389,rna10k
-0.007386643,0.0029953548,rna10k
-0.006361627,0.0019177492,rna10k
-0.006368575,0.007195047,rna10k
-0.007361631,-0.0013530152,rna10k
-0.0073837657,-0.0036480792,rna10k
-0.0073833223,-0.0044476795,rna10k
-0.0073876986,0.00034683643,rna10k
-0.0063343965,-0.009853897,rna10k
-0.006367652,-0.006188521,rna10k
-0.006367661,-0.009728152,rna10k
-0.0063351137,-0.009636946,rna10k
-0.00635443,-0.0071725883,rna10k
-0.0063656867,0.0042926013,rna10k
-0.0073853554,0.00082205754,rna10k
-0.0073610405,-0.0030094383,rna10k
-0.0073831836,0.0020039598,rna10k
-0.006370357,0.0021428652,rna10k
-0.006330577,-0.010852551,rna10k
-0.0072567486,0.0069293086,rna10k
-0.0073551307,0.005198313,rna10k
-0.007387005,0.0018147154,rna10k
-0.0063626426,0.0009256172,rna10k
-0.0073879664,0.0021671255,rna10k
-0.0073816073,-0.0049442705,rna10k
-0.006366461,-0.0031807497,rna10k
-0.007360895,-0.0027043908,rna10k
-0.006364229,0.0033063893,rna10k
-0.007381565,-0.0059689092,rna10k
-0.0073476406,0.0074148094,rna10k
-0.007359452,0.0009678005,rna10k
-0.006361287,0.0012427673,rna10k
-0.0064003835,0.0032354873,rna10k
-0.0063684047,0.0118416995,rna10k
-0.0073544,0.01176601,rna10k
-0.006655892,0.0046933005,rna10k
-0.006367197,0.0075525907,rna10k
-0.007361271,0.0060556503,rna10k
-0.006369548,0.008446242,rna10k
-0.0063615646,-0.0017502194,rna10k
-0.006845094,0.011539297,rna10k
-0.0073867775,9.848832e-05,rna10k
-0.0073810266,-0.004819663,rna10k
-0.0063448097,-0.004506827,rna10k
-0.0073852963,-0.0019946848,rna10k
-0.006366507,0.0057475627,rna10k
-0.0073741768,-0.0025061672,rna10k
-0.00738499,-0.0038359629,rna10k
-0.0063628587,-0.009314938,rna10k
-0.0072500412,-0.0014926178,rna10k
-0.0063653714,-0.008320622,rna10k
-0.006526053,0.0063074552,rna10k
-0.006366549,0.0063369377,rna10k
-0.007174408,0.0061621615,rna10k
-0.0063686655,0.008805595,rna10k
-0.006365948,0.013270793,rna10k
-0.0073593967,-0.0006339625,rna10k
-0.0073880134,0.0029870193,rna10k
-0.0063546924,-0.0071169357,rna10k
-0.006373642,-0.013933902,rna10k
-0.0063669444,-0.006529964,rna10k
-0.006366741,-0.0065785297,rna10k
-0.0063641164,-0.0047389935,rna10k
-0.0063682585,-0.002889019,rna10k
-0.0063630766,0.001358282,rna10k
-0.0063575087,-0.0055162595,rna10k
-0.0065249456,0.011699971,rna10k
-0.007382326,0.0035421478,rna10k
-0.006373619,0.001980206,rna10k
-0.0073749414,-0.0030369384,rna10k
-0.007383954,-0.0008541966,rna10k
-0.006399062,0.008324996,rna10k
-0.0063542183,-0.0062044375,rna10k
-0.006360298,-0.009114511,rna10k
-0.0073636086,-0.010183192,rna10k
-0.006401597,0.006520812,rna10k
-0.0073778285,-0.006817084,rna10k
-0.0063656024,0.006118947,rna10k
-0.0072775623,-0.0028760424,rna10k
-0.006365467,-0.0070967795,rna10k
-0.006405395,0.002783728,rna10k
-0.0063617765,-0.00072149513,rna10k
-0.006362614,-0.0001257188,rna10k
-0.006333763,-0.009787255,rna10k
-0.0063405326,-0.01486921,rna10k
-0.0063674594,-0.0062909718,rna10k
-0.0063701277,0.0069974414,rna10k
-0.0073738825,-0.0032635757,rna10k
-0.007371517,-0.004769521,rna10k
-0.0063714655,-0.0066733053,rna10k
-0.0063623907,-0.0037017493,rna10k
-0.006395525,0.010127103,rna10k
-0.007388255,-0.00036614647,rna10k
-0.0073498995,0.007075208,rna10k
-0.00737307,-0.0076738656,rna10k
-0.0073835775,0.0013712919,rna10k
-0.006363031,-0.00013426227,rna10k
-0.0063661058,0.004688453,rna10k
-0.006367641,0.0071569975,rna10k
-0.0063679866,0.005120496,rna10k
-0.0063609695,0.0011140719,rna10k
-0.0063570575,-0.0055088717,rna10k
-0.0063565876,-0.0066413293,rna10k
-0.006393784,0.008017211,rna10k
-0.0065273824,-0.009128548,rna10k
-0.0063578603,-0.00046549295,rna10k
-0.0063636485,0.0030326433,rna10k
-0.0063669533,-0.007751886,rna10k
-0.0068203444,0.0022210057,rna10k
-0.0063581746,-0.0008199535,rna10k
-0.006382387,-0.009121907,rna10k
-0.0072630527,-0.0031126568,rna10k
-0.007380337,-0.005629272,rna10k
-0.0063854936,0.0071592354,rna10k
-0.006365398,-0.0019658504,rna10k
-0.0063564377,-0.0020357026,rna10k
-0.0063624666,-0.004685795,rna10k
-0.0063520432,-0.009131305,rna10k
-0.0066260393,0.012801319,rna10k
-0.0063576056,-0.0026368925,rna10k
-0.007361002,-0.0032094123,rna10k
-0.007362535,-0.0075878813,rna10k
-0.006382593,-0.008296039,rna10k
-0.0063585714,-0.002600678,rna10k
-0.006405512,0.006246437,rna10k
-0.0063640154,-0.007830224,rna10k
-0.006363484,0.0043142173,rna10k
-0.0063642887,-0.0029924642,rna10k
-0.006592372,-0.0032252916,rna10k
-0.006397109,0.008780981,rna10k
-0.0072231893,0.004655977,rna10k
-0.006332568,-0.012297417,rna10k
-0.0065109045,-0.019232761,rna10k
-0.0073852483,8.483483e-05,rna10k
-0.007382928,0.003478008,rna10k
-0.007378201,-0.00665062,rna10k
-0.0063636163,-0.00672707,rna10k
-0.006365754,0.004329457,rna10k
-0.0072726994,-0.0052119642,rna10k
-0.0063579404,-0.0032824571,rna10k
-0.006497161,-0.024339559,rna10k
-0.006365358,-0.008447054,rna10k
-0.0071774623,0.0041518984,rna10k
-0.0073237275,0.0011112717,rna10k
-0.0063683586,-0.007065556,rna10k
-0.0065269703,-0.008903477,rna10k
-0.0063669556,0.0115890745,rna10k
-0.007355167,-0.011448372,rna10k
-0.0063728862,0.0057403212,rna10k
-0.007388803,0.004395359,rna10k
-0.0063678976,0.005456014,rna10k
-0.0063515347,0.022954827,rna10k
-0.006370111,-0.0018039607,rna10k
-0.007362052,-0.010401684,rna10k
-0.006399418,0.0026956422,rna10k
-0.0073460904,-0.021605922,rna10k
-0.0063682017,0.010857614,rna10k
-0.006517196,0.014371293,rna10k
-0.0073762964,-0.0062688827,rna10k
-0.007156039,-0.0026159068,rna10k
-0.0073849633,-0.0035992584,rna10k
-0.006372064,-0.005024829,rna10k
-0.006365522,0.0067082,rna10k
-0.0073820697,-0.002684602,rna10k
-0.0063659064,0.0031812948,rna10k
-0.0063465233,-0.003709923,rna10k
-0.0073567578,-0.0011995463,rna10k
-0.006395254,0.008157115,rna10k
-0.006368708,0.0067532295,rna10k
-0.006531188,0.007222922,rna10k
-0.006364443,0.002967637,rna10k
-0.0063741524,-0.0066594053,rna10k
-0.0063639176,-0.0031102556,rna10k
-0.006525012,0.01624903,rna10k
-0.0072529153,0.019909054,rna10k
-0.007364053,-0.004554365,rna10k
-0.007385432,-0.0021971017,rna10k
-0.0073909843,0.010914631,rna10k
-0.006364943,0.0007909257,rna10k
-0.007360754,0.0071328194,rna10k
-0.007382717,-0.0027146835,rna10k
-0.007258134,0.005103386,rna10k
-0.0063369027,-0.0028447874,rna10k
-0.006362007,-0.0022005998,rna10k
-0.0073626665,0.0020622206,rna10k
-0.0073700356,-0.007918549,rna10k
-0.006365052,0.0035762084,rna10k
-0.00637066,0.010722106,rna10k
-0.0063567464,-0.0015196248,rna10k
-0.0063639414,0.0010972071,rna10k
-0.0073792464,-0.0068218554,rna10k
-0.0063641244,0.0020660467,rna10k
-0.0063678245,0.008001729,rna10k
-0.0072627394,0.0026363148,rna10k
-0.007385333,-0.0021740599,rna10k
-0.006525177,-0.014386673,rna10k
-0.007356351,0.0048299865,rna10k
-0.0063710962,0.00970591,rna10k
-0.00636693,-0.004667077,rna10k
-0.007361994,0.012642824,rna10k
-0.00635627,-0.00634371,rna10k
-0.0073788827,-0.008805073,rna10k
-0.0063593225,0.00046467927,rna10k
-0.006380931,0.00078444654,rna10k
-0.006362854,0.0018572601,rna10k
-0.0063993977,0.011448045,rna10k
-0.007361116,-0.0016098173,rna10k
-0.006362738,-0.02359273,rna10k
-0.007381581,-0.005273547,rna10k
-0.0065248027,0.0033477051,rna10k
-0.0063669547,0.006502605,rna10k
-0.0064017777,0.006682522,rna10k
-0.00738564,0.008559879,rna10k
-0.007371598,-0.007891152,rna10k
-0.0073519456,0.007442729,rna10k
-0.006366819,0.005450537,rna10k
-0.0063614305,0.0020172663,rna10k
-0.0063647674,-0.0047086673,rna10k
-0.00636661,-0.0020937177,rna10k
-0.0073738517,-0.0049602245,rna10k
-0.0065279193,0.004207081,rna10k
-0.0072619966,0.00048181886,rna10k
-0.006365951,-0.0049415245,rna10k
-0.0073519466,0.009928535,rna10k
-0.006360377,-0.002139606,rna10k
-0.00714346,-0.007210702,rna10k
-0.0073824744,-0.004535503,rna10k
-0.00637583,-0.003222516,rna10k
-0.0072757043,-0.0007404731,rna10k
-0.006394394,0.0073584616,rna10k
-0.0072608753,0.010384056,rna10k
-0.007381386,0.0025332128,rna10k
-0.0063609034,0.0013715237,rna10k
-0.0073552243,0.009123434,rna10k
-0.0071473313,0.008770072,rna10k
-0.007386267,0.0034618243,rna10k
-0.007320991,-0.02141705,rna10k
-0.0063580316,-0.0028601785,rna10k
-0.0063521094,-0.0042658485,rna10k
-0.006367287,0.0059891366,rna10k
-0.0073605296,-0.0057003614,rna10k
-0.007309354,-0.016143642,rna10k
-0.0063640433,-0.009770401,rna10k
-0.007387495,0.0055720527,rna10k
-0.007348764,0.008927153,rna10k
-0.006820056,0.002306593,rna10k
-0.0065216688,0.0051943082,rna10k
-0.006367338,0.0013423578,rna10k
-0.0065271375,0.008928049,rna10k
-0.00635375,-0.007442763,rna10k
-0.00639527,0.010062972,rna10k
-0.0063756625,-0.015378793,rna10k
-0.0063651493,0.003971325,rna10k
-0.0063644373,0.0028401338,rna10k
-0.006363653,0.0008923115,rna10k
-0.0063940245,0.010348866,rna10k
-0.0068168477,0.01605795,rna10k
-0.00638801,0.004668324,rna10k
-0.0063670734,-0.0025533866,rna10k
-0.006332664,-0.0042019826,rna10k
-0.0073811053,0.007833604,rna10k
-0.0071303453,0.0053531886,rna10k
-0.007383466,-0.0040233713,rna10k
-0.006387165,0.0011460532,rna10k
-0.0063565182,-0.0020038714,rna10k
-0.0065266667,-0.01623477,rna10k
-0.0073843477,-0.0007251717,rna10k
-0.0073524835,-0.009168561,rna10k
-0.007240477,0.017565126,rna10k
-0.0063621933,-0.0028409031,rna10k
-0.007385311,0.0014386997,rna10k
-0.006525954,0.015322404,rna10k
-0.0063644163,0.005204092,rna10k
-0.0063854405,-0.0011194817,rna10k
-0.0063635916,-0.005513808,rna10k
-0.006367192,0.0013578132,rna10k
-0.006520815,0.010276568,rna10k
-0.0073541123,0.008087355,rna10k
-0.006363573,-0.0005320618,rna10k
-0.00652114,0.0069048507,rna10k
-0.0063614245,-0.0012217627,rna10k
-0.0073546404,0.0045819203,rna10k
-0.006364046,-0.004760212,rna10k
-0.006363138,-0.0068959435,rna10k
-0.0073676663,-0.007107021,rna10k
-0.0063342685,-0.007991895,rna10k
-0.00682171,0.005988717,rna10k
-0.0063683554,0.00909386,rna10k
-0.006362537,0.0013068655,rna10k
-0.0063657174,-0.00015057794,rna10k
-0.007361022,0.0012870393,rna10k
-0.0073776785,-0.00824567,rna10k
-0.0073817214,0.010326453,rna10k
-0.006821507,0.0031058334,rna10k
-0.006396618,0.014696121,rna10k
-0.006366998,0.006487507,rna10k
-0.00637115,-0.007032714,rna10k
-0.0063705947,0.0056451173,rna10k
-0.006526538,0.017660294,rna10k
-0.0063869916,-0.007240199,rna10k
-0.006368518,0.008131625,rna10k
-0.006356279,-0.002950657,rna10k
-0.0065260017,0.0098905405,rna10k
-0.0063518398,-0.0088402955,rna10k
-0.0063624633,0.008211019,rna10k
-0.006385198,0.0048705544,rna10k
-0.0065067774,-0.023856098,rna10k
-0.007362096,0.00035681704,rna10k
-0.0073578577,0.014444572,rna10k
-0.0063601374,-0.001418827,rna10k
-0.0063713826,0.004315719,rna10k
-0.007363273,0.011472073,rna10k
-0.0073909997,0.014961564,rna10k
-0.006365521,0.0047749253,rna10k
-0.0073861694,0.0021383078,rna10k
-0.0063585285,-0.00070252037,rna10k
-0.006364316,0.0031502761,rna10k
-0.0073616784,0.00094310316,rna10k
-0.006522062,0.005602687,rna10k
-0.007385726,-0.000850912,rna10k
-0.006368271,0.0053125536,rna10k
-0.0063804737,0.00760691,rna10k
-0.0063680015,-0.0032038353,rna10k
-0.0063964473,0.009359585,rna10k
-0.006397714,0.007811191,rna10k
-0.0073863203,-0.0015440327,rna10k
-0.007243186,-0.0012397862,rna10k
-0.006370401,0.0073539084,rna10k
-0.006362864,0.001424612,rna10k
-0.006356426,-0.0022321902,rna10k
-0.0063691624,-0.002541767,rna10k
-0.006352925,-0.008580892,rna10k
-0.007150737,0.0026500348,rna10k
-0.0072388607,0.010434351,rna10k
-0.0063970797,-0.018993234,rna10k
-0.0063654697,0.00632183,rna10k
-0.00636497,-0.0015564947,rna10k
-0.006358474,-0.0057499357,rna10k
-0.006374744,-0.009017243,rna10k
-0.0063701808,-0.014828536,rna10k
-0.006396482,0.009361824,rna10k
-0.0063930983,0.0075184735,rna10k
-0.007392653,0.00069755345,rna10k
-0.0063632373,-0.0051174997,rna10k
-0.007388492,-3.9884555e-05,rna10k
-0.0063667805,-0.0010703867,rna10k
-0.006355751,-0.0061735325,rna10k
-0.007374516,-0.007258586,rna10k
-0.0073682168,-0.0042686993,rna10k
-0.006361896,0.0018597242,rna10k
-0.0063745137,-0.026762208,rna10k
-0.0073702387,-0.008817092,rna10k
-0.007380835,0.0044465605,rna10k
-0.006364226,0.003388544,rna10k
-0.0063671684,0.0053378395,rna10k
-0.007385268,-0.0035635661,rna10k
-0.0063741417,0.0065641566,rna10k
-0.0073823277,-0.0009811567,rna10k
-0.0073838816,-0.0019499055,rna10k
-0.007387138,0.00537949,rna10k
-0.006362412,0.0042292355,rna10k
-0.0065219966,0.01383551,rna10k
-0.0063636657,-0.0008007577,rna10k
-0.0063817557,0.0069591673,rna10k
-0.0063674855,0.0065646814,rna10k
-0.006375344,-0.0030918918,rna10k
-0.006518045,-0.020860255,rna10k
-0.0063645337,0.0042739767,rna10k
-0.007359247,0.010572974,rna10k
-0.0063315267,-0.011024961,rna10k
-0.006651206,0.0025305382,rna10k
-0.007383019,-0.0026356564,rna10k
-0.006542708,-0.008362374,rna10k
-0.0073533133,-0.012983323,rna10k
-0.0073564244,0.012664532,rna10k
-0.0063975467,0.010480451,rna10k
-0.0065354537,0.009753826,rna10k
-0.0063656317,0.0032079616,rna10k
-0.006382298,-0.0033434296,rna10k
-0.007253188,0.0066171708,rna10k
-0.007158265,-0.020790862,rna10k
-0.006354122,-0.005015063,rna10k
-0.0063656387,0.0056327563,rna10k
-0.007361586,-0.001523561,rna10k
-0.006361709,0.0014352937,rna10k
-0.0063680448,0.008706138,rna10k
-0.0068222806,0.0029466718,rna10k
-0.007309339,-0.0005131444,rna10k
-0.0065236446,-0.010219458,rna10k
-0.006367015,0.008293726,rna10k
-0.0065096016,-0.021069149,rna10k
-0.006400887,0.008880403,rna10k
-0.0073553002,0.012384451,rna10k
-0.006361812,-0.008118915,rna10k
-0.0063604787,-0.007369296,rna10k
-0.0063648913,-0.0027372183,rna10k
-0.0073624183,-0.00064187,rna10k
-0.0073319506,0.0143170245,rna10k
-0.007378901,-0.0036111588,rna10k
-0.0065218303,0.010695975,rna10k
-0.0063661616,-0.0054620877,rna10k
-0.006398512,0.011508691,rna10k
-0.0063664587,0.0076906285,rna10k
-0.0063538644,-0.005890101,rna10k
-0.006364552,0.0029323853,rna10k
-0.007107337,-0.014854634,rna10k
-0.0063610324,-0.007723272,rna10k
-0.0065241656,0.007879022,rna10k
-0.006385529,-0.004949311,rna10k
-0.006397132,0.006539697,rna10k
-0.0073830085,-0.00036317427,rna10k
-0.0063614924,0.0029085057,rna10k
-0.006367881,0.0076419525,rna10k
-0.006550027,-0.011960135,rna10k
-0.0073567647,-0.007594931,rna10k
-0.006403788,0.0069902376,rna10k
-0.0073576174,-0.00039727756,rna10k
-0.006364528,0.0034290475,rna10k
-0.00663832,0.0048614037,rna10k
-0.007386091,-0.0017390626,rna10k
-0.0073865624,0.006967256,rna10k
-0.0073679956,-0.0038870778,rna10k
-0.0073864837,0.0014063074,rna10k
-0.007251213,0.0074455924,rna10k
-0.007361856,0.0019989645,rna10k
-0.0073787607,-0.0061211963,rna10k
-0.0073921373,0.011721593,rna10k
-0.007318027,0.0009746041,rna10k
-0.0063601583,-0.0024954735,rna10k
-0.00637542,-0.002427442,rna10k
-0.00735707,-0.0038277423,rna10k
-0.0065222685,0.01956354,rna10k
-0.006395755,0.006774386,rna10k
-0.00636266,0.0016662545,rna10k
-0.0073551857,0.00896312,rna10k
-0.007357533,0.01004893,rna10k
-0.007377584,-0.007184629,rna10k
-0.0063661337,0.0051838583,rna10k
-0.0065240865,-0.00093784684,rna10k
-0.007385343,-0.000601404,rna10k
-0.0073854877,0.0023764153,rna10k
-0.0063669705,0.0059051625,rna10k
-0.0063716793,-0.024268396,rna10k
-0.006366549,-0.0043006064,rna10k
-0.0071763587,0.003259798,rna10k
-0.00636518,0.0040648896,rna10k
-0.006390354,0.009039018,rna10k
-0.0073556243,0.009596121,rna10k
-0.0073584258,-0.0034618531,rna10k
-0.0065185963,-0.023233762,rna10k
-0.0063443636,-0.008963898,rna10k
-0.006358323,-0.0029816846,rna10k
-0.0063770805,0.013219776,rna10k
-0.0063655614,0.004518032,rna10k
-0.0063984934,0.010340622,rna10k
-0.0063675037,0.0017716816,rna10k
-0.007360097,0.006810022,rna10k
-0.006865148,-0.012287354,rna10k
-0.0063645206,0.0027268988,rna10k
-0.006360363,-0.0082465345,rna10k
-0.007361599,0.0018698138,rna10k
-0.0063657328,-0.0055504167,rna10k
-0.006339503,-0.008726976,rna10k
-0.006365877,0.009441184,rna10k
-0.0063924873,0.005199506,rna10k
-0.006368107,0.008372033,rna10k
-0.00636272,0.0043103,rna10k
-0.0073858085,0.006795307,rna10k
-0.006356174,-0.0056206267,rna10k
-0.007279623,0.0012194964,rna10k
-0.0073844506,-0.002812006,rna10k
-0.0073530697,0.007151322,rna10k
-0.007359262,0.004831926,rna10k
-0.00633344,-0.00989474,rna10k
-0.007383979,-0.004842785,rna10k
-0.0073607075,0.0058205826,rna10k
-0.006365927,-0.004222685,rna10k
-0.006368458,0.009167809,rna10k
-0.0073799253,-0.0054221433,rna10k
-0.0063714497,0.008767512,rna10k
-0.006332262,-0.012227408,rna10k
-0.007367353,-0.002194844,rna10k
-0.007380558,0.012800965,rna10k
-0.0072877514,0.00024051625,rna10k
-0.006366303,-0.008246685,rna10k
-0.006361904,0.0006618324,rna10k
-0.006363516,0.003685281,rna10k
-0.006527945,0.0003543787,rna10k
-0.006361374,0.0008627043,rna10k
-0.0063939956,0.0072131148,rna10k
-0.0063636433,0.002360126,rna10k
-0.0063809017,-0.0018247241,rna10k
-0.0063607297,-0.00015638747,rna10k
-0.0064017777,0.0076578925,rna10k
-0.0063579795,-0.0048301183,rna10k
-0.0063637733,-0.0073546106,rna10k
-0.007299508,-0.020698782,rna10k
-0.0073881317,0.0037829226,rna10k
-0.0065219435,0.022004843,rna10k
-0.0063667535,-0.003526659,rna10k
-0.006335228,-0.00862854,rna10k
-0.006347292,-0.018029606,rna10k
-0.0073730163,-0.0069656298,rna10k
-0.0063893185,-0.005357682,rna10k
-0.0063677127,0.0068892124,rna10k
-0.0063674906,0.0066063353,rna10k
-0.0063663647,-0.0040025553,rna10k
-0.007336019,-0.010353927,rna10k
-0.006363447,-0.00841134,rna10k
-0.006362618,-0.003230252,rna10k
-0.0063579516,-0.004184718,rna10k
-0.0063629625,0.0043532937,rna10k
-0.0065255575,-0.008154573,rna10k
-0.006368539,0.00756516,rna10k
-0.0063391235,0.011771531,rna10k
-0.0073602037,0.0015444295,rna10k
-0.0072518727,0.017387897,rna10k
-0.00635992,0.0007886346,rna10k
-0.0063627274,-0.008156745,rna10k
-0.006369034,0.011022012,rna10k
-0.0065237796,0.00787334,rna10k
-0.007352351,0.00033610244,rna10k
-0.0073612398,0.0018023176,rna10k
-0.006366424,0.007848889,rna10k
-0.006364651,0.0034514451,rna10k
-0.007391022,0.011020896,rna10k
-0.007356889,0.010434608,rna10k
-0.006360727,0.0007466746,rna10k
-0.006523835,0.021438856,rna10k
-0.006367111,0.008592753,rna10k
-0.0065193926,0.01065802,rna10k
-0.006794708,-0.0051744278,rna10k
-0.0063655493,0.0038976355,rna10k
-0.007386704,0.0036108536,rna10k
-0.0073846933,0.009444295,rna10k
-0.006363039,-0.008907404,rna10k
-0.0065259864,-0.010991909,rna10k
-0.0063596335,-0.004204407,rna10k
-0.0063568456,-0.009071886,rna10k
-0.0073786997,-0.0019632017,rna10k
-0.006368087,0.0062349983,rna10k
-0.00639716,0.009215867,rna10k
-0.0063684764,0.008143981,rna10k
-0.0063651316,0.0020443695,rna10k
-0.0063538034,-0.007405749,rna10k
-0.006367989,-0.0045153038,rna10k
-0.006367839,0.007459981,rna10k
-0.0073837363,-0.0019650622,rna10k
-0.0072273607,0.011099093,rna10k
-0.006531796,0.007260135,rna10k
-0.0072580692,0.0024028725,rna10k
-0.0063644187,0.002266567,rna10k
-0.0063535734,-0.0058985227,rna10k
-0.0073741027,-0.006992009,rna10k
-0.0063691186,0.009614243,rna10k
-0.006371973,-0.011727814,rna10k
-0.0073851105,-0.00055202463,rna10k
-0.007359997,-0.007611782,rna10k
-0.006363692,0.0029850744,rna10k
-0.006380007,0.007651408,rna10k
-0.0073887976,0.003917397,rna10k
-0.006372388,0.004803339,rna10k
-0.0073712757,-0.0081689805,rna10k
-0.0063684713,0.00897578,rna10k
-0.006361729,-0.0066056014,rna10k
-0.007385983,0.001249006,rna10k
-0.0073836045,-0.006756267,rna10k
-0.0072567086,0.007514353,rna10k
-0.0063671134,-0.009438788,rna10k
-0.0071765413,0.0046824506,rna10k
-0.0073611233,-0.00572704,rna10k
-0.007356769,0.012169537,rna10k
-0.0063706315,0.012579102,rna10k
-0.0065249326,0.010295686,rna10k
-0.0073815533,0.010942039,rna10k
-0.007384993,0.0069654924,rna10k
-0.0063891253,-0.009813833,rna10k
-0.006371869,0.013070967,rna10k
-0.0063299243,-0.01206349,rna10k
-0.0063646133,0.009928996,rna10k
-0.006364432,0.00019476848,rna10k
-0.006368953,-0.021083152,rna10k
-0.0063582226,-0.003243186,rna10k
-0.007259532,0.0006380402,rna10k
-0.0063642217,0.003660553,rna10k
-0.007353599,0.0074618952,rna10k
-0.0072566736,0.011877598,rna10k
-0.0063632345,0.0028379217,rna10k
-0.007370816,-0.0063920217,rna10k
-0.0073808036,-0.004074482,rna10k
-0.0073518977,0.011342857,rna10k
-0.007345309,-0.014012278,rna10k
-0.006366252,0.0077622584,rna10k
-0.0073546106,0.012738047,rna10k
-0.006365538,-0.008099301,rna10k
-0.00635331,-0.006698861,rna10k
-0.006365929,0.00576221,rna10k
-0.006375225,-0.02311839,rna10k
-0.00639576,0.012039457,rna10k
-0.006354333,-0.0066919723,rna10k
-0.0073574036,0.0066754264,rna10k
-0.0063646873,0.005161605,rna10k
-0.0065167905,-0.007960149,rna10k
-0.006363444,-0.007989268,rna10k
-0.0073538893,0.0044333697,rna10k
-0.006380286,0.00032510152,rna10k
-0.007344507,0.0060188025,rna10k
-0.0065228464,0.014284414,rna10k
-0.0073636537,-0.007907439,rna10k
-0.00637901,-0.0010232651,rna10k
-0.006525571,0.007401456,rna10k
-0.006369346,0.007015853,rna10k
-0.0073819235,-0.005223575,rna10k
-0.0065253587,0.0058666547,rna10k
-0.0063524283,-0.008949579,rna10k
-0.006369467,-0.007190471,rna10k
-0.0065225977,0.016100604,rna10k
-0.007385715,-0.0031356947,rna10k
-0.0065234206,0.018645637,rna10k
-0.0072877035,-0.0113379285,rna10k
-0.0063653663,0.0054438277,rna10k
-0.0073407297,-0.013865286,rna10k
-0.007320946,-0.002100535,rna10k
-0.0063502667,-0.005309707,rna10k
-0.006378359,-0.024886647,rna10k
-0.0063531725,-0.00646136,rna10k
-0.006361175,0.00044659292,rna10k
-0.00738565,-0.0038786263,rna10k
-0.0063631814,-0.0049376925,rna10k
-0.0073849284,-0.0027821132,rna10k
-0.006367152,0.0064573283,rna10k
-0.0063355817,-0.0054267403,rna10k
-0.0073695555,-0.0062837815,rna10k
-0.007355468,0.0022518178,rna10k
-0.0063553415,-0.0036294986,rna10k
-0.007167162,0.0032539505,rna10k
-0.007373897,-0.012746398,rna10k
-0.006364394,0.0025206737,rna10k
-0.0063705733,-0.0076107224,rna10k
-0.0072497344,-0.002918444,rna10k
-0.007340359,0.0003684707,rna10k
-0.00737206,-0.008811557,rna10k
-0.0073844115,0.0039676134,rna10k
-0.007362208,-0.0047643995,rna10k
-0.0063616903,-0.0045279996,rna10k
-0.0073829135,-0.0011166632,rna10k
-0.0073885717,9.819665e-05,rna10k
-0.006522714,0.021164674,rna10k
-0.006359449,-0.005842496,rna10k
-0.007387213,0.007366627,rna10k
-0.006368292,-0.0048542125,rna10k
-0.0073860935,-0.0023387219,rna10k
-0.0065267673,-0.013930302,rna10k
-0.0073856935,0.0058728466,rna10k
-0.006362075,0.0009905963,rna10k
-0.0063682734,4.2656404e-05,rna10k
-0.006497133,-0.016062925,rna10k
-0.0063649085,0.0021545026,rna10k
-0.006366488,0.0045170286,rna10k
-0.006358591,-0.0017806834,rna10k
-0.00639619,0.007775099,rna10k
-0.006398751,0.028437896,rna10k
-0.006509954,-0.017462939,rna10k
-0.006365431,0.0059066303,rna10k
-0.0063649407,0.0040643886,rna10k
-0.006385497,-0.00037525065,rna10k
-0.0073861275,0.0058711963,rna10k
-0.0073624686,0.00020387753,rna10k
-0.006363307,-0.006225491,rna10k
-0.006355099,-0.005647575,rna10k
-0.0063633355,-0.007815815,rna10k
-0.006364162,-0.0043661287,rna10k
-0.0063678147,0.0071875565,rna10k
-0.007361043,-0.01221909,rna10k
-0.00635403,-0.0072070225,rna10k
-0.0073705693,-0.0075592007,rna10k
-0.006524106,-0.0136342095,rna10k
-0.0073773237,-0.003991584,rna10k
-0.0073583787,0.008404639,rna10k
-0.0073604444,0.011716632,rna10k
-0.0066384706,-0.0025617057,rna10k
-0.0063909767,0.006771376,rna10k
-0.006366548,0.008238116,rna10k
-0.0073822513,0.00028671476,rna10k
-0.0064068777,0.008295432,rna10k
-0.0073616174,-0.008243689,rna10k
-0.007383554,0.0008492436,rna10k
-0.0073340954,0.0018271288,rna10k
-0.006523128,0.004973752,rna10k
-0.006367039,0.00559454,rna10k
-0.0063753193,-0.0068725743,rna10k
-0.0073855063,-0.0027899295,rna10k
-0.0065261507,-0.0031069247,rna10k
-0.0063575874,-0.0046771728,rna10k
-0.007305405,-0.002489972,rna10k
-0.0073621436,-0.0036056347,rna10k
-0.0063683875,0.010022141,rna10k
-0.0063644624,0.0025916703,rna10k
-0.0063635586,-0.0009817522,rna10k
-0.006400005,0.010604075,rna10k
-0.0063735135,0.0040504984,rna10k
-0.0063337437,-0.0072371536,rna10k
-0.0063942033,0.008318976,rna10k
-0.006353032,-0.008123772,rna10k
-0.0073510227,0.0139252255,rna10k
-0.006362206,0.0006001095,rna10k
-0.0063618873,0.0013620643,rna10k
-0.0063652196,0.0060103154,rna10k
-0.007335686,-0.012493136,rna10k
-0.006366662,0.008098752,rna10k
-0.0063669146,0.00485178,rna10k
-0.00633678,-0.008607551,rna10k
-0.006525138,-0.009669031,rna10k
-0.0063649965,0.0021231128,rna10k
-0.006368468,-0.0039995755,rna10k
-0.006362917,-0.0043400787,rna10k
-0.007379445,-0.005382895,rna10k
-0.0073603215,0.010073474,rna10k
-0.00652686,-0.015143505,rna10k
-0.0063834186,0.0051252814,rna10k
-0.0063901944,-0.0023670867,rna10k
-0.007386358,0.0026417177,rna10k
-0.0065179,-0.021515794,rna10k
-0.007359468,-0.002827104,rna10k
-0.0063773654,0.0019617898,rna10k
-0.007378499,-0.006298971,rna10k
-0.007158918,0.003466683,rna10k
-0.0063676606,0.0067243185,rna10k
-0.00636139,0.0020799127,rna10k
-0.006367461,0.00521111,rna10k
-0.00636617,0.0050045555,rna10k
-0.0063661183,-0.006925174,rna10k
-0.0063615963,4.4482156e-05,rna10k
-0.0073712324,-0.0045568217,rna10k
-0.0073871263,0.0040224805,rna10k
-0.007385393,-0.0031470796,rna10k
-0.00652617,-0.013986548,rna10k
-0.0071543427,-0.0022892808,rna10k
-0.0073802904,-0.0053211753,rna10k
-0.007380986,-0.005644897,rna10k
-0.0063977246,0.00957617,rna10k
-0.007378403,-0.0056628333,rna10k
-0.007382238,0.0018430084,rna10k
-0.006515964,-0.021519007,rna10k
-0.0063672597,0.0075358455,rna10k
-0.006363314,-0.0058110124,rna10k
-0.0063870647,0.010225005,rna10k
-0.0063604205,-0.0009516194,rna10k
-0.007373802,-0.0059450488,rna10k
-0.007381067,-0.002685517,rna10k
-0.007358283,-0.017581556,rna10k
-0.006372626,-0.00011109315,rna10k
-0.006333711,-0.008911962,rna10k
-0.0063678757,-0.00505358,rna10k
-0.0063651972,0.004718294,rna10k
-0.0063734683,0.0028854301,rna10k
-0.0063936505,0.008425598,rna10k
-0.0073864018,0.007183439,rna10k
-0.006380597,-0.007233438,rna10k
-0.0063651386,0.004471322,rna10k
-0.006365414,0.0033475903,rna10k
-0.0064288806,0.008441074,rna10k
-0.006354023,-0.006695999,rna10k
-0.0073838276,-0.001445149,rna10k
-0.006367566,-0.0063916873,rna10k
-0.0072905393,-0.0021522976,rna10k
-0.0065215477,0.016332071,rna10k
-0.0063689845,0.009295135,rna10k
-0.0063598184,-0.006840188,rna10k
-0.007355624,0.0014420834,rna10k
-0.006369714,0.0058388864,rna10k
-0.0063636336,0.003496595,rna10k
-0.00635378,-0.0073273806,rna10k
-0.00638176,-0.003431714,rna10k
-0.0073593417,0.00030847822,rna10k
-0.006332168,0.0014146485,rna10k
-0.0073858043,-0.0016495117,rna10k
-0.007380882,0.013319674,rna10k
-0.0073559205,-0.0004003932,rna10k
-0.007377361,-0.0051482986,rna10k
-0.007275844,-0.013330608,rna10k
-0.007383438,-0.0041815713,rna10k
-0.007352932,0.012121957,rna10k
-0.0063569816,-0.0046815565,rna10k
-0.0073460466,-0.019261692,rna10k
-0.006421374,-0.005898608,rna10k
-0.007385661,-0.0014111234,rna10k
-0.006367247,-0.0047829114,rna10k
-0.006366595,0.0068811285,rna10k
-0.0073820567,-0.0058931676,rna10k
-0.007385581,-0.004377653,rna10k
-0.0063630934,-0.0034659056,rna10k
-0.0073597394,0.003881333,rna10k
-0.0063816067,-0.0008053848,rna10k
-0.0073810876,-0.0045972876,rna10k
-0.0064878995,-0.0028321524,rna10k
-0.007369437,-0.0047020884,rna10k
-0.0073568667,-0.005304495,rna10k
-0.006364756,0.0030862093,rna10k
-0.006363114,-0.009525924,rna10k
-0.0073782736,0.00031431913,rna10k
-0.0073616263,-0.0111741135,rna10k
-0.006367448,0.010672591,rna10k
-0.006379904,0.014125678,rna10k
-0.0063761575,0.0036352242,rna10k
-0.00635428,-0.0051550013,rna10k
-0.0065106563,-0.020734446,rna10k
-0.0073622237,-0.00026503,rna10k
-0.0063735317,-0.00084899634,rna10k
-0.006390559,0.005494812,rna10k
-0.00736133,0.0028035245,rna10k
-0.006394433,0.0107518695,rna10k
-0.0073586334,0.014705039,rna10k
-0.0073831966,0.009847037,rna10k
-0.00635606,-0.0093851,rna10k
-0.006383442,0.0012323038,rna10k
-0.0063649067,-0.005122968,rna10k
-0.0063342554,-0.009748686,rna10k
-0.007384879,-0.0026077903,rna10k
-0.006366974,0.0057256618,rna10k
-0.0063861967,0.026406769,rna10k
-0.00636299,-0.0005514075,rna10k
-0.006352049,-0.009260733,rna10k
-0.0063950513,0.0051447907,rna10k
-0.006516172,-0.030411974,rna10k
-0.007388459,0.0031360167,rna10k
-0.0073859473,-0.0044367784,rna10k
-0.0063655353,0.005667455,rna10k
-0.0073856604,0.0054479996,rna10k
-0.0073268665,0.0025214662,rna10k
-0.0070844297,0.0010336018,rna10k
-0.006364252,0.0019332336,rna10k
-0.0073525673,0.006554956,rna10k
-0.007241552,0.007884807,rna10k
-0.006379217,0.010980526,rna10k
-0.0073820804,-0.001976994,rna10k
-0.0063622547,0.000705904,rna10k
-0.006366069,-0.0027021482,rna10k
-0.006368911,0.0074636345,rna10k
-0.007256669,0.0006416881,rna10k
-0.0072844136,-0.0025923047,rna10k
-0.007355465,0.009514432,rna10k
-0.007383783,0.0026582882,rna10k
-0.006414378,0.005698319,rna10k
-0.006362657,0.003614506,rna10k
-0.0063648224,-0.008463775,rna10k
-0.0073623736,-0.0049170656,rna10k
-0.0072423588,0.0024162435,rna10k
-0.006386123,0.0073489016,rna10k
-0.007368852,-0.0027126328,rna10k
-0.007271912,-0.0019442622,rna10k
-0.006365468,0.0055663427,rna10k
-0.0063470723,-0.017624428,rna10k
-0.006363686,0.0022202951,rna10k
-0.0063331183,-0.010928155,rna10k
-0.0063667833,0.006522859,rna10k
-0.0072781495,-0.005513434,rna10k
-0.006362681,-0.0019219476,rna10k
-0.006363652,0.005433899,rna10k
-0.0073625054,0.0068251053,rna10k
-0.0073812916,-0.0029504558,rna10k
-0.0063665663,0.005463419,rna10k
-0.006412289,0.009279936,rna10k
-0.007254398,2.2002136e-05,rna10k
-0.006405884,0.007280309,rna10k
-0.006352865,-0.008305273,rna10k
-0.006365936,0.0073100463,rna10k
-0.007351597,0.009908561,rna10k
-0.0073435027,-0.00048403934,rna10k
-0.0065239286,0.018333264,rna10k
-0.0073798816,-0.0048682545,rna10k
-0.006400779,0.009058325,rna10k
-0.0063658617,0.0068385303,rna10k
-0.006361493,-0.0033068869,rna10k
-0.007362121,-0.013086948,rna10k
-0.006359174,-0.0005380507,rna10k
-0.006355856,-0.0042397617,rna10k
-0.006364328,0.0025193032,rna10k
-0.007361724,5.4249078e-05,rna10k
-0.007379199,-0.006567274,rna10k
-0.0065258094,-0.016755074,rna10k
-0.006524451,0.0014683688,rna10k
-0.007375466,-0.0107990205,rna10k
-0.0063625006,0.0041232123,rna10k
-0.0073884483,0.00206625,rna10k
-0.0063897227,-0.0028680107,rna10k
-0.0073790136,0.00071832206,rna10k
-0.007382289,0.011816074,rna10k
-0.0063675763,-0.009707809,rna10k
-0.0063703037,0.0086485855,rna10k
-0.0073768627,-0.0061100624,rna10k
-0.007383968,0.011177132,rna10k
-0.006368005,0.0036336156,rna10k
-0.007386308,-9.530409e-05,rna10k
-0.0073818993,-0.0049083466,rna10k
-0.0073877755,0.0013033977,rna10k
-0.006359897,-0.0014753959,rna10k
-0.007362446,0.012128118,rna10k
-0.0064027784,0.0071085957,rna10k
-0.006366279,0.0035959762,rna10k
-0.007375598,-0.0073339087,rna10k
-0.0073664053,-0.0020706593,rna10k
-0.007359225,-0.0072682863,rna10k
-0.007350457,0.0007908351,rna10k
-0.0063602356,-0.0005506163,rna10k
-0.0073681287,-0.0040585017,rna10k
-0.0064143254,0.008491844,rna10k
-0.0063696047,-0.0089492705,rna10k
-0.0063618175,0.009089042,rna10k
-0.006524059,0.0070266607,rna10k
-0.006521241,0.015855862,rna10k
-0.0063639013,0.005345269,rna10k
-0.0064085927,0.010714338,rna10k
-0.0065230853,0.017145094,rna10k
-0.00737945,-0.0068347105,rna10k
-0.006360655,-0.007709966,rna10k
-0.0063658752,-0.0051160934,rna10k
-0.006519502,0.015601799,rna10k
-0.0063628624,-0.008619507,rna10k
-0.0063404813,-0.009337755,rna10k
-0.0063646887,0.002668378,rna10k
-0.007380727,-0.0008658591,rna10k
-0.007384636,0.006225336,rna10k
-0.007385791,-0.0012838666,rna10k
-0.0073816106,0.0028738356,rna10k
-0.006358478,-0.0006442611,rna10k
-0.0063857264,0.0079285,rna10k
-0.0073819906,-0.005520465,rna10k
-0.0073883617,0.002834296,rna10k
-0.007354053,0.01167887,rna10k
-0.0063645453,0.0052121356,rna10k
-0.0065248967,-0.013737628,rna10k
-0.0063316696,-0.0034503723,rna10k
-0.007366556,-0.003275813,rna10k
-0.0065226564,-0.02069757,rna10k
-0.0063482984,0.00012267366,rna10k
-0.006364558,0.0037853399,rna10k
-0.007379693,-0.0047630235,rna10k
-0.0063685593,0.0010663044,rna10k
-0.0063652257,0.00536342,rna10k
-0.0073800613,-0.0046428437,rna10k
-0.0073839864,0.008452327,rna10k
-0.006361845,0.0023505688,rna10k
-0.00735813,0.0008410997,rna10k
-0.0063630044,9.303273e-05,rna10k
-0.006363682,-0.0010048492,rna10k
-0.0073811305,-0.0038992574,rna10k
-0.006361383,0.0029717297,rna10k
-0.0065276693,-0.016185686,rna10k
-0.0073768394,-0.006864496,rna10k
-0.007381363,-0.0066143614,rna10k
-0.006520437,0.014522227,rna10k
-0.0063987244,0.010293387,rna10k
-0.007370599,-0.00324309,rna10k
-0.007259211,0.01049634,rna10k
-0.006374092,0.0073807593,rna10k
-0.0073788716,-0.001681749,rna10k
-0.0063586566,-0.00084121275,rna10k
-0.006362198,-0.008539087,rna10k
-0.0063516656,-0.008551595,rna10k
-0.0073865918,-0.0031601063,rna10k
-0.0065264017,0.005790324,rna10k
-0.006371324,0.0044958615,rna10k
-0.006367205,-0.00066166464,rna10k
-0.007386291,-0.00021391791,rna10k
-0.0063631427,-0.00040086053,rna10k
-0.006399246,0.007981107,rna10k
-0.006363252,0.00059598044,rna10k
-0.006369739,0.006108568,rna10k
-0.0064000706,0.0072498997,rna10k
-0.0073716403,-0.018987177,rna10k
-0.007385359,0.004131535,rna10k
-0.006522709,-0.018265486,rna10k
-0.0063647013,-0.012071658,rna10k
-0.0063496735,-0.0012029307,rna10k
-0.0073831924,0.008241849,rna10k
-0.006366397,-0.003963466,rna10k
-0.006398089,0.0104052555,rna10k
-0.0073836436,-0.0026673332,rna10k
-0.006366134,0.004604056,rna10k
-0.006360257,0.000249408,rna10k
-0.006364183,0.0027894054,rna10k
-0.006516673,-0.0002691851,rna10k
-0.0073625655,-0.0052321097,rna10k
-0.0072384356,0.01042262,rna10k
-0.006334666,-0.009322897,rna10k
-0.007383586,0.0021745898,rna10k
-0.0063645365,-0.0055999304,rna10k
-0.0073615876,-0.01072158,rna10k
-0.006379856,-0.018622508,rna10k
-0.0063681263,-0.0024697655,rna10k
-0.0073632877,0.0013067483,rna10k
-0.0072435807,0.016322523,rna10k
-0.0073764524,-0.0066505694,rna10k
-0.0063544894,-0.0062211603,rna10k
-0.0063830507,-0.0072760857,rna10k
-0.0063722506,0.008562684,rna10k
-0.006365574,0.0066828486,rna10k
-0.007257508,-0.0059474446,rna10k
-0.007385539,-0.0016292682,rna10k
-0.007371475,-0.008614734,rna10k
-0.0063562375,-0.004352927,rna10k
-0.0073843957,-0.006362155,rna10k
-0.006395615,0.0085832,rna10k
-0.0065266257,0.0057879235,rna10k
-0.007382815,-0.0030574284,rna10k
-0.0073614228,-0.010847683,rna10k
-0.0063835145,-0.009546136,rna10k
-0.006413583,0.008025243,rna10k
-0.0073866877,0.0002952266,rna10k
-0.006366601,-0.0020400712,rna10k
-0.006373505,0.0019446024,rna10k
-0.0063636485,0.004171844,rna10k
-0.0063673295,0.011909935,rna10k
-0.006362517,0.0018697527,rna10k
-0.006356541,-0.0024360043,rna10k
-0.0063662548,0.006505894,rna10k
-0.006383184,-0.008563279,rna10k
-0.0063682524,0.007994579,rna10k
-0.00639957,0.011014057,rna10k
-0.0073816148,-0.0045800763,rna10k
-0.006374986,-0.00264373,rna10k
-0.0066747256,0.01912807,rna10k
-0.0073565855,0.013506445,rna10k
-0.0063363216,-0.003873017,rna10k
-0.006396988,0.010141586,rna10k
-0.0073661106,-0.0005713585,rna10k
-0.0072646826,-0.0006731347,rna10k
-0.007362305,-0.0054225014,rna10k
-0.0065261247,0.0025433823,rna10k
-0.007368684,-0.0122524435,rna10k
-0.0063572214,-0.005064085,rna10k
-0.0063597085,-0.0021562784,rna10k
-0.006363276,-0.00042692208,rna10k
-0.0063956077,0.008798168,rna10k
-0.0063659796,-0.0044751754,rna10k
-0.006362971,-0.0016098699,rna10k
-0.006368775,-0.0048258672,rna10k
-0.0072784503,0.0033344133,rna10k
-0.006356306,-0.0081747435,rna10k
-0.007267144,-0.0018337069,rna10k
-0.0063646566,0.004433851,rna10k
-0.0073729134,-0.005518647,rna10k
-0.007275039,-0.00048991275,rna10k
-0.0063440735,-0.010080226,rna10k
-0.007202028,0.0029107148,rna10k
-0.006359587,-0.00067025406,rna10k
-0.006355451,-0.0029242318,rna10k
-0.0073618195,-0.008395732,rna10k
-0.006363367,-0.0064646066,rna10k
-0.006363178,-0.0059674303,rna10k
-0.006358898,-0.0023431426,rna10k
-0.0063560954,-0.0066909324,rna10k
-0.0073841726,0.007830196,rna10k
-0.0063350275,-0.010627829,rna10k
-0.00636205,0.0006194584,rna10k
-0.0063618207,0.0005742268,rna10k
-0.0063619385,-0.00033699314,rna10k
-0.0073604984,-0.0009156017,rna10k
-0.0063977237,0.0091949385,rna10k
-0.00735678,-0.00239348,rna10k
-0.006646267,-0.0024472577,rna10k
-0.0063622217,0.0033839121,rna10k
-0.0063972077,0.009527702,rna10k
-0.007371063,-0.00708958,rna10k
-0.0063550943,-0.0067435037,rna10k
-0.0063944,0.009606603,rna10k
-0.0073851193,-0.0020995007,rna10k
-0.0068207625,0.0022858798,rna10k
-0.007359395,0.013379189,rna10k
-0.006426168,0.0071543283,rna10k
-0.00636383,0.0014835548,rna10k
-0.006365039,0.005949575,rna10k
-0.0063679754,0.0063494043,rna10k
-0.0073844716,0.0063771773,rna10k
-0.007152593,0.00308686,rna10k
-0.0063660904,-0.0050046644,rna10k
-0.0063678087,0.00652342,rna10k
-0.0063562784,-0.0021634176,rna10k
-0.0063623604,-0.0010294225,rna10k
-0.0063632024,0.0009776369,rna10k
-0.0072565675,0.0032036165,rna10k
-0.007368141,-0.0054421877,rna10k
-0.0063973353,0.00834627,rna10k
-0.0063627837,0.0026810279,rna10k
-0.006368926,-0.00450819,rna10k
-0.007385982,-0.0025431146,rna10k
-0.0063730776,-0.012219743,rna10k
-0.0073603364,0.0006757831,rna10k
-0.0063480805,-0.03072781,rna10k
-0.0063866186,0.0461551,rna10k
-0.0063663623,0.006326827,rna10k
-0.0063945726,0.008598274,rna10k
-0.0063765254,-0.004821438,rna10k
-0.006524428,0.012950116,rna10k
-0.00636592,0.0083068255,rna10k
-0.0073823933,-0.004911654,rna10k
-0.00638887,0.009038561,rna10k
-0.0073543605,0.007436536,rna10k
-0.006361794,0.0017799956,rna10k
-0.006361418,-0.00011030141,rna10k
-0.006525391,0.00986747,rna10k
-0.0073850686,-0.0006638274,rna10k
-0.0063649267,0.004016633,rna10k
-0.00737686,-0.005631981,rna10k
-0.0065186755,0.012065589,rna10k
-0.0063681165,0.004630863,rna10k
-0.006366195,-0.0076684803,rna10k
-0.006367494,0.006529483,rna10k
-0.0063877525,0.00019686863,rna10k
-0.007366638,-0.0073304656,rna10k
-0.007356007,0.005733801,rna10k
-0.007173033,0.0023952348,rna10k
-0.0063652545,0.00461145,rna10k
-0.006528881,0.0009190382,rna10k
-0.007381571,-0.002703772,rna10k
-0.006383206,0.011723989,rna10k
-0.0073826653,-0.0040964703,rna10k
-0.0071465974,0.004067172,rna10k
-0.006363051,-0.0054908847,rna10k
-0.0073593203,-0.012635956,rna10k
-0.0064024744,0.009911178,rna10k
-0.006399428,0.0081330305,rna10k
-0.0063674734,0.008352845,rna10k
-0.007357202,0.00053517084,rna10k
-0.0073840446,0.0016769327,rna10k
-0.0063914615,0.008900097,rna10k
-0.0073822625,0.0077735023,rna10k
-0.006353588,-0.006315192,rna10k
-0.007357923,-0.016254326,rna10k
-0.006379617,-0.010886342,rna10k
-0.007379204,-0.005962207,rna10k
-0.00636434,-0.007361207,rna10k
-0.006366536,0.007943533,rna10k
-0.006353866,-0.006199466,rna10k
-0.007386964,0.009288204,rna10k
-0.006364728,-0.007569144,rna10k
-0.0073519237,0.009325248,rna10k
-0.006526479,-0.010208664,rna10k
-0.0072593465,0.0013310426,rna10k
-0.0063662976,0.0075435536,rna10k
-0.006366928,0.00782691,rna10k
-0.0063623246,0.0038305982,rna10k
-0.0073871785,0.00048445602,rna10k
-0.0063532786,-0.007623184,rna10k
-0.0063618347,-0.0045457887,rna10k
-0.0073756143,-0.0030173846,rna10k
-0.0063687763,0.0088277655,rna10k
-0.0073059374,0.017329419,rna10k
-0.006519304,0.0044390047,rna10k
-0.0063772737,-0.005687405,rna10k
-0.006359946,0.013079356,rna10k
-0.006519541,0.0039363964,rna10k
-0.007358985,-0.0030212756,rna10k
-0.0073619545,-0.0008258719,rna10k
-0.0073626223,0.0076253763,rna10k
-0.0073795533,-0.0067673787,rna10k
-0.006359815,0.0011193664,rna10k
-0.0065222206,0.007926185,rna10k
-0.007384764,0.0015669646,rna10k
-0.007374945,-0.0046757027,rna10k
-0.006366737,0.0068052,rna10k
-0.006398065,0.0051842523,rna10k
-0.0063587977,-0.002147448,rna10k
-0.007384695,-0.00033974246,rna10k
-0.0063661416,0.006907126,rna10k
-0.006367075,0.007927653,rna10k
-0.006353977,-0.0077966275,rna10k
-0.0063641435,0.0025414608,rna10k
-0.006345344,-0.007921382,rna10k
-0.0073860874,0.0032636027,rna10k
-0.00738452,-0.0036834371,rna10k
-0.006338473,-0.008127,rna10k
-0.0066450657,-0.014904304,rna10k
-0.0063643362,-0.00011534286,rna10k
-0.006363821,0.0010672413,rna10k
-0.0065329974,0.0069977744,rna10k
-0.006381841,-0.002347492,rna10k
-0.006363427,-0.004683334,rna10k
-0.007356618,0.006888423,rna10k
-0.0073549324,0.0043231803,rna10k
-0.007259082,0.009209711,rna10k
-0.0073551093,0.004565111,rna10k
-0.0073818704,-0.0012545759,rna10k
-0.007360951,-0.0067610377,rna10k
-0.0073831417,-0.0026780379,rna10k
-0.006360956,0.0017902821,rna10k
-0.0073619895,0.004182723,rna10k
-0.0073836674,0.008136718,rna10k
-0.00636302,-0.0045840237,rna10k
-0.0073579284,0.005818517,rna10k
-0.006365701,0.007180846,rna10k
-0.006372249,0.009387903,rna10k
-0.0063916687,0.006025265,rna10k
-0.0063668243,0.0051550088,rna10k
-0.0065243626,0.0126530025,rna10k
-0.0065246886,-0.016047312,rna10k
-0.0063737473,-0.003654898,rna10k
-0.0073083905,0.0047660917,rna10k
-0.0063591707,0.0009009889,rna10k
-0.007384849,0.007288205,rna10k
-0.007175994,0.007011036,rna10k
-0.0063586477,-0.0053118975,rna10k
-0.006362463,-0.007391424,rna10k
-0.006359746,-0.00030662617,rna10k
-0.0063577024,-0.0033090326,rna10k
-0.0065298057,-0.008574266,rna10k
-0.0073539075,0.012446021,rna10k
-0.007387364,0.0056300173,rna10k
-0.007288408,0.00016615479,rna10k
-0.006370656,0.007228164,rna10k
-0.007343948,-0.0036844953,rna10k
-0.0063641276,0.0032491433,rna10k
-0.0063631386,0.000795499,rna10k
-0.007269901,-0.004074267,rna10k
-0.006365929,0.004975131,rna10k
-0.0073097236,-0.008435712,rna10k
-0.0073360973,0.011358006,rna10k
-0.006365958,0.005664718,rna10k
-0.006365968,0.0071467645,rna10k
-0.006519948,0.016631182,rna10k
-0.007376059,-0.0039234334,rna10k
-0.0063613616,-0.0013099462,rna10k
-0.006364062,0.0050925235,rna10k
-0.007358563,0.008742448,rna10k
-0.0073827473,-0.0013470043,rna10k
-0.006357773,-0.000974228,rna10k
-0.006367623,0.0057729334,rna10k
-0.0063949544,0.006191216,rna10k
-0.0064056935,0.026675915,rna10k
-0.006364986,0.0053262333,rna10k
-0.007380922,0.0062145395,rna10k
-0.0071535944,0.0072243954,rna10k
-0.0063953693,0.006355623,rna10k
-0.006370342,-0.0043815332,rna10k
-0.0073711816,-0.0030578736,rna10k
-0.007379199,-0.006063589,rna10k
-0.0063631255,0.0017951615,rna10k
-0.006366473,0.0048147053,rna10k
-0.0063661886,0.0078070187,rna10k
-0.0065160557,-0.02119817,rna10k
-0.0063654287,-0.006948665,rna10k
-0.0063673505,0.008805468,rna10k
-0.0073652174,-0.0027994758,rna10k
-0.0063545974,-0.0064800717,rna10k
-0.006362187,-0.005190958,rna10k
-0.0063719456,-0.0049886853,rna10k
-0.0063645444,0.003355569,rna10k
-0.0073378906,0.002803461,rna10k
-0.007382017,-0.00537252,rna10k
-0.006768738,-0.0030533646,rna10k
-0.0063644475,0.0044505163,rna10k
-0.0073836083,0.0061908234,rna10k
-0.006367864,0.0048783696,rna10k
-0.006523182,0.005510142,rna10k
-0.0073862425,0.016249968,rna10k
-0.0065250914,0.0128106475,rna10k
-0.0065215677,0.018354695,rna10k
-0.007381117,-0.0023588908,rna10k
-0.007275763,0.0077802236,rna10k
-0.0065283016,0.012948632,rna10k
-0.006366055,0.0024904495,rna10k
-0.006337211,-0.005164987,rna10k
-0.006370838,-0.003361864,rna10k
-0.007357064,0.004060555,rna10k
-0.0064860005,0.0048751435,rna10k
-0.0073835175,0.0021695578,rna10k
-0.0063637844,0.0045852084,rna10k
-0.006521397,0.015872376,rna10k
-0.0063715135,0.0064329947,rna10k
-0.0073613613,-0.006859634,rna10k
-0.0063661453,0.010580695,rna10k
-0.006355309,-0.018932404,rna10k
-0.0073570255,0.0026043474,rna10k
-0.0068202065,0.002695436,rna10k
-0.0073521226,0.009557913,rna10k
-0.0063694254,0.004299417,rna10k
-0.0073850434,-0.0029185736,rna10k
-0.006525905,-0.013014105,rna10k
-0.007377033,-0.0044894502,rna10k
-0.0073829927,-0.004532534,rna10k
-0.0073836246,0.009985506,rna10k
-0.0063726585,0.010689322,rna10k
-0.0073395916,0.010130873,rna10k
-0.0073806434,-0.006057853,rna10k
-0.006365639,0.0069201724,rna10k
-0.007251787,0.012943889,rna10k
-0.007382591,0.0047468836,rna10k
-0.00738641,0.000709943,rna10k
-0.0063633746,-0.009462836,rna10k
-0.007347905,-0.014809741,rna10k
-0.0063669216,0.006167308,rna10k
-0.0073508057,0.012727622,rna10k
-0.00651829,-0.021656265,rna10k
-0.0063612554,-0.00043205696,rna10k
-0.0063654464,-0.006391511,rna10k
-0.0063545485,-0.0058454224,rna10k
-0.006396029,0.010178591,rna10k
-0.0073538367,0.00981813,rna10k
-0.0063645868,0.00085208804,rna10k
-0.006351749,-0.008611429,rna10k
-0.0063805454,0.004486421,rna10k
-0.0065324907,-0.003732426,rna10k
-0.0064139147,0.0076627918,rna10k
-0.006362275,-0.0070774504,rna10k
-0.006370196,0.0009797812,rna10k
-0.006365976,-0.00409564,rna10k
-0.007386223,-0.004040556,rna10k
-0.0073821456,0.011142842,rna10k
-0.006375942,0.008596565,rna10k
-0.007309158,0.00092077407,rna10k
-0.0065302053,0.017841332,rna10k
-0.0063637234,0.00229164,rna10k
-0.007290545,0.01954246,rna10k
-0.0066318987,0.02200965,rna10k
-0.0073855193,-0.0022132995,rna10k
-0.007360872,-0.01346257,rna10k
-0.007389978,0.012989921,rna10k
-0.006535037,0.021658873,rna10k
-0.006384799,-0.0013288767,rna10k
-0.00738378,0.007835087,rna10k
-0.0073596397,-0.0037168837,rna10k
-0.006350291,-0.0025067106,rna10k
-0.006359968,0.0005349555,rna10k
-0.006380007,-0.016241785,rna10k
-0.006372899,-0.0030776022,rna10k
-0.006365792,0.0035805302,rna10k
-0.0073823654,-0.0031331494,rna10k
-0.006650197,0.0019893886,rna10k
-0.0068327673,0.012149369,rna10k
-0.006509655,-0.019106941,rna10k
-0.006363671,-0.0032881922,rna10k
-0.007386263,0.012001483,rna10k
-0.0063706865,-0.0012280804,rna10k
-0.0063713524,0.011485673,rna10k
-0.006522458,0.015110872,rna10k
-0.006405148,0.0030782311,rna10k
-0.0063522505,-0.008603973,rna10k
-0.006364552,0.0030971088,rna10k
-0.0063682753,0.006508574,rna10k
-0.0063603525,-0.00041064157,rna10k
-0.0073688156,-0.0086402325,rna10k
-0.0065244692,0.019704863,rna10k
-0.0064718327,-0.025020432,rna10k
-0.0063653844,0.0043659536,rna10k
-0.0063343346,-0.009807305,rna10k
-0.0063643362,0.0015194888,rna10k
-0.0063692625,0.0035016306,rna10k
-0.006361466,-0.0017886976,rna10k
-0.0063672247,0.007408142,rna10k
-0.006525341,-0.012348745,rna10k
-0.0063586994,-0.0020860783,rna10k
-0.0073826998,0.008305534,rna10k
-0.006525106,0.013288382,rna10k
-0.0065233293,0.0019843332,rna10k
-0.0066893706,-0.01051649,rna10k
-0.007383345,0.003011778,rna10k
-0.0065273754,-0.016265942,rna10k
-0.0063601867,-0.001101333,rna10k
-0.0063616782,0.0011211948,rna10k
-0.006365013,-0.005595798,rna10k
-0.0063597043,-3.362544e-05,rna10k
-0.0063656694,-0.006497011,rna10k
-0.0073823733,-0.004803686,rna10k
-0.006383028,-0.010383451,rna10k
-0.00738224,-0.0040373667,rna10k
-0.007268771,0.0017342558,rna10k
-0.007380884,-0.0055444753,rna10k
-0.006366418,0.006755303,rna10k
-0.0063355486,-0.00976425,rna10k
-0.006500616,-0.022907268,rna10k
-0.0073735327,-0.0029006524,rna10k
-0.0063659265,0.008815088,rna10k
-0.006365309,0.0037192334,rna10k
-0.0073849657,0.009433035,rna10k
-0.006389121,0.0029492562,rna10k
-0.0063689407,0.009470472,rna10k
-0.0073568486,0.005275414,rna10k
-0.0063675214,0.0066333967,rna10k
-0.007385248,-0.001971871,rna10k
-0.006352875,-0.008119716,rna10k
-0.0073023285,-0.015944762,rna10k
-0.0063596196,-0.020657003,rna10k
-0.0063668033,0.0051447805,rna10k
-0.0063299695,-0.011934895,rna10k
-0.0063762744,-0.0014951684,rna10k
-0.0073762666,-0.003442508,rna10k
-0.0063706012,0.006317255,rna10k
-0.0063936673,-0.0033199391,rna10k
-0.0063627735,-0.006183679,rna10k
-0.007386955,0.007115098,rna10k
-0.007360161,-0.0026827785,rna10k
-0.006372919,0.010357725,rna10k
-0.006366404,0.0070220376,rna10k
-0.006396868,0.010581614,rna10k
-0.0073666563,-0.0059517175,rna10k
-0.0073848297,0.007837721,rna10k
-0.0063673365,0.008015354,rna10k
-0.006359386,-0.010237204,rna10k
-0.0065245507,0.012291507,rna10k
-0.006526879,0.012133966,rna10k
-0.0063622515,-0.0009472864,rna10k
-0.0063636615,-0.0063613793,rna10k
-0.006363327,-0.0073376577,rna10k
-0.00639714,0.0101860305,rna10k
-0.006358053,-0.0030309388,rna10k
-0.0072525106,0.01789142,rna10k
-0.0073804692,-0.0023983752,rna10k
-0.006364178,-0.0028314556,rna10k
-0.0073650214,-0.0017795004,rna10k
-0.0063668406,0.0071183075,rna10k
-0.0063544004,-0.00780847,rna10k
-0.0073858234,-0.0027237688,rna10k
-0.0073804636,-0.0051288055,rna10k
-0.0073863547,0.0034614648,rna10k
-0.007370028,-0.0041399985,rna10k
-0.0065202736,0.005433472,rna10k
-0.0063617625,-0.0073520513,rna10k
-0.0073826113,-0.0023483043,rna10k
-0.006367609,0.0073375506,rna10k
-0.0072937054,0.002077472,rna10k
-0.007356674,0.0037177852,rna10k
-0.0072688316,-0.005413158,rna10k
-0.0063865613,-0.0005395373,rna10k
-0.006388116,0.022121662,rna10k
-0.0063765375,-0.0034095945,rna10k
-0.007363731,0.001977919,rna10k
-0.0073803104,-0.003703912,rna10k
-0.006364463,-0.0024959159,rna10k
-0.00633924,-0.009060932,rna10k
-0.006363844,-0.004064166,rna10k
-0.006528359,0.0059431456,rna10k
-0.006813646,-0.003991222,rna10k
-0.0073875342,0.002508071,rna10k
-0.007234027,-0.0046460414,rna10k
-0.0063977577,0.009044527,rna10k
-0.0063594384,-0.0003311366,rna10k
-0.0063668196,-0.009124899,rna10k
-0.006370724,0.0025393975,rna10k
-0.006366684,-0.024922233,rna10k
-0.0072459066,-0.0010418353,rna10k
-0.00635968,0.00082266855,rna10k
-0.006362564,-0.006348065,rna10k
-0.0072774547,-0.0046143252,rna10k
-0.0063647395,0.0034511907,rna10k
-0.007372106,-0.004692477,rna10k
-0.006364346,0.0029299064,rna10k
-0.006524724,-0.015378178,rna10k
-0.0063672545,0.0066486993,rna10k
-0.0073864292,-0.004246449,rna10k
-0.0073833517,0.0072505204,rna10k
-0.0063662683,0.004945723,rna10k
-0.0073784776,-0.005076833,rna10k
-0.006525238,-0.013739588,rna10k
-0.0064143552,0.009048456,rna10k
-0.0073544458,0.0072795064,rna10k
-0.007247993,0.0031542578,rna10k
-0.0073839785,-0.0016054314,rna10k
-0.0065248194,-0.005274271,rna10k
-0.006362283,0.00090024166,rna10k
-0.0063860533,-0.00019089921,rna10k
-0.007363204,-0.0034440216,rna10k
-0.0064322553,0.012187398,rna10k
-0.0063671474,-0.0048570386,rna10k
-0.007379313,-0.0043079923,rna10k
-0.0073830844,0.010616883,rna10k
-0.0063656005,0.004272664,rna10k
-0.0063641705,0.0049290783,rna10k
-0.0073596262,0.003185503,rna10k
-0.0073828627,-0.003376156,rna10k
-0.00636721,0.006404146,rna10k
-0.006526256,0.002060981,rna10k
-0.0063660773,0.009692936,rna10k
-0.007272425,-0.0037466465,rna10k
-0.0063924883,0.010581977,rna10k
-0.0063926927,0.012620796,rna10k
-0.00636465,0.0068370225,rna10k
-0.0063717836,0.0074582375,rna10k
-0.007386343,0.0010086047,rna10k
-0.006367804,0.0023152204,rna10k
-0.00632982,-0.010415505,rna10k
-0.0073890127,0.000349457,rna10k
-0.006526375,-0.011550111,rna10k
-0.006345225,-0.0037557702,rna10k
-0.006365675,0.006786839,rna10k
-0.0063656806,0.0063548996,rna10k
-0.0063693826,0.0075235516,rna10k
-0.006362562,-0.0013136836,rna10k
-0.006528475,-0.015322823,rna10k
-0.0073803756,-0.005769896,rna10k
-0.0063522197,-0.008180956,rna10k
-0.006367843,0.00577923,rna10k
-0.00636348,-0.0048265723,rna10k
-0.0073746187,0.009341603,rna10k
-0.0063570472,-0.0032110717,rna10k
-0.0065246727,-0.014782724,rna10k
-0.0068207397,0.0018302535,rna10k
-0.007205126,-0.039201703,rna10k
-0.0063665486,-0.0036000821,rna10k
-0.0066510527,0.0014037947,rna10k
-0.006362627,0.0041998513,rna10k
-0.0071555884,-0.00045292085,rna10k
-0.0063758614,-0.0032292942,rna10k
-0.0063650208,-0.0034388914,rna10k
-0.006367142,0.005135681,rna10k
-0.0073663234,-0.0042616613,rna10k
-0.0063628973,-0.009108631,rna10k
-0.0063900515,0.01051323,rna10k
-0.0064000213,0.009096662,rna10k
-0.007339449,-0.0064679906,rna10k
-0.0073531345,0.013952793,rna10k
-0.0063713384,0.0040032323,rna10k
-0.007386176,0.0017430057,rna10k
-0.0063699945,0.0085955085,rna10k
-0.0063713146,0.010729119,rna10k
-0.006371434,-0.0011660879,rna10k
-0.006360917,0.00059034803,rna10k
-0.0065252054,0.014057436,rna10k
-0.006361053,-0.0010960907,rna10k
-0.00652619,0.014666015,rna10k
-0.0063619134,0.0017400614,rna10k
-0.007369125,-0.0031748838,rna10k
-0.006367427,0.0076279044,rna10k
-0.0063609816,-0.0065196217,rna10k
-0.0073850565,-0.003130882,rna10k
-0.0073838937,-0.0003363384,rna10k
-0.0065178005,0.0067858202,rna10k
-0.0063561164,-0.0023973396,rna10k
-0.0073744184,-0.0053620287,rna10k
-0.0073581967,-0.0009187003,rna10k
-0.006384898,-0.010125258,rna10k
-0.0073601864,0.010065443,rna10k
-0.0073806504,-0.003491375,rna10k
-0.006368624,0.007827303,rna10k
-0.0073842765,-0.0013884074,rna10k
-0.007371879,-0.0071869353,rna10k
-0.00636548,0.0062764883,rna10k
-0.006363398,-0.0018288146,rna10k
-0.0063542705,-0.018902209,rna10k
-0.0063707014,0.008257492,rna10k
-0.006367248,-0.0026897066,rna10k
-0.0073776566,-0.0038730877,rna10k
-0.0064044874,0.00581748,rna10k
-0.0063737957,-0.00090052164,rna10k
-0.0073853396,0.00041937243,rna10k
-0.0068132468,-0.0031083156,rna10k
-0.0073856213,-0.0034451745,rna10k
-0.006524434,0.0121163875,rna10k
-0.006376571,0.0044918265,rna10k
-0.0063622864,-0.007672978,rna10k
-0.007386208,0.0045422707,rna10k
-0.006360891,-0.004444602,rna10k
-0.0063682995,0.008565457,rna10k
-0.006364559,0.0021114114,rna10k
-0.0063633765,-0.0064531993,rna10k
-0.0063656475,0.0073491377,rna10k
-0.006361353,0.003318852,rna10k
-0.007377103,0.011118621,rna10k
-0.0063645085,-0.008510779,rna10k
-0.0063620387,-0.011739394,rna10k
-0.007366237,-0.0044918573,rna10k
-0.007311388,0.0010303042,rna10k
-0.0063659716,-0.0019685708,rna10k
-0.006359574,-0.007008383,rna10k
-0.0073806955,-0.00092144177,rna10k
-0.0063653733,-0.00095565105,rna10k
-0.006368237,-0.005116365,rna10k
-0.006363612,-0.0064774,rna10k
-0.0063666133,0.0064255553,rna10k
-0.0063754707,-0.014019832,rna10k
-0.007383447,-0.0036064084,rna10k
-0.0063824854,0.012748784,rna10k
-0.0063968357,0.0021343553,rna10k
-0.0073618083,0.0009561572,rna10k
-0.0063655055,0.005539996,rna10k
-0.00636105,-0.0025293713,rna10k
-0.0063609453,-0.009700811,rna10k
-0.0063664494,0.0045908936,rna10k
-0.0063800467,-0.01072335,rna10k
-0.006783698,-0.0037902864,rna10k
-0.0070789875,-0.027873725,rna10k
-0.007264889,-0.0015712138,rna10k
-0.0071776556,0.008929957,rna10k
-0.0063557485,-0.0043267915,rna10k
-0.0073567135,0.011603601,rna10k
-0.0063919094,0.009672427,rna10k
-0.007317002,0.0057276166,rna10k
-0.0065241875,-0.0062227407,rna10k
-0.0065250196,-0.016241342,rna10k
-0.0064259325,0.015607251,rna10k
-0.00723293,-0.0066732373,rna10k
-0.006359778,0.0012962673,rna10k
-0.00638636,0.004228177,rna10k
-0.0065256297,-0.004834408,rna10k
-0.006393948,0.008626821,rna10k
-0.007354169,0.013726765,rna10k
-0.007360216,-0.013292447,rna10k
-0.007242164,0.022509567,rna10k
-0.0073671904,-0.002886306,rna10k
-0.007387475,0.0020333035,rna10k
-0.007380458,-0.0054657254,rna10k
-0.0063634817,0.0050305636,rna10k
-0.0072767823,-0.0013063654,rna10k
-0.006368046,0.0063790595,rna10k
-0.0063620503,-0.00090277096,rna10k
-0.0072113695,0.013785688,rna10k
-0.0063696844,0.0073428373,rna10k
-0.0063603614,-0.0019634818,rna10k
-0.0063672536,-0.00662527,rna10k
-0.0065241973,0.020584239,rna10k
-0.007387391,0.0024180436,rna10k
-0.0063957567,0.007480529,rna10k
-0.007368011,-0.0075735464,rna10k
-0.006366246,0.0099911215,rna10k
-0.0073846984,-0.0022483275,rna10k
-0.0063917977,0.010553983,rna10k
-0.0063468674,-0.022527175,rna10k
-0.007364709,-0.0009945227,rna10k
-0.0065260087,-0.014698096,rna10k
-0.0063644033,0.0077830767,rna10k
-0.0073870467,-1.5504182e-05,rna10k
-0.0063546123,-0.005764518,rna10k
-0.006363828,-0.007463681,rna10k
-0.0073762233,-0.006779314,rna10k
-0.0063653854,0.0010927664,rna10k
-0.007384834,0.0014731649,rna10k
-0.0063737,-0.010221003,rna10k
-0.006361986,-0.00026581832,rna10k
-0.006367346,0.0083043035,rna10k
-0.0063642636,0.0049042124,rna10k
-0.0063837306,-0.005410914,rna10k
-0.006367752,0.008166793,rna10k
-0.006366386,0.006431358,rna10k
-0.006509806,-0.02204003,rna10k
-0.0073519633,0.012154852,rna10k
-0.0063674008,-0.005024189,rna10k
-0.006357789,-0.0025425414,rna10k
-0.0065249885,-0.009820031,rna10k
-0.007384424,-0.004297473,rna10k
-0.007362341,-0.0070442725,rna10k
-0.0063660247,0.008179496,rna10k
-0.0063662115,0.0040731607,rna10k
-0.006367999,-0.0007068659,rna10k
-0.006362852,0.0033289625,rna10k
-0.006366204,0.0069575086,rna10k
-0.006362741,0.0011628168,rna10k
-0.006360575,0.0019344621,rna10k
-0.00735127,0.009755922,rna10k
-0.0065373443,-0.027542625,rna10k
-0.0063846353,0.0032021876,rna10k
-0.006399995,0.010195345,rna10k
-0.0063772583,0.012664446,rna10k
-0.006367246,0.007970318,rna10k
-0.0073733265,-0.008004604,rna10k
-0.0063910815,0.005933268,rna10k
-0.006375407,-0.001985962,rna10k
-0.0063655,0.005483458,rna10k
-0.007380995,0.00026819206,rna10k
-0.007377797,-0.0063369083,rna10k
-0.0073701222,-0.0073747295,rna10k
-0.0066530732,-0.0043670046,rna10k
-0.006364715,0.0058032395,rna10k
-0.0073830094,-0.0060846256,rna10k
-0.0073711067,-0.0019462949,rna10k
-0.006366005,0.004322321,rna10k
-0.0063658645,-0.004989468,rna10k
-0.00639109,0.0021604965,rna10k
-0.00636491,0.004181309,rna10k
-0.0072822548,-0.00053620164,rna10k
-0.0072031855,-0.008691946,rna10k
-0.0065259375,-0.0072915945,rna10k
-0.0063537997,-0.0073365876,rna10k
-0.007362313,0.003279242,rna10k
-0.007386257,0.0039022893,rna10k
-0.0064068236,0.0065002698,rna10k
-0.007384466,0.005475627,rna10k
-0.0073833317,-0.0034911619,rna10k
-0.0073857824,0.0068012183,rna10k
-0.0073706014,-0.004257471,rna10k
-0.006341805,-0.0071831825,rna10k
-0.0063660275,0.006583921,rna10k
-0.0063611553,0.00045637676,rna10k
-0.007375565,-0.0063660364,rna10k
-0.0073809433,-0.004850334,rna10k
-0.006377196,0.0073953713,rna10k
-0.006353434,-0.0056149187,rna10k
-0.0073837363,-0.0009781918,rna10k
-0.0063665314,0.0069276406,rna10k
-0.006818955,0.0006161694,rna10k
-0.006362153,-0.0067477725,rna10k
-0.006524866,0.010790246,rna10k
-0.006364053,-0.0043651476,rna10k
-0.0063652243,-0.0052457405,rna10k
-0.006352869,-0.008362185,rna10k
-0.007385431,0.004857372,rna10k
-0.006383094,-0.0049026194,rna10k
-0.007380602,-0.0055701802,rna10k
-0.0073895385,0.0107453875,rna10k
-0.0065418384,-0.026402535,rna10k
-0.007376812,-0.005669635,rna10k
-0.006360436,-0.0009371852,rna10k
-0.0063568437,-0.004575535,rna10k
-0.007348085,-0.010702319,rna10k
-0.007385286,0.008978827,rna10k
-0.006525944,-0.0150090875,rna10k
-0.007360204,0.001063617,rna10k
-0.0065244217,0.017085986,rna10k
-0.006365004,0.0041499045,rna10k
-0.006376346,0.012945986,rna10k
-0.0063777235,-0.009003828,rna10k
-0.006364668,0.0018210689,rna10k
-0.0064959945,-0.0023887246,rna10k
-0.006392658,0.0055968813,rna10k
-0.006337216,0.0052097254,rna10k
-0.006355488,-0.013453473,rna10k
-0.0063781836,0.009033721,rna10k
-0.006525537,0.015197908,rna10k
-0.007383143,0.0053139706,rna10k
-0.0073606526,-0.00034308157,rna10k
-0.007136524,-0.0075753685,rna10k
-0.007255604,0.009126148,rna10k
-0.007284794,0.003235414,rna10k
-0.0072819865,-0.0062501295,rna10k
-0.006366484,-0.0055288677,rna10k
-0.0063704266,-0.0015574391,rna10k
-0.0073679313,-0.007174135,rna10k
-0.006335283,-0.0030652066,rna10k
-0.006523101,0.014800883,rna10k
-0.0063651083,-0.0063495026,rna10k
-0.0063573373,-0.0036418783,rna10k
-0.0063927826,-0.00012479538,rna10k
-0.0063594277,-0.0011329213,rna10k
-0.0063616913,-0.004003395,rna10k
-0.0063675847,-0.002531976,rna10k
-0.0063684895,0.0073942007,rna10k
-0.0071982485,0.0060457205,rna10k
-0.0063635935,0.003457243,rna10k
-0.0063644643,-0.005542486,rna10k
-0.007260356,0.0095030265,rna10k
-0.0072781565,-0.007838058,rna10k
-0.006356782,-0.0033641993,rna10k
-0.006353053,-0.0073359334,rna10k
-0.0064784614,-0.012857404,rna10k
-0.0073596747,0.009231492,rna10k
-0.0063559073,-0.0050493474,rna10k
-0.0073794327,-0.0038817083,rna10k
-0.00736111,-0.0012058815,rna10k
-0.006512378,-0.02170158,rna10k
-0.0073614083,-0.0014364657,rna10k
-0.0073831147,-0.0053734216,rna10k
-0.0064028404,0.009234213,rna10k
-0.006370139,0.006614649,rna10k
-0.0063709053,0.007583339,rna10k
-0.0067974487,-0.0050213365,rna10k
-0.0063643637,0.0056553753,rna10k
-0.006367026,-0.0037499932,rna10k
-0.006392757,0.0023529008,rna10k
-0.006355657,-0.0067572906,rna10k
-0.007388025,-6.410093e-06,rna10k
-0.006367466,0.0074172816,rna10k
-0.0063638217,-0.0044297064,rna10k
-0.006532553,0.008680947,rna10k
-0.006356641,-0.005721528,rna10k
-0.006378709,0.0012687707,rna10k
-0.006389984,0.0068266084,rna10k
-0.006381324,-0.004565697,rna10k
-0.0063346946,-0.006525222,rna10k
-0.0063677435,0.0056436514,rna10k
-0.0063599707,-0.0018423005,rna10k
-0.0073681376,-0.0019375447,rna10k
-0.007262784,-0.0031456205,rna10k
-0.007366911,0.00055899937,rna10k
-0.00636238,0.00057455053,rna10k
-0.006366857,0.005685948,rna10k
-0.0066514327,-0.0061674234,rna10k
-0.007382745,0.002623744,rna10k
-0.006365676,0.004687712,rna10k
-0.0063708765,0.012235641,rna10k
-0.006380889,0.002340977,rna10k
-0.006367105,0.005826199,rna10k
-0.0063659046,0.0047687856,rna10k
-0.006365881,0.004179748,rna10k
-0.0063662534,0.0056787045,rna10k
-0.0063543003,-0.0066746804,rna10k
-0.0073716044,-0.007090642,rna10k
-0.0073811538,-0.0051561156,rna10k
-0.0063938806,0.00791458,rna10k
-0.006382453,-0.0015173489,rna10k
-0.0063592717,-0.0020448894,rna10k
-0.0073819254,-0.005987149,rna10k
-0.0073829656,-0.004000918,rna10k
-0.007207539,0.005459587,rna10k
-0.0063446444,-0.004413738,rna10k
-0.007352827,0.0072084405,rna10k
-0.0063646766,0.005340692,rna10k
-0.0063594785,-0.0012146545,rna10k
-0.006363988,-0.005740518,rna10k
-0.0073804692,-0.0053243833,rna10k
-0.0073629823,-0.009450776,rna10k
-0.0073173256,-0.0003198731,rna10k
-0.006360819,-0.004833035,rna10k
-0.0063651684,0.0056462116,rna10k
-0.0063648983,-0.004028953,rna10k
-0.007382999,0.005102505,rna10k
-0.007299585,0.0126800565,rna10k
-0.0072663133,-0.020081852,rna10k
-0.006421548,0.007811022,rna10k
-0.0063891425,0.021317864,rna10k
-0.006366005,0.011427181,rna10k
-0.0073586246,0.0020220182,rna10k
-0.007386341,-0.003534263,rna10k
-0.0063792006,0.00791128,rna10k
-0.0073741786,-0.0057198084,rna10k
-0.0063916747,0.0077973367,rna10k
-0.0063656606,0.0044057225,rna10k
-0.0063330643,-0.008089082,rna10k
-0.006374864,0.0043577747,rna10k
-0.0063606217,0.00014058073,rna10k
-0.006525498,0.0037521063,rna10k
-0.006367169,0.0068343175,rna10k
-0.0063664513,0.0044219308,rna10k
-0.0063604126,0.0006887259,rna10k
-0.006524982,-0.011815305,rna10k
-0.0073782597,-0.0074526053,rna10k
-0.0063624317,0.0011329964,rna10k
-0.0073561617,0.007059125,rna10k
-0.0073781414,-0.0052389074,rna10k
-0.006367249,-0.0069506047,rna10k
-0.0073846537,-0.0038729433,rna10k
-0.006367415,0.0052671926,rna10k
-0.0073827966,-0.005480321,rna10k
-0.0072892574,-0.0053602266,rna10k
-0.007384112,0.0055636805,rna10k
-0.0073611876,-0.0009415468,rna10k
-0.0073817014,-0.0023489008,rna10k
-0.0063649025,-0.0062882355,rna10k
-0.006366525,0.006741974,rna10k
-0.0073739965,-0.0058964505,rna10k
-0.007213897,0.008599501,rna10k
-0.0072706793,0.00017082028,rna10k
-0.006361358,-0.00010296177,rna10k
-0.006361919,0.0005690002,rna10k
-0.0073786345,-0.007042546,rna10k
-0.0073338677,-0.013776791,rna10k
-0.006365043,0.003241636,rna10k
-0.0063649016,0.0040835137,rna10k
-0.00636215,-0.007821499,rna10k
-0.007386621,-0.0040504085,rna10k
-0.006359171,-0.0019622536,rna10k
-0.006329244,-0.005482312,rna10k
-0.0063650063,-0.008072216,rna10k
-0.007362499,-0.008384717,rna10k
-0.0065263673,-0.010876745,rna10k
-0.006366767,0.00030938105,rna10k
-0.007280197,-0.00032155513,rna10k
-0.0073891175,0.0062535973,rna10k
-0.006364504,0.0038014436,rna10k
-0.0063351695,-0.008576054,rna10k
-0.007375346,-0.004304354,rna10k
-0.0063653933,0.003009666,rna10k
-0.0063680047,0.0015342433,rna10k
-0.006524874,0.0072031626,rna10k
-0.006382561,-0.00091503566,rna10k
-0.0063620876,-0.0012156438,rna10k
-0.0063614934,0.0015608326,rna10k
-0.006701758,-0.016104968,rna10k
-0.0073632426,0.00070254266,rna10k
-0.007377488,-0.0040671,rna10k
-0.0074112224,0.0410845,rna10k
-0.006365554,0.006261858,rna10k
-0.0073605897,0.008686282,rna10k
-0.0063599315,0.0002796061,rna10k
-0.0073869,0.00723887,rna10k
-0.006362995,0.0018317373,rna10k
-0.0073826322,-0.006904955,rna10k
-0.00736712,-0.0061305608,rna10k
-0.006366405,0.0045087147,rna10k
-0.0063628857,-0.0035935051,rna10k
-0.0073619587,-0.004240721,rna10k
-0.006507658,-0.020020174,rna10k
-0.007379679,-0.0006255986,rna10k
-0.0063599586,0.0001609375,rna10k
-0.0063593346,-0.0028557754,rna10k
-0.006366787,0.0051433374,rna10k
-0.007382215,-0.0026508367,rna10k
-0.0073492536,0.012337138,rna10k
-0.0073835053,-0.00036018764,rna10k
-0.0063622277,-0.009217308,rna10k
-0.0063542337,-0.0072267023,rna10k
-0.006366111,-0.0023976811,rna10k
-0.0064140595,0.008774721,rna10k
-0.0063670175,0.008510474,rna10k
-0.007384643,-0.0019346834,rna10k
-0.0063543613,-0.0068192873,rna10k
-0.0071505825,0.001144953,rna10k
-0.006524987,-0.015547868,rna10k
-0.0073605566,0.0016295821,rna10k
-0.006525685,-0.013857055,rna10k
-0.007373781,-0.009807827,rna10k
-0.0068182363,-0.017339636,rna10k
-0.007374345,-0.008261273,rna10k
-0.0073591135,0.003944623,rna10k
-0.0063599576,-0.0012923643,rna10k
-0.0065254895,0.0026359684,rna10k
-0.0065253726,0.0016667092,rna10k
-0.00737332,-0.005907482,rna10k
-0.007349879,0.0054164627,rna10k
-0.0063632014,-0.006213749,rna10k
-0.006367186,0.0029926314,rna10k
-0.0063967034,0.0047495323,rna10k
-0.0073697288,-0.009295157,rna10k
-0.00738394,0.0035860531,rna10k
-0.0063662003,0.0050015813,rna10k
-0.006359243,-0.006298727,rna10k
-0.0065247444,-0.0016588818,rna10k
-0.0073843026,-0.00503147,rna10k
-0.006370312,-0.016209586,rna10k
-0.0063646273,0.0021865075,rna10k
-0.0063613397,0.0017145853,rna10k
-0.007349709,-0.004713488,rna10k
-0.0065250974,-0.005386892,rna10k
-0.007280364,-0.0066321352,rna10k
-0.0063630952,0.0031706716,rna10k
-0.006368471,-0.00091405713,rna10k
-0.0073624966,-0.012416609,rna10k
-0.0073738075,-0.010539001,rna10k
-0.006361594,0.0023074308,rna10k
-0.0073873084,-0.00037569934,rna10k
-0.006365246,0.0036934356,rna10k
-0.0063954047,0.0060863434,rna10k
-0.0063605104,0.0009947253,rna10k
-0.007386825,-0.0025370647,rna10k
-0.0073826998,-0.0028444491,rna10k
-0.007249832,0.0076796487,rna10k
-0.0073674265,-0.006721869,rna10k
-0.006359043,-0.0013356709,rna10k
-0.00636468,0.0016302797,rna10k
-0.0063617993,-0.0013976174,rna10k
-0.006363539,-0.008112116,rna10k
-0.006605463,0.0018381276,rna10k
-0.007376977,-0.0044979868,rna10k
-0.0073630842,-0.008025296,rna10k
-0.006366576,0.006787877,rna10k
-0.0063649253,0.0031572706,rna10k
-0.007354697,0.0150982635,rna10k
-0.007376331,-0.00602272,rna10k
-0.0073882686,0.007331698,rna10k
-0.0063566263,-0.0056954823,rna10k
-0.006353809,-0.0073739947,rna10k
-0.0073591187,-0.0058092186,rna10k
-0.0065242033,-0.0071185227,rna10k
-0.0073544364,-0.00011145945,rna10k
-0.0063565806,-0.009063545,rna10k
-0.006365297,0.0063644247,rna10k
-0.0063654925,-0.004545601,rna10k
-0.006367929,0.006781695,rna10k
-0.0067683067,-0.020438949,rna10k
-0.007223024,-0.0033618317,rna10k
-0.0063302573,-0.011766967,rna10k
-0.0073863906,0.0055518206,rna10k
-0.0073680226,-0.00054544624,rna10k
-0.007360221,0.0007028653,rna10k
-0.006374567,-0.009541256,rna10k
-0.0063595762,-0.00039353303,rna10k
-0.0063659507,0.004267237,rna10k
-0.0063634976,-0.007463359,rna10k
-0.0063710157,0.010456051,rna10k
-0.0063847867,0.00056661956,rna10k
-0.0073769838,-0.007019879,rna10k
-0.007355626,0.011692263,rna10k
-0.007238253,-0.016880555,rna10k
-0.00736846,-0.0049125752,rna10k
-0.006519826,0.004551851,rna10k
-0.007354283,0.015502708,rna10k
-0.0073663387,-0.007541244,rna10k
-0.0072340914,0.017509595,rna10k
-0.006362234,0.0014022673,rna10k
-0.0063316766,-0.01179435,rna10k
-0.0065257573,-0.01322929,rna10k
-0.006357833,-0.008635306,rna10k
-0.006356102,-0.0075354213,rna10k
-0.006367215,0.010414834,rna10k
-0.0065214504,0.0052201585,rna10k
-0.0063861893,0.0045063375,rna10k
-0.0063638873,0.003868183,rna10k
-0.006388277,0.0010485328,rna10k
-0.006367016,0.007937878,rna10k
-0.006335184,-0.009696884,rna10k
-0.0073801763,-0.003046968,rna10k
-0.006375925,-0.008192602,rna10k
-0.0073786494,-0.0064713373,rna10k
-0.0063631595,0.004549166,rna10k
-0.0072741364,0.0003705682,rna10k
-0.006366831,0.006614286,rna10k
-0.00739559,0.012877957,rna10k
-0.0063571413,-0.003578772,rna10k
-0.00636558,0.00707201,rna10k
-0.0063643204,-0.0061162678,rna10k
-0.0063739773,0.009956714,rna10k
-0.0073571433,0.0048062084,rna10k
-0.007363662,-0.00088631804,rna10k
-0.0073860236,0.008353999,rna10k
-0.0073875627,0.004440018,rna10k
-0.0063600624,-0.0010771634,rna10k
-0.006366925,-0.002625414,rna10k
-0.007384127,0.0042070774,rna10k
-0.0073643583,-0.0015840579,rna10k
-0.0073734554,-0.005048974,rna10k
-0.0063654804,0.004334034,rna10k
-0.0063609844,-0.006576152,rna10k
-0.0065259724,-0.01118087,rna10k
-0.0063867485,-0.0024780233,rna10k
-0.0073840795,-0.0027217434,rna10k
-0.0063486435,-0.0051904228,rna10k
-0.007383072,0.005655725,rna10k
-0.0063842554,-0.006342484,rna10k
-0.0073616616,-0.0068897684,rna10k
-0.007380301,-0.0051430627,rna10k
-0.0073780916,-0.0060789436,rna10k
-0.007380995,-0.0054809046,rna10k
-0.0073880954,-9.892335e-05,rna10k
-0.0065228874,0.0050922856,rna10k
-0.006360204,-4.944064e-05,rna10k
-0.006367005,0.0050370037,rna10k
-0.0063483478,0.0020868476,rna10k
-0.0073846476,-0.0034017994,rna10k
-0.0064099263,0.0023784044,rna10k
-0.007377268,-0.0066967444,rna10k
-0.006368789,0.009584426,rna10k
-0.0073744524,-0.0003460832,rna10k
-0.00636367,-0.0071045975,rna10k
-0.006362424,0.0014993345,rna10k
-0.0063681267,-0.002100415,rna10k
-0.0073843095,-0.0026843725,rna10k
-0.006367649,0.005834492,rna10k
-0.0072562187,0.01880644,rna10k
-0.00738237,0.009793502,rna10k
-0.006366809,0.0062164958,rna10k
-0.007381738,-0.0028648365,rna10k
-0.0063664895,0.00837817,rna10k
-0.006360398,-0.00084105134,rna10k
-0.006363352,-0.0028885195,rna10k
-0.0063532125,-0.008248148,rna10k
-0.006366684,-0.0027766353,rna10k
-0.006362345,-0.0063762176,rna10k
-0.0063684597,0.00791318,rna10k
-0.006350723,-0.004726386,rna10k
-0.006356117,-0.0039507854,rna10k
-0.0063655446,0.0051202597,rna10k
-0.0063674813,0.0059758835,rna10k
-0.007386885,-0.0015941409,rna10k
-0.0063530835,-0.0016080759,rna10k
-0.0063333823,-0.007972245,rna10k
-0.0073874146,0.003396143,rna10k
-0.0063674147,0.004716044,rna10k
-0.0063630794,-0.0017662325,rna10k
-0.006365848,0.008109517,rna10k
-0.0071439026,-0.0029877424,rna10k
-0.006363194,0.0021033387,rna10k
-0.007385636,-2.530962e-06,rna10k
-0.0063312105,-0.010786025,rna10k
-0.006366184,0.0048989677,rna10k
-0.0063748434,0.010348921,rna10k
-0.0063684466,0.0052723484,rna10k
-0.0063670906,0.008100349,rna10k
-0.0064970027,0.0078597125,rna10k
-0.0063662915,0.0040538204,rna10k
-0.006355064,-0.006097518,rna10k
-0.0073783346,-0.007980529,rna10k
-0.0073878304,0.0024066893,rna10k
-0.0073815063,-0.0068301805,rna10k
-0.0073774727,-0.007310262,rna10k
-0.007381401,-0.0056496193,rna10k
-0.007259111,-0.0056589628,rna10k
-0.0063592484,-0.0028298448,rna10k
-0.007237975,-0.0041151056,rna10k
-0.0063596093,-0.00064433966,rna10k
-0.0073837996,-0.0017395716,rna10k
-0.00646356,-0.016991664,rna10k
-0.0067823175,-0.0030627197,rna10k
-0.006338303,-0.007777054,rna10k
-0.0073866555,-0.0024824361,rna10k
-0.0063593136,-0.002412432,rna10k
-0.006364888,-0.006338415,rna10k
-0.0065247193,-0.008855898,rna10k
-0.0063639004,0.0035578657,rna10k
-0.0072595575,-0.003177704,rna10k
-0.0065204743,0.019691281,rna10k
-0.0063666357,-0.0076485504,rna10k
-0.006359862,0.000848562,rna10k
-0.007364034,0.0012494554,rna10k
-0.006333072,-0.011024812,rna10k
-0.0065235174,0.012678093,rna10k
-0.006391764,0.0053714793,rna10k
-0.006418545,0.010811695,rna10k
-0.006413271,0.009361177,rna10k
-0.0073857945,-0.0046944553,rna10k
-0.0073854937,0.0034921358,rna10k
-0.007145285,0.00019203998,rna10k
-0.006369379,0.0085356785,rna10k
-0.006355557,-0.004884784,rna10k
-0.0063724867,-0.005667908,rna10k
-0.006525207,-0.0073650917,rna10k
-0.006367198,0.0060991333,rna10k
-0.00636873,-0.011000034,rna10k
-0.0073535596,0.0071960595,rna10k
-0.0063540773,-0.006168368,rna10k
-0.006362521,0.0039865957,rna10k
-0.0073877596,2.719972e-05,rna10k
-0.0063606,-0.00031473345,rna10k
-0.007239761,-0.003840206,rna10k
-0.006523773,0.0028205707,rna10k
-0.007360146,-0.0069916113,rna10k
-0.007363368,-0.008143324,rna10k
-0.0065249796,0.000110948684,rna10k
-0.0063675414,0.007609681,rna10k
-0.007363601,-0.0013500005,rna10k
-0.0063637956,0.0043867235,rna10k
-0.00725503,0.007879242,rna10k
-0.0063680853,0.0070725684,rna10k
-0.0065250755,-0.006392571,rna10k
-0.0063786055,-0.010113489,rna10k
-0.0073877894,-0.0017630366,rna10k
-0.0063557816,-0.004964547,rna10k
-0.007381421,-0.0042544124,rna10k
-0.007277493,0.0037467133,rna10k
-0.0063783745,0.010579922,rna10k
-0.0073878285,0.0045337263,rna10k
-0.0063583404,-0.0012064808,rna10k
-0.007382589,0.009053007,rna10k
-0.0064081172,0.0041712965,rna10k
-0.006364653,0.0053763743,rna10k
-0.0065258835,0.004780853,rna10k
-0.006366233,0.005169483,rna10k
-0.0063821264,-0.019385137,rna10k
-0.0073846,0.0056796465,rna10k
-0.0063610896,-0.006975631,rna10k
-0.0073865503,-0.0017091595,rna10k
-0.0073758857,-0.005006382,rna10k
-0.007386356,0.0066394703,rna10k
-0.0065234196,0.02017153,rna10k
-0.0063544307,-0.005140146,rna10k
-0.007387669,0.0058803763,rna10k
-0.006364155,0.0051142755,rna10k
-0.0073717595,-0.009765805,rna10k
-0.0063575143,-0.004298803,rna10k
-0.007358439,-0.002481646,rna10k
-0.0063673463,0.0053625857,rna10k
-0.0063522444,-0.0040162536,rna10k
-0.006363042,-0.009213778,rna10k
-0.0063624335,0.0008381413,rna10k
-0.0073854146,-0.002067832,rna10k
-0.0065176766,-0.024938237,rna10k
-0.007372941,-0.0024127793,rna10k
-0.0063635358,0.0041176067,rna10k
-0.0063659023,0.007208521,rna10k
-0.007378054,-0.0043218276,rna10k
-0.00726741,-0.0009739932,rna10k
-0.007270818,0.008974877,rna10k
-0.006332981,-0.009316896,rna10k
-0.0071565737,0.002859928,rna10k
-0.006368428,-0.0041657635,rna10k
-0.007352571,0.01228888,rna10k
-0.0063346867,-0.0075105703,rna10k
-0.0073323837,-0.002553997,rna10k
-0.006381574,0.011397843,rna10k
-0.007378445,-0.004719319,rna10k
-0.0063826535,-0.0057154903,rna10k
-0.0073767137,-0.008192114,rna10k
-0.006412734,0.008663533,rna10k
-0.0073747816,-0.0045777354,rna10k
-0.0063615562,-0.007926772,rna10k
-0.00635525,-0.005623499,rna10k
-0.006358707,-0.0019446294,rna10k
-0.0063685193,0.006468547,rna10k
-0.0073864055,-0.0012209954,rna10k
-0.0063677905,0.008303588,rna10k
-0.006357006,0.0041736807,rna10k
-0.007266031,-0.003682965,rna10k
-0.007385474,0.0039804243,rna10k
-0.006527068,0.014323036,rna10k
-0.0073850094,-0.0030611544,rna10k
-0.006374541,-0.00039305637,rna10k
-0.0063933246,0.008492067,rna10k
-0.007309794,0.0011366829,rna10k
-0.0065220296,0.02074103,rna10k
-0.006402415,0.0007341006,rna10k
-0.0068267025,0.0014788148,rna10k
-0.0073615606,-0.0011969467,rna10k
-0.0073750415,-0.0068219737,rna10k
-0.0065108906,-0.02175539,rna10k
-0.007376339,0.0034854019,rna10k
-0.007380389,-0.006247054,rna10k
-0.006366809,-0.0064472673,rna10k
-0.0073645175,-0.0052667437,rna10k
-0.0065227686,0.011888626,rna10k
-0.0063566784,-0.0032325096,rna10k
-0.0065241503,0.014574081,rna10k
-0.00738357,0.010114445,rna10k
-0.0073862476,0.004153301,rna10k
-0.00736136,-0.0013066488,rna10k
-0.007352364,0.0045925146,rna10k
-0.0063617225,-0.002957619,rna10k
-0.006366698,0.0052298484,rna10k
-0.006526122,-0.012510137,rna10k
-0.0072625284,-0.0047785556,rna10k
-0.0063952873,0.005136779,rna10k
-0.006364734,0.005813347,rna10k
-0.0068172216,-0.0010043366,rna10k
-0.0073859626,0.0070920163,rna10k
-0.007384113,-0.00040155032,rna10k
-0.0073613357,0.008500172,rna10k
-0.007375877,-0.0053436253,rna10k
-0.006366181,-0.0020299917,rna10k
-0.006367121,-0.020079195,rna10k
-0.006365707,0.005796125,rna10k
-0.006393339,0.009696107,rna10k
-0.007361386,-0.0031645624,rna10k
-0.0063983053,0.0073231393,rna10k
-0.0073820814,0.0033477517,rna10k
-0.0063420334,-0.0067407484,rna10k
-0.0073542367,0.009323929,rna10k
-0.006362921,0.0006120611,rna10k
-0.0063897376,0.007833585,rna10k
-0.006371495,0.010886958,rna10k
-0.0063598775,-0.0012925235,rna10k
-0.0063705835,-0.0211735,rna10k
-0.007138197,-0.009332274,rna10k
-0.006525876,-0.011667214,rna10k
-0.0063679973,0.002723836,rna10k
-0.0063667307,0.0071239523,rna10k
-0.007159659,0.006488613,rna10k
-0.006376923,-0.004058406,rna10k
-0.0073779295,-0.006191072,rna10k
-0.006367159,0.0064088027,rna10k
-0.0073844073,0.0015887786,rna10k
-0.0073828315,-0.00076206215,rna10k
-0.006391467,0.009607872,rna10k
-0.0073857144,-0.0027496938,rna10k
-0.00736101,8.343737e-05,rna10k
-0.006357078,-0.0024095627,rna10k
-0.0064179897,0.008848404,rna10k
-0.0066573946,0.0058594183,rna10k
-0.007384661,0.0026091675,rna10k
-0.0073774327,-0.0054590874,rna10k
-0.006361794,-0.0014999047,rna10k
-0.006352224,0.0027626941,rna10k
-0.0063669607,0.0051539843,rna10k
-0.0063435007,-0.008331252,rna10k
-0.006365172,0.0038855646,rna10k
-0.006368912,0.008105275,rna10k
-0.0063838917,-0.0043710363,rna10k
-0.0064037503,0.00760062,rna10k
-0.0063868747,0.0048951767,rna10k
-0.00738635,0.00029759298,rna10k
-0.0072897277,-0.0049990807,rna10k
-0.0065272874,-0.0062926356,rna10k
-0.006364827,0.003968789,rna10k
-0.006371046,-0.015617174,rna10k
-0.006364492,0.0022926119,rna10k
-0.0073534884,0.0071672406,rna10k
-0.006366935,0.01047486,rna10k
-0.0063980613,0.009203056,rna10k
-0.0072243367,0.0033158707,rna10k
-0.0073740543,-0.006962462,rna10k
-0.006356974,-0.0038256908,rna10k
-0.00640224,0.009324792,rna10k
-0.006368343,0.0059355223,rna10k
-0.006365325,-0.0063771554,rna10k
-0.0063704564,-0.013993313,rna10k
-0.006338574,-0.010647218,rna10k
-0.0063808346,0.007700417,rna10k
-0.006362392,-0.00903787,rna10k
-0.0063631814,0.0015793466,rna10k
-0.0063660564,0.003956204,rna10k
-0.0073850406,0.0063885613,rna10k
-0.006373651,0.0010661876,rna10k
-0.006394324,0.00835278,rna10k
-0.0063549415,-0.009589944,rna10k
-0.0063770018,-0.022403367,rna10k
-0.006365138,-0.009137212,rna10k
-0.007376373,-0.009005958,rna10k
-0.007385519,0.00028083334,rna10k
-0.0063695875,-0.0034320657,rna10k
-0.0063660974,0.0032998296,rna10k
-0.0065230825,0.01422836,rna10k
-0.0073830946,-0.0025140725,rna10k
-0.006359025,-0.0068801027,rna10k
-0.0072593596,0.001840926,rna10k
-0.0071912864,-0.018242529,rna10k
-0.0063647497,0.0032648698,rna10k
-0.0073644873,-0.004568096,rna10k
-0.00634831,-0.0028293405,rna10k
-0.006364688,0.0029846076,rna10k
-0.0063437913,-0.00655977,rna10k
-0.007352059,0.009685912,rna10k
-0.0073663965,-0.0037675474,rna10k
-0.0063625113,0.0009527859,rna10k
-0.006361671,-0.008685784,rna10k
-0.007385282,-0.0015797308,rna10k
-0.0063644024,0.0043342267,rna10k
-0.0064908215,-0.0044718455,rna10k
-0.0063768025,-0.014737067,rna10k
-0.0073572947,-0.009758383,rna10k
-0.0065086507,-0.01457097,rna10k
-0.0063896454,0.003152822,rna10k
-0.0063405577,-0.0012425286,rna10k
-0.006362211,0.0028446917,rna10k
-0.007382359,0.00981238,rna10k
-0.006365091,0.0045233606,rna10k
-0.007235978,0.00045939372,rna10k
-0.0063637695,0.0030278808,rna10k
-0.006366793,0.005356023,rna10k
-0.0065252385,0.014276164,rna10k
-0.0063655404,0.012062411,rna10k
-0.0063400357,-0.0052618966,rna10k
-0.0063539706,-0.0066507193,rna10k
-0.006356113,-0.008238475,rna10k
-0.0073720855,-0.0075026206,rna10k
-0.007250313,0.00017348469,rna10k
-0.0063594347,-0.0002433141,rna10k
-0.0073451637,-0.020448238,rna10k
-0.006358356,-0.003407578,rna10k
-0.00735605,0.00080098485,rna10k
-0.0065266634,-0.00071263267,rna10k
-0.0073617133,-0.0056073787,rna10k
-0.007355972,0.011616814,rna10k
-0.0063642873,0.0062963148,rna10k
-0.0063664676,0.0066346247,rna10k
-0.007299344,-0.029707657,rna10k
-0.00736757,-0.006514177,rna10k
-0.0063667684,0.007968014,rna10k
-0.0063703144,0.007387197,rna10k
-0.0072967047,-0.0064958255,rna10k
-0.007383352,-0.005018801,rna10k
-0.006402501,0.012547085,rna10k
-0.0063701943,0.004859056,rna10k
-0.007345131,-0.0060865376,rna10k
-0.006374847,-0.0016604603,rna10k
-0.00636726,0.0041522454,rna10k
-0.0063712094,-0.0017900675,rna10k
-0.00729698,-0.0051445086,rna10k
-0.0063663702,0.007137044,rna10k
-0.006332151,-0.01141225,rna10k
-0.006366773,0.005585984,rna10k
-0.007333667,-0.016238702,rna10k
-0.006369237,0.010358785,rna10k
-0.0073927986,-0.0015773665,rna10k
-0.0063646385,-0.0037669719,rna10k
-0.006365549,0.005028289,rna10k
-0.006367564,0.0064140595,rna10k
-0.0070321755,-0.00089482305,rna10k
-0.007277579,0.011037173,rna10k
-0.006397496,0.0060665277,rna10k
-0.006366645,-0.002627093,rna10k
-0.006361334,-0.00016679057,rna10k
-0.0073808725,0.001805891,rna10k
-0.006357691,-0.0035063147,rna10k
-0.0073825233,-0.002862666,rna10k
-0.006365253,-0.0072311987,rna10k
-0.0065261405,-0.013556867,rna10k
-0.006363243,0.00325206,rna10k
-0.0072564567,0.015945654,rna10k
-0.007412873,0.019237818,rna10k
-0.0073829964,-0.001517528,rna10k
-0.0063602896,0.016025966,rna10k
-0.0073635527,-0.005471388,rna10k
-0.007283869,0.008915031,rna10k
-0.0073819933,0.0075479536,rna10k
-0.006524826,0.004275314,rna10k
-0.0063968855,0.01127561,rna10k
-0.007384344,0.007057331,rna10k
-0.006352614,-0.008338262,rna10k
-0.0068215113,0.0028712293,rna10k
-0.006658447,0.014085387,rna10k
-0.0063920016,0.0044180932,rna10k
-0.006367709,0.0078109032,rna10k
-0.0072768726,-0.001995272,rna10k
-0.0073609683,0.011105478,rna10k
-0.006482427,-0.031235931,rna10k
-0.0073616495,-0.008159361,rna10k
-0.0063691614,0.007249188,rna10k
-0.0063821645,-0.011455366,rna10k
-0.006358137,-0.0040424964,rna10k
-0.0063658166,0.008095274,rna10k
-0.006391008,0.006509983,rna10k
-0.00636542,0.0044394555,rna10k
-0.006364438,0.002880629,rna10k
-0.007232803,0.008740149,rna10k
-0.006402606,0.008493,rna10k
-0.006415234,0.005240959,rna10k
-0.0063661165,0.008906967,rna10k
-0.007362255,-0.005340357,rna10k
-0.0073134997,-0.009469078,rna10k
-0.0073853647,0.0071474873,rna10k
-0.007387712,0.0027605982,rna10k
-0.0063647954,-0.008349018,rna10k
-0.006359616,0.0010641462,rna10k
-0.0073608626,-0.0005428227,rna10k
-0.0063655977,-0.008247655,rna10k
-0.007283694,-0.006042311,rna10k
-0.0063960836,0.008704219,rna10k
-0.0063556256,-0.005680998,rna10k
-0.0063868607,-0.0029604961,rna10k
-0.007316682,-0.008288842,rna10k
-0.0073158424,0.0010288511,rna10k
-0.0063701794,0.0047408286,rna10k
-0.007387826,0.0034835346,rna10k
-0.0063644815,0.0025063502,rna10k
-0.00640304,0.007958804,rna10k
-0.006524288,-0.0062431116,rna10k
-0.00638877,0.0012208249,rna10k
-0.006524584,-0.0016637632,rna10k
-0.006407031,-0.021305453,rna10k
-0.00651584,-0.025476852,rna10k
-0.0064025777,0.01932199,rna10k
-0.006361989,0.0023090073,rna10k
-0.006360434,0.0012132819,rna10k
-0.0063631735,0.0020879335,rna10k
-0.0063647446,0.003928816,rna10k
-0.0073508234,0.013413237,rna10k
-0.006374299,0.009417144,rna10k
-0.006366659,0.0074238116,rna10k
-0.0073589142,-0.016471846,rna10k
-0.00730168,-0.014911452,rna10k
-0.0063640354,0.003143035,rna10k
-0.0063625905,-4.7707e-05,rna10k
-0.0073852055,-0.0037540435,rna10k
-0.0073563056,-7.917828e-05,rna10k
-0.0073782774,-0.005130499,rna10k
-0.006360632,-0.0029432683,rna10k
-0.0073167626,0.006025653,rna10k
-0.0063360487,-0.0077522933,rna10k
-0.0063559744,-0.0056174933,rna10k
-0.0073655145,-0.0054380745,rna10k
-0.006367166,0.0058171907,rna10k
-0.006363992,-0.008026689,rna10k
-0.006525224,0.0036715202,rna10k
-0.0063719647,-0.024563266,rna10k
-0.006361277,-3.948664e-05,rna10k
-0.006335301,-0.0131725315,rna10k
-0.0063605574,-0.006263222,rna10k
-0.0063639935,-0.0025065427,rna10k
-0.0063677887,0.010055292,rna10k
-0.0063671065,0.0059333765,rna10k
-0.006362239,-0.0014188667,rna10k
-0.0073817046,-0.0064768856,rna10k
-0.0063784667,-0.004483528,rna10k
-0.0063661993,0.008578975,rna10k
-0.006361169,-0.00019847244,rna10k
-0.006524428,-0.008691384,rna10k
-0.0063589048,-0.007144696,rna10k
-0.0073838783,-0.0038190861,rna10k
-0.007385351,-0.0038855448,rna10k
-0.0063674217,0.009126664,rna10k
-0.0063616987,0.0011748318,rna10k
-0.006355386,-0.0052879076,rna10k
-0.0063674687,0.005845853,rna10k
-0.0073509784,-0.009912113,rna10k
-0.0063606096,-0.00063994015,rna10k
-0.006356715,-0.0041058203,rna10k
-0.0063691107,0.008610237,rna10k
-0.006366322,0.006596739,rna10k
-0.006398655,0.0064754914,rna10k
-0.006370517,0.008775043,rna10k
-0.0063639362,-0.004406713,rna10k
-0.0068224673,0.0052574268,rna10k
-0.006357232,-0.0070162606,rna10k
-0.0063571665,-0.007429008,rna10k
-0.0073792217,-0.006197206,rna10k
-0.0063525685,-0.007635299,rna10k
-0.007378612,-0.0043438217,rna10k
-0.007371955,-0.009064063,rna10k
-0.007360674,0.0059872014,rna10k
-0.006379232,-0.009246952,rna10k
-0.007373762,-0.006847508,rna10k
-0.0073870616,0.0032129178,rna10k
-0.0073827934,0.008608233,rna10k
-0.006355375,-0.00570038,rna10k
-0.0063984864,0.007609518,rna10k
-0.0065231845,0.006876716,rna10k
-0.006526908,-0.008156955,rna10k
-0.0073724613,-0.0027767953,rna10k
-0.0063422723,-0.010479137,rna10k
-0.0063843075,0.00996579,rna10k
-0.00652419,0.0054109697,rna10k
-0.0073850537,0.0052256524,rna10k
-0.0073678275,-0.0038932567,rna10k
-0.006357575,-0.0025665052,rna10k
-0.0073225955,0.0017412557,rna10k
-0.0063600023,0.0012549248,rna10k
-0.006392982,0.008226572,rna10k
-0.006521455,0.021404264,rna10k
-0.0071539036,-0.0043921494,rna10k
-0.006399464,0.009203053,rna10k
-0.0063653574,0.0050434577,rna10k
-0.006368315,0.007936338,rna10k
-0.006363179,0.0026047002,rna10k
-0.006358507,0.0007351026,rna10k
-0.007337964,0.0009681023,rna10k
-0.0063603856,-0.0004033523,rna10k
-0.007361672,-0.0060972455,rna10k
-0.0063603795,-0.001851784,rna10k
-0.006337612,-0.001471554,rna10k
-0.00635854,5.316936e-05,rna10k
-0.0063849147,0.0066812932,rna10k
-0.007246684,-0.007233608,rna10k
-0.006988634,-0.024558,rna10k
-0.0063640806,-0.0074817035,rna10k
-0.0063605756,-0.00044043578,rna10k
-0.006365907,0.00092834275,rna10k
-0.0063662403,0.0065501616,rna10k
-0.007251877,0.011388605,rna10k
-0.0073739984,-0.005360774,rna10k
-0.0063637625,0.0040318808,rna10k
-0.0063693533,0.0067804945,rna10k
-0.0063656317,0.003019494,rna10k
-0.0063642734,-0.00340072,rna10k
-0.0063949693,0.007537921,rna10k
-0.006580008,0.010852167,rna10k
-0.007311814,0.0020224494,rna10k
-0.0065019224,-0.027712382,rna10k
-0.006362639,0.00062294904,rna10k
-0.0063646557,0.004611301,rna10k
-0.0063529406,-0.007823948,rna10k
-0.0063660378,-0.00798683,rna10k
-0.0063671838,0.007385736,rna10k
-0.0073841163,0.009212096,rna10k
-0.0063653165,0.0034372658,rna10k
-0.0063677183,0.0049713436,rna10k
-0.0073618777,0.0025111022,rna10k
-0.007381613,0.0066019236,rna10k
-0.006340617,-0.0091411285,rna10k
-0.0074018487,0.037306063,rna10k
-0.0063651693,-0.0045130528,rna10k
-0.007389022,0.017598985,rna10k
-0.0063631907,0.002416855,rna10k
-0.007381336,-0.0026616633,rna10k
-0.007286002,-0.0024281591,rna10k
-0.0063698934,0.005772595,rna10k
-0.006344124,-0.0055675814,rna10k
-0.0073871934,0.0014684064,rna10k
-0.0073843785,-0.0030235704,rna10k
-0.0063629416,0.0022595085,rna10k
-0.0066950438,-0.008434037,rna10k
-0.006363674,-0.0057227667,rna10k
-0.0063701808,0.0066516967,rna10k
-0.0063637164,-0.0038082416,rna10k
-0.006385507,0.026535045,rna10k
-0.006362667,1.4756543e-05,rna10k
-0.007360494,-0.0053115604,rna10k
-0.006331991,-0.007448037,rna10k
-0.00636269,0.0013143223,rna10k
-0.006521579,0.023220032,rna10k
-0.0065250103,-0.011590373,rna10k
-0.0063579376,-0.0067371945,rna10k
-0.007353882,0.0057238373,rna10k
-0.006363405,-0.008029863,rna10k
-0.0063341875,-0.0044896025,rna10k
-0.006365267,0.0043631922,rna10k
-0.0063577183,-0.0025562844,rna10k
-0.007381026,-0.006323761,rna10k
-0.0063721566,0.010223385,rna10k
-0.0063671875,0.0071268408,rna10k
-0.007358612,0.013660301,rna10k
-0.0065299524,0.009830659,rna10k
-0.0073694265,-0.0068328353,rna10k
-0.0065268343,0.003974489,rna10k
-0.007381017,0.007582393,rna10k
-0.006395325,0.008644279,rna10k
-0.006814539,-0.0014646413,rna10k
-0.006362909,-0.0072431327,rna10k
-0.007388247,0.0030977922,rna10k
-0.0073817563,-0.0051590623,rna10k
-0.007308035,0.002114284,rna10k
-0.006402894,0.009982461,rna10k
-0.00653644,0.0068592094,rna10k
-0.00637099,-0.0014607974,rna10k
-0.0073626544,0.010566411,rna10k
-0.006367704,0.0062370985,rna10k
-0.0063640317,-0.0027587898,rna10k
-0.0065200934,0.015796468,rna10k
-0.0065278905,0.008168778,rna10k
-0.0073832157,-0.004049095,rna10k
-0.0063959607,0.009563469,rna10k
-0.0063668136,0.0055783545,rna10k
-0.0073855096,-0.003671444,rna10k
-0.00636096,-0.0020276657,rna10k
-0.0072574294,0.0025689306,rna10k
-0.0063689835,-0.015856002,rna10k
-0.0063662548,-0.0028311112,rna10k
-0.006364784,0.0031098765,rna10k
-0.007186869,-0.01645218,rna10k
-0.0063878633,-0.0014443666,rna10k
-0.0073599247,0.005216798,rna10k
-0.007383033,0.0077361963,rna10k
-0.006394635,0.00218593,rna10k
-0.0063690976,0.0051018167,rna10k
-0.0063705603,0.011167734,rna10k
-0.006394711,0.00497326,rna10k
-0.0065263007,0.013589749,rna10k
-0.007387434,0.00037931208,rna10k
-0.0072664274,-0.0028714603,rna10k
-0.0063765044,0.0076609477,rna10k
-0.006335654,-0.010820983,rna10k
-0.0063624023,-0.0013751902,rna10k
-0.0063549266,-0.0068030343,rna10k
-0.0073356563,0.0022419707,rna10k
-0.0063947546,0.01021035,rna10k
-0.0065247794,0.0071375794,rna10k
-0.0072505567,0.00077224657,rna10k
-0.0073873834,0.0023990106,rna10k
-0.0073604044,-1.0748933e-05,rna10k
-0.0064010043,0.0087021105,rna10k
-0.006657755,-0.0006508353,rna10k
-0.0063576186,-0.006095304,rna10k
-0.0073776473,-0.0045813564,rna10k
-0.0073865624,0.0060594957,rna10k
-0.006367429,0.0064123073,rna10k
-0.0073865145,0.00047420085,rna10k
-0.007384403,0.0056478605,rna10k
-0.0063353283,-0.0052604475,rna10k
-0.0063727745,-0.010986144,rna10k
-0.0063336114,-0.007629803,rna10k
-0.007250651,0.015365683,rna10k
-0.007252585,-0.00076686003,rna10k
-0.0063689444,-0.01950956,rna10k
-0.0073855636,0.0075314543,rna10k
-0.0063652303,0.005252119,rna10k
-0.006344816,-0.0018878861,rna10k
-0.006377583,0.002087472,rna10k
-0.0063676634,-0.007869777,rna10k
-0.0073814,0.0037181976,rna10k
-0.0073619094,-0.00096552883,rna10k
-0.0065204115,0.018160572,rna10k
-0.00736099,-0.0052150153,rna10k
-0.0073872125,0.0043135267,rna10k
-0.0073604654,0.015070635,rna10k
-0.0073870453,-0.0007707398,rna10k
-0.006525153,-0.014733633,rna10k
-0.0063617285,0.0020659193,rna10k
-0.0063626454,0.0015634934,rna10k
-0.007380656,-0.005539254,rna10k
-0.006368716,0.0065335887,rna10k
-0.006396007,0.00775862,rna10k
-0.0063927155,0.004322058,rna10k
-0.0063668294,0.008691935,rna10k
-0.00738771,0.0005239414,rna10k
-0.006367,-0.008562808,rna10k
-0.007355234,0.0019225759,rna10k
-0.0065254085,-0.013695565,rna10k
-0.007378326,-0.005642139,rna10k
-0.006359758,-0.0063430984,rna10k
-0.0063632056,0.0014544581,rna10k
-0.0063686823,0.009939514,rna10k
-0.007353882,0.014749355,rna10k
-0.0072098677,0.008953129,rna10k
-0.0073752725,-0.0056788702,rna10k
-0.0073864553,0.007292313,rna10k
-0.006388808,0.004095612,rna10k
-0.0063530025,-0.0075112116,rna10k
-0.0073605375,-0.0034749098,rna10k
-0.0063629416,0.00042878694,rna10k
-0.006361031,-0.005002609,rna10k
-0.007336051,-0.029114358,rna10k
-0.0063667274,0.011592699,rna10k
-0.007364863,-0.004451308,rna10k
-0.007364354,-8.099546e-05,rna10k
-0.007361522,0.0047022393,rna10k
-0.006385697,0.00030237788,rna10k
-0.0063605504,-0.005434162,rna10k
-0.007229947,0.0075856764,rna10k
-0.0063682143,0.0073366733,rna10k
-0.0063753137,0.012090827,rna10k
-0.006376728,0.0022223587,rna10k
-0.0072567253,-0.017444657,rna10k
-0.0073774387,-0.005442519,rna10k
-0.0073857256,-0.0018253777,rna10k
-0.0073636277,-0.005249777,rna10k
-0.007358467,-0.016327033,rna10k
-0.0063367644,-0.009623676,rna10k
-0.0073727528,-0.010269986,rna10k
-0.006370424,0.0031373543,rna10k
-0.0063661765,0.004255295,rna10k
-0.0063580475,-0.0026700445,rna10k
-0.0063643493,-0.0029951462,rna10k
-0.0073749856,-0.0089509385,rna10k
-0.0063660196,0.0032484098,rna10k
-0.007382391,-0.004954368,rna10k
-0.00636644,0.0066549233,rna10k
-0.0065255,0.0044384967,rna10k
-0.00637004,0.008089905,rna10k
-0.006396447,0.008926991,rna10k
-0.0063733733,0.01252979,rna10k
-0.006527587,0.0049338164,rna10k
-0.006361419,0.0023499115,rna10k
-0.0065247486,0.0056124637,rna10k
-0.007376565,-0.0068946886,rna10k
-0.0073852465,-0.005623056,rna10k
-0.0073810853,-0.0041587586,rna10k
-0.0073872292,0.0049557774,rna10k
-0.006387372,0.004981408,rna10k
-0.007386963,-0.002004283,rna10k
-0.0063629057,0.002697632,rna10k
-0.0063815457,-0.0034653784,rna10k
-0.006525454,-0.004374702,rna10k
-0.006400342,0.009181688,rna10k
-0.007378548,-0.006186922,rna10k
-0.006364189,0.002720102,rna10k
-0.0066868616,-0.014109221,rna10k
-0.0063672364,0.0056199366,rna10k
-0.0065265475,-0.010949684,rna10k
-0.0073520727,0.0068305293,rna10k
-0.0063636564,0.004826808,rna10k
-0.0073548625,0.013741465,rna10k
-0.0063642454,-0.0061638313,rna10k
-0.006358764,-0.006004936,rna10k
-0.0063360063,-0.008314156,rna10k
-0.0063641774,-0.006822847,rna10k
-0.006363507,0.0018991868,rna10k
-0.007358553,0.00324323,rna10k
-0.007378604,-0.0063734394,rna10k
-0.0065255095,0.008193395,rna10k
-0.0065224394,-0.001403107,rna10k
-0.006340585,-0.0016490021,rna10k
-0.0063362275,-0.008327068,rna10k
-0.0065062623,-0.017165756,rna10k
-0.0073608053,0.012276624,rna10k
-0.0073784427,-0.005729282,rna10k
-0.0063900407,-0.0004453329,rna10k
-0.007381025,-0.004635537,rna10k
-0.0063678483,0.0040271506,rna10k
-0.0067991866,-0.006828296,rna10k
-0.0064101876,0.00701136,rna10k
-0.006341986,-0.012858339,rna10k
-0.0064017177,0.0120392395,rna10k
-0.006341815,-0.0066868137,rna10k
-0.0073572053,-0.007626342,rna10k
-0.0073521747,0.009877176,rna10k
-0.007385827,0.00275518,rna10k
-0.006335527,-0.008583059,rna10k
-0.006372331,-0.020971522,rna10k
-0.0073592635,-0.003495641,rna10k
-0.0072457404,0.014952464,rna10k
-0.0063608103,-0.003150684,rna10k
-0.0073871533,0.0013224003,rna10k
-0.006362971,-0.006604651,rna10k
-0.007385141,0.005604492,rna10k
-0.00716159,0.004055564,rna10k
-0.0070862714,0.0004142121,rna10k
-0.0063591264,0.0007888238,rna10k
-0.0073855133,0.0009804348,rna10k
-0.00667053,-0.00029827547,rna10k
-0.0072720395,-0.0022685872,rna10k
-0.007381132,0.0036129656,rna10k
-0.0063609737,-0.008217127,rna10k
-0.007385727,0.0008381152,rna10k
-0.006482646,-0.017554244,rna10k
-0.00634234,-0.00773418,rna10k
-0.0072214366,0.005420964,rna10k
-0.0073794746,-0.005615028,rna10k
-0.0063584642,-0.0051230257,rna10k
-0.0063593364,-0.0071117505,rna10k
-0.007383505,-0.0018782099,rna10k
-0.0063995384,0.006206056,rna10k
-0.007363936,-0.002294361,rna10k
-0.0065239654,0.0028629235,rna10k
-0.0063972543,0.009780886,rna10k
-0.006358407,-0.009242915,rna10k
-0.0065247933,-0.005210394,rna10k
-0.007384341,-0.0021812252,rna10k
-0.0073603783,-0.0049668686,rna10k
-0.0064844997,-0.008488201,rna10k
-0.0073566693,0.0032619978,rna10k
-0.006365622,0.0053543174,rna10k
-0.0063632303,0.0021194604,rna10k
-0.00735177,-0.0059755063,rna10k
-0.0073888213,0.0016421898,rna10k
-0.0072313626,-0.026081223,rna10k
-0.0065260096,0.005455238,rna10k
-0.006367007,0.0076411157,rna10k
-0.0065259417,-0.013254451,rna10k
-0.007384462,0.00029303288,rna10k
-0.007382408,-0.00702505,rna10k
-0.0063873604,0.0014072163,rna10k
-0.0073825573,-0.005931844,rna10k
-0.0073710624,-0.0067652436,rna10k
-0.006380592,-0.010758618,rna10k
-0.0065266686,-0.0065451246,rna10k
-0.0063643646,0.0050903987,rna10k
-0.0073582586,0.01134091,rna10k
-0.006590464,0.007881573,rna10k
-0.0073833875,-0.004295547,rna10k
-0.006353395,-0.005472351,rna10k
-0.007379844,-0.006328478,rna10k
-0.0073872632,0.004548501,rna10k
-0.0073803975,-0.006568715,rna10k
-0.0063623115,0.0030078394,rna10k
-0.006369534,-0.013084098,rna10k
-0.006365762,0.0034871043,rna10k
-0.007379734,-0.0032949941,rna10k
-0.006344603,-0.006483608,rna10k
-0.0073804883,-0.005769627,rna10k
-0.006368362,0.006977734,rna10k
-0.006372812,0.008514494,rna10k
-0.0063598086,-0.0024412759,rna10k
-0.0073615233,0.0023205513,rna10k
-0.0065292935,0.0072983233,rna10k
-0.006531771,0.010121807,rna10k
-0.00636401,-0.0054577286,rna10k
-0.0063925735,0.0058871307,rna10k
-0.006329509,-0.01221826,rna10k
-0.0063666347,-0.01173624,rna10k
-0.0072957086,-0.0025479747,rna10k
-0.006366441,0.004668718,rna10k
-0.0063619046,0.003276998,rna10k
-0.006367588,0.004054601,rna10k
-0.0063547245,-0.0029716108,rna10k
-0.006361234,0.0006820503,rna10k
-0.0063692057,0.003964909,rna10k
-0.006652144,-0.015993886,rna10k
-0.0063680797,0.009226273,rna10k
-0.0063607786,-0.0058049713,rna10k
-0.007360319,0.01225498,rna10k
-0.006407843,0.008746519,rna10k
-0.0063618873,0.0012388646,rna10k
-0.007261141,0.016654624,rna10k
-0.0063676974,0.0058995853,rna10k
-0.00640039,0.00983791,rna10k
-0.006360076,-0.00113411,rna10k
-0.0073880777,0.0043511735,rna10k
-0.0063807284,-0.0037592347,rna10k
-0.006366404,0.0060345666,rna10k
-0.006395891,0.00844261,rna10k
-0.006375964,0.013370659,rna10k
-0.006524301,-0.015565651,rna10k
-0.0063607516,0.00043683554,rna10k
-0.007275284,-0.002690936,rna10k
-0.0065250825,0.008157339,rna10k
-0.007358145,-0.00064767565,rna10k
-0.0065237675,-0.018458607,rna10k
-0.006369708,-0.0052540577,rna10k
-0.0063556917,-0.0060718204,rna10k
-0.0063677994,0.006588041,rna10k
-0.0063921516,0.004858176,rna10k
-0.006363687,0.005745613,rna10k
-0.0063656545,0.0056871856,rna10k
-0.007352933,0.011139975,rna10k
-0.0063608047,-0.007409851,rna10k
-0.0063625635,0.0025386184,rna10k
-0.0063734846,-0.0009510752,rna10k
-0.0063634207,-0.0023748472,rna10k
-0.007385682,0.008026705,rna10k
-0.006419811,0.009597526,rna10k
-0.007376393,-0.0026931067,rna10k
-0.007389281,0.0046436302,rna10k
-0.0063997707,0.01420471,rna10k
-0.0073773554,-0.003469194,rna10k
-0.00638573,-0.0015028991,rna10k
-0.006538691,0.018983567,rna10k
-0.0073814783,0.009242037,rna10k
-0.0063550705,-0.0076400447,rna10k
-0.0066596433,0.011210861,rna10k
-0.007361094,0.013012384,rna10k
-0.007358919,-0.008270816,rna10k
-0.0073782275,-0.001450083,rna10k
-0.0063682236,0.008660128,rna10k
-0.007386415,0.007062377,rna10k
-0.0063616727,-0.0033998408,rna10k
-0.0063895495,0.05076946,rna10k
-0.006390917,0.001690395,rna10k
-0.006364843,0.004344572,rna10k
-0.006362165,0.0024017491,rna10k
-0.0063677,0.0058804005,rna10k
-0.006523438,-0.009102154,rna10k
-0.0063674827,-0.003453822,rna10k
-0.0063707377,0.0023366013,rna10k
-0.0065251924,-0.013087426,rna10k
-0.0063648624,0.0022897732,rna10k
-0.0063668536,0.007170455,rna10k
-0.006382382,0.0056787627,rna10k
-0.00736087,0.002606318,rna10k
-0.006365359,-0.0033738634,rna10k
-0.00651246,-0.020787403,rna10k
-0.0063548093,-0.005848374,rna10k
-0.006368029,0.0071000536,rna10k
-0.0063631744,-0.0045205345,rna10k
-0.0063506584,-0.010949674,rna10k
-0.006357352,-0.0011457229,rna10k
-0.0073717795,-0.0054587796,rna10k
-0.0073580113,0.0089916745,rna10k
-0.006381125,0.035995997,rna10k
-0.00636614,0.0062027783,rna10k
-0.0065420996,-0.027323555,rna10k
-0.006388816,0.0011236524,rna10k
-0.007384325,0.0018758987,rna10k
-0.00738512,-0.002868559,rna10k
-0.006542724,0.0030812405,rna10k
-0.006355702,-0.0056713247,rna10k
-0.0065212,0.021544632,rna10k
-0.0063623805,0.0012059887,rna10k
-0.006521772,0.019325523,rna10k
-0.0073803854,-0.00389821,rna10k
-0.006379895,-0.0015923262,rna10k
-0.007370418,-0.019443963,rna10k
-0.00652394,-0.0056543453,rna10k
-0.0063914387,0.010727613,rna10k
-0.0073741395,-0.004050627,rna10k
-0.007384806,-0.005289269,rna10k
-0.0063665523,0.007449886,rna10k
-0.007360173,-0.0009396223,rna10k
-0.0073846406,0.0022187151,rna10k
-0.007271048,0.006806849,rna10k
-0.006362102,0.00344393,rna10k
-0.0073798457,-0.004672625,rna10k
-0.0063308883,-0.010460286,rna10k
-0.0072561237,0.003506133,rna10k
-0.0072324006,-0.0061536315,rna10k
-0.0063673216,0.007359514,rna10k
-0.0063649,-0.0037392494,rna10k
-0.0063614286,-0.0038888059,rna10k
-0.006333596,-0.006909701,rna10k
-0.007386576,0.00445529,rna10k
-0.0073574246,0.001931032,rna10k
-0.00633602,-0.010065665,rna10k
-0.006377166,-0.014815725,rna10k
-0.0063631367,0.0019541765,rna10k
-0.006359483,-0.0016891677,rna10k
-0.0063699903,0.006812409,rna10k
-0.006387928,0.013835607,rna10k
-0.0063643195,0.003867714,rna10k
-0.006525105,-0.015188759,rna10k
-0.007386207,-0.0010405544,rna10k
-0.006334776,-0.005827233,rna10k
-0.0063356105,-0.007207795,rna10k
-0.007386047,0.0012646333,rna10k
-0.006356124,-0.004527389,rna10k
-0.0073842267,0.00073521904,rna10k
-0.0065120584,-0.021345118,rna10k
-0.006366823,0.005516448,rna10k
-0.006368791,0.0076125953,rna10k
-0.0063372557,-0.008311747,rna10k
-0.006361479,0.0015299489,rna10k
-0.0063613844,0.0019961537,rna10k
-0.006364954,-0.003425721,rna10k
-0.0063659316,0.0035199553,rna10k
-0.006366953,0.005031908,rna10k
-0.0073895017,0.007192508,rna10k
-0.0064004427,0.011548888,rna10k
-0.0063654133,0.0063291984,rna10k
-0.007385674,0.008195404,rna10k
-0.0073803337,-0.0057838326,rna10k
-0.006400009,0.008630942,rna10k
-0.006367004,0.006426947,rna10k
-0.0063625923,-0.005015679,rna10k
-0.0063658063,0.0036690617,rna10k
-0.006363481,0.003680812,rna10k
-0.0063644154,0.0052583446,rna10k
-0.006397463,0.01173106,rna10k
-0.0073613552,-0.0071363696,rna10k
-0.006360286,-0.0036217836,rna10k
-0.0073754853,-0.008672121,rna10k
-0.00736349,-0.0051159156,rna10k
-0.007354653,-0.0017122187,rna10k
-0.0063600247,-0.00060668244,rna10k
-0.0063833916,0.0017366734,rna10k
-0.0063565318,-0.0029222933,rna10k
-0.0071229315,0.005751609,rna10k
-0.0063368785,-0.0072207064,rna10k
-0.0063670874,-0.006138068,rna10k
-0.00735033,-0.012064831,rna10k
-0.006534516,0.0067870566,rna10k
-0.00636515,0.002604089,rna10k
-0.006817981,0.001573231,rna10k
-0.0063348264,-0.009394536,rna10k
-0.006361805,-0.0016796216,rna10k
-0.006358136,-0.0032620907,rna10k
-0.0063611087,-0.022145815,rna10k
-0.0063956827,0.009565134,rna10k
-0.006368037,0.008161068,rna10k
-0.0063584433,-0.0013163353,rna10k
-0.007384016,0.0012024594,rna10k
-0.00664533,0.009514624,rna10k
-0.0063601756,-0.010245247,rna10k
-0.007376062,-0.0056433054,rna10k
-0.007358965,-0.0031267642,rna10k
-0.007362642,0.013211168,rna10k
-0.007385741,0.0010460505,rna10k
-0.006362222,-0.0063838097,rna10k
-0.006360162,-0.0014359779,rna10k
-0.0063501177,-0.0042988774,rna10k
-0.0065257633,0.008045097,rna10k
-0.0073836558,-0.0037951935,rna10k
-0.0063565015,-0.0027323812,rna10k
-0.00636653,0.0048512197,rna10k
-0.0063509704,-0.015960045,rna10k
-0.0065083303,-0.01645772,rna10k
-0.007381616,-0.0031897053,rna10k
-0.00636264,0.0040502683,rna10k
-0.0073827025,0.011769108,rna10k
-0.0073649394,-0.0024015657,rna10k
-0.006345902,0.008130677,rna10k
-0.0073765884,-0.0043359343,rna10k
-0.0063636266,0.0039440664,rna10k
-0.006386606,-0.0013042743,rna10k
-0.0073589124,-0.0074610864,rna10k
-0.006525334,0.0043082577,rna10k
-0.006375948,-0.0011651344,rna10k
-0.0063681286,0.011063799,rna10k
-0.007357163,0.0067987377,rna10k
-0.006368155,0.007919866,rna10k
-0.00735922,0.00023112123,rna10k
-0.0063315877,-0.010151607,rna10k
-0.0063650054,0.006670138,rna10k
-0.00738122,-0.0063266684,rna10k
-0.0073571675,-0.014999845,rna10k
-0.0065190545,-0.025801081,rna10k
-0.007292945,0.0012931733,rna10k
-0.0063661644,0.0077874274,rna10k
-0.006369795,0.0060134185,rna10k
-0.006368653,-0.013753154,rna10k
-0.0063671386,0.0043504317,rna10k
-0.006366231,0.004387382,rna10k
-0.0063711065,0.00955605,rna10k
-0.007380215,-0.0016043921,rna10k
-0.0063599837,-0.0010361213,rna10k
-0.0073817517,0.002340407,rna10k
-0.00636232,0.0007255969,rna10k
-0.0065249987,-0.009752273,rna10k
-0.0063358396,-0.011309509,rna10k
-0.0073786746,-0.006428061,rna10k
-0.0073621925,-0.0025433921,rna10k
-0.0065194066,0.011904468,rna10k
-0.0063562975,-0.0056791515,rna10k
-0.0073753134,-0.0052846693,rna10k
-0.00738377,-0.0017063908,rna10k
-0.006367193,0.007482986,rna10k
-0.007386609,0.0071526407,rna10k
-0.0073837284,-0.006069033,rna10k
-0.006376969,0.0018488531,rna10k
-0.0068252073,0.0027679293,rna10k
-0.0063674795,0.0061751953,rna10k
-0.0063867485,0.001528429,rna10k
-0.0073808436,-0.0042289086,rna10k
-0.007385906,0.0007401196,rna10k
-0.006366788,0.0057709673,rna10k
-0.006368286,0.0063169254,rna10k
-0.00738884,0.0078015467,rna10k
-0.0063637323,0.0034277688,rna10k
-0.0063636648,-0.0042788093,rna10k
-0.007385224,0.00839814,rna10k
-0.0073590535,-0.0008908089,rna10k
-0.0063626864,0.0018333249,rna10k
-0.0073850825,0.0018067498,rna10k
-0.0063686306,0.006517717,rna10k
-0.006360986,-0.0045737773,rna10k
-0.006357286,-0.0025560926,rna10k
-0.0063651386,0.005283965,rna10k
-0.0073855505,0.0038759615,rna10k
-0.006362951,5.6538483e-06,rna10k
-0.006379266,-0.0062931376,rna10k
-0.0065209856,0.01245243,rna10k
-0.0063890624,0.004091545,rna10k
-0.0063633383,0.005433318,rna10k
-0.006360945,-0.002376386,rna10k
-0.006362235,0.0037207725,rna10k
-0.0063518286,-0.017396832,rna10k
-0.006952281,-0.018774528,rna10k
-0.0072617712,-0.0038052967,rna10k
-0.0065275575,0.00608038,rna10k
-0.006402345,0.0059251715,rna10k
-0.0073880353,0.00044931704,rna10k
-0.00636595,0.011294436,rna10k
-0.00639312,0.014604916,rna10k
-0.0065251696,-0.0065338793,rna10k
-0.0063617863,-0.0002422874,rna10k
-0.007361944,-0.009399889,rna10k
-0.006364037,-0.008100438,rna10k
-0.0063717267,-0.010341733,rna10k
-0.0065254495,-0.001536383,rna10k
-0.0073849373,0.0017432997,rna10k
-0.007360491,-0.0068406393,rna10k
-0.0073810257,-0.005565755,rna10k
-0.00637828,-0.0021427462,rna10k
-0.0063692555,0.001220628,rna10k
-0.0065249763,-0.013858468,rna10k
-0.006337725,-0.008031874,rna10k
-0.0071697193,-5.431997e-05,rna10k
-0.007387354,0.004424021,rna10k
-0.006370086,0.008699714,rna10k
-0.006340628,-0.0018638183,rna10k
-0.006359867,-0.007672441,rna10k
-0.0063618254,-0.0005006172,rna10k
-0.0073824846,-0.0045307823,rna10k
-0.0063709114,0.0068066074,rna10k
-0.0073824576,-0.0042159283,rna10k
-0.0063659186,0.005264121,rna10k
-0.00738386,0.0004280733,rna10k
-0.0063664513,0.0055647735,rna10k
-0.007354526,0.0072775604,rna10k
-0.00714212,0.00019099408,rna10k
-0.0063945716,0.009673218,rna10k
-0.0063637756,-0.007687782,rna10k
-0.006362768,0.00047534998,rna10k
-0.006365867,0.005751643,rna10k
-0.007360272,0.010940774,rna10k
-0.00660583,0.00044083688,rna10k
-0.007387203,0.003813503,rna10k
-0.0063823005,0.0042096386,rna10k
-0.007258639,0.00041366124,rna10k
-0.0073588383,0.005170185,rna10k
-0.0073859985,0.0020396498,rna10k
-0.0063714287,0.005386915,rna10k
-0.0063657872,0.0061402363,rna10k
-0.0063646003,0.0031673345,rna10k
-0.007382768,-0.00453629,rna10k
-0.0073613217,0.0022235103,rna10k
-0.00705735,-0.025070092,rna10k
-0.0073768287,-0.0063496223,rna10k
-0.007241829,0.007282074,rna10k
-0.006378242,-0.004390281,rna10k
-0.006526065,-0.011445802,rna10k
-0.0063655153,-0.0077498485,rna10k
-0.007361757,-0.0041769445,rna10k
-0.006366996,0.009318791,rna10k
-0.0063661463,-0.0065942234,rna10k
-0.006369198,0.0101019535,rna10k
-0.0063549126,-0.0050221067,rna10k
-0.0072638076,-0.0036050119,rna10k
-0.006367086,0.0075265323,rna10k
-0.0073579247,0.009044942,rna10k
-0.0063626594,0.001167231,rna10k
-0.0063559087,-0.004446351,rna10k
-0.0063754586,0.008941526,rna10k
-0.0063621085,-0.0005793756,rna10k
-0.006351839,-0.010503658,rna10k
-0.006363367,-0.007267441,rna10k
-0.006354024,0.022171056,rna10k
-0.007233904,0.0053868336,rna10k
-0.006358918,-0.0007465803,rna10k
-0.0073804082,-0.0060897707,rna10k
-0.0063595865,0.00036300864,rna10k
-0.0063616293,0.00029461185,rna10k
-0.0063616084,-0.006889252,rna10k
-0.006366098,0.007036234,rna10k
-0.007381062,-0.003236627,rna10k
-0.007361939,-0.008131703,rna10k
-0.007385069,0.0015484524,rna10k
-0.006365489,-0.00315653,rna10k
-0.0073781684,-0.0048994934,rna10k
-0.0073826103,-0.005029292,rna10k
-0.0065245056,0.0028851207,rna10k
-0.006360718,-0.008433719,rna10k
-0.006394219,0.007050576,rna10k
-0.0073944717,-0.0016801481,rna10k
-0.0063601634,-0.00036668082,rna10k
-0.0065247584,-0.0106748305,rna10k
-0.007356041,-0.013895704,rna10k
-0.0063443244,-0.0015765268,rna10k
-0.0063631185,0.0040968857,rna10k
-0.0063603353,0.0014095674,rna10k
-0.0073882556,0.0015889986,rna10k
-0.0065216403,0.021067157,rna10k
-0.006373031,0.00923634,rna10k
-0.007261386,0.004925857,rna10k
-0.006352362,-0.00991097,rna10k
-0.007368946,-0.006830784,rna10k
-0.006522651,0.011156474,rna10k
-0.0073628146,-0.0023461035,rna10k
-0.006342424,-0.00069355307,rna10k
-0.007379397,-0.00030599747,rna10k
-0.006366735,0.0053656176,rna10k
-0.006363762,0.005271581,rna10k
-0.0063600806,-0.008918499,rna10k
-0.006362599,0.002900077,rna10k
-0.007259673,-0.003527556,rna10k
-0.006473983,-0.017916115,rna10k
-0.0065218657,0.013276469,rna10k
-0.0063536977,-0.0052386536,rna10k
-0.006364688,-0.00267764,rna10k
-0.0063627744,0.0011485913,rna10k
-0.007380612,0.006511559,rna10k
-0.0072127255,-0.0006286575,rna10k
-0.0063685104,0.008295954,rna10k
-0.0063649616,0.0027136912,rna10k
-0.007356256,0.008290392,rna10k
-0.006524028,-0.015647475,rna10k
-0.0063660233,-0.00261215,rna10k
-0.006364962,0.004312524,rna10k
-0.007355622,-0.005477265,rna10k
-0.006392641,-0.002314166,rna10k
-0.006364251,0.004943153,rna10k
-0.006524657,0.013817049,rna10k
-0.0073569706,-0.016725775,rna10k
-0.007386877,0.0061937664,rna10k
-0.0063652648,0.0028611687,rna10k
-0.0063632857,-0.007103798,rna10k
-0.007375227,-0.002531614,rna10k
-0.0073538036,0.00834107,rna10k
-0.006703145,0.011354022,rna10k
-0.0063328934,-0.009558315,rna10k
-0.0073883603,0.0063357595,rna10k
-0.0073556732,0.005478556,rna10k
-0.006366311,0.0064840093,rna10k
-0.0063610543,-0.00043110154,rna10k
-0.006524888,0.0023785024,rna10k
-0.006381118,0.0053280727,rna10k
-0.006357365,-0.0079127895,rna10k
-0.0063654217,-0.0020962579,rna10k
-0.006525497,0.007512963,rna10k
-0.0073560225,0.0061119734,rna10k
-0.0073883752,-0.0013611811,rna10k
-0.0073826434,-0.0044643027,rna10k
-0.0073629683,-0.0012527532,rna10k
-0.006367218,0.007807296,rna10k
-0.0073771714,-0.005255644,rna10k
-0.0063586864,-0.0019931449,rna10k
-0.006365198,0.003791986,rna10k
-0.0065227007,0.016338557,rna10k
-0.006372049,-0.010930996,rna10k
-0.0063553066,-0.00804815,rna10k
-0.0073824883,0.00029117003,rna10k
-0.0065255202,-0.012147495,rna10k
-0.0063676876,0.0032143192,rna10k
-0.0072654625,0.003932254,rna10k
-0.006521131,0.022674695,rna10k
-0.0063674417,0.0054029548,rna10k
-0.006397269,0.010555683,rna10k
-0.006401185,0.008640926,rna10k
-0.006364137,-0.0058168443,rna10k
-0.0073862807,-0.0018666555,rna10k
-0.0063631968,-0.0029210134,rna10k
-0.006398445,0.011890132,rna10k
-0.006362593,0.0038765853,rna10k
-0.0073755938,-0.0074731195,rna10k
-0.006379511,0.00046361398,rna10k
-0.0073346836,-0.000379135,rna10k
-0.0065259007,-0.013859614,rna10k
-0.006360273,0.0017908054,rna10k
-0.00636722,0.0077754203,rna10k
-0.006366326,0.0048861396,rna10k
-0.0073602563,0.009447208,rna10k
-0.0063646617,-0.00030809836,rna10k
-0.007370161,-0.0095596695,rna10k
-0.0063665863,-0.004036314,rna10k
-0.0063669123,0.007071713,rna10k
-0.0073764618,-0.0021658705,rna10k
-0.007375469,-0.005479741,rna10k
-0.0066572814,0.0014098827,rna10k
-0.0072597037,0.018949306,rna10k
-0.0063883,0.009724099,rna10k
-0.0073832558,-0.0032074284,rna10k
-0.006368347,0.008448536,rna10k
-0.006365287,0.0045397175,rna10k
-0.0073613557,-0.00029311277,rna10k
-0.0063626124,-0.0083277915,rna10k
-0.007358878,0.013631697,rna10k
-0.007385494,0.0060616783,rna10k
-0.006366578,0.008311804,rna10k
-0.0063663926,0.0073475763,rna10k
-0.0063596545,-0.00163986,rna10k
-0.006375891,0.00034764662,rna10k
-0.0063623055,0.0034791923,rna10k
-0.0065273554,0.0017931572,rna10k
-0.007381492,-0.003975208,rna10k
-0.0072384253,0.0041785953,rna10k
-0.006366021,0.0070556575,rna10k
-0.006362037,0.00054096594,rna10k
-0.0063810865,0.0040872497,rna10k
-0.006335401,-0.0075347917,rna10k
-0.0063730003,0.00091679586,rna10k
-0.006369506,-0.0032853535,rna10k
-0.006366661,0.011909658,rna10k
-0.006368209,0.0075866114,rna10k
-0.006392812,0.0062781274,rna10k
-0.0070931683,0.014511323,rna10k
-0.0068204068,0.002330879,rna10k
-0.0063644745,-0.005269468,rna10k
-0.006525651,0.0091012,rna10k
-0.007352662,0.0064295754,rna10k
-0.006522003,0.02085732,rna10k
-0.006362076,0.00068234035,rna10k
-0.0072485344,-0.0012765958,rna10k
-0.0064038993,0.009077437,rna10k
-0.0073830015,0.014409708,rna10k
-0.0063643353,0.004618357,rna10k
-0.0063350047,-0.011119219,rna10k
-0.0073148143,0.0010525752,rna10k
-0.0073586297,0.008097527,rna10k
-0.0063628275,0.0009012452,rna10k
-0.0063647856,0.004717927,rna10k
-0.006371106,-0.0006929027,rna10k
-0.0073878625,0.009985428,rna10k
-0.0073105837,0.002739517,rna10k
-0.0063668024,0.0068173925,rna10k
-0.0072330344,0.0025729404,rna10k
-0.006364158,-0.006698802,rna10k
-0.0073859566,-0.00095077074,rna10k
-0.0072890907,-0.023703974,rna10k
-0.0073511614,0.011099144,rna10k
-0.0073844776,-0.0013966822,rna10k
-0.0065240497,0.017548949,rna10k
-0.006377996,0.001319896,rna10k
-0.0063544526,-0.007193622,rna10k
-0.006374306,-0.0013494882,rna10k
-0.0066511603,-0.012837306,rna10k
-0.006359617,0.0004533493,rna10k
-0.006354262,-0.00733135,rna10k
-0.007365668,-0.0051827864,rna10k
-0.006364247,0.0050463635,rna10k
-0.0073705837,-0.005608377,rna10k
-0.006384417,-0.007953226,rna10k
-0.00730804,0.005050091,rna10k
-0.0073732752,-0.009554246,rna10k
-0.006519034,0.0074963295,rna10k
-0.0063620154,-0.003940058,rna10k
-0.007383498,-0.0058649536,rna10k
-0.0073595624,-0.004578113,rna10k
-0.0063640466,-0.00820486,rna10k
-0.006366294,0.005679395,rna10k
-0.006368017,-0.009165858,rna10k
-0.006648614,0.021021167,rna10k
-0.006339867,-0.00842263,rna10k
-0.006367389,-0.0051334538,rna10k
-0.0073856036,-0.000514491,rna10k
-0.006402792,0.00053288485,rna10k
-0.007084816,-0.0014576765,rna10k
-0.006353925,-0.0020429005,rna10k
-0.0073848185,-0.0018163867,rna10k
-0.0072284,0.001901742,rna10k
-0.0063918275,0.0040040193,rna10k
-0.006363436,-0.0054979688,rna10k
-0.006336988,-0.0053081946,rna10k
-0.006361309,-0.0008075158,rna10k
-0.006368016,0.009006068,rna10k
-0.0065082842,-0.017997127,rna10k
-0.0072728046,0.01059571,rna10k
-0.006368036,0.006150192,rna10k
-0.007353745,0.004635763,rna10k
-0.006376071,0.009473663,rna10k
-0.0063328706,-0.010646153,rna10k
-0.006361289,0.00017505394,rna10k
-0.0073855906,0.008367272,rna10k
-0.006378069,-0.008318933,rna10k
-0.0065217805,0.022323148,rna10k
-0.0063691298,-0.0046514114,rna10k
-0.007379892,-0.005011581,rna10k
-0.007373319,-0.0055258973,rna10k
-0.0073826592,-0.005116238,rna10k
-0.0063604093,-0.0066372612,rna10k
-0.0063673323,0.005648357,rna10k
-0.0073858346,0.0018919534,rna10k
-0.0063641765,0.0031207895,rna10k
-0.00635875,-0.0013965309,rna10k
-0.0073554344,0.0077691297,rna10k
-0.0073919143,0.011468197,rna10k
-0.006526106,0.0034879227,rna10k
-0.0063621737,-0.00016875994,rna10k
-0.006379726,-0.0041054073,rna10k
-0.006501579,-0.025316333,rna10k
-0.0063684657,0.008919154,rna10k
-0.0063578696,-0.0024943617,rna10k
-0.0073862663,0.006176116,rna10k
-0.006372357,-0.004906713,rna10k
-0.0073828516,-0.0021026812,rna10k
-0.0064026634,0.007992211,rna10k
-0.00636814,-0.0072440794,rna10k
-0.0063599925,-0.0021530108,rna10k
-0.0065256455,0.009580466,rna10k
-0.0073645823,-0.0026826095,rna10k
-0.00640143,0.009496568,rna10k
-0.007383777,-0.0016259096,rna10k
-0.007360771,-0.00064540014,rna10k
-0.006361561,0.0010037554,rna10k
-0.006391872,0.0018090899,rna10k
-0.006334445,-0.008039761,rna10k
-0.0063625067,-0.0044817915,rna10k
-0.0065249447,0.014607361,rna10k
-0.0071600466,0.003925288,rna10k
-0.0063646096,-0.0020396018,rna10k
-0.0073794075,-0.006529976,rna10k
-0.0073804627,-0.0037572978,rna10k
-0.006366644,0.0039903848,rna10k
-0.0063926587,0.006987745,rna10k
-0.006386869,0.0017321885,rna10k
-0.0065275757,0.00323018,rna10k
-0.0063909055,0.011261718,rna10k
-0.0063716257,-0.0031836312,rna10k
-0.0063561266,-0.0036057283,rna10k
-0.0063702054,0.0011814415,rna10k
-0.0063748593,-0.007518545,rna10k
-0.006530073,-0.0053870725,rna10k
-0.006366721,0.0041197804,rna10k
-0.007286801,0.010765949,rna10k
-0.0073945527,0.0073288484,rna10k
-0.0073835235,0.0045134835,rna10k
-0.0073660715,-0.0053675594,rna10k
-0.0065229135,-0.0022284773,rna10k
-0.0063591157,-0.0037983425,rna10k
-0.0063420697,-0.007357308,rna10k
-0.006365533,0.005952395,rna10k
-0.0063740257,0.009629128,rna10k
-0.007354835,0.010158286,rna10k
-0.0065212087,-0.019905271,rna10k
-0.007228316,0.0060187504,rna10k
-0.0073577105,-0.000669483,rna10k
-0.006364594,-0.005785116,rna10k
-0.006366764,0.005385467,rna10k
-0.0072812336,-0.0063575637,rna10k
-0.0063684876,0.006725666,rna10k
-0.0073803146,-0.0061690207,rna10k
-0.0063660876,0.0039789877,rna10k
-0.0072567603,-0.0054680817,rna10k
-0.006367375,0.0061187427,rna10k
-0.0063679456,0.006627855,rna10k
-0.0066491975,-0.0024468242,rna10k
-0.007384391,-0.005125907,rna10k
-0.0073869866,0.0059672766,rna10k
-0.007385834,0.005301776,rna10k
-0.0063603874,-0.00036232278,rna10k
-0.0063555115,-0.0063988296,rna10k
-0.0073821885,-0.004608833,rna10k
-0.0063649025,-0.0044770488,rna10k
-0.0073438217,-0.0046428805,rna10k
-0.006357252,-0.004406402,rna10k
-0.0063648922,0.004256539,rna10k
-0.00636316,0.0025774152,rna10k
-0.0073725013,-0.0060069836,rna10k
-0.006369663,-0.00018436642,rna10k
-0.0063636033,0.002029277,rna10k
-0.0063575543,-0.006493247,rna10k
-0.006336461,-0.009473591,rna10k
-0.006528847,0.0030859164,rna10k
-0.006362386,-0.007375193,rna10k
-0.0073645175,-0.0019084638,rna10k
-0.00652592,-0.013240741,rna10k
-0.0073512397,0.0072352677,rna10k
-0.0063646403,0.0054110466,rna10k
-0.0063647428,0.003736583,rna10k
-0.006354119,-0.0063512675,rna10k
-0.006649681,0.0011853774,rna10k
-0.0063614417,0.0018284805,rna10k
-0.007385182,0.0017383972,rna10k
-0.006355758,-0.005107047,rna10k
-0.007385449,0.00764582,rna10k
-0.007362533,-0.0059864055,rna10k
-0.006355909,-0.0007392403,rna10k
-0.007387633,0.0042296126,rna10k
-0.007387072,0.001652484,rna10k
-0.006525233,0.004261378,rna10k
-0.007227749,0.0006294751,rna10k
-0.0073865713,-0.0017962076,rna10k
-0.0073831305,-0.003457977,rna10k
-0.0063584535,-0.007142592,rna10k
-0.0073730852,-0.0061146407,rna10k
-0.006367234,0.0075854263,rna10k
-0.0073857484,0.00046537825,rna10k
-0.0063663977,-0.0053356932,rna10k
-0.006364817,0.0055658687,rna10k
-0.007256573,0.006274241,rna10k
-0.0063978233,0.008722789,rna10k
-0.0073574334,0.0004695503,rna10k
-0.0063613444,0.0024998977,rna10k
-0.0063634627,0.0057792105,rna10k
-0.0063660503,0.005899461,rna10k
-0.0063977637,0.00923706,rna10k
-0.007350815,0.009394996,rna10k
-0.007385148,0.0049564145,rna10k
-0.0064002024,0.010613534,rna10k
-0.006527847,0.010343538,rna10k
-0.006363303,-0.006585854,rna10k
-0.0068214247,0.0027583963,rna10k
-0.0073828283,0.0001564505,rna10k
-0.0063665514,0.009258348,rna10k
-0.0063728793,0.010983636,rna10k
-0.006332371,-0.008866311,rna10k
-0.0063589197,0.019236345,rna10k
-0.0063605933,-0.0023629523,rna10k
-0.006367148,0.004891729,rna10k
-0.0063708746,-0.011567751,rna10k
-0.006369063,0.007456335,rna10k
-0.006367298,0.00949224,rna10k
-0.0063715307,0.010505731,rna10k
-0.0063673127,0.005965881,rna10k
-0.006820731,0.0032131155,rna10k
-0.0073588006,0.0041490034,rna10k
-0.0063687013,0.009621206,rna10k
-0.0068232357,0.0035178615,rna10k
-0.006366963,0.006477665,rna10k
-0.007384745,-0.0028162478,rna10k
-0.0073844404,0.009027996,rna10k
-0.0073580937,0.008943267,rna10k
-0.0063687856,0.007437258,rna10k
-0.0063572186,-0.0043612835,rna10k
-0.0063380874,-0.014969055,rna10k
-0.0063641625,0.0021889962,rna10k
-0.006365401,-0.007521498,rna10k
-0.0065234103,0.0152869765,rna10k
-0.0063979574,0.008133764,rna10k
-0.0063580526,-0.0016387381,rna10k
-0.0063575855,-0.009691088,rna10k
-0.0063631185,-0.009971327,rna10k
-0.0065206834,0.017925756,rna10k
-0.006368431,0.004524428,rna10k
-0.006821354,0.0022853685,rna10k
-0.007342672,-0.005339849,rna10k
-0.0073869624,-0.0014898942,rna10k
-0.00738454,0.009184144,rna10k
-0.0065261708,-0.011235624,rna10k
-0.0073833177,0.011518091,rna10k
-0.006364193,-0.007660568,rna10k
-0.0063793547,0.00053452066,rna10k
-0.0063658445,0.008181978,rna10k
-0.007357735,0.012195674,rna10k
-0.0063662757,0.0051586283,rna10k
-0.0065258886,0.01406611,rna10k
-0.006363737,0.0023089228,rna10k
-0.006362597,0.0013251313,rna10k
-0.0063658226,0.011473523,rna10k
-0.0073579988,0.0055701826,rna10k
-0.007384596,0.0005695605,rna10k
-0.007382054,0.008166938,rna10k
-0.006379434,0.010674954,rna10k
-0.0063673975,0.008100578,rna10k
-0.007177081,0.0080077555,rna10k
-0.0063669216,0.0052644643,rna10k
-0.006372076,-0.02823007,rna10k
-0.0073660417,-0.009966231,rna10k
-0.00717738,0.004795692,rna10k
-0.0072521153,0.009791952,rna10k
-0.0063608084,-0.0025000703,rna10k
-0.0063640377,-0.00465373,rna10k
-0.006425226,0.010335032,rna10k
-0.0063383495,-0.009241948,rna10k
-0.007381744,-0.0035715632,rna10k
-0.0063318107,-0.007033808,rna10k
-0.006358304,-0.0010944541,rna10k
-0.007377674,-0.0030408679,rna10k
-0.0073800464,-0.005906352,rna10k
-0.006352094,-0.008121857,rna10k
-0.0072755427,0.010378094,rna10k
-0.00636539,0.0042822585,rna10k
-0.007383394,-0.00476546,rna10k
-0.0063383384,-0.008324861,rna10k
-0.007243879,-0.00016422967,rna10k
-0.0063664066,0.0045517385,rna10k
-0.007259273,0.007301132,rna10k
-0.006366009,0.0009589729,rna10k
-0.006367098,0.0072073983,rna10k
-0.006365552,-0.0026770607,rna10k
-0.0063638906,0.0021778936,rna10k
-0.0063642142,-0.0005382946,rna10k
-0.006402366,0.009799686,rna10k
-0.006364484,0.004706657,rna10k
-0.0063637723,0.0030083403,rna10k
-0.007370076,-0.0036733898,rna10k
-0.006357601,-0.0013618465,rna10k
-0.0063533373,-0.0069137374,rna10k
-0.0073861983,0.0052081784,rna10k
-0.006363359,0.0023709864,rna10k
-0.0073863026,0.0021049303,rna10k
-0.0063685114,0.007876616,rna10k
-0.006355594,-0.0044535846,rna10k
-0.0064139687,0.008281638,rna10k
-0.0063607255,-0.00018939318,rna10k
-0.006374211,0.0037289467,rna10k
-0.0063617816,-0.0061904755,rna10k
-0.006413016,0.008015091,rna10k
-0.0073547014,0.0024982411,rna10k
-0.0073816273,0.0042742332,rna10k
-0.0063941022,0.007370802,rna10k
-0.007365936,-0.0035675215,rna10k
-0.006365455,-0.010578265,rna10k
-0.007386367,0.0042097247,rna10k
-0.007356388,0.0031372106,rna10k
-0.0068126307,-0.0021074016,rna10k
-0.0063657556,0.0049322965,rna10k
-0.0072540976,0.016023988,rna10k
-0.0073853577,0.0026263916,rna10k
-0.0072739823,-0.0010353769,rna10k
-0.00639225,0.010376781,rna10k
-0.0063341088,-0.008024256,rna10k
-0.00735651,-0.005131911,rna10k
-0.0065213293,-0.00044477938,rna10k
-0.0073566213,0.013420857,rna10k
-0.0071900096,0.008600114,rna10k
-0.0063389633,-0.007054107,rna10k
-0.0063646305,0.0012253161,rna10k
-0.006376319,-0.00244543,rna10k
-0.00636521,0.003206881,rna10k
-0.0065239375,-0.0015545486,rna10k
-0.0073544015,0.0065980465,rna10k
-0.007377085,-0.0059593604,rna10k
-0.0063757873,-0.019236667,rna10k
-0.0064017093,0.006185181,rna10k
-0.006363673,0.005399795,rna10k
-0.0065275393,0.0138792945,rna10k
-0.0073851077,0.012131822,rna10k
-0.0073806304,-0.005381496,rna10k
-0.006367655,-0.0062203794,rna10k
-0.00635974,-0.0020862694,rna10k
-0.0063353092,-0.008757431,rna10k
-0.006356301,-0.0067722485,rna10k
-0.007318149,0.00052633614,rna10k
-0.0072873267,-0.0037582128,rna10k
-0.0073608714,-0.0039103893,rna10k
-0.006365237,0.0045189857,rna10k
-0.0073858337,0.00480563,rna10k
-0.0063895546,0.007095615,rna10k
-0.006403389,0.008851406,rna10k
-0.0063311704,-0.009164492,rna10k
-0.007358439,-0.0016300093,rna10k
-0.0073239575,0.014973004,rna10k
-0.006396923,0.00997143,rna10k
-0.0063685277,0.0079636015,rna10k
-0.007271755,0.003955597,rna10k
-0.006355802,-0.0049964744,rna10k
-0.0073864073,-0.0039228005,rna10k
-0.006360653,-0.0010691182,rna10k
-0.0073869163,-0.0011402108,rna10k
-0.0073581333,-0.021757532,rna10k
-0.006369949,-0.0008295772,rna10k
-0.006361811,0.0014830647,rna10k
-0.0063447063,-0.01015177,rna10k
-0.0063653,0.0038618208,rna10k
-0.0063581862,-0.0029493042,rna10k
-0.006378963,0.0018962467,rna10k
-0.0063717533,-0.0028861605,rna10k
-0.006355192,-0.0046186983,rna10k
-0.0065624,0.034400832,rna10k
-0.0063885013,0.00046828558,rna10k
-0.007260803,-0.0012811597,rna10k
-0.006333891,-0.009957866,rna10k
-0.0064102095,0.0073369434,rna10k
-0.0065221097,0.016245484,rna10k
-0.0063334024,-0.010915432,rna10k
-0.0072248396,0.005290987,rna10k
-0.007355336,0.0044582062,rna10k
-0.00738759,0.0026426907,rna10k
-0.0063652303,0.0031516775,rna10k
-0.0073612197,-0.006396756,rna10k
-0.0063808504,0.017681215,rna10k
-0.0063653877,0.0018156575,rna10k
-0.00737531,-0.0073086536,rna10k
-0.0063592857,-0.0043187626,rna10k
-0.006818854,0.0008491208,rna10k
-0.0073749125,-0.006034841,rna10k
-0.006525362,-0.014617068,rna10k
-0.007384969,-0.0015394156,rna10k
-0.0073862732,-8.3977495e-05,rna10k
-0.0063615884,-0.007256484,rna10k
-0.0073827463,0.009589058,rna10k
-0.0063677765,0.01088285,rna10k
-0.007357236,0.00289251,rna10k
-0.0065203127,-0.019351708,rna10k
-0.0063604577,0.0017818857,rna10k
-0.0063640503,0.002284799,rna10k
-0.0064001037,0.0081948275,rna10k
-0.006361925,-0.008613055,rna10k
-0.006524736,0.011012544,rna10k
-0.006372757,0.011361797,rna10k
-0.006401293,0.007929835,rna10k
-0.006338529,0.00034602472,rna10k
-0.007382336,0.009301486,rna10k
-0.006359839,-0.0007080476,rna10k
-0.006361649,0.00247136,rna10k
-0.0070769424,0.01703138,rna10k
-0.0063575557,-0.0039234958,rna10k
-0.007384017,0.0058527864,rna10k
-0.007201432,-0.0023877989,rna10k
-0.0063651158,0.0036516152,rna10k
-0.006648562,-0.007866189,rna10k
-0.0073811403,0.00010991452,rna10k
-0.0063577187,-0.005239957,rna10k
-0.006368129,0.008539098,rna10k
-0.006396816,0.0058768787,rna10k
-0.007236291,0.009092776,rna10k
-0.006375925,0.0025694526,rna10k
-0.006365708,-0.0016244581,rna10k
-0.0073458115,0.0046533397,rna10k
-0.007365858,-0.00303009,rna10k
-0.0073612295,-0.0052610314,rna10k
-0.006375147,-0.0060639135,rna10k
-0.0073608323,-0.013659665,rna10k
-0.0073386906,0.011897119,rna10k
-0.007361369,-0.0076303203,rna10k
-0.0063604712,6.495286e-05,rna10k
-0.0073640547,-0.011413362,rna10k
-0.007228387,0.0015839058,rna10k
-0.006367895,0.00985945,rna10k
-0.0073822592,-0.005383192,rna10k
-0.007359755,0.0035406747,rna10k
-0.00723577,0.005918256,rna10k
-0.006374491,0.007227919,rna10k
-0.007379062,-0.005510411,rna10k
-0.0064134453,0.008233881,rna10k
-0.00636244,0.0028087955,rna10k
-0.0072978293,0.0035899514,rna10k
-0.0073863636,-0.004497552,rna10k
-0.006367041,0.0055274474,rna10k
-0.0073544136,0.0058888583,rna10k
-0.0063674967,0.007878738,rna10k
-0.0063615623,0.0006414925,rna10k
-0.006365522,0.005602556,rna10k
-0.006364904,0.006469678,rna10k
-0.007388067,-0.0032528895,rna10k
-0.006370615,0.007227384,rna10k
-0.007385835,-0.0033189321,rna10k
-0.0063586314,-0.0036943161,rna10k
-0.0063960925,0.0085532265,rna10k
-0.0068117683,-0.0029596568,rna10k
-0.006378104,-0.0017799945,rna10k
-0.007383391,-0.00052857236,rna10k
-0.007225768,-0.024532178,rna10k
-0.0068643806,0.0051470078,rna10k
-0.006365228,0.002753585,rna10k
-0.0072985194,-0.0014830246,rna10k
-0.007369172,-0.010568634,rna10k
-0.0063646054,0.00020386108,rna10k
-0.006364519,0.0011693533,rna10k
-0.006366502,0.006133785,rna10k
-0.0063646575,-0.010290196,rna10k
-0.0072613596,0.0019546682,rna10k
-0.0063999575,0.010015437,rna10k
-0.00738521,-0.001511931,rna10k
-0.006363659,-0.007473374,rna10k
-0.006401253,0.007810129,rna10k
-0.0065219863,0.014180028,rna10k
-0.007366552,-0.005005683,rna10k
-0.006360881,-0.005876131,rna10k
-0.007381305,-0.0070586163,rna10k
-0.0073567466,0.003912979,rna10k
-0.007354374,-0.00225465,rna10k
-0.0065206788,0.020789588,rna10k
-0.0065265703,-0.011039201,rna10k
-0.0065095495,-0.0119539,rna10k
-0.0063978946,0.008334176,rna10k
-0.006371537,0.007746394,rna10k
-0.0063997684,0.0070084725,rna10k
-0.00637193,0.0089167515,rna10k
-0.0063689197,0.0074295364,rna10k
-0.0064041615,0.0044745975,rna10k
-0.0063539064,-0.0066295923,rna10k
-0.0065262187,-0.014535663,rna10k
-0.00636062,-0.001146313,rna10k
-0.007359067,-0.007178441,rna10k
-0.0063663027,0.008924944,rna10k
-0.0063585434,-0.0004518123,rna10k
-0.0066594705,0.010366068,rna10k
-0.0063685924,-0.0003701472,rna10k
-0.0063673533,0.006390285,rna10k
-0.0063695833,0.0020988437,rna10k
-0.0063631223,-0.008467156,rna10k
-0.007280541,-0.010743322,rna10k
-0.006365351,-0.006480247,rna10k
-0.0063625043,0.00064649916,rna10k
-0.0063549685,-0.0069997506,rna10k
-0.006352276,-0.007376983,rna10k
-0.0073782117,-0.003500916,rna10k
-0.007385127,0.008447232,rna10k
-0.00636439,0.0053548478,rna10k
-0.00652332,-0.0049954173,rna10k
-0.006400083,0.009280864,rna10k
-0.006364496,0.0029613336,rna10k
-0.006370391,0.009047094,rna10k
-0.006495713,-0.019891104,rna10k
-0.0072636777,-0.006723172,rna10k
-0.007387998,0.006030431,rna10k
-0.006389642,0.003951774,rna10k
-0.006738834,0.018896155,rna10k
-0.0073800427,-0.0047147013,rna10k
-0.0063848947,-0.010205941,rna10k
-0.0063638766,0.0034540198,rna10k
-0.007369196,-0.0024729783,rna10k
-0.0063627376,-0.0013805776,rna10k
-0.0073069646,0.0074936007,rna10k
-0.0064021135,0.011248297,rna10k
-0.006362527,-0.005150339,rna10k
-0.0065055233,-0.01752671,rna10k
-0.006398694,-0.002387381,rna10k
-0.0073872716,-0.001460145,rna10k
-0.006525528,0.011895248,rna10k
-0.0073868297,-0.002226954,rna10k
-0.0073855366,0.005340412,rna10k
-0.0063663153,0.004998944,rna10k
-0.0064027687,0.0070083747,rna10k
-0.006364369,0.0036065918,rna10k
-0.0063301106,-0.010558685,rna10k
-0.0073167705,-0.009675078,rna10k
-0.00737291,-0.008419392,rna10k
-0.007385066,0.0047748093,rna10k
-0.006995165,-0.0024644053,rna10k
-0.0063557597,-0.0051233736,rna10k
-0.0073825433,-0.0031132647,rna10k
-0.0063656042,0.006389961,rna10k
-0.007383235,-0.0042054798,rna10k
-0.006372479,-0.00938818,rna10k
-0.006354694,-0.004686304,rna10k
-0.007385103,-0.0034769746,rna10k
-0.0063606133,0.0009073873,rna10k
-0.0063983,0.009481888,rna10k
-0.006381258,-0.011956043,rna10k
-0.0063669067,0.007443798,rna10k
-0.007337819,0.012378721,rna10k
-0.007384973,0.0016769436,rna10k
-0.007373404,-0.006619397,rna10k
-0.006355173,-0.0076792426,rna10k
-0.006363746,0.0040319487,rna10k
-0.007279207,-0.0073370463,rna10k
-0.0073860586,-0.001891746,rna10k
-0.00636807,0.007404049,rna10k
-0.0073600844,0.0035388675,rna10k
-0.0063633192,-0.0071035433,rna10k
-0.006365269,-0.006629882,rna10k
-0.0063640825,0.003602882,rna10k
-0.006361258,0.00016201429,rna10k
-0.006363352,0.0012446793,rna10k
-0.006364511,0.0023811394,rna10k
-0.0063964496,0.0053379694,rna10k
-0.0065177893,0.0035027463,rna10k
-0.0063589253,0.00019364667,rna10k
-0.0073725465,-0.00789722,rna10k
-0.0073610977,-0.0082095675,rna10k
-0.007357607,0.0036255503,rna10k
-0.0063686,0.007182574,rna10k
-0.0063613327,-0.0043850085,rna10k
-0.006366662,0.0070068943,rna10k
-0.0063579623,-0.0021871242,rna10k
-0.0073031546,-0.0054616993,rna10k
-0.0063660094,-0.0052583236,rna10k
-0.007355624,0.0011142025,rna10k
-0.0073773824,-0.006916881,rna10k
-0.0073631653,0.0014889461,rna10k
-0.007356145,0.0076579745,rna10k
-0.0073590484,0.013181847,rna10k
-0.0063655954,0.0031047706,rna10k
-0.006428457,0.010902552,rna10k
-0.00636155,-0.008410886,rna10k
-0.006376215,-0.002997964,rna10k
-0.006373724,-0.004065825,rna10k
-0.0063581076,-0.0032760617,rna10k
-0.0073867138,0.0034012345,rna10k
-0.0063651814,0.0045824856,rna10k
-0.006389008,0.004750995,rna10k
-0.006355738,-0.0053788815,rna10k
-0.00737902,-0.0046744514,rna10k
-0.006357211,-0.0045046154,rna10k
-0.007258908,0.00092693215,rna10k
-0.0063668145,-0.0091045825,rna10k
-0.006363349,0.0033013069,rna10k
-0.006526705,0.0047329906,rna10k
-0.0073860367,-0.00016319273,rna10k
-0.0073854667,-0.0004207934,rna10k
-0.006375958,0.006509475,rna10k
-0.0073835542,-0.00391082,rna10k
-0.007356786,0.005758891,rna10k
-0.006356573,-0.0061081843,rna10k
-0.006526237,-0.014106956,rna10k
-0.006646781,0.007490707,rna10k
-0.0063609774,-0.00013231774,rna10k
-0.006361361,0.0006405846,rna10k
-0.0073463414,-0.0037816816,rna10k
-0.00736207,-0.0049470034,rna10k
-0.006362871,-0.005348259,rna10k
-0.0073825913,0.008585222,rna10k
-0.0073826546,-0.0013527208,rna10k
-0.007371274,-0.0030391242,rna10k
-0.0063663223,0.0052201115,rna10k
-0.007231823,0.009357433,rna10k
-0.0072753183,0.00038115357,rna10k
-0.0073608924,-0.010907088,rna10k
-0.0063567115,-0.004009015,rna10k
-0.006365608,0.0068617132,rna10k
-0.007235831,-0.0053668735,rna10k
-0.006345275,-0.010276332,rna10k
-0.0066589834,0.0023932783,rna10k
-0.006366348,0.004763494,rna10k
-0.00636473,0.0038894017,rna10k
-0.00635986,-0.0014183625,rna10k
-0.007162824,-0.00013349175,rna10k
-0.006364779,-0.008921606,rna10k
-0.006364501,0.0033379383,rna10k
-0.006348483,-0.002064294,rna10k
-0.006361248,0.00041111035,rna10k
-0.0063604675,-0.0017019638,rna10k
-0.0063527827,-0.008129182,rna10k
-0.006364291,-0.0022188842,rna10k
-0.007386051,-0.0026202726,rna10k
-0.0063628335,-0.0005013782,rna10k
-0.007387721,0.0015673883,rna10k
-0.006525303,0.012575778,rna10k
-0.007380409,0.0014211381,rna10k
-0.0072597484,0.005864186,rna10k
-0.007378394,-0.0072913994,rna10k
-0.0065210555,0.020928003,rna10k
-0.0065233186,0.017838892,rna10k
-0.006355769,-0.008560405,rna10k
-0.0065246876,0.005084922,rna10k
-0.007382121,0.011808037,rna10k
-0.0063718935,0.00810512,rna10k
-0.007352726,0.011413975,rna10k
-0.006363196,-0.0072942376,rna10k
-0.0065249894,-0.007418017,rna10k
-0.006361145,-0.007336801,rna10k
-0.0063620703,-0.0055326037,rna10k
-0.0073517016,0.0074362154,rna10k
-0.0073689595,-0.009846972,rna10k
-0.0063537145,-0.0079162335,rna10k
-0.0063475766,-0.0018994934,rna10k
-0.0063626203,-0.0071327384,rna10k
-0.0073873587,-0.0029044906,rna10k
-0.007386698,-5.5766403e-05,rna10k
-0.0073806806,-0.002967792,rna10k
-0.007357862,0.001959625,rna10k
-0.006350458,0.0004561846,rna10k
-0.0065264436,0.012273879,rna10k
-0.006363986,-0.0005636302,rna10k
-0.007355652,-0.028671216,rna10k
-0.0065306444,0.011490258,rna10k
-0.006358739,-0.0044779554,rna10k
-0.0063649686,0.0049454356,rna10k
-0.006364224,0.0025578262,rna10k
-0.007218816,-0.002382542,rna10k
-0.007361485,-0.0055991514,rna10k
-0.006362568,0.003142197,rna10k
-0.0073841442,0.007768992,rna10k
-0.0064031486,0.010373978,rna10k
-0.006522144,-0.015868392,rna10k
-0.0073828553,0.010952487,rna10k
-0.0065334667,0.022883954,rna10k
-0.0063613392,-0.00081274024,rna10k
-0.0065299366,-0.016249683,rna10k
-0.0063639185,-0.0018281731,rna10k
-0.0063602803,-0.0029726727,rna10k
-0.0063558226,-0.0059510763,rna10k
-0.0073550255,0.00046369876,rna10k
-0.0065227626,0.014861654,rna10k
-0.006364511,-0.0019038287,rna10k
-0.0063574705,-0.0019147418,rna10k
-0.0063655777,0.0058258506,rna10k
-0.0063516134,-0.009667529,rna10k
-0.006341489,-0.0039216075,rna10k
-0.007359096,-0.0065361457,rna10k
-0.006358063,-0.0023654432,rna10k
-0.006386457,0.0036714575,rna10k
-0.006339951,-0.009073299,rna10k
-0.006368423,0.008623918,rna10k
-0.0073814327,-0.0071052765,rna10k
-0.0063566794,-0.004984526,rna10k
-0.007368583,-0.005682186,rna10k
-0.00636071,-0.004233116,rna10k
-0.006525563,-0.006903863,rna10k
-0.006363447,0.0024028867,rna10k
-0.0073833284,-0.004208139,rna10k
-0.0063964203,-0.00024217168,rna10k
-0.006407421,0.006207837,rna10k
-0.007386185,-0.0022476255,rna10k
-0.006353974,-0.007372472,rna10k
-0.0063678655,-0.0029730753,rna10k
-0.006369095,0.008810232,rna10k
-0.007355934,0.009187139,rna10k
-0.0063671,0.0057398453,rna10k
-0.007354988,0.009748602,rna10k
-0.00736804,-0.0061156047,rna10k
-0.006385525,-0.004292668,rna10k
-0.0065386803,-0.026525069,rna10k
-0.0073820106,-0.004650713,rna10k
-0.0072256015,0.0037553452,rna10k
-0.0072705564,-0.0024647778,rna10k
-0.006818205,0.0005917206,rna10k
-0.006368905,0.008858415,rna10k
-0.0073823514,0.0081762085,rna10k
-0.006364554,0.0054707215,rna10k
-0.0064032255,0.00941893,rna10k
-0.006401404,0.010866971,rna10k
-0.0073852427,0.0026990185,rna10k
-0.00636848,0.0057552927,rna10k
-0.007317228,0.005423494,rna10k
-0.007387366,-0.0003133073,rna10k
-0.006358494,-0.002449146,rna10k
-0.0063638445,0.0011531527,rna10k
-0.006355807,-0.0057131164,rna10k
-0.0063730003,-0.018136995,rna10k
-0.0063551194,-0.0044864584,rna10k
-0.0063573043,-0.0017262269,rna10k
-0.007267816,0.008676327,rna10k
-0.0063717733,0.0077244164,rna10k
-0.006356139,-0.0049708136,rna10k
-0.006356763,-0.002722999,rna10k
-0.0073618186,-0.01027575,rna10k
-0.0073701544,-0.005557766,rna10k
-0.0063462625,-0.00814957,rna10k
-0.0065203537,0.01730797,rna10k
-0.006362,-0.0050670765,rna10k
-0.007239978,0.006118899,rna10k
-0.006525213,0.013928373,rna10k
-0.007372006,-0.0056903246,rna10k
-0.0063553657,-0.0061009494,rna10k
-0.007359053,0.0060204687,rna10k
-0.006356448,-0.0061262865,rna10k
-0.0064248713,0.0069285287,rna10k
-0.0063669034,0.0152974455,rna10k
-0.00738964,0.0070035225,rna10k
-0.007382294,-0.00089350535,rna10k
-0.0073793987,-0.004538286,rna10k
-0.0063351095,-0.010138031,rna10k
-0.006526619,0.008175841,rna10k
-0.0073164585,-0.0043429425,rna10k
-0.0073639676,-0.014113693,rna10k
-0.0063677044,0.004148979,rna10k
-0.0063586473,-0.0014644902,rna10k
-0.006369274,0.008423489,rna10k
-0.0073792944,-0.006206271,rna10k
-0.0063672876,-0.0075228186,rna10k
-0.0073849536,-0.0007345983,rna10k
-0.0065254485,-0.011940206,rna10k
-0.006523748,-0.0019730031,rna10k
-0.0073554297,0.004221618,rna10k
-0.0065493956,-0.0029739211,rna10k
-0.006820591,0.0028466056,rna10k
-0.0073815444,-0.004275519,rna10k
-0.0063602994,-0.0031565703,rna10k
-0.006366269,0.0056357877,rna10k
-0.0073810336,-0.0060244147,rna10k
-0.007385932,0.0030270002,rna10k
-0.006627021,-0.006361063,rna10k
-0.007384215,0.00865738,rna10k
-0.0064079934,-0.012499572,rna10k
-0.0065257703,0.0012655773,rna10k
-0.0065258723,-0.0108039435,rna10k
-0.006391953,0.0042484836,rna10k
-0.007375673,-0.0046131387,rna10k
-0.0072616497,-0.0024477025,rna10k
-0.0063614044,-0.0027224373,rna10k
-0.0063739913,0.008518105,rna10k
-0.007361983,-0.00020248487,rna10k
-0.0072564823,0.0049083745,rna10k
-0.0063739987,0.011466861,rna10k
-0.0071796933,-0.0014775854,rna10k
-0.0073596654,0.015539784,rna10k
-0.0073784054,0.002646441,rna10k
-0.006608748,0.0043657403,rna10k
-0.0063651195,0.004377049,rna10k
-0.007351083,0.01266775,rna10k
-0.006399064,0.009122312,rna10k
-0.006524165,0.010684523,rna10k
-0.0073780273,-0.004539183,rna10k
-0.006360513,0.0016548574,rna10k
-0.006524793,-0.014047915,rna10k
-0.0063620093,0.0009357032,rna10k
-0.0063671777,0.0011353913,rna10k
-0.0063610584,-0.00065575604,rna10k
-0.0063330987,-0.008366926,rna10k
-0.007380847,-0.0055358573,rna10k
-0.006367763,-0.0013038153,rna10k
-0.006525113,-0.010038272,rna10k
-0.0073825573,-0.0045551583,rna10k
-0.0064511737,0.0062362794,rna10k
-0.0063994215,0.009570619,rna10k
-0.0065295068,0.019224465,rna10k
-0.006366292,0.0048889928,rna10k
-0.007377646,-0.006256433,rna10k
-0.006362865,-0.020135775,rna10k
-0.00635473,-0.00499159,rna10k
-0.006364472,-0.0020020043,rna10k
-0.007381406,-0.0075396835,rna10k
-0.006545386,0.008117305,rna10k
-0.006333429,-0.010501937,rna10k
-0.006363698,-0.003326258,rna10k
-0.0063617,0.0021204578,rna10k
-0.007368065,-0.009554994,rna10k
-0.007381679,-0.0030055167,rna10k
-0.0063640564,0.0016974398,rna10k
-0.0073182886,-0.006249866,rna10k
-0.0063571637,0.020794548,rna10k
-0.0072447034,0.005923914,rna10k
-0.0063625835,-0.0030400113,rna10k
-0.0063631376,0.0017541801,rna10k
-0.006362546,-0.007314179,rna10k
-0.007259064,0.002233141,rna10k
-0.0065227523,-0.0008430758,rna10k
-0.006366801,0.006500548,rna10k
-0.006376589,-0.00782683,rna10k
-0.00736248,0.01253444,rna10k
-0.0063672173,0.00690739,rna10k
-0.0063629933,-0.008006425,rna10k
-0.0074027763,0.017430915,rna10k
-0.0063629313,0.001246866,rna10k
-0.0072528482,0.0014379086,rna10k
-0.0073809903,-0.0053463737,rna10k
-0.006363916,0.0043386305,rna10k
-0.006361968,0.00014583344,rna10k
-0.007385038,-0.002550299,rna10k
-0.006365127,0.0033307367,rna10k
-0.0063671144,0.0006557616,rna10k
-0.0063662836,0.003916388,rna10k
-0.0065343454,-0.044051748,rna10k
-0.006357848,-0.0055154883,rna10k
-0.007359732,0.014586428,rna10k
-0.007359666,-0.0045140944,rna10k
-0.0066619962,0.006495388,rna10k
-0.006361897,-0.00480447,rna10k
-0.0063673444,0.0056815264,rna10k
-0.006398934,0.008858494,rna10k
-0.0063926056,0.0014683265,rna10k
-0.006372639,-0.009404516,rna10k
-0.006414613,0.008842255,rna10k
-0.0063746856,-0.0029061977,rna10k
-0.0073485174,-0.0062339674,rna10k
-0.00633272,-0.009973272,rna10k
-0.006372462,0.003730513,rna10k
-0.007375118,-0.0063228575,rna10k
-0.007147828,0.00058342284,rna10k
-0.007376972,-0.006443801,rna10k
-0.006354337,-0.0060719345,rna10k
-0.0063614645,-0.0012977684,rna10k
-0.0064088227,0.008722977,rna10k
-0.0065192636,-0.011417455,rna10k
-0.0073619653,-0.0020844424,rna10k
-0.006364975,-0.0012757794,rna10k
-0.007360737,-0.0047434643,rna10k
-0.0071960236,0.0053944625,rna10k
-0.0063701384,0.0073477086,rna10k
-0.007368541,-0.007947311,rna10k
-0.0073599312,0.0024130344,rna10k
-0.0073828474,0.0007126638,rna10k
-0.0063650166,-0.004492852,rna10k
-0.0073603718,0.00052188075,rna10k
-0.006384008,-0.0004904865,rna10k
-0.007366942,-0.004036134,rna10k
-0.0063680024,0.004886973,rna10k
-0.0064178286,-0.018898427,rna10k
-0.006400717,0.0095159905,rna10k
-0.006385034,0.011905981,rna10k
-0.0063678185,0.008252279,rna10k
-0.0073853093,0.0012190748,rna10k
-0.006366473,0.006978484,rna10k
-0.0065235374,0.01568569,rna10k
-0.006391516,0.005791475,rna10k
-0.006364718,-0.0026610626,rna10k
-0.00637125,-0.0057066297,rna10k
-0.0063731642,0.0024996707,rna10k
-0.0073797973,-0.004531559,rna10k
-0.006366966,0.008328981,rna10k
-0.006399772,0.010146016,rna10k
-0.006354567,-0.0049766097,rna10k
-0.006505153,-0.025271764,rna10k
-0.006525345,-0.013313305,rna10k
-0.006369531,0.009030417,rna10k
-0.0063613895,0.001379263,rna10k
-0.006365782,0.0063274056,rna10k
-0.007369506,-0.006109242,rna10k
-0.0065300306,-0.016268358,rna10k
-0.006528853,0.0079820845,rna10k
-0.0063398294,-0.0014179035,rna10k
-0.0067369123,-0.001761104,rna10k
-0.00637219,0.009552373,rna10k
-0.007299271,0.003258287,rna10k
-0.0073782625,-0.0058373837,rna10k
-0.007385255,0.008363925,rna10k
-0.0063689393,-0.00029881767,rna10k
-0.0066453703,-0.0060868976,rna10k
-0.006525452,0.002846458,rna10k
-0.00636015,-0.005746113,rna10k
-0.0065069185,-0.027498549,rna10k
-0.007354781,0.008684547,rna10k
-0.0072495844,0.0021109502,rna10k
-0.0065252236,-0.008898994,rna10k
-0.00636273,0.003997445,rna10k
-0.0073860353,0.008453731,rna10k
-0.0063655865,0.004481992,rna10k
-0.0063650487,0.0043481784,rna10k
-0.006403529,0.00877885,rna10k
-0.006361392,2.575365e-07,rna10k
-0.0063671153,0.0075662066,rna10k
-0.006821564,0.0058423337,rna10k
-0.0063961498,0.007496405,rna10k
-0.007144096,-0.005300567,rna10k
-0.006359602,-0.003266559,rna10k
-0.0063659004,0.013504876,rna10k
-0.006363726,0.0029108229,rna10k
-0.006397973,0.02149838,rna10k
-0.006364398,0.0020771625,rna10k
-0.0063662957,0.0046168384,rna10k
-0.006364231,0.0041885916,rna10k
-0.006364476,0.003466225,rna10k
-0.00735866,-2.7780237e-05,rna10k
-0.006368096,0.007852371,rna10k
-0.006389568,0.00044444817,rna10k
-0.007266627,0.01740016,rna10k
-0.0063534337,0.001112077,rna10k
-0.007360287,-0.0023039137,rna10k
-0.007387091,-5.8774312e-05,rna10k
-0.00636311,0.0013906368,rna10k
-0.00729274,0.02443113,rna10k
-0.00636748,-0.001772848,rna10k
-0.007359047,0.0022990382,rna10k
-0.0073467745,0.005501616,rna10k
-0.0063679153,0.009330905,rna10k
-0.0063647027,0.0009296383,rna10k
-0.0072753383,0.0047622025,rna10k
-0.006355694,-0.0024449583,rna10k
-0.007382593,-0.0017312121,rna10k
-0.0071459175,-0.0017698982,rna10k
-0.0063672974,0.0059689567,rna10k
-0.006369364,-0.00018661718,rna10k
-0.00636555,-0.0037003818,rna10k
-0.006356398,-0.005445001,rna10k
-0.0063286545,-0.01294576,rna10k
-0.0064014685,0.009464131,rna10k
-0.006365227,0.0038620264,rna10k
-0.0063674166,0.008080864,rna10k
-0.007169639,0.004830834,rna10k
-0.007383706,-0.0052583334,rna10k
-0.006530176,-0.003574174,rna10k
-0.0063622124,-0.0020141625,rna10k
-0.006366412,0.00556011,rna10k
-0.0063681225,-0.0009410285,rna10k
-0.006362986,-0.0026035323,rna10k
-0.007386037,0.0008250848,rna10k
-0.0073294924,-0.00075574144,rna10k
-0.0063385875,-0.00751319,rna10k
-0.0073840404,0.0048475238,rna10k
-0.0073811775,-0.005485626,rna10k
-0.007359591,0.0010550473,rna10k
-0.007386622,0.0035166163,rna10k
-0.007380529,-0.0036991297,rna10k
-0.0063917264,0.0031871635,rna10k
-0.006366907,0.005731147,rna10k
-0.0073842905,0.005019791,rna10k
-0.007386242,0.008186344,rna10k
-0.0063943835,0.0032863708,rna10k
-0.0063532805,-0.007891131,rna10k
-0.0063671437,0.0062075495,rna10k
-0.0063661872,0.0049514784,rna10k
-0.0073549165,0.0016465242,rna10k
-0.007386251,-0.002108053,rna10k
-0.0063666855,0.005446392,rna10k
-0.0063929856,0.01683649,rna10k
-0.0063667493,0.0058123716,rna10k
-0.006656488,0.0063759666,rna10k
-0.0063636694,-0.005077949,rna10k
-0.0073882095,-0.00012005533,rna10k
-0.0063308715,-0.010834613,rna10k
-0.006362638,-0.001138183,rna10k
-0.00637141,-0.0069763507,rna10k
-0.0063587483,-0.0023259092,rna10k
-0.006379158,-0.016785817,rna10k
-0.0073690643,-0.0029744839,rna10k
-0.007382707,-0.0042092446,rna10k
-0.0073572597,0.010985795,rna10k
-0.0073777745,-0.0056203306,rna10k
-0.006363212,-0.0032927976,rna10k
-0.0065244134,0.0154098375,rna10k
-0.0063571017,0.020799395,rna10k
-0.0065258723,-0.015142405,rna10k
-0.006370174,0.005440802,rna10k
-0.0073637343,-0.0062628277,rna10k
-0.0063658133,-0.0048925206,rna10k
-0.0063592303,-0.00049017416,rna10k
-0.007360468,0.0012630438,rna10k
-0.006383776,-0.0016792966,rna10k
-0.0073888246,0.009508386,rna10k
-0.0073681157,-0.0052207075,rna10k
-0.00636144,0.0005806193,rna10k
-0.0063672387,0.0076318127,rna10k
-0.0073844846,-0.004232913,rna10k
-0.0063783545,-0.011835247,rna10k
-0.006364658,-0.00062535616,rna10k
-0.007369133,-0.0061320807,rna10k
-0.0065203607,0.019723983,rna10k
-0.006523541,0.012241871,rna10k
-0.0063571716,-0.0021444983,rna10k
-0.0063674385,-0.003971065,rna10k
-0.0065212874,-0.023428624,rna10k
-0.006631693,0.01782839,rna10k
-0.0063721226,-0.021086985,rna10k
-0.006362361,0.0012693106,rna10k
-0.007360798,-0.005522986,rna10k
-0.006361694,-0.008424974,rna10k
-0.0073847924,0.0016918367,rna10k
-0.0063303234,-0.009926803,rna10k
-0.006367205,0.007705298,rna10k
-0.007263233,-0.0009245866,rna10k
-0.006367531,0.0034438127,rna10k
-0.0063362895,-0.010508598,rna10k
-0.0072678663,-0.0011843707,rna10k
-0.007382904,0.009640261,rna10k
-0.0065029035,-0.023177534,rna10k
-0.006366546,0.0075080073,rna10k
-0.006333923,-0.011984021,rna10k
-0.0073837005,-0.0025469281,rna10k
-0.006374807,0.007382105,rna10k
-0.00650603,-0.024282292,rna10k
-0.006353083,-0.008098763,rna10k
-0.007381165,0.012948468,rna10k
-0.006354846,-0.007997508,rna10k
-0.0063873706,0.0031063969,rna10k
-0.0073817084,-0.0032897983,rna10k
-0.006392779,0.006894721,rna10k
-0.006363593,-0.009187067,rna10k
-0.006362351,-0.0015415859,rna10k
-0.006363104,0.0026810577,rna10k
-0.007364125,-0.0015492229,rna10k
-0.006338974,-0.009681416,rna10k
-0.0063866414,0.001895426,rna10k
-0.007383225,0.010376726,rna10k
-0.0073343003,-0.016788017,rna10k
-0.0063572037,-0.0019734842,rna10k
-0.006385168,0.006949579,rna10k
-0.0073859543,0.0039521744,rna10k
-0.0073713297,-0.0075235413,rna10k
-0.006522293,0.01611307,rna10k
-0.0063560735,-0.0043787104,rna10k
-0.006489787,0.01253919,rna10k
-0.0065258676,-0.010370545,rna10k
-0.006821572,0.0015083038,rna10k
-0.0073688105,-0.0034349468,rna10k
-0.0073865335,0.0037427275,rna10k
-0.0073774904,-0.0059982324,rna10k
-0.006365878,-0.003021536,rna10k
-0.0063848514,0.0029636472,rna10k
-0.0073608183,-0.00085269165,rna10k
-0.0073594144,0.003812369,rna10k
-0.007359199,-0.004444203,rna10k
-0.007375339,-0.0060225213,rna10k
-0.0063972655,0.011923486,rna10k
-0.006398781,0.012116562,rna10k
-0.0063659553,-0.0014066997,rna10k
-0.007356958,0.01019706,rna10k
-0.0063648596,0.0030864296,rna10k
-0.0063672527,-0.00077065796,rna10k
-0.006363713,-0.004873303,rna10k
-0.007361466,-0.010826297,rna10k
-0.0063710823,-0.0132704945,rna10k
-0.0063703116,-0.02568669,rna10k
-0.007366388,-0.005985941,rna10k
-0.0063661835,0.003912225,rna10k
-0.0065289685,-0.018122219,rna10k
-0.006363841,0.0047389707,rna10k
-0.006363258,-0.0003635586,rna10k
-0.006365847,-0.006107105,rna10k
-0.0072629596,-0.005777051,rna10k
-0.0063418904,-0.007191629,rna10k
-0.0063662967,0.002817842,rna10k
-0.006367988,0.008471714,rna10k
-0.0065290527,0.011902507,rna10k
-0.007361959,-0.0039235256,rna10k
-0.0073598153,-0.0029186648,rna10k
-0.0063610673,-0.001297055,rna10k
-0.007270567,0.014861337,rna10k
-0.006366486,0.005702898,rna10k
-0.0065249503,-0.011388251,rna10k
-0.007382421,0.009191769,rna10k
-0.007260159,0.011902393,rna10k
-0.006359934,-0.005008019,rna10k
-0.0063643386,-0.0010369216,rna10k
-0.0063611064,-0.0005588275,rna10k
-0.0063749263,0.0020160722,rna10k
-0.006524454,0.010742761,rna10k
-0.0071164975,0.01729188,rna10k
-0.007372308,-0.0070624873,rna10k
-0.006363491,-0.008092694,rna10k
-0.0063872826,0.000566012,rna10k
-0.0063566403,-0.0033428506,rna10k
-0.0063659907,0.0033916752,rna10k
-0.006366469,0.0071376744,rna10k
-0.007375713,-0.00886253,rna10k
-0.006364139,0.005687912,rna10k
-0.0063719214,-0.00012021094,rna10k
-0.006366271,0.0047245217,rna10k
-0.007227706,0.016205702,rna10k
-0.006385519,0.01099393,rna10k
-0.0073850555,0.0025820842,rna10k
-0.006526829,-0.016138146,rna10k
-0.007311452,0.002915394,rna10k
-0.0063838037,-0.0048195203,rna10k
-0.0063618952,0.0005753155,rna10k
-0.007369437,-0.006777539,rna10k
-0.0063764546,0.008744547,rna10k
-0.006379959,0.010002267,rna10k
-0.0073788795,7.0670474e-05,rna10k
-0.0065254453,-0.012418578,rna10k
-0.0073821144,-0.005332949,rna10k
-0.006351921,-0.008521123,rna10k
-0.006369843,0.0046085706,rna10k
-0.006365888,0.005185907,rna10k
-0.0063732225,-0.0040911143,rna10k
-0.006365338,0.0067070443,rna10k
-0.007204176,-0.028467977,rna10k
-0.0073776026,-0.0063950378,rna10k
-0.0065288595,0.0134572955,rna10k
-0.0063627255,0.0032030188,rna10k
-0.0065235985,0.011631226,rna10k
-0.0063621635,-0.004542416,rna10k
-0.006364787,0.004026074,rna10k
-0.007362011,-0.007417184,rna10k
-0.007376733,-0.010487694,rna10k
-0.006363936,-0.005391413,rna10k
-0.0063671777,-0.004945692,rna10k
-0.0065220576,0.016727624,rna10k
-0.007359816,0.0024785206,rna10k
-0.0063799373,0.01037278,rna10k
-0.006526026,0.0018995582,rna10k
-0.0065250215,-0.0044443323,rna10k
-0.0063574975,-0.004474834,rna10k
-0.006371391,-0.0016680476,rna10k
-0.0073824367,-0.0057398546,rna10k
-0.0063587944,-0.0013957892,rna10k
-0.0063636345,-0.0063893236,rna10k
-0.006352762,0.021832375,rna10k
-0.0073779,-0.005019445,rna10k
-0.0063524987,-0.008413449,rna10k
-0.00738549,0.0059443084,rna10k
-0.0073760506,-0.003935589,rna10k
-0.006524573,0.011223085,rna10k
-0.0063624717,-0.002581553,rna10k
-0.007268624,-0.0034236256,rna10k
-0.00639601,0.0111707235,rna10k
-0.006357625,-0.0027997424,rna10k
-0.006393522,0.0046776184,rna10k
-0.007388878,0.0030334604,rna10k
-0.0063350275,-0.007945446,rna10k
-0.0073579745,0.0027292946,rna10k
-0.007365507,-0.0018835253,rna10k
-0.006401552,0.011071742,rna10k
-0.006360554,-0.006087463,rna10k
-0.006364333,-0.0066621625,rna10k
-0.007375785,-0.0072536897,rna10k
-0.0063586673,-0.0022371812,rna10k
-0.007385482,0.002886833,rna10k
-0.0063635292,-0.0070279012,rna10k
-0.0063606803,-0.0027212682,rna10k
-0.007355271,-0.016940234,rna10k
-0.006362083,0.00021838838,rna10k
-0.006404766,0.011275457,rna10k
-0.0063617397,0.0021806243,rna10k
-0.0063586147,0.0010292232,rna10k
-0.0063730753,-0.00048452526,rna10k
-0.007373452,-0.000787149,rna10k
-0.0063657267,0.005758601,rna10k
-0.006360631,0.0022445293,rna10k
-0.006393664,0.0038348313,rna10k
-0.0063684606,0.0069619967,rna10k
-0.0063732537,0.0074876267,rna10k
-0.0073599904,-0.010817942,rna10k
-0.0073611042,0.0044893064,rna10k
-0.0072181406,-0.002685685,rna10k
-0.006526083,-0.016411887,rna10k
-0.0063609313,-0.0010330728,rna10k
-0.006357876,-0.0024230527,rna10k
-0.006366416,0.006923735,rna10k
-0.006523577,-0.0061411844,rna10k
-0.006364866,0.0024816021,rna10k
-0.0063848183,-0.01117665,rna10k
-0.006405605,0.0058564353,rna10k
-0.007377904,-0.0050212946,rna10k
-0.007262284,0.007502095,rna10k
-0.006370749,-0.0048260535,rna10k
-0.007169781,-0.015649071,rna10k
-0.00640255,0.007711232,rna10k
-0.0072771017,0.0021475775,rna10k
-0.007378002,-0.006714158,rna10k
-0.0063637123,-0.004114474,rna10k
-0.0073519605,0.0011166823,rna10k
-0.007378782,-0.0030801909,rna10k
-0.006519846,0.01219225,rna10k
-0.0073860954,-0.0012118014,rna10k
-0.0063683633,0.0052627022,rna10k
-0.0073880823,0.008229461,rna10k
-0.007383584,-0.002268375,rna10k
-0.007278034,-0.001255356,rna10k
-0.007385427,0.008900176,rna10k
-0.0073833796,0.010159591,rna10k
-0.0063650906,0.0037814428,rna10k
-0.006515246,0.005291142,rna10k
-0.0065207817,0.016831294,rna10k
-0.006368712,0.0059381267,rna10k
-0.006362906,0.0030561737,rna10k
-0.0063813566,0.0034150146,rna10k
-0.0072806734,-0.0046298727,rna10k
-0.0073664137,-0.0044581257,rna10k
-0.0065250564,-0.014673843,rna10k
-0.0063804104,0.0035046826,rna10k
-0.007272093,0.008225696,rna10k
-0.007250237,0.0028248914,rna10k
-0.0063655037,-0.0067825373,rna10k
-0.0063928002,0.00670414,rna10k
-0.0065255007,-0.011263154,rna10k
-0.0073801377,-0.006429912,rna10k
-0.007374292,0.006909547,rna10k
-0.0063635358,0.0025028735,rna10k
-0.007382949,0.009154812,rna10k
-0.006367878,0.006178794,rna10k
-0.006370032,0.0038842256,rna10k
-0.006374078,0.0037421093,rna10k
-0.0063677244,0.009450307,rna10k
-0.006351434,-0.00986383,rna10k
-0.0063646478,0.0032987236,rna10k
-0.006327762,-0.014643618,rna10k
-0.0073846565,0.010605285,rna10k
-0.006334094,-0.007275502,rna10k
-0.0073856064,0.0061995974,rna10k
-0.007357209,0.0038085957,rna10k
-0.0063644196,0.0030844393,rna10k
-0.006521674,-0.014462759,rna10k
-0.0069044726,-0.027750492,rna10k
-0.007254071,0.0025174704,rna10k
-0.007384294,-0.0036924076,rna10k
-0.006361204,0.00027245533,rna10k
-0.006395447,0.009032111,rna10k
-0.0063668457,0.0064459257,rna10k
-0.0063541853,-0.005741941,rna10k
-0.0073599257,0.0034379014,rna10k
-0.0063703917,0.041698053,rna10k
-0.00635483,-0.006414417,rna10k
-0.0073616644,0.0126142055,rna10k
-0.00636553,0.006489967,rna10k
-0.007386932,0.0011297048,rna10k
-0.007383315,-0.0039615654,rna10k
-0.0073718363,-0.0046857283,rna10k
-0.0063640936,-0.007213267,rna10k
-0.0073866546,0.0035414572,rna10k
-0.0063861716,0.0079597505,rna10k
-0.006353404,-0.0061104577,rna10k
-0.006719129,0.00399053,rna10k
-0.0063529825,-0.008412279,rna10k
-0.0063971058,0.008868852,rna10k
-0.0065087695,-0.017676907,rna10k
-0.0063663507,0.008774395,rna10k
-0.007384716,0.003099043,rna10k
-0.0073611187,0.011492841,rna10k
-0.006366829,-0.0028979445,rna10k
-0.0073875,-0.00044808994,rna10k
-0.0065219756,-0.021709604,rna10k
-0.0073828404,0.0112819765,rna10k
-0.0073846746,0.009270257,rna10k
-0.0063642096,0.0028891144,rna10k
-0.006360877,-0.00058641576,rna10k
-0.0063987803,0.013617274,rna10k
-0.006524565,-0.012496453,rna10k
-0.006363708,-0.008060561,rna10k
-0.0063599804,-0.00037927565,rna10k
-0.0063630883,0.0033037325,rna10k
-0.0063561555,-0.0031682537,rna10k
-0.006360314,-0.0055743884,rna10k
-0.0063648783,0.0037722979,rna10k
-0.0063644066,-0.008711526,rna10k
-0.007381094,0.0069473824,rna10k
-0.006511243,-0.014893282,rna10k
-0.006419983,0.024883522,rna10k
-0.0063647246,-0.0065530683,rna10k
-0.0063976804,0.0077467556,rna10k
-0.00736422,-0.0029243145,rna10k
-0.0071833674,0.0004364829,rna10k
-0.006375694,-0.0074929367,rna10k
-0.0063502197,-0.0072206906,rna10k
-0.006331103,-0.01365389,rna10k
-0.0063582985,-0.003429076,rna10k
-0.007355308,0.009572629,rna10k
-0.00716521,-7.5239135e-05,rna10k
-0.006361613,-0.00021960278,rna10k
-0.00637925,-0.013524365,rna10k
-0.0071432684,0.0011060998,rna10k
-0.007252048,0.010301657,rna10k
-0.0063650315,0.0045487685,rna10k
-0.0065237037,-0.0011382424,rna10k
-0.0073868646,0.0050112954,rna10k
-0.006359842,-0.0002367416,rna10k
-0.0063641774,0.005363087,rna10k
-0.0063863043,-0.0054373485,rna10k
-0.0073572644,0.006327134,rna10k
-0.006524794,0.008381552,rna10k
-0.0063426234,-0.0021934141,rna10k
-0.00735535,0.0011911977,rna10k
-0.006414459,-0.0007462074,rna10k
-0.0073598586,0.0031321396,rna10k
-0.0073830453,-0.0029995122,rna10k
-0.0066565797,-0.0003461215,rna10k
-0.006389696,0.00021686117,rna10k
-0.0073779533,-0.005826968,rna10k
-0.0063677956,0.007920004,rna10k
-0.0063638645,0.0025793896,rna10k
-0.006423194,0.005330914,rna10k
-0.006346823,0.008295776,rna10k
-0.0073591014,0.013734879,rna10k
-0.006384625,-6.628176e-05,rna10k
-0.00636384,0.0033991947,rna10k
-0.0063647246,0.0039283526,rna10k
-0.0073628654,-0.011822324,rna10k
-0.0063940273,0.00602653,rna10k
-0.0065213162,0.0052591288,rna10k
-0.0063617737,0.0009359155,rna10k
-0.006400206,0.008553363,rna10k
-0.006368417,0.0019957658,rna10k
-0.006367246,0.005949677,rna10k
-0.0073851976,0.0044935853,rna10k
-0.006560615,-0.011574936,rna10k
-0.0073653446,-0.008908127,rna10k
-0.0063658,0.0066653793,rna10k
-0.00652512,-0.012952318,rna10k
-0.007379511,-0.004777853,rna10k
-0.0073669935,-0.0035753208,rna10k
-0.006364217,0.0034500484,rna10k
-0.006396225,0.009814392,rna10k
-0.0063623358,-0.008890624,rna10k
-0.0063661262,0.0049765874,rna10k
-0.0063715116,-0.0037598815,rna10k
-0.006395091,0.008818078,rna10k
-0.0072821067,-0.00284447,rna10k
-0.006364439,-0.004904621,rna10k
-0.006369134,-0.010076723,rna10k
-0.006395508,0.0007551727,rna10k
-0.0065108878,-0.01905938,rna10k
-0.0073811305,0.00048246988,rna10k
-0.007379491,-0.004706432,rna10k
-0.0073735076,-0.0069622467,rna10k
-0.00636376,0.0048535843,rna10k
-0.007361517,-0.0016696049,rna10k
-0.006361881,-0.008739351,rna10k
-0.0063663265,0.007353936,rna10k
-0.0073781973,-0.002055683,rna10k
-0.006366012,0.004418533,rna10k
-0.007265368,0.0018795235,rna10k
-0.0073677027,-0.00475789,rna10k
-0.007249481,-0.0019878654,rna10k
-0.0063947574,0.00727844,rna10k
-0.0063760085,-0.027424727,rna10k
-0.006362576,0.0008001703,rna10k
-0.006613296,0.0031293272,rna10k
-0.006359257,0.00035774542,rna10k
-0.0063626575,-0.008235273,rna10k
-0.0073793205,-0.005659272,rna10k
-0.0063608754,-0.0010454521,rna10k
-0.006364285,0.0008471951,rna10k
-0.0065260753,-0.020053571,rna10k
-0.007355694,-0.011220866,rna10k
-0.006367977,0.007322409,rna10k
-0.0063639535,0.0015850615,rna10k
-0.0063328575,-0.0131719,rna10k
-0.0063553643,-0.0057472773,rna10k
-0.006368327,0.0072590928,rna10k
-0.00635424,-0.0068361815,rna10k
-0.006360641,-0.00063859514,rna10k
-0.0063392585,-0.007794677,rna10k
-0.0063586743,-0.001113946,rna10k
-0.006524512,-0.017461862,rna10k
-0.007385461,0.0026983432,rna10k
-0.0065228255,0.013181202,rna10k
-0.007383312,-0.0053681745,rna10k
-0.0063985484,0.009602723,rna10k
-0.0063550123,-0.003625014,rna10k
-0.0064039105,0.0062352163,rna10k
-0.006362674,0.000257986,rna10k
-0.006365673,0.0064250147,rna10k
-0.006340203,-0.009875914,rna10k
-0.0063640857,-0.007059725,rna10k
-0.0063713267,-0.011666185,rna10k
-0.0072431187,0.015498806,rna10k
-0.0063631786,0.001489331,rna10k
-0.00636128,-0.006607236,rna10k
-0.0063655153,0.005599587,rna10k
-0.0063657705,0.0050270986,rna10k
-0.0073757824,-0.0074413796,rna10k
-0.0063646613,0.0031395105,rna10k
-0.00636546,0.006814756,rna10k
-0.007361568,-0.0010659919,rna10k
-0.0066489424,0.003912288,rna10k
-0.0073823254,0.006067286,rna10k
-0.006374849,-0.0006019603,rna10k
-0.0063679065,0.008422909,rna10k
-0.0072595533,-0.0002706874,rna10k
-0.0063871196,-0.013827443,rna10k
-0.0073809726,-0.0033827848,rna10k
-0.007352196,-0.0049038646,rna10k
-0.0063378303,-0.007899432,rna10k
-0.0063620475,-0.007193743,rna10k
-0.0071349153,0.0006934984,rna10k
-0.0063565187,-0.0051468243,rna10k
-0.006365001,0.003663174,rna10k
-0.00636497,0.00032928813,rna10k
-0.0063465945,-0.004044177,rna10k
-0.006363139,0.001872388,rna10k
-0.006354748,-0.0061594467,rna10k
-0.0063768546,0.007692649,rna10k
-0.0073845536,0.0039412463,rna10k
-0.00635316,-0.007830209,rna10k
-0.007258401,0.00031620535,rna10k
-0.007385586,0.009330779,rna10k
-0.0073613087,-0.0063375873,rna10k
-0.007378181,-0.0059844186,rna10k
-0.0073810443,-0.003793709,rna10k
-0.0069823493,-0.010856308,rna10k
-0.0063549588,-0.0048439344,rna10k
-0.0063320254,-0.0070087723,rna10k
-0.0063415538,0.0035040071,rna10k
-0.0073847747,-0.0011307867,rna10k
-0.0063675707,0.008138221,rna10k
-0.0063651465,0.0046293503,rna10k
-0.006367278,0.007233257,rna10k
-0.0063818297,0.0016289258,rna10k
-0.006364016,0.0056809885,rna10k
-0.0065250318,0.009044508,rna10k
-0.0063654203,0.0069934675,rna10k
-0.0073274598,0.011527499,rna10k
-0.007389979,0.0012858512,rna10k
-0.006356476,-0.0048394445,rna10k
-0.0063600475,-0.0025550872,rna10k
-0.006360821,-0.007922051,rna10k
-0.006363027,-0.001970293,rna10k
-0.007380789,-0.0067061237,rna10k
-0.006364173,0.004358644,rna10k
-0.006374444,0.003737665,rna10k
-0.0063935053,0.009705118,rna10k
-0.006332441,-0.010104918,rna10k
-0.007383879,0.011149393,rna10k
-0.006359677,-0.0032168508,rna10k
-0.0065174703,-0.024464156,rna10k
-0.007384774,0.0013215874,rna10k
-0.0063658436,0.006182084,rna10k
-0.0063687945,0.0035101166,rna10k
-0.00736976,-0.0070541194,rna10k
-0.006364699,0.0036925357,rna10k
-0.006332781,-0.008747082,rna10k
-0.0063612624,-0.0045121727,rna10k
-0.007357741,0.007819913,rna10k
-0.0073857796,0.0029603958,rna10k
-0.007388429,0.0020500289,rna10k
-0.006366477,0.006871843,rna10k
-0.007362467,-0.010597397,rna10k
-0.006358893,-0.0020716756,rna10k
-0.0063861273,-0.0020681801,rna10k
-0.007361225,0.003216044,rna10k
-0.007368772,-0.0038098681,rna10k
-0.0072798217,0.0003749503,rna10k
-0.0063947504,0.009381602,rna10k
-0.006364969,0.0055576107,rna10k
-0.007383129,0.008744053,rna10k
-0.006361452,0.0032203023,rna10k
-0.0072838436,-0.006871247,rna10k
-0.0063665537,0.004821466,rna10k
-0.0063664145,0.005812457,rna10k
-0.006356167,-0.0046490994,rna10k
-0.006525386,-0.00045068073,rna10k
-0.006509211,-0.01829921,rna10k
-0.0073622973,-0.006524306,rna10k
-0.006340062,-0.0070260162,rna10k
-0.006399038,0.008245895,rna10k
-0.0073689134,-0.0071371533,rna10k
-0.0065113814,-0.020303845,rna10k
-0.007353482,0.009709199,rna10k
-0.0073645613,-0.0015243404,rna10k
-0.006367287,0.006331721,rna10k
-0.0063626156,0.0012825183,rna10k
-0.00738365,-4.6787973e-05,rna10k
-0.007385431,-1.3087674e-05,rna10k
-0.0068198103,-0.00033441084,rna10k
-0.0063587134,-0.0018540818,rna10k
-0.0063658385,0.006854004,rna10k
-0.006414877,0.008247171,rna10k
-0.006391216,0.0068733664,rna10k
-0.006365037,-0.0028277482,rna10k
-0.0065243063,0.011954848,rna10k
-0.0063659432,0.0043474813,rna10k
-0.0073609846,-0.0005911093,rna10k
-0.0072603496,0.0060143326,rna10k
-0.0073595876,-0.004151155,rna10k
-0.006363268,0.0023448528,rna10k
-0.0063310442,-0.0095333895,rna10k
-0.006370523,-0.0012799752,rna10k
-0.007415086,0.028105484,rna10k
-0.006366301,-0.006135486,rna10k
-0.006362431,7.906825e-05,rna10k
-0.006364495,-0.007095983,rna10k
-0.0063654445,0.0068673883,rna10k
-0.0063308296,-0.008813717,rna10k
-0.006365795,0.005276167,rna10k
-0.0063919015,0.0077469065,rna10k
-0.0063625835,0.0036250704,rna10k
-0.0063689617,-0.0052490253,rna10k
-0.006365188,0.0050770533,rna10k
-0.0063638277,0.0028236804,rna10k
-0.0073838676,0.0046702125,rna10k
-0.007387719,0.0012645198,rna10k
-0.0063670357,0.004964215,rna10k
-0.0073888674,0.005246449,rna10k
-0.006385059,0.006335494,rna10k
-0.0073848385,0.009086627,rna10k
-0.00738619,0.0017206825,rna10k
-0.007261763,-0.003427467,rna10k
-0.006365696,0.006337221,rna10k
-0.0063634505,0.0035337082,rna10k
-0.0063628713,0.0015646834,rna10k
-0.0073846565,-2.791723e-05,rna10k
-0.0063642254,0.0049137804,rna10k
-0.0063566673,-0.0030146905,rna10k
-0.0073565277,0.007136453,rna10k
-0.0066571925,-0.00052784407,rna10k
-0.0063852407,0.0052448716,rna10k
-0.0063333763,-0.010691424,rna10k
-0.0063691954,0.008121107,rna10k
-0.0063710357,0.0059787566,rna10k
-0.0071851434,0.0039361827,rna10k
-0.0072562667,-0.0025538187,rna10k
-0.0063576396,-0.0018175747,rna10k
-0.0063656443,0.005140836,rna10k
-0.006359484,-0.0043641245,rna10k
-0.0063635902,0.002086028,rna10k
-0.006522353,0.008132354,rna10k
-0.006362998,-0.0009297852,rna10k
-0.00736795,-0.015812052,rna10k
-0.0073834723,0.008141777,rna10k
-0.0073610675,0.001275152,rna10k
-0.007245728,-0.009301,rna10k
-0.006384032,-0.007971002,rna10k
-0.0073544956,0.012435905,rna10k
-0.007204383,0.0046926565,rna10k
-0.007379521,-0.0066932337,rna10k
-0.007345754,0.0085117575,rna10k
-0.0063619567,-0.0036924274,rna10k
-0.0073630232,-0.0023157867,rna10k
-0.0063791065,-0.00027674614,rna10k
-0.006364189,0.0038507252,rna10k
-0.006526167,-0.012141395,rna10k
-0.0073853103,-0.0014515287,rna10k
-0.007348695,-0.0071156453,rna10k
-0.0063504595,-0.011336264,rna10k
-0.0063637844,-0.010405037,rna10k
-0.007379107,-0.0046748947,rna10k
-0.0063656145,0.007619207,rna10k
-0.006362462,0.0020317438,rna10k
-0.006395156,0.004407537,rna10k
-0.0073565664,-0.0018860955,rna10k
-0.0063899592,0.0024768023,rna10k
-0.0063665244,0.010101364,rna10k
-0.0073858844,0.0046796347,rna10k
-0.0073813377,-0.0030321472,rna10k
-0.006379675,0.005064228,rna10k
-0.006374716,-0.00024601235,rna10k
-0.0073658233,-0.005342611,rna10k
-0.006361257,0.0024199858,rna10k
-0.0065231915,-0.00370807,rna10k
-0.006524453,0.002654443,rna10k
-0.0073856562,-0.0032871831,rna10k
-0.0073626153,-0.008256836,rna10k
-0.006363631,0.0029161335,rna10k
-0.0063669668,-0.0070258696,rna10k
-0.0063677155,0.006305385,rna10k
-0.0063617257,0.00029658357,rna10k
-0.0063798944,-0.012663966,rna10k
-0.006387296,-0.0018843224,rna10k
-0.0064258566,0.010991389,rna10k
-0.007260059,0.010087806,rna10k
-0.006367967,0.008194529,rna10k
-0.006361862,0.00033704238,rna10k
-0.007385477,-0.0052062743,rna10k
-0.007382347,0.009450409,rna10k
-0.0071660792,0.0033146408,rna10k
-0.0063906927,0.0059518833,rna10k
-0.007369927,-0.003340799,rna10k
-0.0073559177,0.0031595172,rna10k
-0.006648389,0.005529348,rna10k
-0.00738455,-0.005001311,rna10k
-0.006357954,-0.00016587677,rna10k
-0.0063689337,-0.010176896,rna10k
-0.007386626,0.0023475836,rna10k
-0.006374764,-0.0051788017,rna10k
-0.006366323,0.007485449,rna10k
-0.006512473,-0.023609547,rna10k
-0.006389607,0.00768522,rna10k
-0.006525599,-0.002306044,rna10k
-0.007366483,-0.002651857,rna10k
-0.0063692355,-0.023444135,rna10k
-0.0063635595,-0.0042220973,rna10k
-0.0063709337,0.009568787,rna10k
-0.0063682627,0.008398345,rna10k
-0.007395172,0.0169504,rna10k
-0.006363654,-0.0076181707,rna10k
-0.0063603697,5.4142864e-05,rna10k
-0.007385242,0.009371503,rna10k
-0.0063549057,-0.0056943293,rna10k
-0.0065265144,-0.011989119,rna10k
-0.007360571,-0.0040366277,rna10k
-0.007385123,0.0058887145,rna10k
-0.007280665,0.004291931,rna10k
-0.007361428,-0.005804306,rna10k
-0.0063637984,-0.02114856,rna10k
-0.0063619744,-0.013182037,rna10k
-0.0073602265,-9.306869e-05,rna10k
-0.007366897,-0.0041549383,rna10k
-0.0073838546,0.007932813,rna10k
-0.006524837,-0.010117896,rna10k
-0.006368398,-0.0001118049,rna10k
-0.0063660895,0.0068603484,rna10k
-0.0065205432,0.0019278384,rna10k
-0.007384072,-0.0037685276,rna10k
-0.006362394,0.0039811837,rna10k
-0.006358728,-0.0014056669,rna10k
-0.0063626342,-0.0087448135,rna10k
-0.0073724757,-0.010010862,rna10k
-0.0063549103,-0.004620269,rna10k
-0.00635918,-0.0012378228,rna10k
-0.007308616,-0.015374366,rna10k
-0.0063961493,0.005471693,rna10k
-0.0063698376,-0.0025220583,rna10k
-0.0063653295,-0.00840223,rna10k
-0.0063606245,-0.0013157035,rna10k
-0.007379539,-0.004763756,rna10k
-0.0063887225,-0.0021327182,rna10k
-0.0063588032,-0.003244688,rna10k
-0.0073571415,0.008753944,rna10k
-0.006385435,0.012150154,rna10k
-0.0063600163,-0.003306303,rna10k
-0.0063854316,0.0046660407,rna10k
-0.006367284,0.0078686,rna10k
-0.0063546062,-0.007795535,rna10k
-0.0063643414,0.0030361407,rna10k
-0.006375741,0.008799268,rna10k
-0.00635332,-0.0062846253,rna10k
-0.0063649686,0.003618293,rna10k
-0.0063651693,0.005991125,rna10k
-0.007235198,0.0112406425,rna10k
-0.0063846284,0.012560422,rna10k
-0.0063991295,0.008937499,rna10k
-0.006433433,-0.014368238,rna10k
-0.006388947,-5.2529685e-05,rna10k
-0.0065234913,0.010505723,rna10k
-0.0073854993,0.0020338784,rna10k
-0.0073503284,0.012550607,rna10k
-0.007393399,0.004719094,rna10k
-0.007381612,0.0027207858,rna10k
-0.0065307934,-0.017568966,rna10k
-0.0063513457,-0.0033539904,rna10k
-0.0071615744,0.0035029016,rna10k
-0.006367084,0.0098046195,rna10k
-0.0063660927,0.001351067,rna10k
-0.006459772,-0.015610199,rna10k
-0.007365459,-0.005203556,rna10k
-0.006410721,0.0038936764,rna10k
-0.007238665,0.008496215,rna10k
-0.00735914,0.0016929586,rna10k
-0.006373017,-0.0013985569,rna10k
-0.0063548903,-0.005634417,rna10k
-0.0073687118,0.00074682327,rna10k
-0.007315833,-0.008995891,rna10k
-0.0063843983,0.0029175207,rna10k
-0.006367899,0.0011389608,rna10k
-0.006902632,-0.022611499,rna10k
-0.006357195,-0.0040560463,rna10k
-0.006365704,0.005000979,rna10k
-0.0073837717,0.0004957665,rna10k
-0.006363536,-0.0044848076,rna10k
-0.0063637234,0.0012645446,rna10k
-0.0073848576,-0.0002672121,rna10k
-0.0063832477,-0.009193196,rna10k
-0.0073722457,-0.0048438557,rna10k
-0.006893638,-0.00011393569,rna10k
-0.0063485885,-0.01401783,rna10k
-0.0063652145,0.004424702,rna10k
-0.006365131,0.006548068,rna10k
-0.0063698897,-0.02222186,rna10k
-0.0073697544,-0.004558119,rna10k
-0.0063692424,-0.0075493897,rna10k
-0.0063799215,-0.014162142,rna10k
-0.007347278,0.006836204,rna10k
-0.006363717,-0.0055433456,rna10k
-0.0073873783,0.006210115,rna10k
-0.0063614063,-0.00096382154,rna10k
-0.0072645303,0.009279664,rna10k
-0.007332465,0.0015220491,rna10k
-0.0068214517,0.0032878916,rna10k
-0.0073859985,0.00689153,rna10k
-0.006526251,-0.015380075,rna10k
-0.0072769136,-0.0071263798,rna10k
-0.006363572,-0.008055642,rna10k
-0.00636533,-0.0022920882,rna10k
-0.0063326405,-0.010961686,rna10k
-0.0063653598,0.002132847,rna10k
-0.0063661532,0.0043254127,rna10k
-0.007382026,0.0069345073,rna10k
-0.00635393,-0.006742296,rna10k
-0.007383272,0.004336363,rna10k
-0.006354234,-0.0047083735,rna10k
-0.0063605034,0.0005530588,rna10k
-0.0073870784,0.0043022316,rna10k
-0.006335487,-0.009769661,rna10k
-0.006369564,-0.0059846803,rna10k
-0.0063677155,0.008408934,rna10k
-0.0063661877,0.002666219,rna10k
-0.0063649938,0.004726927,rna10k
-0.0063675344,0.008751453,rna10k
-0.0073844437,-0.0027660867,rna10k
-0.0063627423,0.0024219141,rna10k
-0.0063533327,-0.007174996,rna10k
-0.007361621,0.0005334818,rna10k
-0.0063639916,-0.008904356,rna10k
-0.0065252855,0.0048569944,rna10k
-0.006364308,0.0036749493,rna10k
-0.006343669,-0.0069326703,rna10k
-0.0065259,0.007108623,rna10k
-0.0073876893,-0.0030283458,rna10k
-0.006349939,0.0010710146,rna10k
-0.0073811193,-0.004595309,rna10k
-0.0063643935,0.0035204242,rna10k
-0.006359031,-0.008443075,rna10k
-0.0063622356,0.0031393329,rna10k
-0.0063629798,0.0016721314,rna10k
-0.0073825363,-0.0033518272,rna10k
-0.0063660718,0.0032355976,rna10k
-0.006366341,0.0061954004,rna10k
-0.0063591413,-0.0062202876,rna10k
-0.007230264,-0.008328829,rna10k
-0.006334498,-0.007195166,rna10k
-0.006550428,0.004743083,rna10k
-0.007359292,0.012300277,rna10k
-0.0063678827,-0.009932417,rna10k
-0.006522664,0.010975776,rna10k
-0.006366141,0.004679202,rna10k
-0.0073807905,-0.005810806,rna10k
-0.0065241917,0.015864935,rna10k
-0.006601139,-0.010537512,rna10k
-0.0065273633,-0.014007615,rna10k
-0.006388911,-0.001001357,rna10k
-0.0063598356,-0.0010583048,rna10k
-0.0063799783,-0.024663206,rna10k
-0.0073620365,-0.006032919,rna10k
-0.0063809627,-0.004702255,rna10k
-0.0073851617,0.0011940042,rna10k
-0.006397093,0.010070501,rna10k
-0.006331452,-0.019749993,rna10k
-0.0065346276,0.0090422975,rna10k
-0.006363503,0.0036745167,rna10k
-0.006384257,-0.0013916234,rna10k
-0.0063952366,0.009523226,rna10k
-0.006396132,0.008918153,rna10k
-0.0063660135,-0.005081085,rna10k
-0.0063713123,0.0013042605,rna10k
-0.007376688,-0.0064020813,rna10k
-0.0063914997,0.009497761,rna10k
-0.007240908,-0.009156633,rna10k
-0.007340954,-0.031107986,rna10k
-0.0063636727,0.002888146,rna10k
-0.0073844576,-0.00023690515,rna10k
-0.0063856156,-0.010047053,rna10k
-0.007356503,0.011083512,rna10k
-0.0063658888,0.004319566,rna10k
-0.0063632024,0.0022791275,rna10k
-0.006418185,-0.018660974,rna10k
-0.0063543012,-0.0021071783,rna10k
-0.006367437,-0.002436949,rna10k
-0.007378231,-0.0026607148,rna10k
-0.006386001,-0.00032024083,rna10k
-0.0073558944,0.0010887339,rna10k
-0.0073524406,0.0116757145,rna10k
-0.006417735,0.008909496,rna10k
-0.0063630743,-0.0055189705,rna10k
-0.0063671875,0.011604571,rna10k
-0.0063638184,-0.007887287,rna10k
-0.0073835347,-0.0051333653,rna10k
-0.007243023,0.017491823,rna10k
-0.0073855054,0.00024344464,rna10k
-0.006369454,0.009628106,rna10k
-0.006352182,-0.01883618,rna10k
-0.006397653,0.003632454,rna10k
-0.0063633877,-0.008344854,rna10k
-0.007351483,-0.0014191474,rna10k
-0.0064037833,0.021964593,rna10k
-0.0072114365,0.0055042845,rna10k
-0.006354063,-0.007680731,rna10k
-0.006364658,-0.022828877,rna10k
-0.0063596894,-0.009448289,rna10k
-0.0063616424,0.0021100063,rna10k
-0.006360091,2.7360782e-05,rna10k
-0.007374299,-0.0067099035,rna10k
-0.006385448,-0.0075518857,rna10k
-0.0063600275,-0.0076919133,rna10k
-0.0063757948,-0.0016488673,rna10k
-0.0063954853,0.009001462,rna10k
-0.0063670226,0.008655215,rna10k
-0.006525147,0.018249659,rna10k
-0.006366638,-0.0048691095,rna10k
-0.0073844553,-0.004507342,rna10k
-0.007386753,0.000438586,rna10k
-0.006329949,-0.012134422,rna10k
-0.0073681255,-0.005054053,rna10k
-0.006361631,-0.007442647,rna10k
-0.0073766485,-0.0058145113,rna10k
-0.0063303146,-0.0102674,rna10k
-0.0063666035,0.005077687,rna10k
-0.0066620437,0.006223803,rna10k
-0.006363311,-0.02277722,rna10k
-0.0073713586,-0.0042804186,rna10k
-0.0073849107,-0.0031921698,rna10k
-0.006391345,0.0053640762,rna10k
-0.0072383853,0.013113203,rna10k
-0.007376965,-0.0064581083,rna10k
-0.0073634805,-0.010851782,rna10k
-0.0063629355,0.0032822036,rna10k
-0.0063951784,0.009609563,rna10k
-0.00636582,0.005338795,rna10k
-0.006363989,0.0027079578,rna10k
-0.0073099467,-0.0035955685,rna10k
-0.006395557,0.0069416077,rna10k
-0.006385183,-0.018544089,rna10k
-0.006397109,0.009455146,rna10k
-0.0073788944,-0.007591438,rna10k
-0.0073874476,-0.0012762907,rna10k
-0.007361719,0.0038371137,rna10k
-0.0073852176,-0.0030889485,rna10k
-0.006383481,0.0011020424,rna10k
-0.007354872,0.0025797065,rna10k
-0.0063414136,-0.007010458,rna10k
-0.006367388,0.0054004877,rna10k
-0.0063959416,0.0089434935,rna10k
-0.0072554313,0.0006902186,rna10k
-0.006367684,0.0077175223,rna10k
-0.006367964,0.007314257,rna10k
-0.0063693537,0.005649391,rna10k
-0.0063659684,0.00710599,rna10k
-0.007244854,0.0030536253,rna10k
-0.007379423,-0.005952356,rna10k
-0.0063682823,0.0062141614,rna10k
-0.006365174,0.0026460402,rna10k
-0.007376176,-0.007175939,rna10k
-0.006521197,0.018390153,rna10k
-0.006361641,-0.00017321402,rna10k
-0.0065242574,-0.017987134,rna10k
-0.00635866,-0.0010070897,rna10k
-0.0063718352,0.012057008,rna10k
-0.0063658464,0.00043244672,rna10k
-0.0063660583,0.0055668564,rna10k
-0.006349136,-0.006391391,rna10k
-0.006525233,0.011138429,rna10k
-0.0063600796,-0.002878556,rna10k
-0.006365747,-0.008299579,rna10k
-0.006396137,0.0085374545,rna10k
-0.0063653872,0.0042752386,rna10k
-0.0063547324,-0.006321148,rna10k
-0.0073730405,-0.008294092,rna10k
-0.0063658883,0.0076425266,rna10k
-0.0073859855,0.0067212353,rna10k
-0.0063667893,0.0060411645,rna10k
-0.006366897,0.004661408,rna10k
-0.0063914056,0.002443449,rna10k
-0.0063780597,0.009487817,rna10k
-0.0063692452,0.005116271,rna10k
-0.006363591,0.0052610748,rna10k
-0.0073566977,-0.0074240216,rna10k
-0.0073588877,0.0019516234,rna10k
-0.006395076,0.013276706,rna10k
-0.007383755,-0.0007557931,rna10k
-0.006367713,0.004239662,rna10k
-0.006385729,-0.014630164,rna10k
-0.007330812,-0.005068889,rna10k
-0.006366978,0.006972715,rna10k
-0.007371414,-0.007626616,rna10k
-0.0073955306,0.017902229,rna10k
-0.0073748026,-0.007124106,rna10k
-0.006397706,0.0075321435,rna10k
-0.0065113525,-0.03427769,rna10k
-0.007364955,-0.002116914,rna10k
-0.006366413,0.0064240526,rna10k
-0.007032408,-0.009129797,rna10k
-0.0063660406,-0.007185917,rna10k
-0.007366256,-0.004353696,rna10k
-0.006330327,-0.009274069,rna10k
-0.0071815937,0.0051122094,rna10k
-0.00735641,0.0020876082,rna10k
-0.0063600666,-0.0015328418,rna10k
-0.0063613583,-0.0048634754,rna10k
-0.0063606156,-0.000757305,rna10k
-0.007369157,-0.0038546494,rna10k
-0.007365596,-0.0014960377,rna10k
-0.00639337,0.003041354,rna10k
-0.00639651,0.00861849,rna10k
-0.007359295,0.014275498,rna10k
-0.0073644505,-0.004333834,rna10k
-0.0063664108,0.006342314,rna10k
-0.0063710725,-0.010460889,rna10k
-0.0063658967,0.0040696943,rna10k
-0.006362143,-0.0015979434,rna10k
-0.007337305,-0.021489302,rna10k
-0.0063648243,0.0052994317,rna10k
-0.0073848814,-0.00091393077,rna10k
-0.0063738567,0.010792689,rna10k
-0.006816943,-0.0011591666,rna10k
-0.00636904,0.003567424,rna10k
-0.006384636,0.0034682709,rna10k
-0.00738589,0.006646244,rna10k
-0.006388144,0.0014385628,rna10k
-0.007360016,0.0014249542,rna10k
-0.0073813233,-0.0034299071,rna10k
-0.006364143,0.0036048738,rna10k
-0.006368218,0.008529254,rna10k
-0.0063645965,0.0010737862,rna10k
-0.006386535,0.005639748,rna10k
-0.006361805,-0.0044780327,rna10k
-0.0066423393,0.009676323,rna10k
-0.0068226503,0.008511119,rna10k
-0.0065295626,0.01033467,rna10k
-0.0073820967,-0.003609944,rna10k
-0.0063984264,0.0103132175,rna10k
-0.0063654343,-0.000595357,rna10k
-0.0073779,-0.0060375193,rna10k
-0.007378278,-0.0069380663,rna10k
-0.006398429,0.008872936,rna10k
-0.0065346938,0.018839357,rna10k
-0.0063684075,-0.0031111445,rna10k
-0.007311751,0.011460517,rna10k
-0.0063689305,0.0082414355,rna10k
-0.00636357,0.003313759,rna10k
-0.006367287,0.0057432023,rna10k
-0.0073841866,0.0019956336,rna10k
-0.007376414,-0.007074161,rna10k
-0.006354739,-0.005567283,rna10k
-0.007373553,-0.0061868452,rna10k
-0.007258619,0.01583852,rna10k
-0.0073039313,-0.014883822,rna10k
-0.006369248,0.004795193,rna10k
-0.0063887327,0.0019700346,rna10k
-0.006363905,-4.031172e-05,rna10k
-0.0065198536,0.014656052,rna10k
-0.006361622,-0.0024715825,rna10k
-0.0063615213,-0.0063777305,rna10k
-0.0063607893,-0.0056767655,rna10k
-0.0065248227,-0.009507854,rna10k
-0.0073837964,-0.004694986,rna10k
-0.007384717,-0.0042649773,rna10k
-0.0063669747,0.008765235,rna10k
-0.0063725705,-0.0025517961,rna10k
-0.0065236166,-0.0022734993,rna10k
-0.007371256,-0.0077789696,rna10k
-0.007366402,-0.003202396,rna10k
-0.0072190897,-0.01560774,rna10k
-0.007357688,-0.00068922836,rna10k
-0.006363367,0.001810038,rna10k
-0.0063673933,0.0063021476,rna10k
-0.0063586184,-0.0023024997,rna10k
-0.0063631446,-0.007514748,rna10k
-0.00636966,-0.011105358,rna10k
-0.006368158,0.007772717,rna10k
-0.007384897,-0.0048415894,rna10k
-0.006401244,0.009008406,rna10k
-0.007366302,-0.0030935355,rna10k
-0.006397647,0.0071852407,rna10k
-0.00738172,-0.0040476564,rna10k
-0.0063348506,-0.009436633,rna10k
-0.0073823854,-0.0045624524,rna10k
-0.0063308575,-0.006972709,rna10k
-0.0073399907,-0.005239636,rna10k
-0.006362545,-0.005770557,rna10k
-0.0073609236,-0.0043576392,rna10k
-0.0063644955,-0.0057861917,rna10k
-0.0063334415,-0.009970016,rna10k
-0.0073598856,-0.00092717644,rna10k
-0.006654444,0.004671743,rna10k
-0.0063403063,-0.007200085,rna10k
-0.006356555,-0.0028548792,rna10k
-0.007333823,-0.008196378,rna10k
-0.0063645625,-0.024774022,rna10k
-0.007361692,-0.004314689,rna10k
-0.006361893,0.0027002466,rna10k
-0.0072452733,-0.0010013675,rna10k
-0.0063622515,-0.0026378057,rna10k
-0.00682164,0.0063974573,rna10k
-0.0063672196,0.007066196,rna10k
-0.0073644803,-0.00195628,rna10k
-0.007381861,-0.004826848,rna10k
-0.006363819,0.0033012847,rna10k
-0.0063629732,0.0049085766,rna10k
-0.007391834,0.005180289,rna10k
-0.0065215933,0.020361338,rna10k
-0.006371839,0.007559194,rna10k
-0.006357173,-0.004923644,rna10k
-0.0063924696,0.028822951,rna10k
-0.006369222,0.0041268948,rna10k
-0.0063662734,0.006562484,rna10k
-0.0063631865,0.0011911676,rna10k
-0.006525449,0.0040666275,rna10k
-0.0063675214,0.0062659485,rna10k
-0.0065352167,0.007918513,rna10k
-0.0063638836,-0.008773983,rna10k
-0.006370332,0.006534739,rna10k
-0.0073594563,0.006974556,rna10k
-0.006400589,0.008835748,rna10k
-0.0063653113,0.004904784,rna10k
-0.0063576596,-0.0010867876,rna10k
-0.006363863,0.0018432225,rna10k
-0.007298647,-0.00094163505,rna10k
-0.0073842923,-0.0015931358,rna10k
-0.0063682087,0.0060263863,rna10k
-0.0073872427,-0.0010870692,rna10k
-0.006393178,0.0089743035,rna10k
-0.006400553,0.008444871,rna10k
-0.007386396,0.0055462657,rna10k
-0.006360775,-0.0018750677,rna10k
-0.0063894046,0.0018529851,rna10k
-0.006370715,0.00026555074,rna10k
-0.0063785273,-0.0067646555,rna10k
-0.0063632107,-0.004590743,rna10k
-0.0073759193,-0.005919333,rna10k
-0.007384655,-0.0019940303,rna10k
-0.0063618496,0.0015256563,rna10k
-0.0073837754,0.007305484,rna10k
-0.006363046,0.0034255742,rna10k
-0.0063660117,0.0075864475,rna10k
-0.007378595,-0.0063704886,rna10k
-0.006331273,-0.005855618,rna10k
-0.006512618,-0.01965171,rna10k
-0.006363959,0.004356191,rna10k
-0.006366819,-0.00603037,rna10k
-0.006369694,0.0030173508,rna10k
-0.0073833084,0.0076108896,rna10k
-0.0063712043,-0.0058334204,rna10k
-0.0063569085,-0.0033593143,rna10k
-0.0065237368,-0.007293878,rna10k
-0.0063593676,-0.00053938915,rna10k
-0.006337349,0.00042967728,rna10k
-0.0073805633,-0.0073057576,rna10k
-0.006366803,0.0069884057,rna10k
-0.0063517326,-0.009491606,rna10k
-0.006375267,-0.0030555883,rna10k
-0.0063661165,-0.004968328,rna10k
-0.006382534,-7.077638e-05,rna10k
-0.0071610254,-0.00041575916,rna10k
-0.0073068496,-0.007432134,rna10k
-0.0073578446,-0.0020082083,rna10k
-0.006363226,0.0036636782,rna10k
-0.006363351,-0.0088025285,rna10k
-0.007360799,-0.004763433,rna10k
-0.006525275,0.008975303,rna10k
-0.0065224306,0.005096028,rna10k
-0.0063608834,-0.0012756204,rna10k
-0.006373975,0.012411288,rna10k
-0.006334772,-0.0101802265,rna10k
-0.0063641337,0.002431924,rna10k
-0.0063656652,0.0075129583,rna10k
-0.006354313,-0.00627673,rna10k
-0.0073826434,-0.004696592,rna10k
-0.0073812064,-0.0053632897,rna10k
-0.007346469,0.014307669,rna10k
-0.0063779927,-0.0019100487,rna10k
-0.0063741067,-0.023522686,rna10k
-0.0065255435,0.007923289,rna10k
-0.0063958485,0.00830602,rna10k
-0.0073614907,-0.00031632336,rna10k
-0.0063648825,0.004633312,rna10k
-0.00636071,0.0022119167,rna10k
-0.006335254,-0.011335834,rna10k
-0.0072608925,-0.0055975565,rna10k
-0.006368537,0.008545215,rna10k
-0.0063949153,0.008292694,rna10k
-0.007379858,-0.0038982176,rna10k
-0.0063687125,-0.0045285593,rna10k
-0.0063942783,0.0075232876,rna10k
-0.006376574,-0.0019750127,rna10k
-0.006379054,8.2598366e-05,rna10k
-0.0063609327,-0.008602755,rna10k
-0.0063583944,-0.003040516,rna10k
-0.006365882,0.005583981,rna10k
-0.006526173,0.016502462,rna10k
-0.0063610533,-0.00016916945,rna10k
-0.0063625188,0.002944084,rna10k
-0.0063581355,-0.0071497695,rna10k
-0.007385379,-0.0005810232,rna10k
-0.006368117,0.008785582,rna10k
-0.006359369,-0.006524311,rna10k
-0.0063641737,-0.002976676,rna10k
-0.0063557015,-0.0042697606,rna10k
-0.0073557002,0.0045128157,rna10k
-0.006379851,-0.01204022,rna10k
-0.006652264,-0.00034856735,rna10k
-0.006367624,0.0062419283,rna10k
-0.007362777,-0.002378609,rna10k
-0.007384979,0.0010860254,rna10k
-0.0063640103,-0.004351596,rna10k
-0.0063617025,0.0023668,rna10k
-0.0064059896,0.0018103796,rna10k
-0.0063509457,-0.008645765,rna10k
-0.00637618,-0.0012333179,rna10k
-0.0063612955,0.00095697585,rna10k
-0.006524454,-0.0147914,rna10k
-0.0063602393,-0.0005929389,rna10k
-0.0073789638,-0.0041330974,rna10k
-0.0063639944,0.00043496786,rna10k
-0.0073447744,0.008819902,rna10k
-0.00727462,0.00014753525,rna10k
-0.0063967616,0.010022647,rna10k
-0.0068207905,0.003024608,rna10k
-0.006366902,0.0061857477,rna10k
-0.0063602305,-0.0022539997,rna10k
-0.0063672652,0.011829425,rna10k
-0.006526996,-0.011171887,rna10k
-0.0063659553,0.0058744075,rna10k
-0.0063526556,-0.012346523,rna10k
-0.0063651395,-0.004015199,rna10k
-0.0073832665,0.00944301,rna10k
-0.006335885,-0.008298213,rna10k
-0.0064016273,0.0092278095,rna10k
-0.007280362,-0.0008882992,rna10k
-0.0063613234,-0.007779741,rna10k
-0.0073803533,-0.0065961224,rna10k
-0.0073569077,0.010738019,rna10k
-0.007222161,-0.015225685,rna10k
-0.006365012,0.0042772125,rna10k
-0.006365319,0.0036280137,rna10k
-0.007376636,-0.0020883225,rna10k
-0.00738674,0.0024348963,rna10k
-0.00635617,-0.0059773754,rna10k
-0.0063361544,-0.007688456,rna10k
-0.006364822,0.0048202784,rna10k
-0.0073613985,-0.00088494906,rna10k
-0.0063362555,-0.008766327,rna10k
-0.0066450066,0.00021322224,rna10k
-0.007379516,-0.005650898,rna10k
-0.006347505,-0.036940742,rna10k
-0.0073914207,0.0014307816,rna10k
-0.0073830904,0.0008560444,rna10k
-0.006371464,0.009466608,rna10k
-0.006361507,-0.001990652,rna10k
-0.006364936,0.003955159,rna10k
-0.006363741,-0.007160583,rna10k
-0.007383548,-0.0031369291,rna10k
-0.0063635674,0.003878659,rna10k
-0.0063775876,-0.0041692867,rna10k
-0.0063539827,-0.006618098,rna10k
-0.0065131974,-0.024123304,rna10k
-0.0073756827,-0.0062855035,rna10k
-0.0073529673,0.010316062,rna10k
-0.006869695,0.0182057,rna10k
-0.0063634324,-0.0036191808,rna10k
-0.0072192275,-0.012626394,rna10k
-0.0065245703,0.016533174,rna10k
-0.0063647684,0.003866352,rna10k
-0.0064124595,0.009432177,rna10k
-0.006653344,0.0032859608,rna10k
-0.006522293,0.016988201,rna10k
-0.006365704,0.0053052637,rna10k
-0.0073821126,-0.006078218,rna10k
-0.0073835417,0.008363079,rna10k
-0.0068209334,0.002470777,rna10k
-0.006393287,0.008063125,rna10k
-0.006524742,0.0035369066,rna10k
-0.006359164,-0.0053553144,rna10k
-0.0073809437,-0.0048218872,rna10k
-0.006366219,0.004393276,rna10k
-0.006367467,0.008490234,rna10k
-0.006367822,-0.0026943453,rna10k
-0.0063620247,-0.0071673747,rna10k
-0.0063929865,0.008289962,rna10k
-0.0063643786,0.0031171804,rna10k
-0.0063932813,0.0066783987,rna10k
-0.0073591415,-0.0016617288,rna10k
-0.007387406,0.0071244794,rna10k
-0.0063621467,0.003852543,rna10k
-0.0063668103,0.005901558,rna10k
-0.0073861247,-0.004184461,rna10k
-0.006362309,-0.0082413955,rna10k
-0.0072219437,0.0043362128,rna10k
-0.007342518,-0.013425773,rna10k
-0.0073851207,-0.0023486018,rna10k
-0.0063783564,-0.005514268,rna10k
-0.007378865,-0.0033855422,rna10k
-0.0072769565,-0.0034067773,rna10k
-0.0073783286,-0.005740313,rna10k
-0.006394137,0.010156282,rna10k
-0.007383976,0.0028881864,rna10k
-0.007380399,-0.0059143226,rna10k
-0.0063609555,-0.005996553,rna10k
-0.0063669323,0.006758906,rna10k
-0.006366385,0.0043564173,rna10k
-0.0063628303,0.0032345809,rna10k
-0.0073794047,-0.005690764,rna10k
-0.0064033065,0.0060323225,rna10k
-0.0072647836,-0.0038665927,rna10k
-0.006521508,0.020410372,rna10k
-0.006357802,-0.0033934573,rna10k
-0.007149119,0.009734062,rna10k
-0.006366444,-0.007263891,rna10k
-0.0063629425,0.002307679,rna10k
-0.0063953954,0.00964888,rna10k
-0.006521187,0.016437419,rna10k
-0.0073830676,-0.0051666046,rna10k
-0.00652504,0.0032939531,rna10k
-0.0073584546,0.014260267,rna10k
-0.007356753,0.0057191104,rna10k
-0.0065041496,0.013111151,rna10k
-0.0063591967,-0.005422451,rna10k
-0.006356191,-0.00516851,rna10k
-0.0063534956,-0.007115798,rna10k
-0.006366395,0.005582355,rna10k
-0.0073586237,-0.0030187634,rna10k
-0.006362444,0.0012170513,rna10k
-0.0073862826,0.0018185166,rna10k
-0.0063973614,0.007935638,rna10k
-0.0064024236,0.006670703,rna10k
-0.0063616093,0.000108925335,rna10k
-0.0063870423,0.00071379973,rna10k
-0.007361226,0.00066418044,rna10k
-0.0073576556,-0.0001797906,rna10k
-0.006331647,-0.0109510645,rna10k
-0.006365799,0.0063073696,rna10k
-0.0063621453,-0.0072621577,rna10k
-0.0071510314,0.0033546803,rna10k
-0.00736206,0.008612381,rna10k
-0.007383698,0.0092173545,rna10k
-0.006370951,0.012149157,rna10k
-0.007338091,-0.011160833,rna10k
-0.006385827,0.0045531313,rna10k
-0.0063647944,0.0047107213,rna10k
-0.0073881885,0.005505051,rna10k
-0.0073697176,-0.005636298,rna10k
-0.006362271,-0.0073562493,rna10k
-0.0065258536,-0.0058782,rna10k
-0.007388201,0.00779115,rna10k
-0.006367613,0.0070226504,rna10k
-0.0063628787,0.0035915778,rna10k
-0.0063711116,-0.0042124004,rna10k
-0.00636341,-0.00978035,rna10k
-0.0063698418,-0.0055633346,rna10k
-0.006363652,-0.0028004583,rna10k
-0.006372663,0.006615758,rna10k
-0.0063368375,-0.010653108,rna10k
-0.0065259985,0.0011310199,rna10k
-0.0063667656,0.007330658,rna10k
-0.006513963,-0.019088272,rna10k
-0.00738514,0.0017836425,rna10k
-0.0073579517,0.002945862,rna10k
-0.0072167963,0.008558184,rna10k
-0.00636269,-0.0018497772,rna10k
-0.00640351,0.0066304277,rna10k
-0.006348698,-0.00961443,rna10k
-0.006384585,-0.0004900364,rna10k
-0.007382834,0.009482755,rna10k
-0.006524669,0.015219871,rna10k
-0.006374606,-0.002661169,rna10k
-0.006365584,0.0052634752,rna10k
-0.006480823,-0.01913221,rna10k
-0.0073799724,-0.005109051,rna10k
-0.0063625546,0.002935066,rna10k
-0.006366341,0.0044967835,rna10k
-0.006368528,0.007983692,rna10k
-0.007361608,-0.002943612,rna10k
-0.006357144,-0.0134113645,rna10k
-0.0072200852,0.0038285677,rna10k
-0.006525974,0.0076383655,rna10k
-0.0063977833,0.009746058,rna10k
-0.006367721,0.0070199626,rna10k
-0.0073733395,-0.0091360845,rna10k
-0.0063639143,0.002053053,rna10k
-0.007387921,0.0027981447,rna10k
-0.006351156,-0.009264117,rna10k
-0.007295348,0.0016681901,rna10k
-0.006361001,0.00079587847,rna10k
-0.007378552,-0.0047175824,rna10k
-0.006420038,0.012055397,rna10k
-0.0063628075,0.00029050597,rna10k
-0.0063327174,-0.010424254,rna10k
-0.0073615024,0.010870425,rna10k
-0.0063690636,0.0067656767,rna10k
-0.0063629504,-0.0059651835,rna10k
-0.0063525727,-0.0076519293,rna10k
-0.007352352,0.010404979,rna10k
-0.00636105,-0.0011518738,rna10k
-0.0063604573,0.0013055415,rna10k
-0.007358887,0.0006524384,rna10k
-0.007156031,0.0006674864,rna10k
-0.007138156,0.0040857196,rna10k
-0.006356385,-0.006162292,rna10k
-0.00652348,0.018294873,rna10k
-0.007384312,-0.0031098535,rna10k
-0.0073845126,0.0017917386,rna10k
-0.007371359,-0.009962158,rna10k
-0.00652564,-0.008353213,rna10k
-0.007382293,-3.8669477e-05,rna10k
-0.0065260325,-0.0010547355,rna10k
-0.006333027,-0.010669068,rna10k
-0.006523804,0.0052693887,rna10k
-0.006382876,0.003929169,rna10k
-0.00633381,-0.010292139,rna10k
-0.0073711015,-0.0042811288,rna10k
-0.0063711503,0.0010161287,rna10k
-0.0073831817,0.00279533,rna10k
-0.0063665747,0.0060137413,rna10k
-0.0063402285,-0.008060331,rna10k
-0.0063691,-0.0033112338,rna10k
-0.006362685,0.001477848,rna10k
-0.0063885674,0.0034555753,rna10k
-0.0071759205,0.009042144,rna10k
-0.007365621,-0.01084466,rna10k
-0.0065233116,0.012919901,rna10k
-0.007367969,-0.009301227,rna10k
-0.0063971365,-0.006347458,rna10k
-0.006396949,0.010840475,rna10k
-0.0063342648,-0.0113141015,rna10k
-0.006370228,-0.00041452167,rna10k
-0.00636173,0.0001565997,rna10k
-0.00635873,-0.0028316153,rna10k
-0.0063422127,-0.010405805,rna10k
-0.0063642072,-0.007554709,rna10k
-0.0065241503,0.015037655,rna10k
-0.007349916,-0.0040155137,rna10k
-0.006356766,-0.004017486,rna10k
-0.0063664992,-0.008444521,rna10k
-0.0073398314,0.0015205042,rna10k
-0.006376266,-0.027544687,rna10k
-0.007385439,0.0037881494,rna10k
-0.007373996,-0.003960445,rna10k
-0.0063676853,0.009499018,rna10k
-0.006366571,0.0057139993,rna10k
-0.0063627576,0.0014100359,rna10k
-0.0063695107,0.008057427,rna10k
-0.007357721,0.0124952365,rna10k
-0.0073768427,-0.0057017864,rna10k
-0.006365254,0.0052805566,rna10k
-0.00636533,0.007008182,rna10k
-0.0072415452,0.015689934,rna10k
-0.0073847994,-0.00039040047,rna10k
-0.006363179,-0.023513233,rna10k
-0.0063775047,-0.00046556388,rna10k
-0.0063643875,0.0041324017,rna10k
-0.0063344566,-0.0059604514,rna10k
-0.0063684555,-0.002021726,rna10k
-0.007250006,0.0073719355,rna10k
-0.0063959137,0.008449856,rna10k
-0.0063651423,-0.006747822,rna10k
-0.007381008,-0.004736548,rna10k
-0.0065322993,0.0064878077,rna10k
-0.006836978,0.0007167079,rna10k
-0.007385671,0.009165278,rna10k
-0.007352907,0.010620102,rna10k
-0.006361978,-0.0050160983,rna10k
-0.007323554,0.0005154397,rna10k
-0.0073112524,-0.0077447714,rna10k
-0.007384369,-0.0035503092,rna10k
-0.0065792613,-0.012106432,rna10k
-0.0065259314,-0.0069285557,rna10k
-0.0073596663,-0.001361265,rna10k
-0.0073717404,-0.005286448,rna10k
-0.0063660163,0.00612244,rna10k
-0.0065229586,0.001769142,rna10k
-0.0063807643,0.012076477,rna10k
-0.0063627576,-0.008203799,rna10k
-0.007356152,0.008990953,rna10k
-0.007383579,-0.0002634531,rna10k
-0.006395174,0.008466629,rna10k
-0.0073740105,-0.0041280417,rna10k
-0.0073808786,-0.0047594258,rna10k
-0.006355967,-0.005485647,rna10k
-0.006361598,0.0027222396,rna10k
-0.0073614554,-0.00986077,rna10k
-0.006366736,0.0048423316,rna10k
-0.0073794234,-0.005245556,rna10k
-0.0073591196,-0.0010746358,rna10k
-0.007356395,0.004759632,rna10k
-0.006364354,0.0035420621,rna10k
-0.007261874,-0.004184945,rna10k
-0.0063682287,0.0070266356,rna10k
-0.0063349023,-0.003333186,rna10k
-0.007150962,0.0013442516,rna10k
-0.006385938,0.0073453197,rna10k
-0.0063328464,-0.009377068,rna10k
-0.0063615353,-0.008078187,rna10k
-0.0063808085,-0.0025359148,rna10k
-0.007373089,-0.007765884,rna10k
-0.0063596363,-0.002179355,rna10k
-0.006357767,-0.01952263,rna10k
-0.006364152,0.00419346,rna10k
-0.006360234,-0.0032586008,rna10k
-0.0073846914,-0.0009720091,rna10k
-0.007332294,-0.004000607,rna10k
-0.0073831836,-0.0013726228,rna10k
-0.006354961,-0.0054648374,rna10k
-0.0063618748,-0.0044770064,rna10k
-0.0063627753,-6.5106884e-05,rna10k
-0.007383799,-3.1919404e-05,rna10k
-0.0063725845,0.0071862843,rna10k
-0.0073551033,-0.0007323177,rna10k
-0.0063634673,0.0021608593,rna10k
-0.0063657523,0.005810534,rna10k
-0.00640389,0.008694778,rna10k
-0.006365401,0.0047390726,rna10k
-0.007362495,0.00029103245,rna10k
-0.007261385,-0.0025342635,rna10k
-0.007361192,-0.0044419197,rna10k
-0.006353939,-0.006998333,rna10k
-0.0073836367,-0.0033402815,rna10k
-0.0063656177,0.0070802867,rna10k
-0.0073658545,-0.0017624475,rna10k
-0.0063657253,-0.0044556963,rna10k
-0.0063670757,0.005385401,rna10k
-0.006367805,0.007512615,rna10k
-0.0073849903,-0.005398789,rna10k
-0.006822094,0.0007005963,rna10k
-0.00639286,0.0042870874,rna10k
-0.0063649,-0.008253806,rna10k
-0.0073432657,0.004448471,rna10k
-0.0064003137,0.010640404,rna10k
-0.007387973,0.00082318997,rna10k
-0.0073620495,-0.010464448,rna10k
-0.0073590656,-0.010738505,rna10k
-0.0073582516,0.0056566317,rna10k
-0.0063544046,-0.0077097435,rna10k
-0.0063671125,0.0063598105,rna10k
-0.0072932676,-0.0005990626,rna10k
-0.0063633625,0.004108494,rna10k
-0.0065383352,-0.009033195,rna10k
-0.007374758,-0.0064059068,rna10k
-0.0063626342,-0.0041656387,rna10k
-0.0072447513,2.7572507e-05,rna10k
-0.006365716,-0.007420765,rna10k
-0.006369919,0.006110844,rna10k
-0.007378358,-0.00847757,rna10k
-0.006360468,-0.0054923166,rna10k
-0.0063661793,0.003821589,rna10k
-0.0073773423,-0.0071381186,rna10k
-0.0063636242,-0.0060087373,rna10k
-0.006361257,6.090213e-05,rna10k
-0.007188756,-0.0024831293,rna10k
-0.006367398,-0.005157378,rna10k
-0.007385478,0.0030666615,rna10k
-0.0064589884,0.018496936,rna10k
-0.006361006,0.0007856069,rna10k
-0.0073685427,-0.003680807,rna10k
-0.007387596,-0.0010995307,rna10k
-0.006353412,-0.0062769605,rna10k
-0.00737968,0.0004140102,rna10k
-0.0072823525,0.0025656344,rna10k
-0.0063607376,-0.0003965041,rna10k
-0.00636557,-0.00075150136,rna10k
-0.006379423,0.0111281,rna10k
-0.007362244,0.008137609,rna10k
-0.0073570088,0.0057439297,rna10k
-0.0063616964,-0.0038419208,rna10k
-0.007259912,-0.022256162,rna10k
-0.007389045,0.013906004,rna10k
-0.0065243193,0.008176463,rna10k
-0.006367249,0.006256751,rna10k
-0.006648321,0.00050714606,rna10k
-0.0073850565,-0.004062441,rna10k
-0.0063571394,-0.0035005133,rna10k
-0.00738108,-0.0053532305,rna10k
-0.0063615404,6.588522e-05,rna10k
-0.00738212,0.014551247,rna10k
-0.007386428,-0.0023175252,rna10k
-0.0063591516,-0.0019730865,rna10k
-0.0063528568,-0.00787807,rna10k
-0.0063632596,0.0028561347,rna10k
-0.0063728583,-0.016754398,rna10k
-0.006512821,-0.01579376,rna10k
-0.0063652894,0.005546623,rna10k
-0.006368907,0.0073316055,rna10k
-0.006359136,-0.00067357544,rna10k
-0.006361969,0.0023919004,rna10k
-0.006513888,-0.0060449857,rna10k
-0.006401914,0.0095917415,rna10k
-0.00652148,0.016935717,rna10k
-0.0063639777,-0.0006884508,rna10k
-0.0073863217,0.0018644566,rna10k
-0.0063791834,0.10557072,rna10k
-0.0072672307,0.0043140575,rna10k
-0.0073804357,-0.005245289,rna10k
-0.006367402,0.008343986,rna10k
-0.0063680774,0.007423117,rna10k
-0.0073823575,-0.002746745,rna10k
-0.007359812,-0.007002176,rna10k
-0.0063539073,-0.0069300877,rna10k
-0.0073564644,0.009332185,rna10k
-0.0073685837,-0.0040949266,rna10k
-0.0063789296,0.0006782043,rna10k
-0.007378191,-0.0059301616,rna10k
-0.006354052,-0.007070279,rna10k
-0.0073821796,0.002204554,rna10k
-0.0073608104,-0.00020929052,rna10k
-0.0063560396,-0.0039865994,rna10k
-0.0063697924,0.008783968,rna10k
-0.006372622,-0.009326238,rna10k
-0.006358224,-0.0033100208,rna10k
-0.0072736004,0.01594711,rna10k
-0.0072587417,-0.0013677363,rna10k
-0.0063724965,0.008120321,rna10k
-0.006363954,-0.006976862,rna10k
-0.006367604,0.008716502,rna10k
-0.006820379,0.0009083669,rna10k
-0.0073724827,-0.008724039,rna10k
-0.006525356,-0.007616386,rna10k
-0.0063543497,-0.006123009,rna10k
-0.006366896,0.007012646,rna10k
-0.0073880395,-0.0008908969,rna10k
-0.0073700827,-0.007827356,rna10k
-0.006365951,0.00667906,rna10k
-0.0073534227,0.015440472,rna10k
-0.0063571404,-0.003608479,rna10k
-0.007387485,0.0004069943,rna10k
-0.006355689,-0.020636614,rna10k
-0.007361651,-0.0050673834,rna10k
-0.00638562,0.005951868,rna10k
-0.0073628873,-0.0025572414,rna10k
-0.0073763262,-0.0056346743,rna10k
-0.0073591587,0.009135247,rna10k
-0.006366972,0.0068692826,rna10k
-0.0073619685,-0.007773286,rna10k
-0.0063627004,0.00080517476,rna10k
-0.006366043,-0.005137388,rna10k
-0.0063617546,-0.0005735571,rna10k
-0.007372913,-0.008490602,rna10k
-0.0065242276,-0.0035791995,rna10k
-0.006369202,-0.0026155799,rna10k
-0.0063621136,-0.0078173755,rna10k
-0.007301928,0.014676723,rna10k
-0.0073612807,0.0074690804,rna10k
-0.006525398,-0.0132773025,rna10k
-0.0073856716,-0.0033795882,rna10k
-0.0072752917,-0.01869975,rna10k
-0.007273614,-0.023337932,rna10k
-0.0063894377,0.005659384,rna10k
-0.0073638544,-0.00032484176,rna10k
-0.007359487,-0.00379136,rna10k
-0.0073590274,-0.0005909979,rna10k
-0.0073793787,-0.0011609939,rna10k
-0.006360097,-0.0016122829,rna10k
-0.0063949022,0.008895111,rna10k
-0.0063637197,-0.0084886635,rna10k
-0.006366689,0.005429696,rna10k
-0.007391015,0.0031691578,rna10k
-0.006362835,-0.0027387766,rna10k
-0.006524931,0.0071470607,rna10k
-0.0063643456,-0.0019985056,rna10k
-0.006370381,-0.0047149197,rna10k
-0.0063627963,0.0027088798,rna10k
-0.0071443473,-0.0035769644,rna10k
-0.00738393,0.0060888287,rna10k
-0.0063658305,0.00601809,rna10k
-0.0072502582,0.014200188,rna10k
-0.0074033407,0.005455017,rna10k
-0.006525154,-0.015282894,rna10k
-0.006363552,0.003305717,rna10k
-0.0063597974,-0.002248607,rna10k
-0.0063919933,0.00931512,rna10k
-0.00738481,0.008968608,rna10k
-0.006360298,-0.0004175282,rna10k
-0.006364324,0.0032942884,rna10k
-0.006368603,-0.0059371702,rna10k
-0.0063995426,0.0104832845,rna10k
-0.0065253675,-0.010985315,rna10k
-0.0073643224,-0.0040500956,rna10k
-0.0073848725,0.008362308,rna10k
-0.0063630324,0.0013990699,rna10k
-0.0064626345,-0.000508406,rna10k
-0.0073561394,-0.004196404,rna10k
-0.0070961113,-0.0047765058,rna10k
-0.007372806,-0.0046254713,rna10k
-0.006363948,-0.008217791,rna10k
-0.006368329,-0.01446002,rna10k
-0.006530577,-0.0002582678,rna10k
-0.006355757,-0.0050069974,rna10k
-0.00637398,-0.0040061628,rna10k
-0.006365194,0.0050132885,rna10k
-0.006366175,0.007799422,rna10k
-0.0063919597,0.013541552,rna10k
-0.0063566784,-0.0019509374,rna10k
-0.006362452,0.0017268412,rna10k
-0.0063928547,0.0065491,rna10k
-0.006394105,0.008489384,rna10k
-0.0073783896,-0.0058339476,rna10k
-0.0073557044,-0.0017531879,rna10k
-0.0065230504,0.004650513,rna10k
-0.0073769796,-0.001320959,rna10k
-0.006524803,-0.008761292,rna10k
-0.006813328,-0.00037661917,rna10k
-0.006368277,-0.003013813,rna10k
-0.006361986,-0.00047440772,rna10k
-0.006820071,0.0006518876,rna10k
-0.0065033305,0.0014781042,rna10k
-0.00636187,0.0014430163,rna10k
-0.0073827324,-0.004497577,rna10k
-0.007384828,0.00481438,rna10k
-0.0073600244,-0.003603393,rna10k
-0.006654829,0.0019352249,rna10k
-0.0063645532,0.003342472,rna10k
-0.0072659343,0.0027638183,rna10k
-0.0073841284,0.0065749264,rna10k
-0.007254654,0.0057762195,rna10k
-0.0063650194,0.0012675867,rna10k
-0.0065348647,0.009446848,rna10k
-0.006396964,0.008244935,rna10k
-0.0073840013,0.0017240038,rna10k
-0.0063880314,0.0024937303,rna10k
-0.0063586887,-0.006189814,rna10k
-0.007381711,-0.0007959784,rna10k
-0.0063614785,-0.0010032785,rna10k
-0.0063658752,-0.008470198,rna10k
-0.006334286,-0.0061412454,rna10k
-0.0063783755,-0.021678504,rna10k
-0.007363789,-0.004084643,rna10k
-0.006368356,0.00625193,rna10k
-0.006362017,0.0022666985,rna10k
-0.0073615266,0.002108515,rna10k
-0.006364103,-0.0063926238,rna10k
-0.0073875976,0.0026185594,rna10k
-0.0073810737,-0.0045809676,rna10k
-0.006363872,0.0027786025,rna10k
-0.006364678,0.004803595,rna10k
-0.0063641146,0.0023632403,rna10k
-0.006821348,0.0026485191,rna10k
-0.0063927667,0.0065026097,rna10k
-0.007361962,0.0005488344,rna10k
-0.0073591,0.011706707,rna10k
-0.0063851504,-0.0019092397,rna10k
-0.006359926,-0.0076821554,rna10k
-0.0073741456,-0.0082020005,rna10k
-0.006363073,0.0040048473,rna10k
-0.0065265466,-0.017308267,rna10k
-0.0063943774,0.009649711,rna10k
-0.006380838,-0.009278073,rna10k
-0.007266491,0.016006187,rna10k
-0.0073018717,-0.0010092024,rna10k
-0.0063859164,0.005976208,rna10k
-0.0063587627,-0.004087802,rna10k
-0.0073599806,0.0038313195,rna10k
-0.006378575,-0.006059396,rna10k
-0.007263766,-0.0016311635,rna10k
-0.0073830667,0.0070348033,rna10k
-0.006362229,-0.0054004053,rna10k
-0.006364119,0.0041664136,rna10k
-0.0073541566,0.008131774,rna10k
-0.0063687298,0.008376842,rna10k
-0.0073856395,0.0006438659,rna10k
-0.0065248404,0.01743323,rna10k
-0.006361845,0.0018650122,rna10k
-0.006339245,-0.004991957,rna10k
-0.0063531264,-0.007603114,rna10k
-0.0063556787,-0.0040770518,rna10k
-0.0065265456,-0.0123512605,rna10k
-0.006399298,0.009381191,rna10k
-0.0063750097,-0.0049656606,rna10k
-0.0063614147,-0.0001228324,rna10k
-0.007221248,0.0009598818,rna10k
-0.006358832,-0.0057252734,rna10k
-0.0063699917,0.008231612,rna10k
-0.007384215,0.009751292,rna10k
-0.00636739,-0.0027155813,rna10k
-0.0063669495,0.0041853236,rna10k
-0.0063602375,0.0003534519,rna10k
-0.006363835,0.0053207306,rna10k
-0.006537969,0.008593953,rna10k
-0.0063935053,0.012423631,rna10k
-0.007381623,0.00999142,rna10k
-0.006366162,0.00966203,rna10k
-0.0063663432,-0.0061461423,rna10k
-0.0063658813,0.0056557325,rna10k
-0.00636066,-0.002548112,rna10k
-0.007372952,-0.002158452,rna10k
-0.007379831,-0.007708266,rna10k
-0.0063597704,-0.0061404696,rna10k
-0.006365067,0.0042863972,rna10k
-0.006354626,-0.0055375476,rna10k
-0.0066508935,0.00640299,rna10k
-0.006369127,0.0075648464,rna10k
-0.006365732,-0.0055475207,rna10k
-0.0063557746,-0.0036641979,rna10k
-0.0063630617,0.0019710213,rna10k
-0.0063628564,0.0028951364,rna10k
-0.0073815887,-0.0021900462,rna10k
-0.0072951494,-0.0057632737,rna10k
-0.006377191,-0.014353314,rna10k
-0.0063562263,-0.003320565,rna10k
-0.007382692,0.0011608189,rna10k
-0.006530302,0.013578304,rna10k
-0.00636251,-0.00022689157,rna10k
-0.0063668787,0.008285204,rna10k
-0.006365614,0.012468709,rna10k
-0.006368746,0.007871266,rna10k
-0.0065223835,0.010468524,rna10k
-0.0073616607,-0.0021690764,rna10k
-0.006394492,0.0093581,rna10k
-0.006357798,-0.0048903506,rna10k
-0.006524536,0.011583635,rna10k
-0.006365405,0.005850974,rna10k
-0.0073564434,0.0028523323,rna10k
-0.006392045,0.047854345,rna10k
-0.006365953,0.006353203,rna10k
-0.0065241023,0.010612522,rna10k
-0.006332882,-0.0104407435,rna10k
-0.007241275,0.017804066,rna10k
-0.007382372,0.0065329885,rna10k
-0.007262101,0.0063788854,rna10k
-0.007360744,-8.601358e-05,rna10k
-0.006396206,0.009192555,rna10k
-0.00724111,-0.0043632523,rna10k
-0.006359584,-0.0011992381,rna10k
-0.0063686892,0.0066218353,rna10k
-0.007374234,-0.0042096935,rna10k
-0.007355914,0.007151555,rna10k
-0.0073844274,-0.001890672,rna10k
-0.006397653,0.009702726,rna10k
-0.0063720336,0.013676826,rna10k
-0.006526293,-0.014813201,rna10k
-0.0063675293,0.008272261,rna10k
-0.0063682115,0.006179122,rna10k
-0.0065260055,-0.013501866,rna10k
-0.007377309,0.0040495563,rna10k
-0.0063656867,0.0043573654,rna10k
-0.0073846523,0.004876581,rna10k
-0.006367565,0.0063253706,rna10k
-0.0068271607,-0.00017096092,rna10k
-0.0073620887,-0.005185073,rna10k
-0.007282472,-0.002037537,rna10k
-0.0063668583,0.0067196204,rna10k
-0.0073850513,-0.0020752498,rna10k
-0.006365077,-0.000638892,rna10k
-0.0063619157,0.002543828,rna10k
-0.0063822283,0.0015047695,rna10k
-0.006524692,0.0104907425,rna10k
-0.0063666436,0.0058482527,rna10k
-0.00633407,-0.008560312,rna10k
-0.006394658,0.010615029,rna10k
-0.0065176534,-0.02482305,rna10k
-0.00633091,-0.010161844,rna10k
-0.006388213,-0.0007000906,rna10k
-0.006524767,0.003972364,rna10k
-0.007382118,-0.0053589894,rna10k
-0.006368296,0.007146408,rna10k
-0.0063601257,-0.0013307049,rna10k
-0.0063740616,0.012433584,rna10k
-0.0063642072,-0.008661342,rna10k
-0.006360351,-0.006031303,rna10k
-0.007196287,0.0024004176,rna10k
-0.0073628863,-0.010923777,rna10k
-0.0073610977,-0.011826055,rna10k
-0.006369362,0.0038605728,rna10k
-0.00636224,0.0007313859,rna10k
-0.0063612936,-0.001386304,rna10k
-0.0063644657,-0.0064867446,rna10k
-0.0073586623,0.0027608227,rna10k
-0.0073740007,-0.0044203047,rna10k
-0.007362068,-0.004047554,rna10k
-0.0073817065,-0.004125941,rna10k
-0.006355799,-0.008324547,rna10k
-0.007387079,0.007829423,rna10k
-0.0072606867,0.011439492,rna10k
-0.0073634554,-0.006033401,rna10k
-0.0063665956,-0.004782553,rna10k
-0.007362424,0.0067925085,rna10k
-0.0063741542,-0.012699952,rna10k
-0.006384102,0.009137375,rna10k
-0.006364325,-0.006610757,rna10k
-0.0064278594,0.0072108703,rna10k
-0.0063691153,-0.011631772,rna10k
-0.0063617034,0.0016374454,rna10k
-0.0063556577,-0.0048634443,rna10k
-0.0063529774,-0.0074596894,rna10k
-0.007385684,0.0082798395,rna10k
-0.0063598836,-0.0038956564,rna10k
-0.0063733445,-0.0012503377,rna10k
-0.0068266275,0.0021528935,rna10k
-0.0073746745,-0.008037939,rna10k
-0.007344148,-0.0072395112,rna10k
-0.0073546567,-0.008290592,rna10k
-0.006368536,0.0075929645,rna10k
-0.0073610907,-0.0011311441,rna10k
-0.0073570604,0.0055901706,rna10k
-0.0063783154,0.0034894152,rna10k
-0.0063550733,-0.0038948255,rna10k
-0.0063992925,0.0070365216,rna10k
-0.0063488013,-0.0055451733,rna10k
-0.007382349,-0.009010473,rna10k
-0.0063701207,-0.0029755656,rna10k
-0.0063674347,-0.0031728,rna10k
-0.006369322,0.0010097229,rna10k
-0.006366301,0.0048957514,rna10k
-0.006375715,-0.0049228943,rna10k
-0.00636571,-0.0054903543,rna10k
-0.006366956,0.007870623,rna10k
-0.0063629257,-0.0020407478,rna10k
-0.006368556,0.0058793593,rna10k
-0.0063919253,0.005364559,rna10k
-0.00652769,0.006526127,rna10k
-0.0063645067,-0.0075127324,rna10k
-0.007386627,-0.0015613167,rna10k
-0.007364512,-0.008935146,rna10k
-0.0063618897,-0.0044917245,rna10k
-0.006524764,0.0075089512,rna10k
-0.0063137393,-0.003114624,rna10k
-0.006354411,-0.003721761,rna10k
-0.0073584323,0.0015009339,rna10k
-0.006345399,-0.00520722,rna10k
-0.0073850695,0.00063796947,rna10k
-0.006361335,-0.0061575077,rna10k
-0.0073580984,-0.0157548,rna10k
-0.0073646796,-0.003966432,rna10k
-0.006358597,-0.0013040687,rna10k
-0.0063600726,-0.0051265485,rna10k
-0.006368869,0.0105566885,rna10k
-0.0063694404,0.0063686175,rna10k
-0.0063902563,-0.004053631,rna10k
-0.0063607167,-0.0010344087,rna10k
-0.006358713,-0.0036925343,rna10k
-0.007232081,0.0060501215,rna10k
-0.006359311,-0.0019156925,rna10k
-0.0063609993,-0.00082225044,rna10k
-0.00735827,0.010940521,rna10k
-0.0072334125,0.0038289959,rna10k
-0.0063667484,0.0071982373,rna10k
-0.0073579056,0.008276388,rna10k
-0.0073598702,0.010653279,rna10k
-0.006528035,-0.012099693,rna10k
-0.0073837987,0.010559852,rna10k
-0.0072478545,0.0014979476,rna10k
-0.006362467,0.0018708652,rna10k
-0.0073820245,-0.0068877894,rna10k
-0.0063600615,0.0012759365,rna10k
-0.0073748236,-0.009806425,rna10k
-0.006389803,0.007090079,rna10k
-0.0063618505,0.0012033979,rna10k
-0.0063610217,-0.008515133,rna10k
-0.006521488,-0.021498509,rna10k
-0.0073764683,-0.0059683914,rna10k
-0.006338831,-0.0046724924,rna10k
-0.006528049,0.013127521,rna10k
-0.006523685,0.009078354,rna10k
-0.007380336,-0.005258795,rna10k
-0.0072730076,-0.015588221,rna10k
-0.007360983,0.003031057,rna10k
-0.0073864185,0.00036815932,rna10k
-0.0063651465,0.0031934208,rna10k
-0.006364994,-0.0049400264,rna10k
-0.006645275,0.009173114,rna10k
-0.0068360567,-0.005201937,rna10k
-0.0065267445,-0.01727097,rna10k
-0.007360574,-0.00036955957,rna10k
-0.0063644783,0.003953697,rna10k
-0.0073762746,-0.0063813096,rna10k
-0.007382851,-0.0008258455,rna10k
-0.006332796,-0.0075056716,rna10k
-0.007245377,0.016464774,rna10k
-0.00636758,-0.0047516106,rna10k
-0.0063669523,0.006678022,rna10k
-0.007387664,-0.0009726357,rna10k
-0.0073845494,-0.0022494001,rna10k
-0.006366213,-0.0022731975,rna10k
-0.0073810155,-0.007745711,rna10k
-0.007354234,0.0044512358,rna10k
-0.007386917,-5.8239737e-05,rna10k
-0.0063589267,-0.011549242,rna10k
-0.0073628463,0.012314743,rna10k
-0.0068213437,0.0019672967,rna10k
-0.0073857643,0.0015191135,rna10k
-0.0072264248,0.013156764,rna10k
-0.006368051,0.0034565013,rna10k
-0.0063623576,0.005258121,rna10k
-0.0063972278,0.008543237,rna10k
-0.006361863,0.00043637905,rna10k
-0.006362902,0.003063686,rna10k
-0.006396793,0.011838147,rna10k
-0.007383843,0.002752097,rna10k
-0.0073619746,-0.011751165,rna10k
-0.006379004,-0.021655953,rna10k
-0.006367668,0.006137658,rna10k
-0.006372566,-0.00046234802,rna10k
-0.007358273,-0.0022229783,rna10k
-0.006370443,0.00856424,rna10k
-0.0065252664,-0.014518409,rna10k
-0.00738735,0.0044907616,rna10k
-0.007388182,-0.0016059686,rna10k
-0.007392636,0.004489805,rna10k
-0.006364726,-0.00456381,rna10k
-0.0063676536,0.006718154,rna10k
-0.007208518,0.0066317795,rna10k
-0.0073855408,0.0076721413,rna10k
-0.007386682,-0.0002734674,rna10k
-0.007384725,-0.00028114385,rna10k
-0.006362182,0.0037480944,rna10k
-0.006657574,0.0077332174,rna10k
-0.006366315,0.004895794,rna10k
-0.0071957223,0.004741411,rna10k
-0.0065262844,0.013126021,rna10k
-0.0063544996,-0.0060544247,rna10k
-0.006360902,-0.00052983634,rna10k
-0.006367919,0.009448929,rna10k
-0.007383352,-0.0038858748,rna10k
-0.00636252,-0.008325581,rna10k
-0.0063602845,-0.0033362193,rna10k
-0.007356538,0.01327784,rna10k
-0.0063556423,-0.004045609,rna10k
-0.006418728,0.0084136585,rna10k
-0.006360373,0.0011009728,rna10k
-0.007340528,-0.014525651,rna10k
-0.007141055,0.014079607,rna10k
-0.0073783277,-0.0066874246,rna10k
-0.006365528,0.0037316084,rna10k
-0.0063654515,-0.009418272,rna10k
-0.0063662804,0.0069259335,rna10k
-0.0073733553,-0.0073997383,rna10k
-0.0064118393,0.0089558875,rna10k
-0.006392257,-0.0005521816,rna10k
-0.0063631134,-0.0032577887,rna10k
-0.006363143,0.0029781237,rna10k
-0.0063595613,0.0005436201,rna10k
-0.0073544946,0.0028512145,rna10k
-0.006366507,0.004608052,rna10k
-0.0073649795,-0.0024346458,rna10k
-0.007386416,-5.541082e-05,rna10k
-0.007253273,0.0177236,rna10k
-0.007382611,0.011392259,rna10k
-0.0073498306,0.008537329,rna10k
-0.00739478,0.013326335,rna10k
-0.007363152,-0.0061987136,rna10k
-0.007357984,-0.0130306855,rna10k
-0.0065245396,-0.014521097,rna10k
-0.007367764,-0.006475842,rna10k
-0.007376202,-0.005881152,rna10k
-0.006428077,0.011976732,rna10k
-0.0073733553,-0.004859815,rna10k
-0.006360038,-0.0019897292,rna10k
-0.00738258,-0.004803445,rna10k
-0.007339062,-0.012951499,rna10k
-0.0063604023,-0.0016814739,rna10k
-0.0063598426,-0.0035211502,rna10k
-0.0073818094,-0.005690488,rna10k
-0.0063887504,-0.003438032,rna10k
-0.007367199,-0.0050007463,rna10k
-0.0065213772,0.017438345,rna10k
-0.0073772776,-0.008062659,rna10k
-0.0063535217,0.021850917,rna10k
-0.00736991,-0.009528577,rna10k
-0.006525528,0.0067292717,rna10k
-0.0063666296,0.005174534,rna10k
-0.0072718263,0.010157608,rna10k
-0.0063531054,-0.008539507,rna10k
-0.006364265,0.006064393,rna10k
-0.0063636927,0.002061747,rna10k
-0.0073853387,0.0062549454,rna10k
-0.006364072,-0.005681372,rna10k
-0.006365158,0.005827777,rna10k
-0.0073788916,-0.00678356,rna10k
-0.0073864963,-0.00041068552,rna10k
-0.007385398,0.008526971,rna10k
-0.006361162,0.00064482715,rna10k
-0.0073733465,-0.007113429,rna10k
-0.0063648997,0.0034269919,rna10k
-0.0072658197,-0.002873588,rna10k
-0.006365863,0.005427349,rna10k
-0.006524702,-0.013217381,rna10k
-0.0063641523,0.0055132303,rna10k
-0.0073077166,0.010569023,rna10k
-0.0064012776,0.009675785,rna10k
-0.007359051,0.0035948525,rna10k
-0.0073850895,-0.0023151531,rna10k
-0.006393223,0.008362373,rna10k
-0.0071804053,-0.02124359,rna10k
-0.006524259,0.0035240815,rna10k
-0.0068189683,0.002990041,rna10k
-0.0063532162,-0.0068520443,rna10k
-0.006346614,0.00035751864,rna10k
-0.007378139,-0.0060514305,rna10k
-0.0073787384,-0.007569456,rna10k
-0.0063916515,0.0036700026,rna10k
-0.0063648713,0.006934095,rna10k
-0.0063555683,-0.005652713,rna10k
-0.007362272,0.002200601,rna10k
-0.00652396,0.008755223,rna10k
-0.0063603744,-0.004594188,rna10k
-0.0063655563,0.005872008,rna10k
-0.0073586637,0.0078440355,rna10k
-0.0063626827,-0.007893765,rna10k
-0.0073811095,-0.005813093,rna10k
-0.0063662077,0.0051656934,rna10k
-0.00636576,0.005536218,rna10k
-0.0073865494,-0.0048276135,rna10k
-0.007384462,0.010506157,rna10k
-0.0063607646,-0.0013479934,rna10k
-0.0063640643,0.0031878883,rna10k
-0.007378844,-0.005099914,rna10k
-0.007386649,0.0059577655,rna10k
-0.007154404,0.0031976898,rna10k
-0.0063590654,-0.0066345152,rna10k
-0.006511062,-0.018895589,rna10k
-0.0071639954,0.0006061482,rna10k
-0.006366796,0.003746655,rna10k
-0.0065352498,-0.017976098,rna10k
-0.0063616005,0.00025424705,rna10k
-0.006362016,-0.0005855325,rna10k
-0.006370839,0.0013939333,rna10k
-0.006362862,-0.008414614,rna10k
-0.006364745,0.0039927354,rna10k
-0.0073548337,-0.007859899,rna10k
-0.00635797,-0.0028630067,rna10k
-0.0063613034,0.0004747174,rna10k
-0.006364794,-0.0032647336,rna10k
-0.006333605,-0.00752403,rna10k
-0.007379233,-0.0065046786,rna10k
-0.0073843603,0.0070831333,rna10k
-0.006361189,-0.002611436,rna10k
-0.007257856,0.0036488143,rna10k
-0.006818397,0.00025853762,rna10k
-0.0063697062,-0.019401044,rna10k
-0.0063326857,-0.011228181,rna10k
-0.007379317,-0.0064111124,rna10k
-0.007277277,-0.0028064025,rna10k
-0.0064009824,0.009075037,rna10k
-0.0063620075,2.3966491e-05,rna10k
-0.0063553117,-0.0048249955,rna10k
-0.00635208,-0.008921446,rna10k
-0.0063632326,0.0015860455,rna10k
-0.0065791383,-0.0041963845,rna10k
-0.0063584913,-0.004885733,rna10k
-0.007121909,0.004966881,rna10k
-0.0063578477,-0.0044216285,rna10k
-0.0063639022,0.0028371233,rna10k
-0.006359845,-0.0012425295,rna10k
-0.006526076,-0.0062859184,rna10k
-0.007382089,-0.0012433936,rna10k
-0.0063656247,0.00788726,rna10k
-0.006529119,-0.012634923,rna10k
-0.0073786452,-0.0054553635,rna10k
-0.0065216967,0.010548025,rna10k
-0.0063611865,0.00022551506,rna10k
-0.0063531836,-0.008839408,rna10k
-0.006388681,0.0033623609,rna10k
-0.0063326205,-0.012035699,rna10k
-0.0073781926,-0.005707397,rna10k
-0.007367804,-0.004939595,rna10k
-0.006367863,-0.00031069922,rna10k
-0.007208402,-0.0026846065,rna10k
-0.0065064793,-0.022769997,rna10k
-0.0073664817,-0.0038266387,rna10k
-0.0073936917,0.014205528,rna10k
-0.006363872,0.0014343569,rna10k
-0.006336816,-0.008785362,rna10k
-0.0063646534,0.0038290087,rna10k
-0.007357054,0.014141615,rna10k
-0.0063810144,0.005337032,rna10k
-0.007354874,0.0007016194,rna10k
-0.0065250574,-0.009338435,rna10k
-0.0065251654,0.011918173,rna10k
-0.006357387,-0.0024010523,rna10k
-0.0063657393,0.0048948424,rna10k
-0.0063618324,-0.0020236797,rna10k
-0.006362102,0.00026762192,rna10k
-0.0063449396,-0.005798402,rna10k
-0.006361987,-0.0052265283,rna10k
-0.0072296388,0.0022087984,rna10k
-0.0063566766,-0.016607566,rna10k
-0.0063618748,-0.007771873,rna10k
-0.007386144,0.002532936,rna10k
-0.006353877,-0.0058689564,rna10k
-0.006403206,0.0090359915,rna10k
-0.007300291,-0.0035130752,rna10k
-0.007360381,0.0013139582,rna10k
-0.006358407,-0.006906208,rna10k
-0.0063528814,-0.0077343155,rna10k
-0.0068102893,-0.0062249196,rna10k
-0.0063638864,-0.0059850975,rna10k
-0.0073851245,0.0064928574,rna10k
-0.006360037,-0.002590748,rna10k
-0.006386433,-0.0067834896,rna10k
-0.0063628415,-0.007983886,rna10k
-0.006396638,0.008494338,rna10k
-0.007371727,-0.0064246743,rna10k
-0.0063648866,0.0030887795,rna10k
-0.007356082,0.010437138,rna10k
-0.00635566,-0.018272841,rna10k
-0.0073751127,-0.0059678075,rna10k
-0.006387546,-0.003759922,rna10k
-0.0063651716,0.003084677,rna10k
-0.007368047,-0.0041788137,rna10k
-0.0063661714,0.009247079,rna10k
-0.0063534747,-0.007166268,rna10k
-0.007385366,-0.0026679286,rna10k
-0.006353197,-0.0115446085,rna10k
-0.0063620484,-0.022790365,rna10k
-0.006366129,0.0070683975,rna10k
-0.0065260604,-0.013465887,rna10k
-0.0063683586,0.0068101347,rna10k
-0.006650317,0.015242073,rna10k
-0.0073640505,-0.011080423,rna10k
-0.0073803714,-0.013940783,rna10k
-0.006364975,0.0067426288,rna10k
-0.0073649036,-0.0033499855,rna10k
-0.006371398,0.009445066,rna10k
-0.007355256,0.005661388,rna10k
-0.006359569,-0.00062857324,rna10k
-0.006540113,0.00705377,rna10k
-0.007365328,-0.0038738246,rna10k
-0.0073576695,0.0039662085,rna10k
-0.007375342,-0.004994729,rna10k
-0.006359719,-0.00046577695,rna10k
-0.0065182657,-0.0015086962,rna10k
-0.0063585564,-0.005828509,rna10k
-0.0073815496,0.001966707,rna10k
-0.0073697045,-0.00823937,rna10k
-0.00738524,0.000490663,rna10k
-0.0071809436,0.010946362,rna10k
-0.0065058474,-0.02751947,rna10k
-0.007361359,-0.007947867,rna10k
-0.00636368,0.0045323796,rna10k
-0.0064123375,0.008672536,rna10k
-0.007384236,0.003439534,rna10k
-0.007361881,0.002871901,rna10k
-0.0065213707,0.00982454,rna10k
-0.0064156987,0.008648747,rna10k
-0.0063717747,0.013056663,rna10k
-0.006525171,0.015366449,rna10k
-0.0073821032,0.011156216,rna10k
-0.0068220715,0.004488202,rna10k
-0.006355352,-0.005238756,rna10k
-0.006516699,0.016716905,rna10k
-0.0073875063,0.0021195433,rna10k
-0.0063624927,-0.007218126,rna10k
-0.006588152,-0.020661516,rna10k
-0.006367889,0.008154476,rna10k
-0.006520264,0.013100015,rna10k
-0.0073606013,-0.016329063,rna10k
-0.007272866,0.012859099,rna10k
-0.006368273,0.008948808,rna10k
-0.006930977,-0.012579694,rna10k
-0.007385021,-0.0034586007,rna10k
-0.007382089,-0.002117255,rna10k
-0.0065194424,0.01259505,rna10k
-0.006398413,0.00850792,rna10k
-0.0063628023,0.0011416735,rna10k
-0.00738549,0.00058900367,rna10k
-0.006373303,-0.006138754,rna10k
-0.0065216487,0.016884431,rna10k
-0.007385457,0.008693749,rna10k
-0.006368416,0.0085063325,rna10k
-0.0063556074,-0.0046902336,rna10k
-0.0073620873,-0.011298376,rna10k
-0.0063544167,-0.0061543714,rna10k
-0.0073752897,-0.009017701,rna10k
-0.006367977,-0.008419949,rna10k
-0.0063640815,0.0050076204,rna10k
-0.006352106,-0.008845026,rna10k
-0.007356771,0.0074988506,rna10k
-0.0063665,0.008199441,rna10k
-0.007384246,0.002725138,rna10k
-0.007387435,-0.0017498556,rna10k
-0.0073897815,-0.0017975771,rna10k
-0.006331863,-0.011908142,rna10k
-0.0063857557,0.0017781308,rna10k
-0.006819673,0.001551104,rna10k
-0.0063627805,-0.0004226707,rna10k
-0.0063811764,-0.0016519527,rna10k
-0.00637253,0.013935468,rna10k
-0.0072630034,0.0007747852,rna10k
-0.0063554333,-0.008691877,rna10k
-0.0063685775,0.0077881506,rna10k
-0.006361663,0.002758856,rna10k
-0.0072530964,-0.0009852665,rna10k
-0.0065102926,-0.017159436,rna10k
-0.0063816546,0.011096276,rna10k
-0.0064550247,-0.026396157,rna10k
-0.006366931,0.0060696946,rna10k
-0.007358525,0.0038654483,rna10k
-0.006366698,0.0069758133,rna10k
-0.0073872395,0.0018092555,rna10k
-0.0063703684,0.0042571663,rna10k
-0.007387631,0.0017865783,rna10k
-0.0065237214,0.0010309842,rna10k
-0.0073577296,0.0018111272,rna10k
-0.006376081,0.00013472795,rna10k
-0.007355952,0.0028879598,rna10k
-0.007382032,-0.0054683737,rna10k
-0.007363232,-0.0013230831,rna10k
-0.006364352,-0.0027445678,rna10k
-0.007375868,-0.0050705587,rna10k
-0.006396544,0.011095282,rna10k
-0.006396116,0.012111952,rna10k
-0.006398034,0.009876175,rna10k
-0.0073855384,0.002233695,rna10k
-0.007366199,-0.0022804718,rna10k
-0.00638531,-0.0056281136,rna10k
-0.0063935886,0.009548198,rna10k
-0.006362872,0.0016803471,rna10k
-0.0063581946,-0.0013040118,rna10k
-0.0073598996,-0.0011797551,rna10k
-0.0063697672,0.008706215,rna10k
-0.006353498,-0.008882191,rna10k
-0.006365464,-0.0016271797,rna10k
-0.007371944,-0.0063742707,rna10k
-0.0065220776,0.019700771,rna10k
-0.006359586,-0.0037739945,rna10k
-0.0065250355,-0.0031519732,rna10k
-0.007293788,0.0010620011,rna10k
-0.0063656196,0.004109113,rna10k
-0.007384515,-0.0028906404,rna10k
-0.007375332,-0.0071915262,rna10k
-0.0063734883,0.0054540066,rna10k
-0.007164555,-0.0060894247,rna10k
-0.0073835338,-0.0046830242,rna10k
-0.006354291,-0.0069668735,rna10k
-0.0063962867,0.007991644,rna10k
-0.0073630633,0.00037608098,rna10k
-0.006363255,0.0017280477,rna10k
-0.0063378187,-0.0043694563,rna10k
-0.006363062,0.0031001715,rna10k
-0.0063650175,0.004322509,rna10k
-0.006525341,0.00978927,rna10k
-0.0063685053,0.008214936,rna10k
-0.0073607266,0.0015072519,rna10k
-0.0063917064,0.010414209,rna10k
-0.0073613296,-0.005771881,rna10k
-0.0063955444,0.008400749,rna10k
-0.007384394,-0.003277109,rna10k
-0.007256539,0.0143133765,rna10k
-0.0063932193,-0.0009809285,rna10k
-0.007264259,-0.0058849347,rna10k
-0.0073707188,-0.006296014,rna10k
-0.0073618963,0.0026387763,rna10k
-0.007376924,-0.009976029,rna10k
-0.0063650585,-0.0063870163,rna10k
-0.006366048,-0.006498902,rna10k
-0.0063671954,0.006163175,rna10k
-0.006369159,0.010360053,rna10k
-0.0073817368,-0.0048018307,rna10k
-0.007343657,-0.0027973254,rna10k
-0.0063659484,0.0049682073,rna10k
-0.006365166,0.0029663225,rna10k
-0.0071633924,0.0015991263,rna10k
-0.007355798,0.0023912147,rna10k
-0.006356399,-0.0044178134,rna10k
-0.0072752526,0.0020593163,rna10k
-0.007360527,0.0107371,rna10k
-0.0073581594,-0.005634073,rna10k
-0.0073835566,0.0076679564,rna10k
-0.0063647553,-0.00017991202,rna10k
-0.0063951346,0.009194075,rna10k
-0.006364339,0.0019171148,rna10k
-0.0066360827,-0.0006671181,rna10k
-0.0065251063,-0.009406356,rna10k
-0.006527566,-0.021300359,rna10k
-0.0063686515,0.0049755303,rna10k
-0.006360349,0.0007861087,rna10k
-0.006524842,0.009533227,rna10k
-0.0063534616,-0.00493747,rna10k
-0.0064025405,0.009074904,rna10k
-0.0063775727,-0.0062106857,rna10k
-0.007387651,-0.001042389,rna10k
-0.006361631,0.0026584186,rna10k
-0.006359737,0.00074644474,rna10k
-0.0073863864,0.007102013,rna10k
-0.0073561477,-0.0013646841,rna10k
-0.006367188,0.0064140297,rna10k
-0.0063687665,0.00944152,rna10k
-0.0063641095,-0.0046422384,rna10k
-0.006401873,-0.008627819,rna10k
-0.0073561175,0.009145657,rna10k
-0.0072488114,0.004604791,rna10k
-0.007382748,-0.0033113575,rna10k
-0.006363121,-0.007827639,rna10k
-0.006357796,-0.004672581,rna10k
-0.0073875654,0.0019687065,rna10k
-0.0063584447,-0.009086377,rna10k
-0.007366372,-0.00859774,rna10k
-0.0063737407,0.0070550307,rna10k
-0.0063783936,-0.0013462893,rna10k
-0.006365528,0.0019060367,rna10k
-0.007388674,0.00081548654,rna10k
-0.00738512,0.0055616247,rna10k
-0.007371121,-0.005721038,rna10k
-0.0063697454,0.007921448,rna10k
-0.006528543,0.007986505,rna10k
-0.0063924203,0.00498267,rna10k
-0.006471781,-0.037788235,rna10k
-0.007344077,-0.013971436,rna10k
-0.0073809815,-0.0052802986,rna10k
-0.006374016,0.0063870754,rna10k
-0.0063668583,0.005758036,rna10k
-0.007363482,-0.009034662,rna10k
-0.0073613278,-0.00260702,rna10k
-0.006388261,0.003947881,rna10k
-0.0063569187,-0.003937944,rna10k
-0.006366993,0.008469053,rna10k
-0.0073614204,0.0124947345,rna10k
-0.0063615832,0.0003061204,rna10k
-0.006393157,0.020449834,rna10k
-0.006365566,-0.002981141,rna10k
-0.0063381805,-0.008642577,rna10k
-0.0072735855,-0.010418832,rna10k
-0.0065192897,-0.027128793,rna10k
-0.0063623395,0.00096216815,rna10k
-0.0073860153,-0.0039085136,rna10k
-0.0073835924,-0.0042999843,rna10k
-0.006366287,0.0047284947,rna10k
-0.0073764757,-0.004429327,rna10k
-0.0073617054,0.0088992,rna10k
-0.0063645486,0.0039992607,rna10k
-0.006361811,0.0023315272,rna10k
-0.0063699866,-0.00011593363,rna10k
-0.00636055,0.0004167547,rna10k
-0.0063633104,-0.004687873,rna10k
-0.0064206636,0.0083871335,rna10k
-0.0063718143,-0.006375631,rna10k
-0.007410624,0.018773112,rna10k
-0.007353362,0.00631936,rna10k
-0.0063609066,-0.00077487866,rna10k
-0.006366036,0.0066419444,rna10k
-0.0073839575,0.008983944,rna10k
-0.006390941,0.00317848,rna10k
-0.006351551,-0.009645789,rna10k
-0.0073831463,-0.0016307193,rna10k
-0.0073647653,-0.0059960294,rna10k
-0.0073604803,-0.0017024046,rna10k
-0.0071468586,-0.0047587464,rna10k
-0.007252359,0.012864193,rna10k
-0.006365315,0.005189835,rna10k
-0.0063943723,0.0130060995,rna10k
-0.0073834495,0.0091317985,rna10k
-0.0063695745,0.0061235386,rna10k
-0.007250973,-0.008278223,rna10k
-0.0063710124,0.014113775,rna10k
-0.0073790457,-0.004145805,rna10k
-0.0073824255,0.015071984,rna10k
-0.006528241,-0.01450178,rna10k
-0.006365269,-0.000992524,rna10k
-0.006370469,-0.006219911,rna10k
-0.0073622214,0.009055531,rna10k
-0.006520976,0.017452976,rna10k
-0.006367386,0.005833841,rna10k
-0.006366776,0.005197655,rna10k
-0.006358296,-0.0007430317,rna10k
-0.0073884493,0.0031957987,rna10k
-0.0065305433,-0.014997748,rna10k
-0.0063576913,-0.0030197673,rna10k
-0.0073873093,0.00036572327,rna10k
-0.006335403,-0.010195329,rna10k
-0.006363792,0.0043745446,rna10k
-0.0063615483,0.0003264395,rna10k
-0.007208455,-0.023958273,rna10k
-0.00644682,0.017683325,rna10k
-0.007381932,0.0029765246,rna10k
-0.006427229,0.0018386635,rna10k
-0.0073859976,-0.0037894421,rna10k
-0.0073575536,0.008893854,rna10k
-0.0072460743,0.007893997,rna10k
-0.006369099,0.008153799,rna10k
-0.0072244825,0.00037315785,rna10k
-0.0063767377,0.0035716519,rna10k
-0.006370044,0.005444171,rna10k
-0.0073748245,-0.008151325,rna10k
-0.0065280013,-0.024110725,rna10k
-0.0073621483,-0.0044728005,rna10k
-0.006523274,-0.0058536883,rna10k
-0.007174022,0.00073613314,rna10k
-0.0063534887,-0.0037836097,rna10k
-0.0073828963,-0.007043931,rna10k
-0.0063699395,0.0008501558,rna10k
-0.0063549136,-0.0076990835,rna10k
-0.0071551763,0.0040143155,rna10k
-0.0063611576,0.0020871924,rna10k
-0.0063421894,-0.005336889,rna10k
-0.0063595874,-0.0019420487,rna10k
-0.006362071,0.002460102,rna10k
-0.006400911,0.009315447,rna10k
-0.0073872516,-0.0013281812,rna10k
-0.0063624913,0.0029069204,rna10k
-0.006369243,0.010552427,rna10k
-0.006364881,-0.0071056965,rna10k
-0.0065721585,-0.019708078,rna10k
-0.0063624904,0.0012024172,rna10k
-0.0073832883,-0.0025705379,rna10k
-0.0073870434,0.0033074422,rna10k
-0.006383453,0.0107074585,rna10k
-0.0063599083,-0.0022231187,rna10k
-0.0073607885,0.012365709,rna10k
-0.0063630706,-0.0014025384,rna10k
-0.0073744487,-0.005310039,rna10k
-0.006538941,-0.019106193,rna10k
-0.0063654385,-0.008277956,rna10k
-0.0063644736,0.0045924755,rna10k
-0.006365,0.0031152372,rna10k
-0.006363117,0.0057916706,rna10k
-0.0073808385,-0.0036339755,rna10k
-0.007361093,-0.00011546399,rna10k
-0.007384412,-0.0032260164,rna10k
-0.0063659563,0.0059267078,rna10k
-0.0063643977,0.0018799397,rna10k
-0.006365247,0.009961791,rna10k
-0.007368197,-0.006531743,rna10k
-0.006364591,-0.0075288247,rna10k
-0.0063662063,-0.0059568435,rna10k
-0.006513633,-0.024232311,rna10k
-0.006365539,0.005621565,rna10k
-0.006498383,-0.023756165,rna10k
-0.0063536004,-0.007626244,rna10k
-0.0073778015,9.936616e-05,rna10k
-0.007359316,-0.0045981547,rna10k
-0.0063625574,0.0043705106,rna10k
-0.006365941,-0.005895981,rna10k
-0.006384932,0.0013526898,rna10k
-0.007382201,-0.0037099235,rna10k
-0.006364928,0.00021816119,rna10k
-0.006363789,0.0022911862,rna10k
-0.006380471,-0.0029349464,rna10k
-0.0063659996,0.006086547,rna10k
-0.0073679797,-0.006681313,rna10k
-0.0063622375,0.000555002,rna10k
-0.006397927,0.009688667,rna10k
-0.007381402,0.009569977,rna10k
-0.006335371,-0.0037151522,rna10k
-0.006365188,0.004688042,rna10k
-0.006368042,0.0037581697,rna10k
-0.006362031,-0.0087960875,rna10k
-0.007276943,-0.005990458,rna10k
-0.0073601454,0.004238409,rna10k
-0.0066534723,0.01372867,rna10k
-0.006366054,0.0066398066,rna10k
-0.006389882,0.0029401497,rna10k
-0.006362009,0.00030521327,rna10k
-0.007386011,-0.00014916288,rna10k
-0.006367777,0.006988779,rna10k
-0.0063609383,0.00080928655,rna10k
-0.007359287,0.00011619652,rna10k
-0.0073860227,-0.0019802207,rna10k
-0.006524914,-0.0010760745,rna10k
-0.006344633,-0.017564148,rna10k
-0.0063730283,0.0066149305,rna10k
-0.0073139863,-0.0018376014,rna10k
-0.0073619955,-0.010506567,rna10k
-0.007231816,-0.0007953332,rna10k
-0.0063641267,0.0035084141,rna10k
-0.007378965,-0.00453205,rna10k
-0.00636488,-0.008758258,rna10k
-0.0063544647,-0.0038305158,rna10k
-0.0063610016,-0.00038093532,rna10k
-0.0073834425,-7.32053e-05,rna10k
-0.0063665877,0.0065916055,rna10k
-0.0065197838,-0.0085644955,rna10k
-0.00636437,0.0045775846,rna10k
-0.006367271,0.005711385,rna10k
-0.006353782,-0.0063421405,rna10k
-0.0073856865,0.0057990057,rna10k
-0.0063650375,0.002521315,rna10k
-0.0073859477,0.0054438966,rna10k
-0.00637053,-0.018243637,rna10k
-0.0063672205,0.0058976486,rna10k
-0.0063676015,0.0062924675,rna10k
-0.006422852,0.00284638,rna10k
-0.006391735,0.0064539295,rna10k
-0.0063664773,0.007114415,rna10k
-0.0063690376,0.009937061,rna10k
-0.007354443,0.0056196325,rna10k
-0.0063864007,0.0032232008,rna10k
-0.006359298,0.00064130756,rna10k
-0.006410361,-0.005932818,rna10k
-0.0073649087,-0.004885559,rna10k
-0.0073764008,-0.0053448584,rna10k
-0.006332601,-0.0067757037,rna10k
-0.0063677086,0.006501283,rna10k
-0.007386141,0.0031959517,rna10k
-0.0073840823,0.00010723807,rna10k
-0.00633619,-0.007896331,rna10k
-0.0063616703,0.0015523267,rna10k
-0.0073621217,-0.009059837,rna10k
-0.0068189153,0.00078890607,rna10k
-0.0073852786,-0.0051430124,rna10k
-0.0072175325,0.005108892,rna10k
-0.0063879946,0.0054653464,rna10k
-0.0073855272,0.0005196398,rna10k
-0.006336438,-0.007878326,rna10k
-0.006364263,-0.0036833654,rna10k
-0.00636487,-0.0037952363,rna10k
-0.0065139676,-0.01568987,rna10k
-0.007385749,-0.0015627024,rna10k
-0.0073640314,-5.178954e-05,rna10k
-0.00636594,0.0049289763,rna10k
-0.0073688203,-0.006317485,rna10k
-0.0063701607,0.0056584273,rna10k
-0.007363984,-0.00084640714,rna10k
-0.0066440585,0.008865767,rna10k
-0.0063553536,-0.003911897,rna10k
-0.0063920496,0.008684842,rna10k
-0.0073620914,-0.004980527,rna10k
-0.006354497,0.001571014,rna10k
-0.006500004,-0.005686182,rna10k
-0.0073774527,-0.008999857,rna10k
-0.007351943,0.0149888955,rna10k
-0.0065274634,-0.012851543,rna10k
-0.00738833,0.0044118227,rna10k
-0.0070577892,-0.02158884,rna10k
-0.0073775803,-0.0052074115,rna10k
-0.007215431,0.002572605,rna10k
-0.0063653695,0.0015019008,rna10k
-0.006368912,0.011588047,rna10k
-0.0072034826,-0.017347686,rna10k
-0.0068177287,-0.0004368987,rna10k
-0.0063646357,0.005834119,rna10k
-0.0065250997,0.002629995,rna10k
-0.006361499,-0.0059948186,rna10k
-0.0063346047,-0.009649682,rna10k
-0.0063916314,-0.0034476996,rna10k
-0.006367401,0.0090143345,rna10k
-0.0063531334,-0.007464352,rna10k
-0.006374898,-0.0021478455,rna10k
-0.0063330256,-0.008487496,rna10k
-0.0063556223,-0.0040572234,rna10k
-0.006521701,0.01673001,rna10k
-0.0063546863,-0.0061456896,rna10k
-0.006391846,0.0056040357,rna10k
-0.0073811207,0.0141006075,rna10k
-0.0063985856,0.009558243,rna10k
-0.006385148,0.003798509,rna10k
-0.007354108,0.01007176,rna10k
-0.0072206673,0.008714111,rna10k
-0.0063533746,-0.007458043,rna10k
-0.007230756,0.0058345636,rna10k
-0.007388428,-0.0006724522,rna10k
-0.0072557144,-0.006000618,rna10k
-0.006381072,0.009583226,rna10k
-0.0065067606,-0.020658283,rna10k
-0.006353325,-0.0066045215,rna10k
-0.0063566263,-0.0067334753,rna10k
-0.007372485,-0.005949806,rna10k
-0.006362717,-0.0040508374,rna10k
-0.0063625714,0.0043109576,rna10k
-0.0063688904,0.0067372224,rna10k
-0.0063688243,0.008600105,rna10k
-0.006366043,0.004062978,rna10k
-0.0073827943,-0.0047399383,rna10k
-0.0063662003,0.0050101085,rna10k
-0.0063649216,0.0028752587,rna10k
-0.006363011,0.00062996446,rna10k
-0.006361643,0.0011105456,rna10k
-0.007360789,0.0041270223,rna10k
-0.007094281,-0.032273006,rna10k
-0.006382061,0.011097563,rna10k
-0.006532292,0.012151589,rna10k
-0.0073850895,0.004045219,rna10k
-0.0073875138,-0.0008941991,rna10k
-0.006364831,0.0034350501,rna10k
-0.006363128,0.0015997323,rna10k
-0.0073644156,-0.0054970626,rna10k
-0.007374556,-0.0071620387,rna10k
-0.006360423,-8.9748915e-05,rna10k
-0.007307063,-0.013286838,rna10k
-0.0073621594,-0.008604419,rna10k
-0.006373924,0.0036912204,rna10k
-0.0063608796,-0.0037621057,rna10k
-0.0063644545,-0.00059225346,rna10k
-0.006372634,-0.004330403,rna10k
-0.006355514,-0.0061455974,rna10k
-0.0073856264,-0.0019604976,rna10k
-0.006347635,-0.006544716,rna10k
-0.0063565834,-0.0047379457,rna10k
-0.0063615628,-0.0035334898,rna10k
-0.0063747903,-0.010627523,rna10k
-0.0073856395,-0.00012309298,rna10k
-0.007347405,-0.01262845,rna10k
-0.007355492,0.008026817,rna10k
-0.007163825,0.00038135628,rna10k
-0.0065206415,-7.5739066e-05,rna10k
-0.00635694,-0.0035651242,rna10k
-0.006371375,0.002682773,rna10k
-0.006390703,0.0057676765,rna10k
-0.007385762,-0.0019482927,rna10k
-0.006373237,-0.020804323,rna10k
-0.006600188,-0.028182685,rna10k
-0.0063633015,0.002672188,rna10k
-0.0073906924,0.007750615,rna10k
-0.0063646366,0.0010063278,rna10k
-0.0063759782,0.0048949374,rna10k
-0.006360508,-0.00517235,rna10k
-0.0073732906,-0.0068407534,rna10k
-0.0063877953,0.008753531,rna10k
-0.0063613565,-0.0069364216,rna10k
-0.0073850625,-0.0017694861,rna10k
-0.0063724825,0.0048450106,rna10k
-0.006376473,0.0042350846,rna10k
-0.007365531,-0.0036972486,rna10k
-0.0073734266,-0.004450122,rna10k
-0.0063639786,0.0029444492,rna10k
-0.006346053,0.0034680383,rna10k
-0.0065249205,-0.013143644,rna10k
-0.0063667637,0.008112278,rna10k
-0.0071358564,-0.0027307703,rna10k
-0.0063744104,-0.007075658,rna10k
-0.0068219774,0.0039972705,rna10k
-0.006502237,0.009277334,rna10k
-0.0063314843,-0.011274244,rna10k
-0.0073715504,-0.0056390394,rna10k
-0.006397229,0.011060303,rna10k
-0.0068195327,0.0004642968,rna10k
-0.0073510623,0.0139640225,rna10k
-0.0073738,-0.005386011,rna10k
-0.0073619783,0.010034311,rna10k
-0.0063872896,0.004349459,rna10k
-0.0071522878,0.0026574205,rna10k
-0.0063631334,-0.00603758,rna10k
-0.007383775,0.004543363,rna10k
-0.006368888,0.007549696,rna10k
-0.006374702,-0.012558569,rna10k
-0.0063552796,-0.0075687314,rna10k
-0.007271056,0.001134287,rna10k
-0.0073617143,0.0024148882,rna10k
-0.006362274,0.00086013303,rna10k
-0.006501028,-0.025946466,rna10k
-0.0063663423,0.006048741,rna10k
-0.0063596736,-0.0014677352,rna10k
-0.007275811,-0.004158375,rna10k
-0.007262049,0.006732288,rna10k
-0.006387191,0.012034808,rna10k
-0.0063665886,0.0054906732,rna10k
-0.0063620536,0.00020219383,rna10k
-0.006368895,-0.0035467169,rna10k
-0.0063969577,0.005987667,rna10k
-0.0063672466,0.008831057,rna10k
-0.0073600756,0.003984512,rna10k
-0.0063643306,0.00407315,rna10k
-0.0063383183,-0.008384316,rna10k
-0.006353441,-0.007980864,rna10k
-0.0063664177,0.0053539556,rna10k
-0.007280962,0.005895755,rna10k
-0.0063646166,-0.0078833,rna10k
-0.006640912,0.009782553,rna10k
-0.0073577384,-0.014128727,rna10k
-0.0063626696,0.0023014639,rna10k
-0.0063539958,-0.007886167,rna10k
-0.006365063,0.0024065708,rna10k
-0.0073542953,0.007038701,rna10k
-0.0063648964,0.005321116,rna10k
-0.0063672033,-0.0042003994,rna10k
-0.0073780627,-0.005668687,rna10k
-0.0063621006,-0.0008321413,rna10k
-0.006361094,0.00065725774,rna10k
-0.006331433,-0.0074732597,rna10k
-0.0063612456,-0.006919079,rna10k
-0.0063547352,-0.0103094345,rna10k
-0.0063462583,0.0010921932,rna10k
-0.007386766,0.0067988588,rna10k
-0.007356376,0.010299874,rna10k
-0.006359408,-0.0013243678,rna10k
-0.0063596214,-0.0013801876,rna10k
-0.00637361,-0.004177652,rna10k
-0.0073712626,-0.008620343,rna10k
-0.0065253945,-0.012277096,rna10k
-0.006375942,-0.0013304132,rna10k
-0.007354447,0.010132896,rna10k
-0.0064017936,0.008738982,rna10k
-0.0072639277,0.012786654,rna10k
-0.0073752785,-0.0064870506,rna10k
-0.0063936627,0.0075381207,rna10k
-0.006354334,-0.0063268086,rna10k
-0.0073846197,0.00072112936,rna10k
-0.0063679824,0.0070085586,rna10k
-0.0072233747,0.006104535,rna10k
-0.0063607437,-0.0048666936,rna10k
-0.007360135,-0.004551947,rna10k
-0.0073592416,0.0038204729,rna10k
-0.0073844297,0.0017828537,rna10k
-0.0063664764,-0.0037952503,rna10k
-0.006495826,-0.02398641,rna10k
-0.006398055,0.009951741,rna10k
-0.0073821056,-0.0017473594,rna10k
-0.0063712457,0.0024051254,rna10k
-0.0063879592,-0.004278802,rna10k
-0.0073878104,0.005077147,rna10k
-0.00738568,0.01013178,rna10k
-0.007375933,-0.0040676435,rna10k
-0.006361305,0.0003613448,rna10k
-0.0063640005,-0.0004932955,rna10k
-0.006351909,-0.0072150216,rna10k
-0.0073829903,0.010209077,rna10k
-0.006365362,0.004407341,rna10k
-0.0063671516,0.0078065246,rna10k
-0.006521651,0.017480778,rna10k
-0.007147482,-0.0034302429,rna10k
-0.007382796,-0.0019808065,rna10k
-0.0065247295,0.016385525,rna10k
-0.0073875585,-0.004873927,rna10k
-0.007361116,-0.00333598,rna10k
-0.007361866,-0.0036034093,rna10k
-0.0065267896,-0.015131383,rna10k
-0.0063634883,0.0022213643,rna10k
-0.0071284985,0.0053310734,rna10k
-0.006814426,-0.0063702976,rna10k
-0.006571095,-0.03299118,rna10k
-0.0063541317,-0.006101807,rna10k
-0.0063586324,-0.007981218,rna10k
-0.0073768888,0.013529338,rna10k
-0.007349976,0.008596804,rna10k
-0.0063329726,-0.012740171,rna10k
-0.007363947,-0.00031788618,rna10k
-0.006362956,-0.0014095447,rna10k
-0.006365679,-0.0023477348,rna10k
-0.0073623103,-0.0075469837,rna10k
-0.0063649374,0.0029481128,rna10k
-0.0063646287,0.0051540565,rna10k
-0.0065238257,0.017639752,rna10k
-0.007387574,-0.0034943554,rna10k
-0.006355756,-0.006853922,rna10k
-0.006362614,-0.006586354,rna10k
-0.0063619046,-0.0070941197,rna10k
-0.0065234215,0.011293911,rna10k
-0.0072639124,0.0060833786,rna10k
-0.006366947,0.008942053,rna10k
-0.0073636407,-0.0017157955,rna10k
-0.0065113343,-0.015478864,rna10k
-0.0063668313,0.0067984597,rna10k
-0.0064796475,-0.011026818,rna10k
-0.0063623935,0.0024532445,rna10k
-0.0063914396,0.009626346,rna10k
-0.006366261,0.0066119777,rna10k
-0.007384774,-0.0016795411,rna10k
-0.0063676136,0.00814274,rna10k
-0.0063527874,-0.008999184,rna10k
-0.007392467,0.010136056,rna10k
-0.006364911,0.005841999,rna10k
-0.0063945977,0.0056218165,rna10k
-0.0063662673,0.0039201914,rna10k
-0.0073844003,-0.002085295,rna10k
-0.006382265,0.010038555,rna10k
-0.0073595457,-0.00057358196,rna10k
-0.007376014,-0.011219034,rna10k
-0.006393323,0.008949485,rna10k
-0.0063739135,0.008100719,rna10k
-0.0072885705,-0.0203702,rna10k
-0.007255376,0.005589079,rna10k
-0.006367022,0.0068728374,rna10k
-0.0063343076,-0.008305842,rna10k
-0.006351151,0.0026849092,rna10k
-0.0073524355,0.011383804,rna10k
-0.006366296,-0.0052700387,rna10k
-0.0073646447,0.004063829,rna10k
-0.0063986615,0.009065267,rna10k
-0.006355822,-0.007282515,rna10k
-0.0072507905,0.003792997,rna10k
-0.006353339,-0.004045229,rna10k
-0.0073537645,0.011407677,rna10k
-0.0073632365,-0.008719525,rna10k
-0.0063429624,-0.003724467,rna10k
-0.0073860167,0.005770566,rna10k
-0.0073718964,-0.004309784,rna10k
-0.006390782,0.002037602,rna10k
-0.0073548458,-0.030596202,rna10k
-0.006359746,-0.009679431,rna10k
-0.006361294,0.0003223707,rna10k
-0.0065255277,0.0001274937,rna10k
-0.006336184,-0.001648361,rna10k
-0.0063666105,0.010357639,rna10k
-0.0065251333,0.006909002,rna10k
-0.00638733,-0.00045055582,rna10k
-0.0064395964,0.0124375215,rna10k
-0.006364222,0.0037624673,rna10k
-0.0063634226,0.0022946876,rna10k
-0.0073270043,-0.003539241,rna10k
-0.0063691335,-0.0092674,rna10k
-0.006366809,0.005926652,rna10k
-0.0073521957,0.008265819,rna10k
-0.007366479,-0.002609148,rna10k
-0.006357002,-0.0036344768,rna10k
-0.0063717524,0.0036164485,rna10k
-0.0063784807,-0.004741209,rna10k
-0.006357431,-0.0035087466,rna10k
-0.006359757,-0.003929608,rna10k
-0.0063647693,0.0018868226,rna10k
-0.006364534,0.0012512157,rna10k
-0.0063518304,-0.008571549,rna10k
-0.0073564085,-0.0014001285,rna10k
-0.0072755227,-0.0018123637,rna10k
-0.006523256,0.0058385674,rna10k
-0.0072896667,-0.0057367217,rna10k
-0.0073621874,-0.010989128,rna10k
-0.0063623018,-0.0016777938,rna10k
-0.0063732276,0.00942667,rna10k
-0.0072433455,0.014646699,rna10k
-0.0063659474,0.0070064096,rna10k
-0.007388321,0.0020596837,rna10k
-0.00652638,-0.008076386,rna10k
-0.0073871603,0.004192816,rna10k
-0.007357825,0.002519344,rna10k
-0.006362072,0.0040268446,rna10k
-0.0073594917,-0.003168758,rna10k
-0.006525048,0.007742271,rna10k
-0.006361909,-0.0075988714,rna10k
-0.0073731467,-0.0064189024,rna10k
-0.0065196576,0.0058232653,rna10k
-0.0073850174,0.0021139146,rna10k
-0.0073740226,-0.008610958,rna10k
-0.0063903453,-0.001763187,rna10k
-0.0063664843,0.00913289,rna10k
-0.0063669733,-0.002014339,rna10k
-0.007385572,0.0036910656,rna10k
-0.007372931,-0.008747999,rna10k
-0.0063599944,-0.022269124,rna10k
-0.007380745,-0.0046820887,rna10k
-0.0073759113,-0.0062346025,rna10k
-0.0063157543,0.004939298,rna10k
-0.0071465783,-0.0004256308,rna10k
-0.0063506057,-0.004161649,rna10k
-0.007385117,0.000366732,rna10k
-0.0063672042,0.0016025632,rna10k
-0.007258517,0.0061747376,rna10k
-0.0063688946,0.010318759,rna10k
-0.006366181,0.0042784503,rna10k
-0.0063659763,-0.004730205,rna10k
-0.006355334,-0.0051167523,rna10k
-0.0063588833,-0.0009091475,rna10k
-0.0063593453,-0.002119464,rna10k
-0.0063709267,0.013854037,rna10k
-0.006337413,-0.0041566566,rna10k
-0.00638619,-0.00057866704,rna10k
-0.007380848,-0.002091922,rna10k
-0.0063324026,-0.0021103912,rna10k
-0.0063655316,0.0024897926,rna10k
-0.007369849,-0.006565754,rna10k
-0.0063677807,0.0051426375,rna10k
-0.006360018,-0.005327142,rna10k
-0.006331508,-0.012045573,rna10k
-0.00636208,-0.0015538937,rna10k
-0.0065244283,0.0061067436,rna10k
-0.0063542905,-0.0067877974,rna10k
-0.006364079,-5.7982463e-05,rna10k
-0.006360616,-0.021983633,rna10k
-0.0063619856,-0.006278991,rna10k
-0.007248058,-0.0074338103,rna10k
-0.0063670133,0.007894701,rna10k
-0.0072417506,0.007759912,rna10k
-0.006370225,0.0030976299,rna10k
-0.0063628433,0.00035131903,rna10k
-0.0063902684,0.006916476,rna10k
-0.0063666482,0.0073759835,rna10k
-0.006353519,-0.0068660006,rna10k
-0.0063586384,-0.0019651907,rna10k
-0.006364956,0.0025573745,rna10k
-0.006526295,0.0011716258,rna10k
-0.0063675786,-0.0013706703,rna10k
-0.0063675926,0.007888871,rna10k
-0.0063608517,-0.0005944563,rna10k
-0.0073798336,-0.0043741693,rna10k
-0.007352559,-0.0016490604,rna10k
-0.007363102,-0.0029804837,rna10k
-0.006357199,-0.0016859829,rna10k
-0.007382113,-0.0010768123,rna10k
-0.007383137,0.0083708335,rna10k
-0.007383495,-0.004052516,rna10k
-0.007235605,0.008781736,rna10k
-0.007375671,-0.005229882,rna10k
-0.006368923,0.0090438975,rna10k
-0.007361959,-0.0072704996,rna10k
-0.0073590875,-0.013225004,rna10k
-0.0073842797,-0.005306021,rna10k
-0.0073817037,-0.0049866633,rna10k
-0.0063660485,0.004886399,rna10k
-0.006482782,0.003263829,rna10k
-0.0063641793,0.0026523897,rna10k
-0.0073719975,-0.005007063,rna10k
-0.007361623,7.6828204e-05,rna10k
-0.0065270765,-0.009398558,rna10k
-0.006340948,-0.008712498,rna10k
-0.0065218396,0.018733194,rna10k
-0.007383079,-0.0046651834,rna10k
-0.007379827,-0.008136196,rna10k
-0.0073537664,-0.006197473,rna10k
-0.0072433064,-0.017752107,rna10k
-0.006359696,0.0010585656,rna10k
-0.00635685,-0.0056817457,rna10k
-0.0073833587,-0.0054765553,rna10k
-0.0065222457,0.0109033575,rna10k
-0.0073633348,-0.0027718765,rna10k
-0.006355661,-0.004155742,rna10k
-0.0073818844,0.0014762114,rna10k
-0.00640082,0.003639509,rna10k
-0.0073535605,0.012442922,rna10k
-0.0073808865,-0.001805162,rna10k
-0.006360948,-0.008383816,rna10k
-0.006361553,0.002016089,rna10k
-0.0063618966,-0.0048796353,rna10k
-0.0065210043,0.020574851,rna10k
-0.00721036,-0.010355948,rna10k
-0.006358818,-0.0041400907,rna10k
-0.006365274,0.0037193974,rna10k
-0.0063567483,-0.0048522768,rna10k
-0.006359387,-0.0015567773,rna10k
-0.0072669433,0.00047248925,rna10k
-0.0063913055,0.0026954361,rna10k
-0.006369717,0.0034415713,rna10k
-0.0073771477,-0.0067638573,rna10k
-0.0073536914,0.0025836616,rna10k
-0.0063692215,0.0055383327,rna10k
-0.0063701984,0.008779473,rna10k
-0.007382812,0.0108935805,rna10k
-0.0072814953,0.0014545496,rna10k
-0.0072572734,-0.0017534537,rna10k
-0.007336551,-0.017580673,rna10k
-0.007387212,0.0024964202,rna10k
-0.0073660496,-0.005923433,rna10k
-0.0073620095,0.002016445,rna10k
-0.00636745,0.0060983445,rna10k
-0.006637939,0.016596584,rna10k
-0.0063638785,0.0031354208,rna10k
-0.0063340426,-0.010831721,rna10k
-0.007359134,0.012452481,rna10k
-0.006367343,0.0061083273,rna10k
-0.007160493,-0.0021777605,rna10k
-0.007355938,0.005947632,rna10k
-0.007358449,0.0062496397,rna10k
-0.006365533,-0.0073388605,rna10k
-0.006369562,-0.009705449,rna10k
-0.0073629688,-0.005408046,rna10k
-0.0073857415,-0.003161828,rna10k
-0.0063611073,-0.003468201,rna10k
-0.006369485,0.0073450822,rna10k
-0.0063599274,-0.0024935221,rna10k
-0.0073629334,-0.007854092,rna10k
-0.006360413,-0.0045076343,rna10k
-0.006365963,0.004190077,rna10k
-0.007356744,0.010581364,rna10k
-0.0063682934,0.007628927,rna10k
-0.00738604,-0.00010380073,rna10k
-0.006365512,0.005455091,rna10k
-0.006484328,-0.016893044,rna10k
-0.006358139,-0.002312234,rna10k
-0.007247452,0.016845237,rna10k
-0.006388876,0.0040769614,rna10k
-0.007357635,0.0006216787,rna10k
-0.0072456035,0.0099305445,rna10k
-0.006519742,-0.0187644,rna10k
-0.0063800677,-0.007788758,rna10k
-0.006364815,0.0035552124,rna10k
-0.006371046,0.0061004595,rna10k
-0.0064059272,0.007913152,rna10k
-0.007353522,-0.013876559,rna10k
-0.0063912747,0.010486484,rna10k
-0.007151116,0.0047435514,rna10k
-0.0063754646,0.0051510213,rna10k
-0.006367561,0.0073066815,rna10k
-0.006366093,0.0076029142,rna10k
-0.007362858,-0.011843788,rna10k
-0.0072262567,0.0024207518,rna10k
-0.006367134,0.004833749,rna10k
-0.007386493,0.001284469,rna10k
-0.0073491507,0.007925709,rna10k
-0.007385932,0.005043752,rna10k
-0.006366029,0.005796272,rna10k
-0.007356285,0.0057585593,rna10k
-0.0072778896,-0.0033137489,rna10k
-0.0073603084,-0.0039724642,rna10k
-0.006356276,-0.0045195324,rna10k
-0.007223937,0.004890244,rna10k
-0.006366851,0.011207667,rna10k
-0.0063755177,-0.023965385,rna10k
-0.006397336,0.008070805,rna10k
-0.0063996674,0.010040625,rna10k
-0.0065088244,-0.02582216,rna10k
-0.006370351,-0.0063739875,rna10k
-0.0073783644,-0.0065334737,rna10k
-0.00636565,-0.0007873344,rna10k
-0.0071634036,0.0011524943,rna10k
-0.0064529693,0.006006637,rna10k
-0.006407722,0.007230832,rna10k
-0.006378473,-0.008626055,rna10k
-0.006521948,0.017590335,rna10k
-0.007376654,-0.0054866835,rna10k
-0.0073845717,0.0031799919,rna10k
-0.0063722804,0.0072150812,rna10k
-0.0073621236,-0.011251321,rna10k
-0.0073114033,0.0004233906,rna10k
-0.0073602973,0.0010774244,rna10k
-0.0063617104,0.0032889075,rna10k
-0.0063688545,0.0058231414,rna10k
-0.006366996,0.008085051,rna10k
-0.006365185,0.0029305792,rna10k
-0.0063666077,-0.006592565,rna10k
-0.006354689,-0.0064547826,rna10k
-0.0063618347,-0.0036018505,rna10k
-0.0066829314,0.0094238985,rna10k
-0.0063694622,-0.0022900982,rna10k
-0.00737909,-0.005394033,rna10k
-0.006336476,-0.005310458,rna10k
-0.007359945,-0.00911008,rna10k
-0.007388573,0.0023903854,rna10k
-0.006397349,0.011175347,rna10k
-0.0063609397,0.0010722674,rna10k
-0.0063609937,-0.00049204327,rna10k
-0.006351974,-0.009271658,rna10k
-0.0065253247,0.014397485,rna10k
-0.0072496915,0.00603063,rna10k
-0.006366278,-0.003776541,rna10k
-0.007385219,-0.0023882703,rna10k
-0.006400371,0.008435625,rna10k
-0.0065240515,0.008362208,rna10k
-0.0063576107,-0.0025553957,rna10k
-0.0065237726,-0.0023382276,rna10k
-0.0072594616,0.0012218584,rna10k
-0.006358192,-0.0036769074,rna10k
-0.0068218894,0.004954146,rna10k
-0.006512943,-0.002236503,rna10k
-0.0071696807,0.005983936,rna10k
-0.0072266166,0.0011507788,rna10k
-0.0063569346,-0.008529787,rna10k
-0.0063663847,0.002999756,rna10k
-0.0065442245,0.016791292,rna10k
-0.007373141,-0.013432358,rna10k
-0.0063621886,0.0003536061,rna10k
-0.0066368207,0.009156086,rna10k
-0.00639604,0.009710428,rna10k
-0.0073849354,-0.0032048465,rna10k
-0.0073844087,0.008750228,rna10k
-0.006526196,0.01292711,rna10k
-0.006365874,0.00514473,rna10k
-0.0063656196,-0.0024514971,rna10k
-0.0063688573,0.00736687,rna10k
-0.0073609496,0.0004132571,rna10k
-0.0065259133,0.0028269086,rna10k
-0.006359246,-0.00062072417,rna10k
-0.0063671223,0.0063899206,rna10k
-0.0063650263,-0.0043172464,rna10k
-0.0073606363,-0.007913039,rna10k
-0.0073839063,0.00038863026,rna10k
-0.0065239244,-0.00041224225,rna10k
-0.006385884,-0.005734659,rna10k
-0.0063950494,0.008998164,rna10k
-0.0073631443,-0.00090780447,rna10k
-0.0064033107,0.007906277,rna10k
-0.007256095,-0.0029619862,rna10k
-0.0065278215,0.012024455,rna10k
-0.007386903,-0.0025511752,rna10k
-0.0063635833,-0.00808887,rna10k
-0.006468273,-0.01736741,rna10k
-0.0063332017,-0.008994253,rna10k
-0.007358171,-0.0015581023,rna10k
-0.0072729653,0.014067973,rna10k
-0.006522851,-0.0033985935,rna10k
-0.00634038,-0.004857454,rna10k
-0.0063612536,-0.0006048394,rna10k
-0.0073873163,-0.0023973798,rna10k
-0.0063649802,0.0030858219,rna10k
-0.0063663754,0.007726254,rna10k
-0.006365948,0.0045668148,rna10k
-0.007384238,-0.0040035225,rna10k
-0.0063656424,-0.0044170422,rna10k
-0.0063614235,0.00061372895,rna10k
-0.0073658093,-0.0028081327,rna10k
-0.006366075,-0.0024410582,rna10k
-0.0063547282,-0.007112785,rna10k
-0.0065191947,-0.01920408,rna10k
-0.0063665016,0.005965052,rna10k
-0.006361754,0.0036512327,rna10k
-0.006365401,0.006669729,rna10k
-0.0064122374,0.009687125,rna10k
-0.0063622924,0.0002065707,rna10k
-0.006382619,-0.014102701,rna10k
-0.0063557094,-0.00495978,rna10k
-0.0065520606,-0.018845428,rna10k
-0.0073557673,0.013952467,rna10k
-0.0063590286,-0.0019032761,rna10k
-0.0063600554,-0.0018101806,rna10k
-0.00636562,0.0072114095,rna10k
-0.0073872427,0.0031314713,rna10k
-0.006354629,-0.0070706317,rna10k
-0.007385086,0.007212423,rna10k
-0.0073593166,8.825096e-05,rna10k
-0.0063555953,-0.005060527,rna10k
-0.006367673,-0.0021843107,rna10k
-0.006363017,0.001398628,rna10k
-0.007225203,0.0047769723,rna10k
-0.006414807,0.008518797,rna10k
-0.0065046432,-0.0013093785,rna10k
-0.0073834155,0.00625161,rna10k
-0.006360395,0.0015528812,rna10k
-0.0071929465,-0.022470742,rna10k
-0.0063638412,-0.0025775328,rna10k
-0.006395059,0.008091013,rna10k
-0.0073596854,0.0010663691,rna10k
-0.006524952,-0.017563116,rna10k
-0.007383197,-0.0051146788,rna10k
-0.0063543073,-0.004786046,rna10k
-0.006363762,0.0017942283,rna10k
-0.007382451,-0.0012587537,rna10k
-0.0063986396,0.0026379928,rna10k
-0.0072417953,0.013316802,rna10k
-0.0068284883,-0.008145089,rna10k
-0.006373076,-0.0018355328,rna10k
-0.006354697,-0.0063580503,rna10k
-0.006359664,-0.0043772636,rna10k
-0.0064199856,-0.0013960412,rna10k
-0.0063616033,-0.0045504584,rna10k
-0.007332987,-0.01870066,rna10k
-0.006367416,0.0070499117,rna10k
-0.0063768313,-0.011804722,rna10k
-0.00714601,-0.01428212,rna10k
-0.0063636187,-0.021220822,rna10k
-0.0072447024,0.005546462,rna10k
-0.0072143176,-0.00088549225,rna10k
-0.007384107,0.008294019,rna10k
-0.0073849554,0.0024270357,rna10k
-0.006332568,-0.011698378,rna10k
-0.0063753254,-0.004397628,rna10k
-0.007386525,0.005431941,rna10k
-0.006362677,-0.0061385925,rna10k
-0.0073581836,0.013770173,rna10k
-0.0063629868,-0.00039921384,rna10k
-0.0073877256,-0.00095414295,rna10k
-0.0068215393,0.0032431895,rna10k
-0.0063636787,0.0026711465,rna10k
-0.006523763,0.0007355172,rna10k
-0.007265132,0.004548695,rna10k
-0.0063516055,-0.009730952,rna10k
-0.006375266,-0.002331391,rna10k
-0.006331228,-0.010864622,rna10k
-0.0063640815,0.0034475902,rna10k
-0.0073740054,-0.0048859897,rna10k
-0.006364292,0.0028097688,rna10k
-0.0063588237,-0.004167215,rna10k
-0.006363885,0.0039273016,rna10k
-0.007386835,0.0069385245,rna10k
-0.007374978,-0.002727913,rna10k
-0.0073594768,0.015614119,rna10k
-0.0063606617,-0.0041595446,rna10k
-0.0073530334,-0.013399528,rna10k
-0.006365201,-0.006222033,rna10k
-0.006354521,-0.006002181,rna10k
-0.0072629284,0.014379337,rna10k
-0.006361858,0.0010472598,rna10k
-0.007358748,-0.0016670625,rna10k
-0.0073519265,-0.005435226,rna10k
-0.006363104,0.0025652207,rna10k
-0.0065160603,-0.02364916,rna10k
-0.0063913455,-0.0031527905,rna10k
-0.0065233707,0.0101654,rna10k
-0.0073839272,0.0073013995,rna10k
-0.0063559175,-0.004314339,rna10k
-0.006617711,0.0054630646,rna10k
-0.006525084,-0.013365467,rna10k
-0.0063664136,0.0056063463,rna10k
-0.007158733,0.0029349923,rna10k
-0.00635227,-0.003619995,rna10k
-0.006392786,0.003081151,rna10k
-0.0073836637,0.0023296636,rna10k
-0.0065241484,-0.00022929371,rna10k
-0.007376843,-0.00647433,rna10k
-0.006548598,0.01227514,rna10k
-0.006364648,-0.0064155934,rna10k
-0.0063955905,0.005409464,rna10k
-0.0073113707,0.0026168607,rna10k
-0.0073840236,0.0063052424,rna10k
-0.006362726,-0.0023468009,rna10k
-0.0073768734,-0.0045956788,rna10k
-0.0073675374,-0.0057272296,rna10k
-0.007363877,-0.0002706765,rna10k
-0.0073849442,0.0023350934,rna10k
-0.007378722,-0.005371228,rna10k
-0.007228439,0.009000926,rna10k
-0.006824806,-0.00018784922,rna10k
-0.0073665706,-0.0029830777,rna10k
-0.0063402816,-0.009565759,rna10k
-0.00652804,-0.01872356,rna10k
-0.0063649644,0.00678435,rna10k
-0.0063698427,0.008334539,rna10k
-0.007168951,0.0027129697,rna10k
-0.0073498236,0.0076895924,rna10k
-0.00737,-0.00612393,rna10k
-0.007244817,0.0033733181,rna10k
-0.0063666175,0.006653693,rna10k
-0.0072707976,-0.0211486,rna10k
-0.0065635387,0.016666692,rna10k
-0.006363276,-0.008255097,rna10k
-0.006379687,-0.0025043283,rna10k
-0.007360432,0.0004133632,rna10k
-0.00738341,0.00012662177,rna10k
-0.0073547307,0.012262139,rna10k
-0.007377029,-0.007978214,rna10k
-0.006357902,-0.0070295096,rna10k
-0.006361366,0.0005507547,rna10k
-0.0063661337,0.0017475354,rna10k
-0.007360573,0.0067941207,rna10k
-0.0063627977,-0.0040573357,rna10k
-0.0063649416,0.0032045154,rna10k
-0.006367903,0.008150645,rna10k
-0.006363456,-0.0038215737,rna10k
-0.0073875897,0.0012915302,rna10k
-0.007384206,0.0004734517,rna10k
-0.007364459,-0.0053630723,rna10k
-0.006341838,-0.01127069,rna10k
-0.0073767984,-0.0077128643,rna10k
-0.006357515,-0.004497811,rna10k
-0.006518674,-0.01978954,rna10k
-0.0063542337,-0.0019155556,rna10k
-0.0073817098,-0.0024710756,rna10k
-0.0065270504,0.013370922,rna10k
-0.007360903,0.008413763,rna10k
-0.006364476,-0.0011864952,rna10k
-0.0063615474,0.00033644435,rna10k
-0.0063436227,-0.009307209,rna10k
-0.00637082,-0.007056561,rna10k
-0.0063659344,0.006985373,rna10k
-0.0073698466,-0.010058467,rna10k
-0.0063626156,0.0017874496,rna10k
-0.0063713016,-0.0059947334,rna10k
-0.0073843426,0.00096678647,rna10k
-0.0063621034,0.001017684,rna10k
-0.0071171653,-0.018525502,rna10k
-0.0063570035,-0.0030580012,rna10k
-0.0063555925,-0.005697305,rna10k
-0.0064053047,0.0063914475,rna10k
-0.0073612374,-0.0111562405,rna10k
-0.0072612246,-0.00088415574,rna10k
-0.006366913,-0.0031965568,rna10k
-0.0073596966,0.010127111,rna10k
-0.0063670888,0.005236378,rna10k
-0.0073880176,0.0003336298,rna10k
-0.006399576,0.010712751,rna10k
-0.007387344,0.0034776714,rna10k
-0.0063600964,-0.005756819,rna10k
-0.0063768895,-0.009162344,rna10k
-0.006410733,0.0062716785,rna10k
-0.0063675176,0.008647073,rna10k
-0.0073543144,0.0057028225,rna10k
-0.007381429,-0.008763257,rna10k
-0.007380564,0.014742277,rna10k
-0.0073837955,0.0010442614,rna10k
-0.0073824693,0.005704749,rna10k
-0.006356096,-0.005658038,rna10k
-0.0063617267,-1.1418939e-05,rna10k
-0.0073559657,-0.014819602,rna10k
-0.0063975374,0.010443564,rna10k
-0.006387394,0.003987298,rna10k
-0.0063664103,0.008314459,rna10k
-0.006392842,0.013092357,rna10k
-0.006371638,-0.0019661442,rna10k
-0.0063446476,-0.00085270306,rna10k
-0.0063815285,-0.0062881266,rna10k
-0.006368156,0.007280436,rna10k
-0.007385365,-0.0029542206,rna10k
-0.007383421,0.0035416249,rna10k
-0.0072915023,-0.0006800254,rna10k
-0.0063616764,0.0010026357,rna10k
-0.0065332507,6.800899e-05,rna10k
-0.006566721,-0.0023397736,rna10k
-0.006509807,-0.024180412,rna10k
-0.006367806,0.0049183113,rna10k
-0.006352072,-0.006000586,rna10k
-0.0072713564,-0.001996964,rna10k
-0.0073527815,0.00868448,rna10k
-0.006375259,0.00093239686,rna10k
-0.006361949,0.0027002036,rna10k
-0.006363903,0.0027380905,rna10k
-0.007361594,0.0040028533,rna10k
-0.0073881117,0.0040455083,rna10k
-0.0063754627,-0.002417056,rna10k
-0.0063668173,-0.016565988,rna10k
-0.007254696,0.008684592,rna10k
-0.007361341,0.0021305853,rna10k
-0.006348944,0.013927266,rna10k
-0.0073598498,0.00063569663,rna10k
-0.0072709434,-0.006428445,rna10k
-0.0063624675,-0.002393098,rna10k
-0.006366955,0.005070984,rna10k
-0.0063626487,0.0004510072,rna10k
-0.007370054,-0.0040819235,rna10k
-0.006366747,0.005813989,rna10k
-0.007382027,-0.0050245584,rna10k
-0.0063561294,-0.00457391,rna10k
-0.007385953,0.0004702899,rna10k
-0.007378791,-0.00014753951,rna10k
-0.006359778,-0.0042409524,rna10k
-0.006527765,-0.016118376,rna10k
-0.0073814853,-0.004318589,rna10k
-0.006383061,0.004835084,rna10k
-0.0063945334,0.007600575,rna10k
-0.0063672545,0.009113153,rna10k
-0.007273596,-0.0054012053,rna10k
-0.0063427663,-0.0055658813,rna10k
-0.0073197056,0.013585791,rna10k
-0.0063640587,-0.005210401,rna10k
-0.006366586,0.007684904,rna10k
-0.0063477,-0.0024062453,rna10k
-0.0073578316,0.008904791,rna10k
-0.006358292,-0.0035983701,rna10k
-0.0063630803,0.0044328505,rna10k
-0.006378338,-0.007729981,rna10k
-0.006360682,-0.0030804288,rna10k
-0.006640194,-0.0054531367,rna10k
-0.006505452,-0.022192052,rna10k
-0.0063998303,0.008848622,rna10k
-0.0063663498,0.007405274,rna10k
-0.006362345,-0.006583114,rna10k
-0.0073829326,-0.0049145357,rna10k
-0.006363376,-0.00079980335,rna10k
-0.0072545097,-0.000121126606,rna10k
-0.006351974,-0.009420035,rna10k
-0.0063603376,-0.0049029086,rna10k
-0.0063974764,0.009051308,rna10k
-0.0063633784,-0.003841964,rna10k
-0.0065309987,-0.0015060863,rna10k
-0.0063631977,0.003845057,rna10k
-0.007356558,0.0070805782,rna10k
-0.0063675577,-0.0016787536,rna10k
-0.007385465,0.009610271,rna10k
-0.00636847,-0.0029146287,rna10k
-0.0063672876,0.0072432817,rna10k
-0.006362341,0.0020786652,rna10k
-0.0073574525,0.0041637463,rna10k
-0.0073655397,-0.0061890944,rna10k
-0.0063900594,0.006375293,rna10k
-0.006362688,-0.0113752885,rna10k
-0.0072643897,0.0004209268,rna10k
-0.006466598,-0.01802544,rna10k
-0.0066405283,0.0015607405,rna10k
-0.007384274,-0.0038645237,rna10k
-0.0063952873,0.012446652,rna10k
-0.007354175,0.00019775105,rna10k
-0.0063567692,-0.003764178,rna10k
-0.0072283903,0.0072008576,rna10k
-0.0063638985,0.0031398684,rna10k
-0.0063691554,0.0073290877,rna10k
-0.0063669574,0.0054549677,rna10k
-0.0065217298,0.01688394,rna10k
-0.0065246215,0.01736529,rna10k
-0.0063576666,-0.0018057658,rna10k
-0.007392909,0.012777574,rna10k
-0.0063659293,-0.005563258,rna10k
-0.0063976967,0.008225679,rna10k
-0.006358488,-0.0036506157,rna10k
-0.007383708,-0.0010518616,rna10k
-0.0073827687,-0.0018704156,rna10k
-0.007267717,0.005996684,rna10k
-0.0063657616,-0.0053316187,rna10k
-0.0063644797,-0.0027903572,rna10k
-0.006397446,0.011983637,rna10k
-0.0063639088,0.0024475367,rna10k
-0.0073715365,-0.0048462637,rna10k
-0.0073870514,-0.0017574496,rna10k
-0.0073874644,0.003954199,rna10k
-0.0065290285,0.0049909926,rna10k
-0.006333425,-0.008826746,rna10k
-0.006360202,-0.0012824495,rna10k
-0.0073887995,0.0068148067,rna10k
-0.0065255393,0.016746992,rna10k
-0.0063632405,-0.0058422093,rna10k
-0.0063815103,0.0071661025,rna10k
-0.007362226,0.0067204856,rna10k
-0.007351252,0.0044831214,rna10k
-0.0063670157,0.004167242,rna10k
-0.006394151,0.0023047503,rna10k
-0.0063737542,0.009949688,rna10k
-0.0063756546,0.008764533,rna10k
-0.006508148,-0.024037294,rna10k
-0.0073849037,-0.000801404,rna10k
-0.0073571983,0.002937775,rna10k
-0.0073870015,-0.000363805,rna10k
-0.0063672042,0.008781988,rna10k
-0.006525631,-0.0039137662,rna10k
-0.007382233,-0.004374268,rna10k
-0.006368415,0.008568908,rna10k
-0.0064199073,-0.014643827,rna10k
-0.0073832218,-0.0031660418,rna10k
-0.007380356,-0.004735099,rna10k
-0.0063625434,0.0009917081,rna10k
-0.006366081,-0.0025291736,rna10k
-0.0063672713,0.005193484,rna10k
-0.0063542738,-0.007377549,rna10k
-0.00651837,-0.0190091,rna10k
-0.0063646478,0.004138584,rna10k
-0.006392558,0.0077029755,rna10k
-0.007338492,-0.020711219,rna10k
-0.0063635325,-0.0025662538,rna10k
-0.0064166775,-0.016913861,rna10k
-0.0063933977,0.011187256,rna10k
-0.00674517,-0.017640589,rna10k
-0.007262214,0.0013954834,rna10k
-0.007177876,0.0113810515,rna10k
-0.0073844683,-0.0030627558,rna10k
-0.007369337,-0.006858512,rna10k
-0.007350331,-0.002704045,rna10k
-0.0063595604,-0.014455965,rna10k
-0.006369613,-0.0034121203,rna10k
-0.007388987,0.0007392971,rna10k
-0.0066604973,0.01384788,rna10k
-0.007366505,-0.003064858,rna10k
-0.0063658287,-0.0032456033,rna10k
-0.006335093,-0.006867034,rna10k
-0.0073618214,-0.012503726,rna10k
-0.006333498,-0.013888951,rna10k
-0.0063595953,-0.0013947361,rna10k
-0.007362452,-6.900574e-05,rna10k
-0.0063686925,0.007951063,rna10k
-0.0073844776,-0.0013164291,rna10k
-0.0063689495,-0.003196426,rna10k
-0.006365155,0.0021866146,rna10k
-0.0071490994,0.002063788,rna10k
-0.006371347,-0.0007336486,rna10k
-0.0063594175,0.00031833234,rna10k
-0.0063398234,-0.015658386,rna10k
-0.006360362,-7.8002695e-06,rna10k
-0.0073465006,0.006911776,rna10k
-0.0073873005,0.009308607,rna10k
-0.006363325,0.002325092,rna10k
-0.0073868567,0.0012550892,rna10k
-0.0063656145,-0.007893543,rna10k
-0.0063694296,0.008222267,rna10k
-0.006395752,0.010412635,rna10k
-0.0063680666,0.009184613,rna10k
-0.0068239784,0.004339292,rna10k
-0.0073543633,0.010997187,rna10k
-0.0065223146,0.014993517,rna10k
-0.006400322,0.010630462,rna10k
-0.006341986,-0.018650668,rna10k
-0.0073549105,0.005067718,rna10k
-0.0073828655,-0.005307978,rna10k
-0.0063648494,0.0022220307,rna10k
-0.006404767,0.010109813,rna10k
-0.006392012,0.00094203907,rna10k
-0.006369018,-0.0026794167,rna10k
-0.0063675577,0.003095444,rna10k
-0.0063674725,0.0064338883,rna10k
-0.006364898,0.0039155018,rna10k
-0.006397675,0.010297403,rna10k
-0.006393602,0.0059446604,rna10k
-0.007388319,-0.0013871443,rna10k
-0.006368205,0.008688901,rna10k
-0.0063666985,0.0060520493,rna10k
-0.006367269,0.009336379,rna10k
-0.006366764,0.014765094,rna10k
-0.0063734422,-0.001499629,rna10k
-0.0063661155,-0.004329002,rna10k
-0.00736183,0.009830851,rna10k
-0.006402013,0.009613461,rna10k
-0.0063490015,-0.00599037,rna10k
-0.0072706565,-0.0017087061,rna10k
-0.0063626496,0.0014288096,rna10k
-0.0063782716,-0.029064307,rna10k
-0.006524929,0.0025809065,rna10k
-0.006387376,-0.00093474163,rna10k
-0.006363249,-0.0006548143,rna10k
-0.0063661174,0.008615314,rna10k
-0.0065174936,-0.0064967154,rna10k
-0.007386853,-0.0017626501,rna10k
-0.0073884563,0.0016863113,rna10k
-0.006446632,-0.013619967,rna10k
-0.0073554856,0.011036386,rna10k
-0.0063730176,0.010536731,rna10k
-0.0063626803,-0.0023216503,rna10k
-0.0073535442,0.011345869,rna10k
-0.007388837,0.0019117912,rna10k
-0.007384758,-0.003930761,rna10k
-0.0065398104,-0.01061865,rna10k
-0.006337223,-0.0020969699,rna10k
-0.0063540977,-0.006396337,rna10k
-0.006506683,-0.019772924,rna10k
-0.0063715028,-0.0053433366,rna10k
-0.006390205,0.005744271,rna10k
-0.0073809903,-0.005942256,rna10k
-0.0073591196,0.011388805,rna10k
-0.0063596433,-0.0025825936,rna10k
-0.0063685556,-0.00707754,rna10k
-0.007386241,0.0009706029,rna10k
-0.0073818667,-0.004779653,rna10k
-0.0073552667,0.010994479,rna10k
-0.007294554,-0.0071050213,rna10k
-0.006361425,-9.025806e-05,rna10k
-0.0063663414,0.0062004216,rna10k
-0.0063830367,-0.010646224,rna10k
-0.006366294,0.0066543454,rna10k
-0.006337258,-0.009161429,rna10k
-0.0063687037,0.008124136,rna10k
-0.0073702713,-0.0069522257,rna10k
-0.007369107,-0.0023151124,rna10k
-0.00637332,0.008665825,rna10k
-0.006362934,0.0013011084,rna10k
-0.006489577,0.0048632165,rna10k
-0.0063980236,0.0051693325,rna10k
-0.007378673,-0.0068834857,rna10k
-0.0063696196,0.00853066,rna10k
-0.006525496,0.01508471,rna10k
-0.0073787645,-0.004185847,rna10k
-0.0063623423,-0.0069517945,rna10k
-0.0072508855,0.017944917,rna10k
-0.007341427,-0.01167646,rna10k
-0.0073629976,-0.0061902837,rna10k
-0.006526753,-0.014701204,rna10k
-0.006363456,-0.0066373274,rna10k
-0.0063652564,-0.006029272,rna10k
-0.0073621906,-0.008030313,rna10k
-0.007224626,0.007938923,rna10k
-0.0063651996,-0.00949077,rna10k
-0.006359602,-0.0039128326,rna10k
-0.0063694646,0.006304378,rna10k
-0.0073601627,-0.014061713,rna10k
-0.0063618887,-0.008615145,rna10k
-0.0073857172,0.007290825,rna10k
-0.0073804394,-0.0038483904,rna10k
-0.0063670515,0.006096113,rna10k
-0.0073504797,-0.0054087425,rna10k
-0.006366788,0.004632542,rna10k
-0.007366869,-0.003576081,rna10k
-0.0063923905,0.00040166674,rna10k
-0.006362631,0.0028668817,rna10k
-0.0063568777,-0.005468654,rna10k
-0.0065241987,-0.007328973,rna10k
-0.0073448755,0.0064134975,rna10k
-0.0072900215,-0.003068147,rna10k
-0.0063629905,0.00088524056,rna10k
-0.0073808646,0.00501655,rna10k
-0.006535106,-0.028051972,rna10k
-0.007377197,-0.003948775,rna10k
-0.0064020986,0.0060018348,rna10k
-0.0063617756,-0.0055317543,rna10k
-0.006365898,-0.0010646041,rna10k
-0.007381297,-0.0059035085,rna10k
-0.006356289,-0.0073229,rna10k
-0.007381692,-0.0064739236,rna10k
-0.006374909,-0.004787325,rna10k
-0.007384464,0.0054615727,rna10k
-0.0063797166,-0.0051464993,rna10k
-0.0063404986,-0.007096774,rna10k
-0.006367547,0.009685777,rna10k
-0.006366072,0.0065335417,rna10k
-0.0073860837,0.00578666,rna10k
-0.0063557406,-0.0058971993,rna10k
-0.007385507,0.003881148,rna10k
-0.007330809,-0.017723246,rna10k
-0.0073866067,0.00031563378,rna10k
-0.00635956,-0.0064522396,rna10k
-0.006360298,-0.002776293,rna10k
-0.0073227827,0.0013765626,rna10k
-0.007362528,-0.010498108,rna10k
-0.0073672123,-0.007650719,rna10k
-0.0072590588,0.021444485,rna10k
-0.0073753833,-0.004380157,rna10k
-0.0071499534,-0.022324631,rna10k
-0.006366429,0.003718774,rna10k
-0.006361608,-0.008036139,rna10k
-0.006364771,-0.008156078,rna10k
-0.006365404,0.003982207,rna10k
-0.006367827,-0.0067483364,rna10k
-0.0073609403,-0.011036181,rna10k
-0.00636529,0.0071901497,rna10k
-0.006951352,-0.024666578,rna10k
-0.007188308,0.0028224976,rna10k
-0.0073739244,-0.0073868423,rna10k
-0.006333926,-0.00912003,rna10k
-0.0063896673,0.009176269,rna10k
-0.006526846,-0.010434327,rna10k
-0.0063532456,-0.0083420295,rna10k
-0.0064036218,0.008187093,rna10k
-0.0063679605,0.009075499,rna10k
-0.006366701,0.0054966155,rna10k
-0.0073827174,-0.0049840594,rna10k
-0.006363377,-0.0044982526,rna10k
-0.0063636363,0.0017887296,rna10k
-0.006340432,-0.009053953,rna10k
-0.006360342,-0.0012483015,rna10k
-0.0063523394,-0.009164967,rna10k
-0.007381091,-0.0064226333,rna10k
-0.006366703,0.005637614,rna10k
-0.0063614715,0.0016550176,rna10k
-0.0063619455,-0.0021949336,rna10k
-0.0064079897,0.0046822038,rna10k
-0.0065158373,-0.021686008,rna10k
-0.006361107,-0.00060003536,rna10k
-0.0063924673,0.0005048189,rna10k
-0.006369482,0.0026860794,rna10k
-0.0073733637,-0.0045721824,rna10k
-0.006361681,0.00032681212,rna10k
-0.006363268,-0.0051480075,rna10k
-0.007382415,0.0035680684,rna10k
-0.0063481987,-0.015642999,rna10k
-0.0073845284,-0.0020855942,rna10k
-0.007385831,-0.0040805023,rna10k
-0.006379397,0.015256523,rna10k
-0.006525873,0.013502456,rna10k
-0.0063842954,-0.010149492,rna10k
-0.006366374,0.0069353753,rna10k
-0.0073914365,0.007197053,rna10k
-0.006524794,-0.009439124,rna10k
-0.0063666245,0.0053503015,rna10k
-0.0063656685,0.0036872176,rna10k
-0.007167149,0.0010643388,rna10k
-0.006362339,0.0022519457,rna10k
-0.0065202117,0.009259899,rna10k
-0.0063620573,-0.0017254375,rna10k
-0.006366394,0.0073957765,rna10k
-0.0063900906,0.0072701876,rna10k
-0.0063966224,0.010369839,rna10k
-0.0063537643,-0.006803245,rna10k
-0.0065875053,-0.035245985,rna10k
-0.0073821894,0.0017703144,rna10k
-0.006351341,-0.010161796,rna10k
-0.0063576754,-0.00501482,rna10k
-0.0063639707,-0.0075289924,rna10k
-0.007361118,-0.012884679,rna10k
-0.0063573187,-0.0024021487,rna10k
-0.0063650548,0.00499958,rna10k
-0.006366394,0.009308884,rna10k
-0.0063566277,-0.0068986835,rna10k
-0.0073840143,-0.002948893,rna10k
-0.0068203695,0.0027849001,rna10k
-0.0073865014,0.004628388,rna10k
-0.0073501174,0.007150471,rna10k
-0.006366782,0.0050307354,rna10k
-0.007360162,-0.00089011743,rna10k
-0.007364463,-0.0032064372,rna10k
-0.0063645253,-0.0030088807,rna10k
-0.0072809365,0.00036424238,rna10k
-0.0063960147,0.008514388,rna10k
-0.00736168,-0.0049285307,rna10k
-0.0073801847,-0.004479644,rna10k
-0.0063667577,0.008284739,rna10k
-0.007350119,0.0072159995,rna10k
-0.007387885,0.00064497563,rna10k
-0.0073807985,-0.0038171005,rna10k
-0.0073799016,4.706503e-06,rna10k
-0.0063659837,0.010769053,rna10k
-0.0063601043,0.00032297874,rna10k
-0.0073554763,0.011212815,rna10k
-0.006390379,0.002097015,rna10k
-0.006364568,-0.0075761667,rna10k
-0.0073864255,-0.0007018917,rna10k
-0.0063638324,-0.00079256814,rna10k
-0.00679218,-0.007995,rna10k
-0.007353481,0.016063169,rna10k
-0.0065248115,0.0097523965,rna10k
-0.0063667623,0.0032062517,rna10k
-0.007376974,-0.01384883,rna10k
-0.0073976833,0.021616457,rna10k
-0.0063960836,0.0094719,rna10k
-0.006369331,0.0049545695,rna10k
-0.0073543885,-0.009735799,rna10k
-0.0073741795,-0.00788912,rna10k
-0.0065255286,0.0072490536,rna10k
-0.006366034,0.0063269087,rna10k
-0.0063638915,-0.0044877497,rna10k
-0.0063646697,-0.007387177,rna10k
-0.0063788304,-0.00055801496,rna10k
-0.0063552796,-0.009901645,rna10k
-0.006521707,0.017870054,rna10k
-0.00645089,0.006556623,rna10k
-0.0073617757,0.0017571542,rna10k
-0.0063690385,0.0061457963,rna10k
-0.006360946,0.0014333571,rna10k
-0.0063666906,0.008577845,rna10k
-0.0063542686,-0.007202078,rna10k
-0.0063325767,-0.007895628,rna10k
-0.0063667456,0.009623098,rna10k
-0.006345178,-0.005057893,rna10k
-0.0063465172,-0.0038485313,rna10k
-0.0063602035,-0.0061516734,rna10k
-0.0063640866,-0.005833503,rna10k
-0.0063646645,-0.00432375,rna10k
-0.0072576837,0.007394705,rna10k
-0.006526559,-0.008990545,rna10k
-0.0065238676,-0.014441322,rna10k
-0.00652461,0.013353074,rna10k
-0.006526019,0.0131346015,rna10k
-0.0073820776,-0.00015501691,rna10k
-0.0072523276,-0.008403602,rna10k
-0.006371058,0.0074895765,rna10k
-0.0063630403,-0.0040149014,rna10k
-0.0073847584,-0.0021998528,rna10k
-0.006365575,-0.007833012,rna10k
-0.0063660233,0.005537072,rna10k
-0.0063597136,-0.0004892047,rna10k
-0.0063609225,-0.001096845,rna10k
-0.0073866444,0.0032738205,rna10k
-0.006522084,0.008598785,rna10k
-0.007361273,0.00526835,rna10k
-0.0063662385,0.004933586,rna10k
-0.007379594,-0.0060440125,rna10k
-0.0063405116,-0.0010267199,rna10k
-0.006357721,-0.003270286,rna10k
-0.0072279023,-0.020972693,rna10k
-0.0073764194,-0.0046482245,rna10k
-0.00636046,0.0016284592,rna10k
-0.0063640955,0.0032607096,rna10k
-0.0063645514,-0.0043632505,rna10k
-0.0065257275,0.0032833028,rna10k
-0.006402628,0.006217674,rna10k
-0.00739088,-0.00024021321,rna10k
-0.006371515,0.006118928,rna10k
-0.0063519627,-0.009203428,rna10k
-0.0063867494,0.0016091352,rna10k
-0.007321866,0.0004429667,rna10k
-0.00635573,-0.005703272,rna10k
-0.006355889,-0.0038432237,rna10k
-0.0063668336,-0.006363098,rna10k
-0.006365249,0.0037359507,rna10k
-0.0063654846,-0.008083009,rna10k
-0.0063541634,-0.0043518227,rna10k
-0.006821761,0.00313183,rna10k
-0.006360645,0.0012499737,rna10k
-0.007352111,0.0058065117,rna10k
-0.007361647,0.001032361,rna10k
-0.0073607946,0.010699131,rna10k
-0.0063689584,0.008498279,rna10k
-0.0063656936,0.0018080161,rna10k
-0.006363425,0.0016149178,rna10k
-0.0063699125,0.008926737,rna10k
-0.0065040924,-0.0192439,rna10k
-0.0065228627,0.017553777,rna10k
-0.0063569085,-0.002131209,rna10k
-0.007362713,-0.0027273872,rna10k
-0.006408117,0.009400327,rna10k
-0.006363382,0.0019150213,rna10k
-0.0073551787,0.0048658797,rna10k
-0.007385589,-0.003949252,rna10k
-0.0063617243,-0.0018864764,rna10k
-0.006397733,0.009616834,rna10k
-0.0063753487,-0.009906498,rna10k
-0.0073066354,0.0069257775,rna10k
-0.0068246233,0.0050048553,rna10k
-0.006385105,0.0055239513,rna10k
-0.007368658,-0.0046433886,rna10k
-0.0063661854,0.0053745043,rna10k
-0.0073595215,0.0135497525,rna10k
-0.006362506,-0.006885546,rna10k
-0.006342397,0.002257229,rna10k
-0.0063716304,0.004371029,rna10k
-0.006380877,-0.0026090185,rna10k
-0.006364333,0.002677726,rna10k
-0.006363476,-0.0070110867,rna10k
-0.0063390457,-0.007299137,rna10k
-0.006368079,0.011717707,rna10k
-0.0063616536,-0.0038574343,rna10k
-0.006351542,-0.0091536585,rna10k
-0.006363884,0.002968113,rna10k
-0.0063611087,0.0017003141,rna10k
-0.006377954,0.009088548,rna10k
-0.007384952,-0.00074887334,rna10k
-0.006367514,-0.0052778516,rna10k
-0.0063748425,-0.016036183,rna10k
-0.0073613487,0.010120844,rna10k
-0.0063631767,-0.0014563862,rna10k
-0.006359573,0.00034211602,rna10k
-0.0072952174,-0.0005601556,rna10k
-0.006400032,0.012240961,rna10k
-0.007378105,-0.0052084494,rna10k
-0.0063936887,0.011948486,rna10k
-0.0073640714,-0.002402944,rna10k
-0.006522528,0.013297536,rna10k
-0.006362368,0.0030512947,rna10k
-0.007387098,0.0005050718,rna10k
-0.006370569,0.0020854475,rna10k
-0.00636732,0.00869825,rna10k
-0.006361525,-0.007722025,rna10k
-0.0063635595,-0.006130429,rna10k
-0.006364898,0.004223868,rna10k
-0.0073877256,0.0021715672,rna10k
-0.0068212473,0.0026453421,rna10k
-0.0063702236,-0.0031262056,rna10k
-0.006354835,-0.0044715577,rna10k
-0.0063565997,-0.0037553443,rna10k
-0.006359981,-0.0023976134,rna10k
-0.0063610906,0.0014727141,rna10k
-0.006364825,0.003338242,rna10k
-0.0073561934,0.0070697907,rna10k
-0.007380203,-0.0029022137,rna10k
-0.006360151,-0.005132954,rna10k
-0.007386879,0.00055881875,rna10k
-0.0063603185,0.00029064738,rna10k
-0.006356575,-0.004475963,rna10k
-0.006358089,-0.0049159876,rna10k
-0.0063591413,-0.00073364825,rna10k
-0.0073505677,-0.007322334,rna10k
-0.006365048,0.0051926337,rna10k
-0.0063618156,0.0039221724,rna10k
-0.0063554393,-0.005704433,rna10k
-0.0063584023,-0.0031253959,rna10k
-0.0073608314,-0.0049438844,rna10k
-0.0065213186,0.020859594,rna10k
-0.00635931,-0.0020006394,rna10k
-0.007385416,0.007043518,rna10k
-0.0073779803,-0.0054358398,rna10k
-0.0073846336,0.0020471974,rna10k
-0.0063579427,-0.007846845,rna10k
-0.0063612624,-0.005269983,rna10k
-0.0063645835,-0.0070117256,rna10k
-0.007328016,-0.01734731,rna10k
-0.0063608983,-0.0054928716,rna10k
-0.0063664373,0.004432034,rna10k
-0.0063660014,0.004001277,rna10k
-0.0063600554,0.000796137,rna10k
-0.007362046,-0.006608229,rna10k
-0.0073361495,-0.017556679,rna10k
-0.0064588576,-0.036450364,rna10k
-0.0063677025,-0.0050896294,rna10k
-0.007266166,-0.0023497103,rna10k
-0.0063574095,-0.0017125834,rna10k
-0.0073776045,-0.006954758,rna10k
-0.0073639285,-0.0054335403,rna10k
-0.00636429,0.0036177752,rna10k
-0.0065245014,0.020715408,rna10k
-0.0073406952,-0.0027654255,rna10k
-0.0063755033,-0.010217197,rna10k
-0.0063587273,-0.0026189599,rna10k
-0.0072542108,0.007259124,rna10k
-0.0063518425,-0.009030025,rna10k
-0.0063653416,0.0052350746,rna10k
-0.006391801,0.010175744,rna10k
-0.007387667,-0.00028228792,rna10k
-0.007360969,-0.008913554,rna10k
-0.006370448,0.006881236,rna10k
-0.00636244,0.0033570258,rna10k
-0.0063531203,-0.00824736,rna10k
-0.006362917,-0.0056704823,rna10k
-0.006486866,0.007980829,rna10k
-0.0073782345,-0.006413501,rna10k
-0.007273592,-0.0083208615,rna10k
-0.007357805,0.010492352,rna10k
-0.006522407,0.018914992,rna10k
-0.0063609644,3.2835378e-05,rna10k
-0.0065213456,0.021946285,rna10k
-0.006369481,-0.002147708,rna10k
-0.0063647935,-0.008424398,rna10k
-0.006818375,0.0041850777,rna10k
-0.0063330457,0.0014765108,rna10k
-0.0063678697,-0.0049489816,rna10k
-0.0063596102,-0.004186566,rna10k
-0.006422658,-0.0017882978,rna10k
-0.0073051364,0.010141003,rna10k
-0.007383622,0.0008821168,rna10k
-0.0073584877,-0.01346399,rna10k
-0.0063639376,0.0025369606,rna10k
-0.006345299,-0.006905522,rna10k
-0.00738309,0.0013186808,rna10k
-0.006365424,0.0004788322,rna10k
-0.007386662,-0.00018937478,rna10k
-0.0065257708,-0.015033352,rna10k
-0.007383281,-0.00678166,rna10k
-0.0063641667,0.0043413043,rna10k
-0.007384987,-0.0027973035,rna10k
-0.0063668587,-0.0065528746,rna10k
-0.0063938266,0.009304574,rna10k
-0.0063614626,0.0029551268,rna10k
-0.00738012,0.009730507,rna10k
-0.0063541,-0.0072839996,rna10k
-0.0064013633,0.00987472,rna10k
-0.0063621164,-0.004936641,rna10k
-0.007386769,-0.00091349427,rna10k
-0.006354767,-0.007864736,rna10k
-0.006352554,-0.0081979,rna10k
-0.0064002983,0.010605735,rna10k
-0.006356073,-0.0056039486,rna10k
-0.0063397437,-0.0065903277,rna10k
-0.0063572,-0.0028686451,rna10k
-0.0073854723,0.0009602145,rna10k
-0.0073815277,-0.0046724174,rna10k
-0.0065208226,0.009470588,rna10k
-0.007146315,-0.0011639422,rna10k
-0.0063647144,0.0031949284,rna10k
-0.00636494,0.0030516207,rna10k
-0.0063309195,-0.012640127,rna10k
-0.007363261,-0.0016185774,rna10k
-0.006375743,0.0025817733,rna10k
-0.0073782927,-0.0066290786,rna10k
-0.0073846644,0.0007425299,rna10k
-0.0073690605,-0.0057424824,rna10k
-0.0063364436,-0.0071460926,rna10k
-0.006333562,-0.008873924,rna10k
-0.0073401323,-0.0019430667,rna10k
-0.0063644554,-0.008971817,rna10k
-0.006364558,-0.0030151864,rna10k
-0.0073922,0.0070634536,rna10k
-0.006397795,0.009687626,rna10k
-0.00636535,0.004658334,rna10k
-0.0066358875,0.010567019,rna10k
-0.007378394,-0.00509185,rna10k
-0.0073688594,-0.007278403,rna10k
-0.0073589846,0.012910533,rna10k
-0.006396783,0.008397823,rna10k
-0.006363059,-0.00023343737,rna10k
-0.0063664485,0.006117505,rna10k
-0.006366715,0.005243843,rna10k
-0.0073851566,0.001452955,rna10k
-0.0065265256,0.00036938625,rna10k
-0.006367804,0.007178453,rna10k
-0.006366144,-0.007735188,rna10k
-0.0063553387,-0.0056923213,rna10k
-0.0063761114,-0.005579609,rna10k
-0.006357702,-0.0037456646,rna10k
-0.006393377,0.010913718,rna10k
-0.006522461,0.008363474,rna10k
-0.0063650426,0.0038422795,rna10k
-0.0073568183,0.0003303153,rna10k
-0.0063654557,-0.009106541,rna10k
-0.006354072,-0.007009799,rna10k
-0.007384179,-0.0011184207,rna10k
-0.0063600703,-0.00093467266,rna10k
-0.006365714,0.007410634,rna10k
-0.0073575997,0.008285423,rna10k
-0.0064120605,0.004940009,rna10k
-0.0065322323,-0.021458158,rna10k
-0.006513414,-0.022803143,rna10k
-0.0063570864,-0.0036807267,rna10k
-0.006403329,0.008542108,rna10k
-0.006363547,0.0042832573,rna10k
-0.0065212343,0.01808165,rna10k
-0.006355965,-0.004931781,rna10k
-0.0073879827,0.00044017087,rna10k
-0.0063644047,0.0040860744,rna10k
-0.0063405153,0.0146418605,rna10k
-0.006359053,-0.0034065766,rna10k
-0.0065266234,-0.013003081,rna10k
-0.007397158,0.034081835,rna10k
-0.006525489,0.0077013033,rna10k
-0.007385921,-0.0026720045,rna10k
-0.00735438,0.010181416,rna10k
-0.0073617618,0.0020408956,rna10k
-0.006336056,-0.0066952207,rna10k
-0.0063956324,0.0044849864,rna10k
-0.0064012506,0.009425233,rna10k
-0.006387298,-0.00016335433,rna10k
-0.0064185834,0.0065932474,rna10k
-0.007363629,-0.009326257,rna10k
-0.0073645622,-0.004178642,rna10k
-0.0073941182,0.00882217,rna10k
-0.007377979,-0.005424571,rna10k
-0.0065226792,0.0105280895,rna10k
-0.0063642208,0.0017964968,rna10k
-0.0073625967,-0.010846467,rna10k
-0.006391866,0.003952056,rna10k
-0.0066929855,0.010079755,rna10k
-0.0065251077,0.009141335,rna10k
-0.0072851283,-0.00016916741,rna10k
-0.006362452,0.0013287474,rna10k
-0.006357844,-0.007218152,rna10k
-0.006366601,-0.0035173467,rna10k
-0.00738166,0.01103321,rna10k
-0.0063657425,-0.007227587,rna10k
-0.0063589304,-0.0017076492,rna10k
-0.006358766,-0.0015267094,rna10k
-0.0063721836,0.012800836,rna10k
-0.0073620197,-0.003096673,rna10k
-0.0063513913,-0.01065294,rna10k
-0.00636834,0.005157716,rna10k
-0.007158862,0.0028805402,rna10k
-0.006362653,0.0010063108,rna10k
-0.006520883,0.02145687,rna10k
-0.006399099,0.009415649,rna10k
-0.007322812,-0.024824731,rna10k
-0.0065221903,0.014352017,rna10k
-0.006526841,-0.0207495,rna10k
-0.0063670306,0.007428466,rna10k
-0.006392652,0.0062736603,rna10k
-0.0073338826,-0.001060162,rna10k
-0.0063980212,0.0072960947,rna10k
-0.0065388735,0.0075099133,rna10k
-0.007381653,-0.0026911194,rna10k
-0.007383696,-0.0022234004,rna10k
-0.006364137,-0.0012060845,rna10k
-0.007367502,-0.007846607,rna10k
-0.0063655796,0.003847415,rna10k
-0.006807185,-0.00794493,rna10k
-0.006365241,-0.00835942,rna10k
-0.0063636373,0.0036241626,rna10k
-0.007357746,-0.016468983,rna10k
-0.0063510966,-0.008262259,rna10k
-0.00636325,0.0017067877,rna10k
-0.006339064,-0.008696781,rna10k
-0.0073832097,0.002304552,rna10k
-0.007385918,0.0010655242,rna10k
-0.006632369,0.009856812,rna10k
-0.0073834932,-0.0027831527,rna10k
-0.0064172926,0.009493127,rna10k
-0.006352263,-0.009168276,rna10k
-0.0063690688,0.009377988,rna10k
-0.006366631,-0.003389044,rna10k
-0.006360538,-0.007352997,rna10k
-0.007357988,0.00062737596,rna10k
-0.0073738405,-0.0045384923,rna10k
-0.0063633006,0.0018379118,rna10k
-0.0073608565,-0.011098678,rna10k
-0.007368054,-0.010475953,rna10k
-0.007359538,-0.010708296,rna10k
-0.0073722294,0.007767483,rna10k
-0.0073838597,-0.0049417685,rna10k
-0.006364454,-0.002567007,rna10k
-0.006364638,0.003416094,rna10k
-0.0063650864,0.0050942646,rna10k
-0.006364778,-0.0069380444,rna10k
-0.00636457,0.005649791,rna10k
-0.006379824,0.0006899595,rna10k
-0.0063544153,-0.0071009602,rna10k
-0.006519692,0.016101394,rna10k
-0.0063896794,0.0072098193,rna10k
-0.007388003,0.006717874,rna10k
-0.007374861,-0.0050630476,rna10k
-0.00736028,0.014829788,rna10k
-0.0063628037,0.0042636227,rna10k
-0.007253629,-0.00091002503,rna10k
-0.0063599646,-0.0010219124,rna10k
-0.006358392,-0.002763601,rna10k
-0.0063639767,-0.0014717906,rna10k
-0.006364353,0.0033131214,rna10k
-0.0063549513,-0.0057368563,rna10k
-0.0063575674,-0.0043778555,rna10k
-0.006441948,0.015581333,rna10k
-0.007362054,-0.007816284,rna10k
-0.0063540144,-0.007923983,rna10k
-0.0063950494,0.008920509,rna10k
-0.0063725985,-0.009372011,rna10k
-0.0073839305,0.004007711,rna10k
-0.0063411314,-0.009479992,rna10k
-0.0065253675,0.011562885,rna10k
-0.0063681356,-0.008348458,rna10k
-0.0073882206,0.0014123708,rna10k
-0.006362717,0.0019659973,rna10k
-0.00732943,-0.0019564226,rna10k
-0.0072671194,-0.0029348426,rna10k
-0.0063653965,0.0040965877,rna10k
-0.0065269964,0.0068142717,rna10k
-0.0071756607,0.0027064066,rna10k
-0.006364201,0.0040648147,rna10k
-0.0065223863,0.012024138,rna10k
-0.007227062,-0.0052383477,rna10k
-0.007223854,-0.004201605,rna10k
-0.0071550296,0.007510964,rna10k
-0.0073753903,-0.0059103565,rna10k
-0.007383197,-0.0053032096,rna10k
-0.0063664815,0.013808022,rna10k
-0.006364003,-0.021555018,rna10k
-0.006367133,0.0069553317,rna10k
-0.0063560577,-0.003936953,rna10k
-0.0063747866,-0.007050404,rna10k
-0.0073339995,-0.008123765,rna10k
-0.006361618,0.00023558167,rna10k
-0.0063629556,-0.00063328317,rna10k
-0.0063562724,-0.0042113983,rna10k
-0.006393878,-0.0030915376,rna10k
-0.006455444,-0.013828374,rna10k
-0.0073759253,-0.007333066,rna10k
-0.0063613043,-0.0023302534,rna10k
-0.0063999947,0.012845849,rna10k
-0.0073840455,0.0014128573,rna10k
-0.0063664387,0.005184197,rna10k
-0.0073736114,-0.006742993,rna10k
-0.006363227,0.0028673704,rna10k
-0.006369688,0.011210782,rna10k
-0.007286952,0.0037410974,rna10k
-0.006357323,-0.00385415,rna10k
-0.006367123,0.007924056,rna10k
-0.0065251635,-0.0013973458,rna10k
-0.0063649057,-0.0108468225,rna10k
-0.0065720314,-0.02959786,rna10k
-0.0073832558,0.006487238,rna10k
-0.0063743875,0.012999658,rna10k
-0.007242685,0.007290717,rna10k
-0.006354071,0.021918206,rna10k
-0.0073814164,-0.005309786,rna10k
-0.0063657532,0.0031795413,rna10k
-0.007385862,-0.0031093284,rna10k
-0.0063864584,-0.0038699224,rna10k
-0.006565767,0.021618448,rna10k
-0.0073565966,0.006127503,rna10k
-0.006525796,-0.0023546913,rna10k
-0.0063665765,-0.008964924,rna10k
-0.0072507625,0.020914601,rna10k
-0.006363743,-0.00445167,rna10k
-0.0073548746,0.0048881746,rna10k
-0.0073857587,0.0013016132,rna10k
-0.0063680764,0.009012476,rna10k
-0.007084843,0.013976123,rna10k
-0.0073786504,-0.008557341,rna10k
-0.006362661,0.00037347164,rna10k
-0.006367101,-0.004892711,rna10k
-0.006350558,-0.010052021,rna10k
-0.0063605974,-0.00040843154,rna10k
-0.006360687,-0.0007792709,rna10k
-0.0063763205,0.0014319641,rna10k
-0.0063378625,-0.00067724165,rna10k
-0.007378432,-0.0009248158,rna10k
-0.006523905,-0.0012875642,rna10k
-0.0065998826,0.000524512,rna10k
-0.0065264166,0.009414305,rna10k
-0.006398881,0.006439202,rna10k
-0.006821182,0.0020953184,rna10k
-0.0063617784,0.0016529717,rna10k
-0.0063658645,0.0053935125,rna10k
-0.007277761,-0.0011009165,rna10k
-0.0063632014,0.0020715734,rna10k
-0.006367644,0.008139892,rna10k
-0.00636577,0.0033522078,rna10k
-0.0073777656,-0.007158844,rna10k
-0.006377603,-0.001953563,rna10k
-0.0073849037,-0.002228027,rna10k
-0.0065235514,-0.01177273,rna10k
-0.0063670278,0.0058283014,rna10k
-0.006524516,0.005840178,rna10k
-0.0063620247,-0.00038988586,rna10k
-0.00636777,0.01288462,rna10k
-0.007211059,-0.013033791,rna10k
-0.0063563175,-0.0033370736,rna10k
-0.00636211,-0.0068240883,rna10k
-0.006369106,0.008080791,rna10k
-0.006366888,0.0059246053,rna10k
-0.006361031,0.00024452998,rna10k
-0.007314736,0.00081195036,rna10k
-0.0073599024,0.014270083,rna10k
-0.0063915853,0.0060836086,rna10k
-0.006396013,0.008001075,rna10k
-0.0063645104,-0.0050081895,rna10k
-0.0063623725,0.0024852834,rna10k
-0.0065245493,-0.015349819,rna10k
-0.006354343,-0.006721849,rna10k
-0.0073840227,0.0042375284,rna10k
-0.007360423,-0.0007512558,rna10k
-0.0068218405,0.003376858,rna10k
-0.0073621403,-0.013364223,rna10k
-0.0063928785,0.009070607,rna10k
-0.006364876,0.004121454,rna10k
-0.0063374764,-0.005036309,rna10k
-0.00736123,-0.00936335,rna10k
-0.0063658636,0.0073086196,rna10k
-0.0063558617,-0.0068570822,rna10k
-0.006364778,0.0047606723,rna10k
-0.006370761,0.006874866,rna10k
-0.0063750623,-0.00855358,rna10k
-0.006364865,-0.000813306,rna10k
-0.0072720004,0.010183143,rna10k
-0.0064325775,0.006624164,rna10k
-0.007375775,-0.0061028134,rna10k
-0.007362794,-0.00074229424,rna10k
-0.0073841373,0.008912796,rna10k
-0.006363805,-0.0047161872,rna10k
-0.00636867,-0.0024298308,rna10k
-0.006393663,0.0091508925,rna10k
-0.006349369,-0.0059534083,rna10k
-0.006361916,-0.0073126,rna10k
-0.0073617273,0.01122227,rna10k
-0.006366314,0.0065988023,rna10k
-0.0065168045,-0.022156715,rna10k
-0.0063848333,-0.023068333,rna10k
-0.006341295,-0.00046303755,rna10k
-0.007386886,0.0059443014,rna10k
-0.0063519273,-0.010359395,rna10k
-0.0073739877,-0.01908951,rna10k
-0.006379085,0.012410943,rna10k
-0.0073796436,-0.0052374895,rna10k
-0.006361745,0.0018426428,rna10k
-0.0073659862,-0.0051311916,rna10k
-0.006366229,0.006017024,rna10k
-0.006525441,0.009904321,rna10k
-0.007386017,0.009437647,rna10k
-0.007361891,-0.005245354,rna10k
-0.006328109,-0.010190496,rna10k
-0.0073848013,-0.0034963717,rna10k
-0.0072594886,0.0005319812,rna10k
-0.0073595396,-0.0028827311,rna10k
-0.0063672108,0.005083935,rna10k
-0.0063653346,0.0050722566,rna10k
-0.007383982,-0.0013950862,rna10k
-0.007381301,-0.0046663187,rna10k
-0.006359327,-0.0004308746,rna10k
-0.007382657,-0.0038715268,rna10k
-0.00635434,-0.0057465336,rna10k
-0.007360465,-0.0063406727,rna10k
-0.0063611586,0.0015833131,rna10k
-0.0063571907,-0.00809692,rna10k
-0.00640148,0.009223585,rna10k
-0.006397282,0.010170794,rna10k
-0.0063854265,-0.005308506,rna10k
-0.0073614474,-0.0047336346,rna10k
-0.0073833102,0.00033065377,rna10k
-0.007370542,-0.005258533,rna10k
-0.007366274,-0.00315263,rna10k
-0.0063890377,0.016722327,rna10k
-0.0063761077,-0.011482352,rna10k
-0.0063538733,-0.009423094,rna10k
-0.007347471,0.0012224332,rna10k
-0.0073784366,-0.0054855435,rna10k
-0.0063661565,0.005884527,rna10k
-0.0064008776,0.01010528,rna10k
-0.006525054,-0.011713471,rna10k
-0.0063550677,-0.0057871286,rna10k
-0.006489468,0.016964395,rna10k
-0.006389582,0.0044071474,rna10k
-0.007348104,-0.00019286117,rna10k
-0.007368249,-0.00545835,rna10k
-0.006368132,0.005479564,rna10k
-0.007360201,-0.0006374625,rna10k
-0.0073851696,0.0007031416,rna10k
-0.007382924,0.010521711,rna10k
-0.0064092986,0.024460476,rna10k
-0.0063593155,-0.001851772,rna10k
-0.0063665835,0.0062725903,rna10k
-0.0073788115,-0.00407476,rna10k
-0.0073633483,-0.00032996977,rna10k
-0.0063676564,0.012347368,rna10k
-0.007376744,-0.0052016266,rna10k
-0.007356817,-0.011322629,rna10k
-0.0073473556,0.013881353,rna10k
-0.006377356,0.0033249632,rna10k
-0.006363429,0.0030718916,rna10k
-0.0069722054,-0.018377768,rna10k
-0.0063822935,-0.012688903,rna10k
-0.007225271,0.0054426617,rna10k
-0.007386556,0.0067852666,rna10k
-0.006364429,0.0022079723,rna10k
-0.0063601476,-0.0076545677,rna10k
-0.0073895743,0.0028533132,rna10k
-0.0073603196,0.012984813,rna10k
-0.0073799877,-0.004308995,rna10k
-0.0063792095,-0.006017024,rna10k
-0.007383652,0.00013895973,rna10k
-0.0073737632,-0.0069720573,rna10k
-0.006522446,0.010383166,rna10k
-0.0073833587,-0.0043034153,rna10k
-0.007375459,-0.0072656297,rna10k
-0.0073608216,0.008913388,rna10k
-0.006342628,-0.0074196593,rna10k
-0.0063912217,0.003833966,rna10k
-0.0065251095,-0.012024438,rna10k
-0.006395037,0.0079811355,rna10k
-0.006525249,-0.014818817,rna10k
-0.0064016706,0.008403949,rna10k
-0.006336694,-0.009849175,rna10k
-0.006525895,-0.015312224,rna10k
-0.0071470435,-0.023286745,rna10k
-0.006526674,0.01101474,rna10k
-0.0063389675,-0.015156012,rna10k
-0.0063532707,-0.007056219,rna10k
-0.0073241913,-0.0038587102,rna10k
-0.007381963,-0.0059463587,rna10k
-0.006379196,-0.0089752,rna10k
-0.0063698012,0.0010311925,rna10k
-0.007185804,0.0072313403,rna10k
-0.0063653146,0.0036694803,rna10k
-0.0064764614,-0.0015344911,rna10k
-0.0073735216,-0.006223875,rna10k
-0.0063546356,-0.006430646,rna10k
-0.0065246634,-0.010376815,rna10k
-0.0063571245,-0.0027363638,rna10k
-0.0063521345,-0.009008793,rna10k
-0.007360508,0.0016909926,rna10k
-0.006402323,0.008584717,rna10k
-0.0063683665,0.006245471,rna10k
-0.0063942694,0.0070948587,rna10k
-0.0065235966,-0.005702385,rna10k
-0.0065257703,0.016136251,rna10k
-0.0063552693,-0.0026412439,rna10k
-0.0063519645,-0.009071784,rna10k
-0.006345966,0.0033112278,rna10k
-0.0073881513,0.0044026617,rna10k
-0.0063714664,0.0024686363,rna10k
-0.0063990005,0.010132538,rna10k
-0.007357739,0.01317193,rna10k
-0.0063564237,-0.004825304,rna10k
-0.006522196,0.018425625,rna10k
-0.006360745,-0.0013624921,rna10k
-0.0063683772,0.008732448,rna10k
-0.006366776,0.0070016203,rna10k
-0.0063800793,0.004811977,rna10k
-0.006412273,0.009024228,rna10k
-0.0063543655,-0.006468436,rna10k
-0.0063690785,0.007918232,rna10k
-0.0063680275,0.007860896,rna10k
-0.0073541957,0.004934635,rna10k
-0.007368126,-0.00476452,rna10k
-0.006367069,0.007017322,rna10k
-0.0063659027,-0.006707555,rna10k
-0.0065461937,-0.018208444,rna10k
-0.006359938,0.0007082779,rna10k
-0.0065247365,-0.0039008218,rna10k
-0.007379145,-0.0040166616,rna10k
-0.007222905,0.004840769,rna10k
-0.0063689,0.010951221,rna10k
-0.006377377,-0.014453197,rna10k
-0.0073425546,-0.0027392453,rna10k
-0.0063685584,0.004903622,rna10k
-0.006386291,-0.005763903,rna10k
-0.007229758,-0.00015312717,rna10k
-0.0073813223,-0.006538941,rna10k
-0.007259399,-0.0067581334,rna10k
-0.006364724,0.00024161072,rna10k
-0.006333511,-0.008017443,rna10k
-0.007386155,0.00040991558,rna10k
-0.0063630114,-0.0075707473,rna10k
-0.006377303,-0.0047360915,rna10k
-0.0063546635,-0.0067658667,rna10k
-0.0063632773,0.0015734975,rna10k
-0.007179418,-0.020581309,rna10k
-0.0072073997,-0.009592682,rna10k
-0.0063564205,-0.0040693367,rna10k
-0.0073668226,-0.006863979,rna10k
-0.007264456,-0.0021718754,rna10k
-0.006340413,-0.0074660066,rna10k
-0.0063669863,0.006572687,rna10k
-0.007376761,-0.007995146,rna10k
-0.0073854392,0.006472373,rna10k
-0.0073605836,-0.014557606,rna10k
-0.0073816394,0.003327982,rna10k
-0.006360905,-0.000724292,rna10k
-0.0063639265,-0.0075132693,rna10k
-0.0064444873,0.015778061,rna10k
-0.006366914,0.010784867,rna10k
-0.007380672,-0.0053189653,rna10k
-0.0072778617,0.0010630168,rna10k
-0.0073825084,3.7941827e-05,rna10k
-0.006368616,0.009148002,rna10k
-0.006357467,-0.0034571514,rna10k
-0.0063625225,-0.0006896689,rna10k
-0.0073600905,-0.0018954856,rna10k
-0.0063646184,-0.0085853115,rna10k
-0.0063315597,-0.007242576,rna10k
-0.0064923572,-0.020971676,rna10k
-0.006390575,-0.001998387,rna10k
-0.0063574067,-0.0014364936,rna10k
-0.007384625,0.007529,rna10k
-0.006400231,-0.0007751672,rna10k
-0.0063778274,-0.00702282,rna10k
-0.007356803,0.0026467354,rna10k
-0.006356519,-0.004547305,rna10k
-0.0063680583,0.0064843297,rna10k
-0.0063610105,-0.0061355964,rna10k
-0.006979028,-0.00027655388,rna10k
-0.0063650915,0.0055318405,rna10k
-0.0072457544,-0.016988266,rna10k
-0.006361233,-0.008264947,rna10k
-0.0063636857,-0.0068037338,rna10k
-0.0063602263,-0.008375358,rna10k
-0.00637807,-0.00021997897,rna10k
-0.006364586,0.0051056254,rna10k
-0.0063550444,-0.0050084237,rna10k
-0.0073787314,-0.00874117,rna10k
-0.0073852274,0.0040680855,rna10k
-0.0073755337,-0.0059419493,rna10k
-0.00735435,0.0034616385,rna10k
-0.0073530045,0.014842638,rna10k
-0.0063741505,-0.023111673,rna10k
-0.0063667065,0.005276859,rna10k
-0.0063645532,0.003537457,rna10k
-0.006362506,-0.007859897,rna10k
-0.0073854905,0.0062085935,rna10k
-0.006363404,0.0019108418,rna10k
-0.006364064,-0.005989185,rna10k
-0.0063712,0.008796766,rna10k
-0.0063637546,0.002530299,rna10k
-0.0073818443,-0.00065765175,rna10k
-0.0063962904,0.009296182,rna10k
-0.007095803,0.0024839202,rna10k
-0.0064020013,0.009155511,rna10k
-0.0063614324,-0.019886723,rna10k
-0.0063616503,-0.007964145,rna10k
-0.006388899,0.0028788277,rna10k
-0.007239945,-0.0020367962,rna10k
-0.007382641,0.0089052515,rna10k
-0.0063669593,0.005332776,rna10k
-0.0063718176,0.007585659,rna10k
-0.006378319,-0.019543437,rna10k
-0.007381842,-0.0038355165,rna10k
-0.0063620573,0.0011581843,rna10k
-0.0065246746,-0.0065532937,rna10k
-0.0063528297,-0.008217483,rna10k
-0.006359928,-0.0062311534,rna10k
-0.006367841,0.00020352959,rna10k
-0.0072752377,0.0060151755,rna10k
-0.0063475543,0.0022833617,rna10k
-0.0063620107,-0.0087507395,rna10k
-0.006364507,0.0050707837,rna10k
-0.0063769477,-0.019283576,rna10k
-0.00639344,-0.0017234437,rna10k
-0.006333126,-0.009838584,rna10k
-0.0073591396,0.0014406301,rna10k
-0.0063613667,8.420177e-05,rna10k
-0.006394145,0.0064101275,rna10k
-0.0073750243,-0.006806955,rna10k
-0.007384713,0.00791157,rna10k
-0.0073825563,-0.00077265495,rna10k
-0.0065249526,0.00023582108,rna10k
-0.0073642274,-0.002200618,rna10k
-0.007346568,-0.017142793,rna10k
-0.0063620657,0.0004645985,rna10k
-0.006366833,0.0047823535,rna10k
-0.006518226,0.017203478,rna10k
-0.0063490886,-0.0070313197,rna10k
-0.0063650636,0.0035001568,rna10k
-0.0073623443,-0.009136426,rna10k
-0.0063581443,-0.005953167,rna10k
-0.0063667707,0.003186726,rna10k
-0.0065244003,0.00097310595,rna10k
-0.00738633,0.0045183864,rna10k
-0.007268326,-0.018477585,rna10k
-0.006366182,0.005969604,rna10k
-0.0065254965,-0.0015786444,rna10k
-0.0073861317,-0.0032025722,rna10k
-0.0063651702,0.00029507597,rna10k
-0.006409131,0.0071989223,rna10k
-0.007349541,0.0056120967,rna10k
-0.006646367,0.008329138,rna10k
-0.0063664475,0.011031042,rna10k
-0.006400586,0.010140012,rna10k
-0.0072457753,0.024125472,rna10k
-0.006365695,0.0050297272,rna10k
-0.0063469135,-0.0022861937,rna10k
-0.0063951355,0.011262087,rna10k
-0.00651523,0.0053147203,rna10k
-0.0063652736,0.003341526,rna10k
-0.0073323646,-0.01104993,rna10k
-0.006399465,0.010700263,rna10k
-0.006366415,0.00577976,rna10k
-0.0073630507,6.280389e-05,rna10k
-0.0065247007,0.01557638,rna10k
-0.006522422,0.012545837,rna10k
-0.0073808334,-0.006629787,rna10k
-0.006402605,0.0075681754,rna10k
-0.0073861633,0.0072618737,rna10k
-0.0065233116,-0.021423994,rna10k
-0.0066525075,-0.0027485495,rna10k
-0.006334407,-0.011198583,rna10k
-0.00635386,-0.0070801,rna10k
-0.0073815715,-0.006201125,rna10k
-0.006359591,-0.0019352016,rna10k
-0.0063628186,-0.007917471,rna10k
-0.006405451,0.00705488,rna10k
-0.0071644406,0.009226553,rna10k
-0.006361166,0.0001361936,rna10k
-0.0073848628,0.004382628,rna10k
-0.0073468364,0.011710377,rna10k
-0.0063772206,-0.005190673,rna10k
-0.006396693,0.006969192,rna10k
-0.0072644353,-0.00021249952,rna10k
-0.0063704676,0.0074900035,rna10k
-0.006363284,-0.0049690385,rna10k
-0.0063630072,-0.008830075,rna10k
-0.006360125,-0.0007007915,rna10k
-0.006383881,-0.0060400395,rna10k
-0.0063679055,0.008870716,rna10k
-0.0063871504,0.003267981,rna10k
-0.0063604773,-0.00081983313,rna10k
-0.006525978,-0.008818635,rna10k
-0.0073828357,-0.00254122,rna10k
-0.006522042,0.008029328,rna10k
-0.0073833675,0.003081291,rna10k
-0.0064083757,-0.0009497858,rna10k
-0.0065253684,-0.0019656073,rna10k
-0.006364677,0.0036128901,rna10k
-0.006358955,-0.008575577,rna10k
-0.00636778,0.005774986,rna10k
-0.0073584164,0.0018471436,rna10k
-0.0065259975,-0.014916965,rna10k
-0.0064009847,0.006801584,rna10k
-0.006361713,0.0015053543,rna10k
-0.0063553113,-0.0041542975,rna10k
-0.0063660173,0.0040049455,rna10k
-0.0065211286,0.019629514,rna10k
-0.007383514,-0.0018681444,rna10k
-0.007378851,-0.005201242,rna10k
-0.0063656177,0.004711289,rna10k
-0.0065205893,0.012633425,rna10k
-0.00636944,0.009241635,rna10k
-0.0065250727,-0.008183415,rna10k
-0.00636091,-6.662551e-05,rna10k
-0.0063896677,0.0007578996,rna10k
-0.006363058,-0.0076555223,rna10k
-0.006364047,-0.007944236,rna10k
-0.007356933,0.003490078,rna10k
-0.006366348,0.0059395824,rna10k
-0.0073624654,-0.008164421,rna10k
-0.0065243742,0.007814212,rna10k
-0.006410867,0.008584287,rna10k
-0.006382349,-0.0010304027,rna10k
-0.0063520707,-0.008322485,rna10k
-0.006357929,-0.002501482,rna10k
-0.0063975607,0.007896268,rna10k
-0.0063333963,-0.010536417,rna10k
-0.0063644606,0.004760133,rna10k
-0.006386697,-0.004268325,rna10k
-0.006352277,-0.008543272,rna10k
-0.006400979,0.009939375,rna10k
-0.0073863626,-0.000688986,rna10k
-0.0063318275,-0.009252137,rna10k
-0.0065238494,-0.0019658578,rna10k
-0.0073580546,-0.0026696278,rna10k
-0.00735191,0.007139618,rna10k
-0.006360035,-0.0015578711,rna10k
-0.006386248,0.0067437617,rna10k
-0.006334255,-0.007489731,rna10k
-0.0063412357,-0.008607225,rna10k
-0.0063697984,0.006970028,rna10k
-0.007384986,-0.0016207219,rna10k
-0.0072459164,0.016820222,rna10k
-0.0073856884,0.0068919985,rna10k
-0.0073815826,-0.005345435,rna10k
-0.0073859636,-0.00010338015,rna10k
-0.0065248334,-0.015376359,rna10k
-0.0063672275,0.0051458757,rna10k
-0.0063648014,-0.0052942997,rna10k
-0.006366765,0.00038954028,rna10k
-0.0063633192,0.0025831554,rna10k
-0.006414467,0.009842917,rna10k
-0.007382927,-0.0056978585,rna10k
-0.0063603455,0.0010561855,rna10k
-0.006398377,0.0076132966,rna10k
-0.006366047,-0.0005685759,rna10k
-0.0063593667,-0.0069881165,rna10k
-0.006371759,-0.0055741584,rna10k
-0.0065241633,0.0037551036,rna10k
-0.0063587544,-0.0009277186,rna10k
-0.006530518,0.007939425,rna10k
-0.0063831736,-0.0025710477,rna10k
-0.006359104,-0.00081692426,rna10k
-0.006526627,-0.01111645,rna10k
-0.0063623684,-0.0022488905,rna10k
-0.0063607567,-0.008519374,rna10k
-0.0072533144,0.0034991188,rna10k
-0.006369249,0.0038616324,rna10k
-0.0073601417,0.0006304095,rna10k
-0.00736494,0.0009287636,rna10k
-0.00636787,-0.002793424,rna10k
-0.0063356888,-0.0091874,rna10k
-0.007385016,0.0025029485,rna10k
-0.0063375086,-0.009485458,rna10k
-0.007385403,0.0017735396,rna10k
-0.006525892,0.0049204286,rna10k
-0.0073613017,0.00676516,rna10k
-0.0072718393,0.014673265,rna10k
-0.006390291,0.002064863,rna10k
-0.006357304,-0.0059122154,rna10k
-0.0063663633,0.007898257,rna10k
-0.006340452,-0.0052066357,rna10k
-0.0063655195,0.0066255042,rna10k
-0.0063625975,-0.005732059,rna10k
-0.0063752895,0.0010536499,rna10k
-0.006360716,-0.00037269865,rna10k
-0.006363301,9.0305744e-05,rna10k
-0.0073858867,0.0011711906,rna10k
-0.006359476,-0.006090605,rna10k
-0.0063089277,0.005458944,rna10k
-0.0063388348,-0.0104319025,rna10k
-0.0072825,-0.0023337551,rna10k
-0.006651963,0.0071674595,rna10k
-0.006367325,0.0057399976,rna10k
-0.007284804,-0.0011421408,rna10k
-0.006385269,-0.006292479,rna10k
-0.006355843,-0.004977416,rna10k
-0.0073770364,-0.004846492,rna10k
-0.007381709,-0.00789337,rna10k
-0.007359383,0.013894581,rna10k
-0.0063631767,0.0012888889,rna10k
-0.0063988357,0.009515881,rna10k
-0.0063620587,0.00083686336,rna10k
-0.006360589,0.0015480198,rna10k
-0.0073590507,0.011728076,rna10k
-0.007359688,0.014150804,rna10k
-0.0073508588,0.008691534,rna10k
-0.0063590007,-0.008833541,rna10k
-0.006330183,-0.012062831,rna10k
-0.006377162,0.012855186,rna10k
-0.006362042,-0.0026815995,rna10k
-0.007359941,0.004176054,rna10k
-0.0063560894,-0.004922988,rna10k
-0.0063630976,-0.0018755832,rna10k
-0.007231096,0.007359341,rna10k
-0.0063395416,-0.005585808,rna10k
-0.006362955,0.00098559,rna10k
-0.00735146,0.010248928,rna10k
-0.0063647944,0.0033152052,rna10k
-0.00738377,-0.0046166736,rna10k
-0.007375023,-0.006453121,rna10k
-0.006365007,0.0051681693,rna10k
-0.007383332,0.004191545,rna10k
-0.006354857,-0.0069804937,rna10k
-0.0073867035,0.0012949657,rna10k
-0.006360266,-0.0008390558,rna10k
-0.006358909,-0.008473225,rna10k
-0.0068169413,0.004809561,rna10k
-0.006820153,0.0014336073,rna10k
-0.006376518,-0.01310786,rna10k
-0.007386344,0.0001853646,rna10k
-0.007355427,-0.0027114614,rna10k
-0.007377522,-0.006878124,rna10k
-0.0063628587,-0.008741436,rna10k
-0.0063353935,-0.009302035,rna10k
-0.0065327515,-0.0047698542,rna10k
-0.007388191,-0.0013524451,rna10k
-0.00636528,-0.0033501734,rna10k
-0.007359312,-0.007181894,rna10k
-0.0064879297,-0.026470961,rna10k
-0.0063653192,0.005514835,rna10k
-0.0073729446,-0.0048796684,rna10k
-0.0063709645,0.006099762,rna10k
-0.006364161,0.0008319238,rna10k
-0.0063733784,-0.019697936,rna10k
-0.0063673626,-0.0028453774,rna10k
-0.007382763,-0.0026179918,rna10k
-0.0063934512,0.010042223,rna10k
-0.0063973954,0.010986503,rna10k
-0.006366844,0.005205462,rna10k
-0.0073599457,0.012628584,rna10k
-0.006359333,-0.0017670351,rna10k
-0.0063595143,0.0030342482,rna10k
-0.006470468,-0.019722514,rna10k
-0.007361808,-0.010169865,rna10k
-0.006401754,0.009678605,rna10k
-0.006527007,-0.018221816,rna10k
-0.0071275,0.0061980193,rna10k
-0.0073835365,-0.0029972594,rna10k
-0.0065311515,0.020550111,rna10k
-0.007393075,0.010136746,rna10k
-0.0063622273,0.0012484619,rna10k
-0.0063357637,-0.0067951824,rna10k
-0.0063928044,-0.014551175,rna10k
-0.006364584,0.004872181,rna10k
-0.006514483,0.0074122674,rna10k
-0.0063851587,0.0011348578,rna10k
-0.00735701,0.013854415,rna10k
-0.0072716824,-0.005764311,rna10k
-0.007171833,0.0054027415,rna10k
-0.0073839743,0.0027457888,rna10k
-0.006391457,-0.0033833599,rna10k
-0.0065123737,-0.023974827,rna10k
-0.006361441,0.0016487007,rna10k
-0.0063642203,0.0022470057,rna10k
-0.0064820563,-0.010270201,rna10k
-0.007382684,-0.004636084,rna10k
-0.0073856506,0.0016772728,rna10k
-0.0063665947,-0.0046664514,rna10k
-0.0063545136,-0.0055204784,rna10k
-0.0065276367,-0.014732312,rna10k
-0.006366995,0.0053896466,rna10k
-0.0063641565,0.0025304642,rna10k
-0.006525801,0.0057827616,rna10k
-0.006393578,0.007857742,rna10k
-0.006365848,-0.0057541025,rna10k
-0.0063639944,-0.0030259788,rna10k
-0.0063306256,-0.0117082205,rna10k
-0.006364712,0.0018138085,rna10k
-0.006399032,0.0114841685,rna10k
-0.006370245,0.016528001,rna10k
-0.007386025,-0.0023438989,rna10k
-0.006360155,-0.001061014,rna10k
-0.0063615814,-0.0012546146,rna10k
-0.006375871,-0.012498572,rna10k
-0.006367349,-0.018941078,rna10k
-0.006524546,0.010714377,rna10k
-0.0063655903,0.0037950696,rna10k
-0.006354417,-0.006426178,rna10k
-0.0063953176,0.007281352,rna10k
-0.0063750865,-0.0074605593,rna10k
-0.006354527,-0.007232768,rna10k
-0.0065086577,-0.023818338,rna10k
-0.0073876604,0.0041613653,rna10k
-0.0063903034,0.00970149,rna10k
-0.0063699377,-0.00038223082,rna10k
-0.007362643,-0.006657389,rna10k
-0.007369357,-0.007110515,rna10k
-0.0063659158,-0.0036232679,rna10k
-0.0063662943,0.008537192,rna10k
-0.0063644345,-0.0044882004,rna10k
-0.0071917977,0.0048329164,rna10k
-0.0063618277,0.00028422702,rna10k
-0.0063644885,-0.005130524,rna10k
-0.007358479,0.006128361,rna10k
-0.0065259594,-0.0043785363,rna10k
-0.0065196245,0.019331794,rna10k
-0.0063661565,0.0067237443,rna10k
-0.006367504,-0.0021773833,rna10k
-0.0063314675,-0.0060121655,rna10k
-0.0063621076,0.0028799018,rna10k
-0.0063681784,0.0069854427,rna10k
-0.0065249116,-0.010848105,rna10k
-0.0073858993,0.0014578021,rna10k
-0.006362779,0.0024005598,rna10k
-0.00633943,-0.0073469183,rna10k
-0.006360007,0.00022013375,rna10k
-0.0063706934,0.0070904293,rna10k
-0.0065240464,-0.016831031,rna10k
-0.0073659075,-0.002804694,rna10k
-0.0063771177,-0.025164379,rna10k
-0.0073873885,0.0028420377,rna10k
-0.006821523,0.0019728849,rna10k
-0.0073565384,0.0056264573,rna10k
-0.007356058,0.009336389,rna10k
-0.0063682804,0.0075950497,rna10k
-0.006370326,0.005357259,rna10k
-0.0073821945,-0.004825644,rna10k
-0.0073999404,0.021299567,rna10k
-0.006362409,0.0013291598,rna10k
-0.0063647577,0.004682555,rna10k
-0.00636961,0.00843463,rna10k
-0.0063952813,0.011926168,rna10k
-0.0066676475,0.006094934,rna10k
-0.0072720163,0.0048603504,rna10k
-0.0073812767,-0.0044150194,rna10k
-0.006364827,-0.011492219,rna10k
-0.006353034,-0.007459963,rna10k
-0.006360934,-0.0024169998,rna10k
-0.006364553,-0.007221486,rna10k
-0.0063671283,0.0053215725,rna10k
-0.006371224,-0.008848055,rna10k
-0.006367622,0.0057847043,rna10k
-0.0071091615,-0.0032073027,rna10k
-0.006365868,0.0041907257,rna10k
-0.007366055,-0.0049525276,rna10k
-0.0073793572,-0.005500988,rna10k
-0.0073878155,0.0017776471,rna10k
-0.0065244855,0.017471442,rna10k
-0.0064017996,0.0072575375,rna10k
-0.007358952,0.008244315,rna10k
-0.0073846024,0.001107265,rna10k
-0.006353752,-0.020409118,rna10k
-0.0064202785,0.010585906,rna10k
-0.0063625025,-0.0063684033,rna10k
-0.0063683568,0.00937929,rna10k
-0.0063851275,-0.0056435117,rna10k
-0.0063671484,0.009271144,rna10k
-0.0063700043,5.404112e-05,rna10k
-0.0073629497,0.013593511,rna10k
-0.007385635,0.007476233,rna10k
-0.0065261126,0.012625784,rna10k
-0.0073725027,-0.006351916,rna10k
-0.0063626827,-0.0010662691,rna10k
-0.006368422,0.0059565157,rna10k
-0.007252011,0.0023365887,rna10k
-0.006529159,0.012814647,rna10k
-0.0063721687,0.008792539,rna10k
-0.0063609215,0.0012588248,rna10k
-0.006825618,0.0021526134,rna10k
-0.007383803,-0.0045073694,rna10k
-0.0073847235,-0.0024570432,rna10k
-0.0063643935,-0.008242989,rna10k
-0.007359563,0.0018039871,rna10k
-0.006401438,0.0073036714,rna10k
-0.007338511,0.00254445,rna10k
-0.006357056,-0.0041502337,rna10k
-0.007153947,0.007065566,rna10k
-0.0063623963,0.0037454646,rna10k
-0.0063606617,-0.0012266831,rna10k
-0.0071830135,0.0009771697,rna10k
-0.006367335,0.0079001635,rna10k
-0.0063657155,0.0010126865,rna10k
-0.007373927,-0.0057076393,rna10k
-0.007384385,0.004685757,rna10k
-0.0063618016,0.00041689884,rna10k
-0.006369285,0.0074468884,rna10k
-0.006382334,-0.0039739134,rna10k
-0.007365702,-0.0031995801,rna10k
-0.006378668,-0.002676967,rna10k
-0.0065125246,-0.020559767,rna10k
-0.006365548,-0.010374091,rna10k
-0.00636836,0.0077966773,rna10k
-0.0063685644,-0.014273643,rna10k
-0.007386833,0.0023398367,rna10k
-0.0065239286,-0.0038922273,rna10k
-0.006391359,0.007919633,rna10k
-0.0073751765,-0.010225104,rna10k
-0.006355614,-0.0055705057,rna10k
-0.007313076,-0.0136371,rna10k
-0.007150891,-0.00079547055,rna10k
-0.0073823105,-0.003630258,rna10k
-0.0071585164,-0.022669347,rna10k
-0.006363798,0.0014491619,rna10k
-0.0063612442,0.0013025878,rna10k
-0.007346584,0.0026623206,rna10k
-0.006370898,0.0075967424,rna10k
-0.0063651507,0.003885671,rna10k
-0.006374764,-0.005547372,rna10k
-0.00636644,-0.0157546,rna10k
-0.007359734,-0.0146078,rna10k
-0.0063668,0.0058384934,rna10k
-0.006368466,0.010387106,rna10k
-0.0065230164,0.014903298,rna10k
-0.0073876656,0.0010739048,rna10k
-0.0073841745,0.0066013755,rna10k
-0.0063332305,-0.008997777,rna10k
-0.0065212203,0.019354975,rna10k
-0.00735962,0.0016305676,rna10k
-0.0063820994,-0.00652731,rna10k
-0.0065251216,-0.012584347,rna10k
-0.0063637556,-0.0050860965,rna10k
-0.006362306,0.0010189561,rna10k
-0.006369967,0.010118943,rna10k
-0.006363927,-0.006585064,rna10k
-0.006333825,-0.011408009,rna10k
-0.00634582,-0.003954928,rna10k
-0.0073634777,-0.009496091,rna10k
-0.006525801,-0.0128582325,rna10k
-0.0073289606,-0.013884055,rna10k
-0.0063711177,-0.0025759586,rna10k
-0.0063665826,0.010416885,rna10k
-0.0064143566,0.004710286,rna10k
-0.006366306,0.0063207075,rna10k
-0.0073843435,-0.0039630146,rna10k
-0.0063659833,0.005474946,rna10k
-0.0063663605,-0.0037056846,rna10k
-0.006819646,0.000994586,rna10k
-0.0063686967,0.006553644,rna10k
-0.0073781284,-0.0038193185,rna10k
-0.0066055856,-0.006042177,rna10k
-0.006356733,-0.0034624785,rna10k
-0.0063569504,-0.0013442116,rna10k
-0.007360418,0.013643193,rna10k
-0.0073626502,-0.0057991915,rna10k
-0.006365855,-0.008092442,rna10k
-0.006357889,-0.0017563816,rna10k
-0.006524298,0.009989167,rna10k
-0.006507112,-0.018121593,rna10k
-0.0063653956,-0.006834257,rna10k
-0.006336882,-0.010524594,rna10k
-0.00634003,-0.010486802,rna10k
-0.0064016855,0.0098220715,rna10k
-0.0063967807,0.011017479,rna10k
-0.0072818035,-0.0018852928,rna10k
-0.0065150578,0.016619928,rna10k
-0.006384697,-0.005345544,rna10k
-0.006657533,-0.0008257372,rna10k
-0.0073482585,-0.013808172,rna10k
-0.00737425,-0.0066841827,rna10k
-0.0063664177,-0.006327081,rna10k
-0.006357495,-0.0042532785,rna10k
-0.007363575,-0.009002967,rna10k
-0.007307012,0.004892568,rna10k
-0.0065248855,-0.012674372,rna10k
-0.0063623004,-0.0128441565,rna10k
-0.0073760785,-0.006419871,rna10k
-0.007382008,-0.0012168987,rna10k
-0.0073617855,-0.0087910835,rna10k
-0.0073847324,0.0064498363,rna10k
-0.00652557,-0.012603069,rna10k
-0.0066516735,0.0011517641,rna10k
-0.0073777456,-0.006619612,rna10k
-0.006524135,0.017793106,rna10k
-0.0063638077,0.003171672,rna10k
-0.0073848506,-0.0024697501,rna10k
-0.006513459,-0.017228732,rna10k
-0.0073859035,-0.000752823,rna10k
-0.006363287,-0.0061551705,rna10k
-0.0073872446,0.015324803,rna10k
-0.0072530294,0.009390435,rna10k
-0.0063651702,0.0028430235,rna10k
-0.006364544,0.004507331,rna10k
-0.007378412,0.008522524,rna10k
-0.007250983,-0.00042910423,rna10k
-0.0063675265,0.006485713,rna10k
-0.006401151,0.009320094,rna10k
-0.0063525457,-0.008977442,rna10k
-0.007233376,0.0032921077,rna10k
-0.007239109,0.0051571783,rna10k
-0.0073784175,-0.0062027103,rna10k
-0.006311281,0.0011049599,rna10k
-0.0064711976,-0.02003366,rna10k
-0.007386444,0.0009853531,rna10k
-0.0073865033,0.006108413,rna10k
-0.006364201,0.006244071,rna10k
-0.006339113,-0.009328512,rna10k
-0.0072449436,0.0011051148,rna10k
-0.006358769,-0.0037097733,rna10k
-0.006384932,0.004084067,rna10k
-0.006523116,0.00910439,rna10k
-0.0073214998,0.00012795086,rna10k
-0.0073848474,-0.0016663921,rna10k
-0.006369658,0.009488902,rna10k
-0.0073613822,-0.007660662,rna10k
-0.007356991,0.005365986,rna10k
-0.0068238312,0.0087788,rna10k
-0.0063556456,-0.0048008054,rna10k
-0.006405031,0.0019880724,rna10k
-0.0063687754,0.007976987,rna10k
-0.0063533694,-0.0075108167,rna10k
-0.0073633203,-0.0071616317,rna10k
-0.006365725,0.004196571,rna10k
-0.006364174,-0.0040234607,rna10k
-0.0063680736,0.008091617,rna10k
-0.006874314,0.005752623,rna10k
-0.0063707475,-0.021673003,rna10k
-0.007262947,-0.0015097475,rna10k
-0.006363123,-0.005810867,rna10k
-0.0063681654,0.011277754,rna10k
-0.0064023538,0.0071733496,rna10k
-0.006373006,0.0032396752,rna10k
-0.0073733847,-0.004832289,rna10k
-0.006507358,-0.028060153,rna10k
-0.0064430875,-0.018706396,rna10k
-0.007371168,-0.004520123,rna10k
-0.006379299,-0.0060830037,rna10k
-0.006365263,0.003593225,rna10k
-0.006359956,-0.009512567,rna10k
-0.0063689775,0.0028706633,rna10k
-0.0063623413,0.0011917398,rna10k
-0.0063690646,-0.011594762,rna10k
-0.00636123,-0.0070114373,rna10k
-0.007261214,0.0050059604,rna10k
-0.0063296333,-0.010696931,rna10k
-0.0064009978,0.008268425,rna10k
-0.007373299,-0.0033647479,rna10k
-0.006401723,0.00893584,rna10k
-0.0063662236,0.0040251203,rna10k
-0.0063808267,-0.0014452661,rna10k
-0.006384736,-0.012271748,rna10k
-0.006369956,-0.005950705,rna10k
-0.0073600826,-0.010412391,rna10k
-0.0063608154,-0.00094330386,rna10k
-0.0073695984,-0.004895777,rna10k
-0.0073744487,-0.008448365,rna10k
-0.006525939,-0.011094758,rna10k
-0.006332729,-0.012281595,rna10k
-0.0063532796,-0.007855241,rna10k
-0.0063869846,0.0028698482,rna10k
-0.007381719,-0.005023929,rna10k
-0.0073533384,0.009046323,rna10k
-0.006363987,-0.00752393,rna10k
-0.0073592537,0.011570078,rna10k
-0.0063663316,0.008454294,rna10k
-0.0071137655,0.0013146746,rna10k
-0.007358801,0.0026525978,rna10k
-0.0063617867,-0.0023579434,rna10k
-0.006354216,-0.00725434,rna10k
-0.0063614957,-0.0054309354,rna10k
-0.0073787593,-0.0070261206,rna10k
-0.006517306,-0.023737296,rna10k
-0.0063540735,-0.0068859053,rna10k
-0.006398822,0.0021573303,rna10k
-0.0063652066,0.0036240206,rna10k
-0.0073838527,0.0066569652,rna10k
-0.0063303052,-0.008576946,rna10k
-0.0063679316,0.0020717392,rna10k
-0.006365379,0.0038423063,rna10k
-0.0063636685,-0.004535018,rna10k
-0.0063911076,0.0016288896,rna10k
-0.006371014,-0.00058270927,rna10k
-0.0063582864,-0.0011532651,rna10k
-0.0063675228,0.0061494703,rna10k
-0.007239446,-0.0029955572,rna10k
-0.006318949,-0.010516793,rna10k
-0.00636753,0.005610851,rna10k
-0.0073614474,-0.0024439923,rna10k
-0.00635256,-0.007852382,rna10k
-0.007366734,-0.009944482,rna10k
-0.00736945,-0.0021813654,rna10k
-0.006390786,0.006757074,rna10k
-0.007265868,0.008619474,rna10k
-0.0068193898,-0.00068035454,rna10k
-0.006369024,-0.009577441,rna10k
-0.006362465,0.0011419836,rna10k
-0.007385567,-0.003382047,rna10k
-0.0064120283,0.007545689,rna10k
-0.0065245926,0.016045572,rna10k
-0.007364894,-0.00090633676,rna10k
-0.0073777875,-0.005814816,rna10k
-0.0063679246,-0.0025246565,rna10k
-0.006330415,-0.012649992,rna10k
-0.007384232,-0.0032645978,rna10k
-0.006363551,0.002211881,rna10k
-0.0063660126,0.01076983,rna10k
-0.0073897117,0.0018179965,rna10k
-0.006365557,0.0069077397,rna10k
-0.0065670544,-0.03777432,rna10k
-0.006361653,-0.00075103063,rna10k
-0.0063635637,0.001968605,rna10k
-0.0063633574,6.424612e-05,rna10k
-0.0073820865,-0.0041001947,rna10k
-0.0063903835,-0.0028862543,rna10k
-0.0065254276,-0.014793097,rna10k
-0.007356145,0.0054068645,rna10k
-0.0065255435,-0.004709942,rna10k
-0.0063608205,0.0023072145,rna10k
-0.007354337,0.009315259,rna10k
-0.0073372317,-0.0022494514,rna10k
-0.006359779,0.0001734559,rna10k
-0.0065090274,-0.016405199,rna10k
-0.0063604894,-0.001015225,rna10k
-0.006363274,0.0024483309,rna10k
-0.006376596,0.0047178348,rna10k
-0.007265281,0.018132882,rna10k
-0.006353517,-0.007188732,rna10k
-0.0065245256,-0.010039537,rna10k
-0.0063402667,-0.0019478993,rna10k
-0.0072402935,0.00590852,rna10k
-0.006366867,0.0053760265,rna10k
-0.006368573,-0.0012813224,rna10k
-0.0065125376,-0.019910319,rna10k
-0.0073542586,0.0036062961,rna10k
-0.006365603,0.0037681242,rna10k
-0.007361572,-0.0086468,rna10k
-0.0063653924,0.0044727824,rna10k
-0.0063653016,-0.0038567863,rna10k
-0.0063705826,-0.0069374917,rna10k
-0.006521541,-0.020152694,rna10k
-0.0073524625,-0.007922905,rna10k
-0.0073607154,-0.009064336,rna10k
-0.0073043187,0.009010046,rna10k
-0.006367859,0.007709909,rna10k
-0.006370771,-0.00012605813,rna10k
-0.0064136097,0.005421646,rna10k
-0.0073871342,-0.0022916032,rna10k
-0.006351754,-0.010934396,rna10k
-0.0073578237,0.011888753,rna10k
-0.0073832013,0.0062298146,rna10k
-0.006359573,-0.0020093017,rna10k
-0.006365718,0.006386492,rna10k
-0.006513741,0.0021359897,rna10k
-0.006355577,-0.005591888,rna10k
-0.006381563,0.0020353901,rna10k
-0.007177096,0.00020234518,rna10k
-0.006362795,-0.00503387,rna10k
-0.0073616393,0.010030407,rna10k
-0.0063633886,0.0019085251,rna10k
-0.0063531813,-0.007593359,rna10k
-0.006525285,0.011623107,rna10k
-0.0073759574,-0.0056188987,rna10k
-0.0073830914,0.010405384,rna10k
-0.0063962,0.009076302,rna10k
-0.0073638856,-0.010169085,rna10k
-0.0063648117,0.004143272,rna10k
-0.007266218,0.0071210195,rna10k
-0.0073809167,-0.0045393044,rna10k
-0.007379822,-0.0057039163,rna10k
-0.006367692,-0.0024549812,rna10k
-0.0073591783,-0.007846,rna10k
-0.007339079,-0.008485984,rna10k
-0.006528978,-0.013500094,rna10k
-0.006358219,-0.005202809,rna10k
-0.006513831,0.0010396881,rna10k
-0.007354243,0.0021143158,rna10k
-0.006645952,0.0033263003,rna10k
-0.0065249386,-0.012899233,rna10k
-0.006365628,0.0049911602,rna10k
-0.007313922,-0.004211831,rna10k
-0.0073881983,0.0031726116,rna10k
-0.006366817,0.0060109105,rna10k
-0.0063888584,-0.0039017939,rna10k
-0.0072787004,0.00017712476,rna10k
-0.0063640284,-0.007610014,rna10k
-0.006358638,-0.00074134255,rna10k
-0.006366355,0.0070349528,rna10k
-0.007150779,-0.0007863369,rna10k
-0.0073644933,-0.0071765045,rna10k
-0.006366463,0.0072801323,rna10k
-0.006524449,-0.013121054,rna10k
-0.0065192063,0.018016443,rna10k
-0.007363511,-0.0017425562,rna10k
-0.0063604214,-0.0021178965,rna10k
-0.0063888812,0.0030744125,rna10k
-0.0066462317,0.0069586164,rna10k
-0.0071502062,-0.0242296,rna10k
-0.0063923816,0.00526263,rna10k
-0.007385023,0.0026800015,rna10k
-0.007251134,-0.010295567,rna10k
-0.0065258215,0.024283813,rna10k
-0.0073556523,0.0012402593,rna10k
-0.006360565,-0.005262347,rna10k
-0.006352519,-0.009408193,rna10k
-0.0063864533,-0.00010757098,rna10k
-0.007349866,0.015585177,rna10k
-0.007383326,-0.0042833695,rna10k
-0.006365903,0.0030654757,rna10k
-0.0073604267,0.0039008074,rna10k
-0.0063641993,-0.008227048,rna10k
-0.0073619043,-0.0017843753,rna10k
-0.006359603,-0.0015589754,rna10k
-0.006365981,0.0048822835,rna10k
-0.006370176,-0.002178558,rna10k
-0.007377274,-0.006130109,rna10k
-0.0073750904,-0.00856038,rna10k
-0.007358751,0.005231132,rna10k
-0.00635904,-0.0067691267,rna10k
-0.0063619497,0.0025371583,rna10k
-0.006407423,0.0032514946,rna10k
-0.0063567753,-0.0037673102,rna10k
-0.006365715,-0.0049317423,rna10k
-0.0073724473,-0.009915015,rna10k
-0.0063706157,0.007541494,rna10k
-0.0072633303,-0.00011573935,rna10k
-0.0063693947,0.008702585,rna10k
-0.006353937,-0.0063738595,rna10k
-0.006391478,0.008317951,rna10k
-0.0063662957,0.009790397,rna10k
-0.0063827317,-0.0040210634,rna10k
-0.0063653737,0.00127857,rna10k
-0.0065244664,0.0020813067,rna10k
-0.006528804,0.0075957803,rna10k
-0.0073859897,0.0026031155,rna10k
-0.0063558845,-0.006918069,rna10k
-0.0065279934,0.007876361,rna10k
-0.007379595,-0.004046343,rna10k
-0.006369404,-0.0021457672,rna10k
-0.006510442,-0.021320468,rna10k
-0.006365715,0.007577188,rna10k
-0.007385462,0.004598409,rna10k
-0.0073859193,0.004124743,rna10k
-0.006366869,0.0061662802,rna10k
-0.006519189,0.016036725,rna10k
-0.007387545,0.0038875432,rna10k
-0.0063777217,0.0009822337,rna10k
-0.0063693654,-0.0053414353,rna10k
-0.006397761,0.011123929,rna10k
-0.0073908204,0.01112013,rna10k
-0.007269544,-0.0057259616,rna10k
-0.006364506,-0.0028305044,rna10k
-0.006522026,0.015861752,rna10k
-0.006519618,0.014031222,rna10k
-0.006375586,-0.0016615142,rna10k
-0.006357532,-0.0052087307,rna10k
-0.0073803104,-0.00534201,rna10k
-0.0068207895,0.0017899751,rna10k
-0.0063563352,-0.0044493782,rna10k
-0.006359501,0.001054931,rna10k
-0.006362959,-0.0068945284,rna10k
-0.0065256236,-0.01548358,rna10k
-0.0063680923,0.0071812,rna10k
-0.0073557645,0.009907728,rna10k
-0.0073874346,-0.00052527233,rna10k
-0.00636627,8.209154e-05,rna10k
-0.0063637476,-0.006613093,rna10k
-0.0063525275,-0.0059883893,rna10k
-0.006364929,0.0031645722,rna10k
-0.006335138,-0.0075586205,rna10k
-0.0073620947,-0.0056499653,rna10k
-0.0073670307,-0.004986217,rna10k
-0.0063681067,0.0067062243,rna10k
-0.0063612713,-0.0009217147,rna10k
-0.006354467,-0.0048250416,rna10k
-0.006379987,0.0044892654,rna10k
-0.0073706363,0.0010717566,rna10k
-0.0073839286,0.0076837773,rna10k
-0.0063628517,0.0027294965,rna10k
-0.006529227,0.008072973,rna10k
-0.006363911,0.0031735923,rna10k
-0.006365045,0.002157861,rna10k
-0.006366443,0.007330337,rna10k
-0.0073302356,-0.0040463377,rna10k
-0.0063627814,-0.0089259185,rna10k
-0.0073629185,-0.0041938345,rna10k
-0.0063724145,-0.006471896,rna10k
-0.0073600756,0.0015207056,rna10k
-0.006361724,0.0027006506,rna10k
-0.0073871673,-0.0012318753,rna10k
-0.006514774,0.0025107337,rna10k
-0.0063897143,0.0067111547,rna10k
-0.00737753,-0.0049045496,rna10k
-0.00636677,0.008050584,rna10k
-0.0063630943,0.0015340501,rna10k
-0.0063610366,0.00063568726,rna10k
-0.0063902494,0.0051752576,rna10k
-0.006354001,-0.005734853,rna10k
-0.007368167,-0.0041386113,rna10k
-0.007384786,0.0024579396,rna10k
-0.0073659015,-0.0019616934,rna10k
-0.0063616377,-0.0019732844,rna10k
-0.0063518067,-0.008710078,rna10k
-0.006363691,0.0017184115,rna10k
-0.006369971,0.0072636227,rna10k
-0.006391013,0.004225321,rna10k
-0.007359972,0.004647417,rna10k
-0.00642897,0.006979051,rna10k
-0.0073849997,0.007800937,rna10k
-0.0065281983,0.0033387765,rna10k
-0.0073834634,-0.0029063139,rna10k
-0.0073808027,-0.005891891,rna10k
-0.0073842886,-0.0036344773,rna10k
-0.0072651077,-0.0046359985,rna10k
-0.0073858323,0.0006898335,rna10k
-0.0063594826,-0.003647745,rna10k
-0.0063684788,-0.019902337,rna10k
-0.006537147,-0.038424667,rna10k
-0.006363634,0.0019299764,rna10k
-0.007360605,-0.007918464,rna10k
-0.006369253,0.0074059716,rna10k
-0.0073530055,0.016674694,rna10k
-0.007388822,0.0007238751,rna10k
-0.0063657393,-0.004146675,rna10k
-0.006361492,0.0013172096,rna10k
-0.007387286,-0.00038781393,rna10k
-0.0073863324,0.0012708312,rna10k
-0.006397532,0.008062591,rna10k
-0.006368932,0.007968702,rna10k
-0.0063587795,-4.292138e-05,rna10k
-0.006393016,0.0051023564,rna10k
-0.007227847,-0.0061228103,rna10k
-0.0065235,0.019570412,rna10k
-0.0063685593,0.0076728296,rna10k
-0.0063636685,0.0023865914,rna10k
-0.006366313,0.009409326,rna10k
-0.006392001,0.0033477354,rna10k
-0.007385114,0.005627049,rna10k
-0.007358532,-0.023973463,rna10k
-0.0073578767,0.004823296,rna10k
-0.0073811635,-0.0058313217,rna10k
-0.0063617215,0.00069542456,rna10k
-0.006373837,-0.00078677107,rna10k
-0.0063706543,-0.002635562,rna10k
-0.007385715,0.00035529907,rna10k
-0.0063591315,-0.00016620655,rna10k
-0.0065336875,-0.02698935,rna10k
-0.0063836575,-0.006606869,rna10k
-0.007383528,0.004106767,rna10k
-0.0072680777,0.0009444916,rna10k
-0.0065124347,-0.0076523125,rna10k
-0.006361701,-0.00030630393,rna10k
-0.0073845168,-0.0026927728,rna10k
-0.006353094,-0.008079574,rna10k
-0.007380284,-0.005631637,rna10k
-0.0063599343,-0.0042388616,rna10k
-0.006372763,-0.003610162,rna10k
-0.0063917446,0.0051179603,rna10k
-0.0063658664,-6.861948e-05,rna10k
-0.00738102,-0.0031890436,rna10k
-0.007382332,0.0073195915,rna10k
-0.0063926117,-0.0015653464,rna10k
-0.006372024,-0.0035454144,rna10k
-0.0073720235,-0.005084042,rna10k
-0.007362174,0.0028181118,rna10k
-0.0065238476,0.0031935053,rna10k
-0.0072276657,-0.017039686,rna10k
-0.0063666054,0.0045961565,rna10k
-0.006373387,0.008894037,rna10k
-0.007383791,-0.0006997212,rna10k
-0.00736221,0.0017183768,rna10k
-0.007384816,0.0032488548,rna10k
-0.0065179896,0.00963172,rna10k
-0.0073513375,-0.0077903755,rna10k
-0.0063618347,-0.000351815,rna10k
-0.0063749435,-0.007215516,rna10k
-0.0063397307,-0.0059828865,rna10k
-0.0063592903,-0.0008624279,rna10k
-0.00636174,-0.00092369213,rna10k
-0.006359528,-0.005720844,rna10k
0.0049771396,0.0038442637,atac10k
0.0049788035,0.0018527897,atac10k
0.0049786055,0.0017862412,atac10k
0.004915516,-0.0038731915,atac10k
0.004962736,0.0008130321,atac10k
0.0049775895,0.0037916787,atac10k
0.004977957,0.0028422922,atac10k
0.0049786167,0.0019352513,atac10k
0.004947746,-0.0029771884,atac10k
0.004978072,0.002716693,atac10k
0.004977644,0.0017940255,atac10k
0.0049777688,0.0029595739,atac10k
0.004977174,0.003865625,atac10k
0.0049790917,0.0015886298,atac10k
0.0049466356,-0.0026567318,atac10k
0.004977483,0.0033972347,atac10k
0.004948252,-0.003121076,atac10k
0.0049780295,0.0027984756,atac10k
0.0049786796,0.0013354708,atac10k
0.004947727,-0.00324577,atac10k
0.0049467874,-0.0032825093,atac10k
0.004979249,0.0022751435,atac10k
0.0049777483,0.0031329205,atac10k
0.0049778293,0.0014084389,atac10k
0.004977886,0.0028204678,atac10k
0.0049491692,-0.002326003,atac10k
0.004977577,0.0030966464,atac10k
0.0049482267,-0.0032165146,atac10k
0.004977343,0.0034982865,atac10k
0.004963417,7.207536e-05,atac10k
0.004948358,-0.0049403235,atac10k
0.00497835,0.002373407,atac10k
0.004977945,0.002005855,atac10k
0.004977869,0.0029089532,atac10k
0.0049465424,-0.0027712563,atac10k
0.0049772616,0.0005806009,atac10k
0.0049774847,0.0033303907,atac10k
0.0049784207,0.0021077348,atac10k
0.0049777143,0.002921052,atac10k
0.004978249,0.0024251062,atac10k
0.004978221,0.0021826145,atac10k
0.0049787196,0.00171074,atac10k
0.0049787425,0.001444996,atac10k
0.0049466817,-0.0026026347,atac10k
0.004949073,-0.0030444462,atac10k
0.004963188,0.0002758195,atac10k
0.0049788784,0.001725199,atac10k
0.0049474915,-0.0033514618,atac10k
0.0049249204,-0.003970659,atac10k
0.0049777213,0.003054575,atac10k
0.004952414,-0.0027745909,atac10k
0.0049786745,0.002320355,atac10k
0.004978186,0.0019481572,atac10k
0.0049470263,-0.0030042748,atac10k
0.0049249954,-0.0053745075,atac10k
0.004978717,0.0021853584,atac10k
0.004976406,0.0030430986,atac10k
0.0049785357,0.0021768985,atac10k
0.004913235,-0.004107078,atac10k
0.0049134186,-0.0038372357,atac10k
0.004968672,0.00075502787,atac10k
0.004977983,0.0041481084,atac10k
0.0049781087,0.0024846005,atac10k
0.0049477,-0.003161068,atac10k
0.004946718,-0.0029388692,atac10k
0.0049776537,0.0031543903,atac10k
0.0049765096,0.004113769,atac10k
0.004978762,0.0025120561,atac10k
0.0049494733,-0.003919541,atac10k
0.004966323,0.00031070807,atac10k
0.004977781,0.0016715259,atac10k
0.004952614,-0.005542445,atac10k
0.0049769254,0.0024175048,atac10k
0.0049788216,0.0015385238,atac10k
0.004978751,0.001783493,atac10k
0.004946418,-0.0034470882,atac10k
0.004945172,-0.0043830327,atac10k
0.0049785925,0.0019339571,atac10k
0.0049769464,0.0026354028,atac10k
0.0049229194,-0.003426699,atac10k
0.0049785976,0.001841008,atac10k
0.004978189,0.0024028386,atac10k
0.004946837,-0.0034073184,atac10k
0.004947028,-0.002749139,atac10k
0.0049780393,0.0028473292,atac10k
0.0049782186,0.0019771534,atac10k
0.0049777343,0.0029247326,atac10k
0.0049786614,0.0016645064,atac10k
0.0049771615,0.0017117728,atac10k
0.0049788216,0.0017584165,atac10k
0.0049718283,0.00068389584,atac10k
0.0049477303,-0.0033891974,atac10k
0.0049789203,0.002135614,atac10k
0.0049784407,0.002311021,atac10k
0.0049783997,0.0019039004,atac10k
0.004946389,-0.0033495626,atac10k
0.0049472246,-0.0029661304,atac10k
0.004976523,0.0025833675,atac10k
0.004976829,0.001964915,atac10k
0.004978502,0.0017195998,atac10k
0.0049783383,0.0024602667,atac10k
0.004978385,0.0023337214,atac10k
0.004979127,0.0013190929,atac10k
0.0049472945,-0.002718324,atac10k
0.0049781385,0.0025407341,atac10k
0.0049466207,-0.002982978,atac10k
0.004946545,-0.0030063046,atac10k
0.00494698,-0.003003706,atac10k
0.00497868,0.001337787,atac10k
0.004923879,-0.004018388,atac10k
0.0049776374,0.0030912326,atac10k
0.0049465285,-0.0031855626,atac10k
0.004978467,0.0020233497,atac10k
0.0049774344,0.0034113857,atac10k
0.004947002,-0.0032698065,atac10k
0.0049780095,0.0028093737,atac10k
0.0049784025,0.0022295841,atac10k
0.004946564,-0.0037996802,atac10k
0.004978417,0.002200715,atac10k
0.0049784323,0.002264192,atac10k
0.004947667,-0.0030061624,atac10k
0.004977753,0.00280794,atac10k
0.004979033,0.0038594895,atac10k
0.0049778074,0.0028283144,atac10k
0.0049230084,-0.0043326034,atac10k
0.004978921,0.0014654951,atac10k
0.0049480028,-0.0030465038,atac10k
0.0049779946,0.0027384742,atac10k
0.004977726,0.0031452035,atac10k
0.0049785217,0.0018212477,atac10k
0.004978875,0.0015301205,atac10k
0.0049786903,0.00171404,atac10k
0.004946413,-0.0025569412,atac10k
0.004976413,0.004309423,atac10k
0.0049773376,0.0023349915,atac10k
0.0049784575,0.0016236611,atac10k
0.004948346,-0.0028049294,atac10k
0.0049472186,-0.0033755875,atac10k
0.0049778614,0.0023566317,atac10k
0.0049468656,-0.0052211005,atac10k
0.004978518,0.002086137,atac10k
0.004978674,0.0018699165,atac10k
0.00497883,0.0019960336,atac10k
0.0049471664,-0.0033135589,atac10k
0.0049485527,-0.0037209867,atac10k
0.0049465937,-0.003717216,atac10k
0.004958575,-0.0011592457,atac10k
0.004948245,-0.005232934,atac10k
0.0049780686,0.00233228,atac10k
0.0049779546,0.00223153,atac10k
0.004978568,0.0018211834,atac10k
0.004977221,0.003756705,atac10k
0.004977972,0.0015243961,atac10k
0.0049482635,-0.003801151,atac10k
0.0049774125,0.0019392963,atac10k
0.004978454,0.0018829519,atac10k
0.004947798,-0.0032787505,atac10k
0.004947448,-0.0058762464,atac10k
0.004948993,-0.004260333,atac10k
0.004946992,-0.0025069339,atac10k
0.004978779,0.0016712677,atac10k
0.0049777604,0.0028233898,atac10k
0.0049785166,0.0015307843,atac10k
0.0049483324,-0.0031372572,atac10k
0.004978647,0.0024501954,atac10k
0.0049786586,0.0015626048,atac10k
0.00494697,-0.004090056,atac10k
0.0049781576,0.0025387804,atac10k
0.0049775825,0.0023690115,atac10k
0.0049777427,0.003054046,atac10k
0.004915972,-0.0031103138,atac10k
0.004978492,0.001830743,atac10k
0.0049464176,-0.0046036234,atac10k
0.0049693547,0.001914048,atac10k
0.004935309,-0.0036640596,atac10k
0.0049465466,-0.0033091495,atac10k
0.004978551,0.0019903437,atac10k
0.0049787033,0.0017715136,atac10k
0.004977437,0.0019420082,atac10k
0.0049474556,-0.0040418776,atac10k
0.0049471213,-0.0030199206,atac10k
0.004976309,0.0020705448,atac10k
0.0049784384,0.0022002605,atac10k
0.004949894,-0.0013443383,atac10k
0.004948329,-0.0035232813,atac10k
0.0049781143,0.0025228886,atac10k
0.0049439603,-0.0037112169,atac10k
0.004978561,0.002032258,atac10k
0.0049769795,0.00400777,atac10k
0.0049478617,-0.0031620697,atac10k
0.0049780067,0.002773221,atac10k
0.0049481774,-0.0033214847,atac10k
0.004949328,-0.003991261,atac10k
0.0049764398,0.0016074529,atac10k
0.00497737,0.0036282968,atac10k
0.0049775844,0.0032451071,atac10k
0.0049747895,0.0012809822,atac10k
0.0049379393,-0.0058708573,atac10k
0.004945656,-0.003257584,atac10k
0.0049781855,0.0024156317,atac10k
0.004946793,-0.0034949519,atac10k
0.004978598,0.0019332407,atac10k
0.0049780356,0.0027519674,atac10k
0.004953102,-0.0036392317,atac10k
0.0049778796,0.0022736327,atac10k
0.0049771657,0.0038847195,atac10k
0.004978303,0.0023390446,atac10k
0.004946616,-0.0034284191,atac10k
0.00497554,0.0017464886,atac10k
0.00497713,0.0036296425,atac10k
0.004972391,0.0027311412,atac10k
0.004976666,0.004328304,atac10k
0.0049469653,-0.0030437084,atac10k
0.0049785846,0.0020194938,atac10k
0.004978553,0.0020344271,atac10k
0.0049774363,0.003458343,atac10k
0.0049771536,0.0036374906,atac10k
0.004978644,0.0017321449,atac10k
0.0049786856,0.0018085755,atac10k
0.004977434,0.0018193659,atac10k
0.004978787,0.0017047788,atac10k
0.0049787983,0.0016034187,atac10k
0.004978827,0.0018815434,atac10k
0.004947081,-0.004527699,atac10k
0.004978063,0.002631698,atac10k
0.0049492004,-0.002876798,atac10k
0.0049466034,-0.002802065,atac10k
0.004948617,-0.002723534,atac10k
0.004947497,-0.0030445785,atac10k
0.004978095,0.0026030343,atac10k
0.0049786516,0.0018934546,atac10k
0.0049788565,0.0018864713,atac10k
0.004977498,0.0033297937,atac10k
0.004978162,0.0023677289,atac10k
0.004978016,0.0026947653,atac10k
0.004947013,-0.0026904214,atac10k
0.0049465094,-0.0028545763,atac10k
0.004949602,-0.0046393857,atac10k
0.004947672,-0.0042402023,atac10k
0.004977817,0.0029616044,atac10k
0.0049784016,0.0021747896,atac10k
0.0049479436,-0.0032080119,atac10k
0.004977881,0.002864189,atac10k
0.004946801,-0.0034703414,atac10k
0.0049785394,0.002084637,atac10k
0.004947248,-0.003040755,atac10k
0.0049123764,-0.003627172,atac10k
0.004951158,0.0015157998,atac10k
0.0049766474,0.0022488981,atac10k
0.0049131396,-0.0038906713,atac10k
0.004946717,-0.0039459965,atac10k
0.0049489574,-0.004326246,atac10k
0.004978135,0.0018527857,atac10k
0.0049492223,-0.0038134095,atac10k
0.004948456,-0.0026788514,atac10k
0.004947196,-0.0029235783,atac10k
0.0049628527,0.00092210574,atac10k
0.004977946,0.0021301843,atac10k
0.004912139,-0.003124847,atac10k
0.0049783206,0.0023236373,atac10k
0.00497761,0.0032565698,atac10k
0.0049183485,-0.0035269954,atac10k
0.004947555,-0.0034828926,atac10k
0.0049782624,0.0025466946,atac10k
0.0049784533,0.0020083813,atac10k
0.004948054,-0.003530948,atac10k
0.0049469355,-0.0029403644,atac10k
0.0049778046,0.0021422275,atac10k
0.0049785553,0.0020724009,atac10k
0.004947652,-0.0027533714,atac10k
0.0049307863,-0.0033803564,atac10k
0.004946506,-0.00285781,atac10k
0.0049790186,0.0014382674,atac10k
0.0049477774,-0.0027971428,atac10k
0.0049763853,0.00032993982,atac10k
0.0049786116,0.004782776,atac10k
0.0049794125,0.0024332288,atac10k
0.004978422,0.0019984983,atac10k
0.0049778433,0.002948937,atac10k
0.0049749785,0.002806531,atac10k
0.004947833,-0.0027831339,atac10k
0.0049461094,-0.0029305578,atac10k
0.0049790423,0.0015862144,atac10k
0.0049783764,0.0023036676,atac10k
0.004976341,-0.00074825727,atac10k
0.004946863,-0.002515877,atac10k
0.004978651,0.0017846364,atac10k
0.0049484866,-0.0004470128,atac10k
0.004977476,0.0034565742,atac10k
0.004925991,-0.0039458927,atac10k
0.0049783755,0.002320448,atac10k
0.004977225,0.0037632268,atac10k
0.0049132644,-0.004013911,atac10k
0.0049779024,0.002801714,atac10k
0.0049770884,0.0020991736,atac10k
0.004915506,-0.0043546506,atac10k
0.0049775494,0.003246664,atac10k
0.00496663,0.00041389398,atac10k
0.004946753,-0.0031404814,atac10k
0.004914793,-0.0041601486,atac10k
0.004978232,0.0024227463,atac10k
0.004946171,-0.0025015334,atac10k
0.004978695,0.0020913375,atac10k
0.004978175,0.0024956982,atac10k
0.004946297,-0.0039238264,atac10k
0.0049135527,-0.0039696833,atac10k
0.0049785324,0.0012243395,atac10k
0.004976479,0.0007939831,atac10k
0.004926148,-0.0059218626,atac10k
0.0049482062,-0.0032682044,atac10k
0.0049774474,0.0034857949,atac10k
0.004976974,0.004223291,atac10k
0.0049778284,0.0029168127,atac10k
0.004946893,-0.0036917217,atac10k
0.00494715,-0.0032845445,atac10k
0.004978332,0.0020125085,atac10k
0.004978903,0.0013250094,atac10k
0.004977356,0.003476612,atac10k
0.004978518,0.0020943724,atac10k
0.0049785175,0.0015402072,atac10k
0.0049784346,0.0016670298,atac10k
0.004978761,0.0014969558,atac10k
0.004978776,0.0015219159,atac10k
0.004978125,0.0025441714,atac10k
0.0049250475,-0.0041079237,atac10k
0.004977049,0.0038529553,atac10k
0.0049784314,0.002119669,atac10k
0.0049779667,0.0027218238,atac10k
0.0049776696,0.0032042165,atac10k
0.0049777767,0.002834471,atac10k
0.0049472908,-0.003722171,atac10k
0.0049789664,0.0016557322,atac10k
0.0049772332,0.003785078,atac10k
0.0049466626,-0.0035944113,atac10k
0.004977627,0.0031045189,atac10k
0.0049453164,-0.0032373709,atac10k
0.0049779345,0.0029309415,atac10k
0.0049786475,0.0019531283,atac10k
0.004978046,0.0018777915,atac10k
0.0049784807,0.001665511,atac10k
0.0049782344,0.0024679252,atac10k
0.00494782,-0.0057029533,atac10k
0.004978456,0.0020379524,atac10k
0.0049154405,-0.004074582,atac10k
0.0049654716,0.001536368,atac10k
0.004946733,-0.0037635332,atac10k
0.0049474607,-0.0035888813,atac10k
0.004978649,0.0017329149,atac10k
0.0049783364,0.002327682,atac10k
0.0049747075,0.0019611365,atac10k
0.0049784863,0.0018259286,atac10k
0.004978115,0.002611744,atac10k
0.004977443,0.0011839926,atac10k
0.00497833,0.0020638565,atac10k
0.0049133436,-0.0034347316,atac10k
0.004978545,0.0017237836,atac10k
0.0049502235,-0.001924952,atac10k
0.0049791075,0.0015777472,atac10k
0.00492251,-0.0038121424,atac10k
0.004978108,0.002570442,atac10k
0.0049772286,0.0039103343,atac10k
0.0049521313,-0.003978274,atac10k
0.004948156,-0.0026762185,atac10k
0.00497865,0.0015944132,atac10k
0.004948731,-0.0040443717,atac10k
0.0049779923,0.0020629223,atac10k
0.004977543,0.003331035,atac10k
0.004978951,0.0015493004,atac10k
0.0049765036,0.0014578429,atac10k
0.0049780803,0.0025019366,atac10k
0.004977459,0.0034123943,atac10k
0.004947748,-0.002911723,atac10k
0.0049457108,-0.0038773802,atac10k
0.00494602,-0.0033936137,atac10k
0.0049464656,-0.0037304976,atac10k
0.004946289,-0.0042589777,atac10k
0.0049779546,0.002739559,atac10k
0.0049464693,-0.0039464836,atac10k
0.0049788635,0.0017697169,atac10k
0.004947524,-0.0025883182,atac10k
0.0049788626,0.0017243819,atac10k
0.0049783583,0.0022400783,atac10k
0.0049469913,-0.004033712,atac10k
0.004977062,0.003858467,atac10k
0.0049785906,0.0017019389,atac10k
0.004978366,0.0019860542,atac10k
0.004946532,-0.0031148472,atac10k
0.0049483757,-0.0034355437,atac10k
0.0049725943,0.0036703607,atac10k
0.00495338,-0.0049628136,atac10k
0.0049461205,-0.0035174547,atac10k
0.004978815,0.0014224111,atac10k
0.00497885,0.0018669511,atac10k
0.004962532,-0.00068922585,atac10k
0.0049481527,-0.0038392653,atac10k
0.00494848,-0.003011526,atac10k
0.0049466174,-0.0034300333,atac10k
0.0049784775,0.0020325426,atac10k
0.00497819,0.0025387811,atac10k
0.004948686,-0.0031053298,atac10k
0.0049774675,0.0036463102,atac10k
0.0049788766,0.0016888181,atac10k
0.004947713,-0.0048662787,atac10k
0.004978518,0.001939311,atac10k
0.004977654,0.0031768668,atac10k
0.004978646,0.002074128,atac10k
0.0049782423,0.00252983,atac10k
0.0049786735,0.001887007,atac10k
0.0049783653,0.0024480033,atac10k
0.0049554645,-0.0022754949,atac10k
0.004967286,0.0012269611,atac10k
0.0049454668,-0.003847455,atac10k
0.00494776,-0.0029240027,atac10k
0.0049481126,-0.0030888007,atac10k
0.004977287,0.0034687275,atac10k
0.0049500614,-0.0036635776,atac10k
0.004958076,0.00011237973,atac10k
0.0049777883,0.003094897,atac10k
0.0049765846,0.0037580058,atac10k
0.004945619,-0.0036287857,atac10k
0.00497792,0.002616976,atac10k
0.0049472526,-0.002616081,atac10k
0.0049783494,0.0020946513,atac10k
0.004914363,-0.0044390587,atac10k
0.0049367473,-0.0047157262,atac10k
0.0049103783,-0.0024451849,atac10k
0.004947785,-0.0047342344,atac10k
0.004953456,-0.00045408384,atac10k
0.0049466346,-0.0026396606,atac10k
0.004978801,0.001607907,atac10k
0.004953273,0.00056302926,atac10k
0.0049780062,0.0026685575,atac10k
0.0049471026,-0.0029787365,atac10k
0.0049497876,-0.0041702343,atac10k
0.0049474235,-0.003783786,atac10k
0.0049493485,-0.0013541578,atac10k
0.0049140803,-0.0042567803,atac10k
0.0049780426,0.0024892217,atac10k
0.0049468246,-0.0029534476,atac10k
0.004934793,-0.0029750695,atac10k
0.0049791764,0.001424246,atac10k
0.0049478584,-0.0036460215,atac10k
0.0049788696,0.0016021337,atac10k
0.004968058,0.0010621821,atac10k
0.0049783415,0.002081286,atac10k
0.0049474323,-0.0025748783,atac10k
0.004978703,0.0018384757,atac10k
0.0049779573,0.0027886792,atac10k
0.004977487,0.003358504,atac10k
0.004946645,-0.0031717876,atac10k
0.004977775,0.0029578446,atac10k
0.0049779923,0.0026379058,atac10k
0.00494921,-0.0043990193,atac10k
0.004977326,0.0034552147,atac10k
0.0049784523,0.0020975966,atac10k
0.0049782135,0.002153739,atac10k
0.004977726,0.002913159,atac10k
0.0049780263,0.002779521,atac10k
0.004978591,0.0020994982,atac10k
0.004978272,0.002429327,atac10k
0.004978718,0.001608577,atac10k
0.004917454,-0.0045398134,atac10k
0.0049777613,0.0030732008,atac10k
0.004947008,-0.0041461573,atac10k
0.004978643,0.0019370004,atac10k
0.0049791634,0.0016770143,atac10k
0.0049575223,-0.0009990634,atac10k
0.0049478593,-0.0038231984,atac10k
0.004947053,-0.003174378,atac10k
0.004976974,0.002222655,atac10k
0.004978356,0.0027061598,atac10k
0.0049475143,-0.0055365055,atac10k
0.0049474104,-0.0027772882,atac10k
0.004978045,0.002785547,atac10k
0.0049509224,-0.0030493783,atac10k
0.0049782596,0.0021463146,atac10k
0.004948139,-0.0031809458,atac10k
0.0049479236,0.00036080036,atac10k
0.004944785,-0.004299123,atac10k
0.0049478044,-0.005549628,atac10k
0.004925908,-0.0041352967,atac10k
0.00497829,0.0024488936,atac10k
0.004978834,0.0015860513,atac10k
0.00497861,0.0041313837,atac10k
0.0049777795,0.0030910328,atac10k
0.004978285,0.0023255823,atac10k
0.0049784314,0.002015283,atac10k
0.0049472,-0.0030006843,atac10k
0.0049780435,0.0027326539,atac10k
0.004946688,-0.0045738504,atac10k
0.0049470793,-0.00383511,atac10k
0.00497754,0.003307001,atac10k
0.0049783974,0.0020526114,atac10k
0.0049774405,0.0034471324,atac10k
0.004946608,-0.0031941454,atac10k
0.0049771573,0.0038397512,atac10k
0.004978458,0.0017428278,atac10k
0.0049774144,0.0034483578,atac10k
0.004977367,0.0035302222,atac10k
0.004978278,0.002474832,atac10k
0.0049785613,0.0018818068,atac10k
0.0049778824,0.002754924,atac10k
0.0049460554,-0.0029812264,atac10k
0.0049781674,0.0020725776,atac10k
0.0049772537,0.0036947343,atac10k
0.0049808417,0.0032622945,atac10k
0.004947727,-0.0037275183,atac10k
0.004914088,-0.0044610663,atac10k
0.0049472074,-0.0036598877,atac10k
0.00494802,-0.0037524465,atac10k
0.00497853,0.002044631,atac10k
0.0049781823,0.0024883314,atac10k
0.004967347,0.003589292,atac10k
0.004960735,-0.0002637152,atac10k
0.0049465313,-0.0038707324,atac10k
0.004977973,0.0024229514,atac10k
0.0049586757,-0.00031889573,atac10k
0.0049778074,0.0030154418,atac10k
0.0049773916,0.0034949302,atac10k
0.0049775555,0.0031539854,atac10k
0.0049771485,0.0038726686,atac10k
0.004978097,0.0027126719,atac10k
0.004912904,-0.0033882617,atac10k
0.004948687,-0.002749766,atac10k
0.0049698474,0.003073439,atac10k
0.0049777203,0.0031361012,atac10k
0.0049711354,0.003599301,atac10k
0.00497763,0.0032290327,atac10k
0.004978754,0.0017053292,atac10k
0.004977962,0.0028250322,atac10k
0.0049784505,0.0013434438,atac10k
0.0049785664,0.0018983748,atac10k
0.004978583,0.0015538349,atac10k
0.0049470454,-0.002936092,atac10k
0.00497812,0.0020016683,atac10k
0.0049776705,0.003142599,atac10k
0.004978476,0.002076876,atac10k
0.004977727,0.0027850806,atac10k
0.004978214,0.0023282408,atac10k
0.0049790894,0.0014756909,atac10k
0.0049480605,-0.0047464543,atac10k
0.0049772654,0.0035408435,atac10k
0.0049787103,0.0016646427,atac10k
0.0049734493,0.0011595432,atac10k
0.00497817,0.0019367196,atac10k
0.0049781813,0.0025283217,atac10k
0.0049787327,0.0017027139,atac10k
0.0049474076,-0.00358209,atac10k
0.0049779816,0.002607244,atac10k
0.0049474956,-0.0051463586,atac10k
0.0049786475,0.0017002454,atac10k
0.004978537,0.0019320277,atac10k
0.0049786647,0.0016259035,atac10k
0.0049466193,-0.003373187,atac10k
0.004978631,0.0018295442,atac10k
0.0049479394,-0.0027932897,atac10k
0.0049784677,0.0022730946,atac10k
0.0049472833,-0.0030333488,atac10k
0.0049465667,-0.0036911801,atac10k
0.004949984,-0.0029212898,atac10k
0.004946212,-0.0040668487,atac10k
0.0049775983,0.0019634021,atac10k
0.0049786954,0.0016750651,atac10k
0.0049467795,-0.0030293998,atac10k
0.004978596,0.0018314326,atac10k
0.0049777003,0.001623383,atac10k
0.004965528,0.0028811765,atac10k
0.0049782814,0.0024144594,atac10k
0.0049777776,0.002936567,atac10k
0.004977431,0.003361825,atac10k
0.004913302,-0.0045664916,atac10k
0.004947507,-0.0027943577,atac10k
0.0049464917,-0.00456079,atac10k
0.0049498533,-0.0044374135,atac10k
0.004948008,-0.003446484,atac10k
0.004946696,-0.0032387446,atac10k
0.0049475855,-0.002873481,atac10k
0.004946738,-0.0034869516,atac10k
0.0049476638,-0.0032102289,atac10k
0.0049784305,0.0019759324,atac10k
0.004948177,-0.0039228112,atac10k
0.0049492056,-0.0031584522,atac10k
0.0049783434,0.0022940438,atac10k
0.004978202,0.0024077806,atac10k
0.0049781105,0.0019212161,atac10k
0.0049764854,0.0032441323,atac10k
0.0049783476,0.0023508437,atac10k
0.004948143,-0.003362223,atac10k
0.004978453,0.0022278472,atac10k
0.004978024,0.0024507355,atac10k
0.004978267,0.0018218333,atac10k
0.004977803,0.0020083864,atac10k
0.0049780537,0.0026225704,atac10k
0.0049475073,-0.003054654,atac10k
0.004914046,-0.0042453865,atac10k
0.0049785306,0.0019446888,atac10k
0.004977953,0.0021934456,atac10k
0.004952186,-0.0033806586,atac10k
0.00494752,-0.0030596454,atac10k
0.0049782805,0.0024589722,atac10k
0.004978026,0.0019453536,atac10k
0.004978739,0.0017262283,atac10k
0.004948608,-0.0033369926,atac10k
0.0049777646,0.0029223738,atac10k
0.0049788947,0.0015285829,atac10k
0.0049765143,0.0027245744,atac10k
0.0049784547,0.0018203115,atac10k
0.0049772924,0.0035039561,atac10k
0.0049784654,0.0020123257,atac10k
0.0049781725,0.0024150137,atac10k
0.004977616,0.003197301,atac10k
0.004947934,-0.0048506516,atac10k
0.004945268,-0.003616407,atac10k
0.0049774377,0.002519839,atac10k
0.00494743,-0.0040965774,atac10k
0.0049138456,-0.0044657947,atac10k
0.0049137673,-0.0045002336,atac10k
0.0049547614,-0.0040489146,atac10k
0.0049520945,-0.0047863405,atac10k
0.004948325,-0.0038945435,atac10k
0.0049776495,0.0032754573,atac10k
0.0049772607,0.0021915217,atac10k
0.004950472,-0.0031788636,atac10k
0.0049148356,-0.004938896,atac10k
0.00494883,-0.0050800187,atac10k
0.0049771084,0.0038564596,atac10k
0.004978146,0.0029396832,atac10k
0.004977988,0.0027889055,atac10k
0.0049780607,0.0024947359,atac10k
0.004977361,0.00082561997,atac10k
0.0049779615,0.0027614557,atac10k
0.0049002003,0.004902699,atac10k
0.0049772635,0.0023487469,atac10k
0.004977555,0.0016548161,atac10k
0.004978646,0.001837188,atac10k
0.004978649,0.0025939432,atac10k
0.0049479045,-0.0031591633,atac10k
0.0049480954,-0.0041328697,atac10k
0.0049775173,0.0033646005,atac10k
0.0049482556,-0.0036425232,atac10k
0.0049476265,-0.0030527886,atac10k
0.0049771187,0.0038945924,atac10k
0.0049786367,0.0018308326,atac10k
0.004978229,0.0022696147,atac10k
0.004978538,0.0019202654,atac10k
0.004978672,0.0018681717,atac10k
0.0049466183,-0.0036263755,atac10k
0.0049464097,-0.0031299149,atac10k
0.0049788416,0.0016542205,atac10k
0.0049482314,-0.0037313907,atac10k
0.0049772705,0.0032137376,atac10k
0.004946742,-0.0036234187,atac10k
0.004978452,0.0021569298,atac10k
0.0049435743,-0.004567613,atac10k
0.0049273977,-0.003699371,atac10k
0.0049123983,-0.0041617993,atac10k
0.004946042,-0.0033834348,atac10k
0.0049782037,0.0024173742,atac10k
0.0049484926,-0.0037112876,atac10k
0.0049450556,-0.0048525445,atac10k
0.004947275,-0.0030655898,atac10k
0.004976606,0.0016251195,atac10k
0.0049783196,0.0017042534,atac10k
0.0049748705,0.0028122591,atac10k
0.0049495585,-0.003619622,atac10k
0.004976145,0.0013694956,atac10k
0.0049463534,-0.003772621,atac10k
0.004977005,0.0017703958,atac10k
0.00497628,0.0022569746,atac10k
0.004920981,-0.0032560108,atac10k
0.0049785026,0.002454932,atac10k
0.0049466267,-0.0029512679,atac10k
0.0049770777,0.001975518,atac10k
0.00497837,0.0020789455,atac10k
0.004950147,-0.0027817995,atac10k
0.0049772896,0.0035269638,atac10k
0.0049784,0.0021276528,atac10k
0.004912633,-0.0038658434,atac10k
0.0049774577,0.003455402,atac10k
0.0049481457,-0.0033328899,atac10k
0.004977971,0.0027586548,atac10k
0.0049787667,0.0014221747,atac10k
0.00497817,0.0027055244,atac10k
0.0049779085,0.0028724424,atac10k
0.0049788337,0.0016563486,atac10k
0.004977759,0.0022258938,atac10k
0.0049779634,0.0026234211,atac10k
0.0049185026,-0.0037948608,atac10k
0.004958357,-0.0006857419,atac10k
0.0049789483,0.0014980661,atac10k
0.00497839,0.002168456,atac10k
0.0049783364,0.0021560146,atac10k
0.004977076,0.0040631117,atac10k
0.004977227,0.003740416,atac10k
0.004948145,-0.0028880655,atac10k
0.004916075,-0.0044538477,atac10k
0.0049471036,-0.0042770617,atac10k
0.0049763746,0.0025473372,atac10k
0.004978826,0.001168105,atac10k
0.0049789553,0.0013191162,atac10k
0.004978073,0.0024961121,atac10k
0.004978626,0.0018288436,atac10k
0.0049484516,-0.0032864388,atac10k
0.004978897,0.0017438142,atac10k
0.0049775755,0.0032394163,atac10k
0.0049786605,0.0016260145,atac10k
0.004978694,0.001981777,atac10k
0.0049774474,0.0024448063,atac10k
0.0049484563,-0.0039651454,atac10k
0.004946751,-0.0055632372,atac10k
0.0049463697,-0.0037047404,atac10k
0.0049228854,-0.0036714342,atac10k
0.0049475254,-0.003799087,atac10k
0.0049640946,0.0018554388,atac10k
0.0049777254,0.003001371,atac10k
0.0049499962,-0.0037777016,atac10k
0.004978836,0.0017937239,atac10k
0.0049779103,0.0027766444,atac10k
0.0049786773,0.0017974712,atac10k
0.004976685,0.003835946,atac10k
0.004919166,-0.0039302157,atac10k
0.004953495,-0.002198071,atac10k
0.004921656,-0.0034251832,atac10k
0.004976955,0.0042246957,atac10k
0.00491776,-0.0042379866,atac10k
0.0049459306,-0.0028219935,atac10k
0.004976576,0.0021306959,atac10k
0.004977956,0.002641474,atac10k
0.004978411,0.0023013137,atac10k
0.0049790484,0.0014303816,atac10k
0.004946506,-0.0028405811,atac10k
0.004978932,0.0015367928,atac10k
0.00497842,0.0023247325,atac10k
0.0049488614,-0.0046429113,atac10k
0.004947515,-0.0034090637,atac10k
0.004916304,-0.004582325,atac10k
0.004978507,0.0018176422,atac10k
0.004973046,0.0032559237,atac10k
0.004947083,-0.0037783962,atac10k
0.004946907,-0.0028583598,atac10k
0.004947708,-0.0029196548,atac10k
0.004948664,-0.0038833467,atac10k
0.0049290685,-0.0040491004,atac10k
0.0049479143,-0.004510177,atac10k
0.004978371,0.0022534057,atac10k
0.0049784095,0.0018848353,atac10k
0.004944585,-0.004810574,atac10k
0.004978259,0.0021457388,atac10k
0.004946606,-0.0031202924,atac10k
0.0049492107,-0.0025387658,atac10k
0.004924203,-0.003409811,atac10k
0.0049490808,-0.0031989336,atac10k
0.00497801,0.002264299,atac10k
0.0049782465,0.002302655,atac10k
0.0049467958,-0.0031831588,atac10k
0.0049784924,0.002130874,atac10k
0.004978249,0.0022756688,atac10k
0.004978373,0.002089789,atac10k
0.0049467157,-0.0032678412,atac10k
0.004975898,0.004620304,atac10k
0.004978744,0.0014572833,atac10k
0.004978598,0.0022796153,atac10k
0.004979037,0.0014847551,atac10k
0.004977927,0.002827093,atac10k
0.004978617,0.0018616003,atac10k
0.0049477466,-0.0029151053,atac10k
0.0049784165,0.0020624967,atac10k
0.004913315,-0.0037751705,atac10k
0.0049786004,0.0018766463,atac10k
0.004946521,-0.0037521431,atac10k
0.004978399,0.002012335,atac10k
0.0049783257,0.0023568012,atac10k
0.004978186,0.0026290382,atac10k
0.004945732,-0.0028752307,atac10k
0.0049778386,0.0028533454,atac10k
0.004955766,-0.0012893791,atac10k
0.0049780933,0.0012470429,atac10k
0.004979046,0.001331092,atac10k
0.004947719,-0.0025438648,atac10k
0.004958527,-0.0066499435,atac10k
0.0049780244,0.0026038082,atac10k
0.0049787113,0.0017618053,atac10k
0.0049785045,0.0019643386,atac10k
0.0049776053,0.0032896637,atac10k
0.0049763015,0.0017566609,atac10k
0.004978634,0.0022448106,atac10k
0.0049787075,0.0018594575,atac10k
0.004949054,-0.0045053503,atac10k
0.004977618,0.0032932146,atac10k
0.004980295,0.0030987551,atac10k
0.004978455,0.0020966465,atac10k
0.004978665,0.0017216523,atac10k
0.004977693,0.00301449,atac10k
0.004946584,-0.0031221854,atac10k
0.0049467473,-0.002938091,atac10k
0.004978794,0.001677938,atac10k
0.0049479143,-0.0036963932,atac10k
0.0049779755,0.0028429467,atac10k
0.004978201,0.0024302877,atac10k
0.0049781133,0.002554828,atac10k
0.0049784235,0.00234874,atac10k
0.004978793,0.0017782938,atac10k
0.004977839,0.0029380918,atac10k
0.0049466826,-0.0037947393,atac10k
0.004977342,0.003507046,atac10k
0.004978773,0.0025044167,atac10k
0.004978775,0.002106584,atac10k
0.0049466304,-0.0034106576,atac10k
0.004948045,-0.0030415042,atac10k
0.004947404,-0.0031696984,atac10k
0.004977118,0.0037883979,atac10k
0.004977638,0.0030791494,atac10k
0.00497876,0.0017909517,atac10k
0.0049782977,0.002233932,atac10k
0.0049473145,-0.005202789,atac10k
0.0049474332,-0.0024888844,atac10k
0.004915203,-0.0041385074,atac10k
0.0049284236,-0.004968174,atac10k
0.004924792,-0.003561972,atac10k
0.0049789166,0.0018032201,atac10k
0.0049783783,0.0020848273,atac10k
0.0049466095,-0.003606578,atac10k
0.00497769,0.0032005517,atac10k
0.0049784738,0.0020508997,atac10k
0.004948263,-0.0040813205,atac10k
0.0049781683,0.0025954947,atac10k
0.004947021,-0.0029693537,atac10k
0.00497871,0.0018648822,atac10k
0.0049467827,-0.0037053039,atac10k
0.00497849,0.0017429471,atac10k
0.0049447212,-0.0036601697,atac10k
0.0049788035,0.0014469965,atac10k
0.004978432,0.0019895267,atac10k
0.0049784174,0.00224468,atac10k
0.0049611027,0.00033701936,atac10k
0.0049787923,0.0017131424,atac10k
0.004977808,0.0029936812,atac10k
0.004946347,-0.002980428,atac10k
0.0049785203,0.0016054087,atac10k
0.004978169,0.002631489,atac10k
0.0049787867,0.0015630645,atac10k
0.0049139634,-0.0047632623,atac10k
0.004913695,-0.0040148324,atac10k
0.004942082,-0.005137619,atac10k
0.00491306,-0.0039550476,atac10k
0.0049481406,-0.0027515353,atac10k
0.004947254,-0.0029618822,atac10k
0.004978228,0.0019163997,atac10k
0.0049781557,0.0015929883,atac10k
0.0049488842,-0.0037675574,atac10k
0.004978591,0.0018150681,atac10k
0.00497513,0.0041711894,atac10k
0.004978587,0.0017804541,atac10k
0.0049481355,-0.0026737622,atac10k
0.0049778544,0.0020674185,atac10k
0.004962706,-0.0011930128,atac10k
0.0049495157,-0.002477371,atac10k
0.0049784365,0.002113687,atac10k
0.004977684,0.002998084,atac10k
0.0049534743,-0.0037541974,atac10k
0.004947834,-0.0037945807,atac10k
0.004947024,-0.0036295666,atac10k
0.00493269,-0.005055245,atac10k
0.0049784468,0.0013604031,atac10k
0.0049468284,-0.0028120282,atac10k
0.0049763573,-0.00075956696,atac10k
0.00497905,0.00310298,atac10k
0.0049468144,-0.0037328994,atac10k
0.004979016,0.001376085,atac10k
0.0049475343,-0.0029925208,atac10k
0.0049788873,0.0016849677,atac10k
0.0049157892,-0.0051901294,atac10k
0.004948494,-0.0050371117,atac10k
0.004947677,-0.003927721,atac10k
0.004946921,-0.0017335183,atac10k
0.004946749,-0.0031534738,atac10k
0.0049783397,0.00414494,atac10k
0.0049468116,-0.003280825,atac10k
0.0049484214,-0.002675726,atac10k
0.00494804,-0.002704459,atac10k
0.0049784975,0.0019416935,atac10k
0.0049780807,0.0026138576,atac10k
0.004977255,0.0017207079,atac10k
0.0049787643,0.0016530704,atac10k
0.004978185,0.0025626058,atac10k
0.0049780225,0.002667224,atac10k
0.0049780128,0.0026067286,atac10k
0.004979697,0.002137502,atac10k
0.004978902,0.0015818282,atac10k
0.004946801,-0.0035106118,atac10k
0.004947455,-0.0027510277,atac10k
0.004977017,0.0017748422,atac10k
0.0049782433,0.002147459,atac10k
0.004978683,0.0016796442,atac10k
0.0049771992,0.0037366736,atac10k
0.004913028,-0.004262379,atac10k
0.004977614,0.0032952966,atac10k
0.004961038,-0.00063039217,atac10k
0.004978431,0.0022315911,atac10k
0.004979033,0.001592112,atac10k
0.004977322,0.003424841,atac10k
0.004977145,0.00399208,atac10k
0.0049783713,0.0024171486,atac10k
0.0049485583,-0.0034320587,atac10k
0.0049787876,0.0015459778,atac10k
0.004916335,-0.0044288225,atac10k
0.004946375,-0.0038753736,atac10k
0.004975949,0.0018387714,atac10k
0.0049465783,-0.0027289048,atac10k
0.0049286126,-0.004386061,atac10k
0.004978696,0.0018151731,atac10k
0.004979013,0.0014442373,atac10k
0.0049787057,0.004087403,atac10k
0.0049475315,-0.004134623,atac10k
0.004948741,-0.0039247978,atac10k
0.0049782703,0.0012240196,atac10k
0.0049786572,0.0018659233,atac10k
0.0049798083,0.013460361,atac10k
0.004946546,-0.0040167463,atac10k
0.0049783303,0.0023910021,atac10k
0.0049785543,0.0018909174,atac10k
0.004944354,-0.004013225,atac10k
0.0049780356,0.0025358573,atac10k
0.004948983,-0.0042883847,atac10k
0.0049471473,-0.0024824957,atac10k
0.004947649,-0.0033446834,atac10k
0.0049770474,0.0023804104,atac10k
0.0049484805,-0.004222718,atac10k
0.0049469057,-0.0032102542,atac10k
0.0049785655,0.0019602543,atac10k
0.0049778847,0.0027180451,atac10k
0.00497853,0.0019694674,atac10k
0.0049787853,0.001697327,atac10k
0.0049755834,0.0002781748,atac10k
0.0049467753,-0.003370468,atac10k
0.004976761,0.0017437623,atac10k
0.0049780947,0.0028105038,atac10k
0.0049545546,-0.0010739141,atac10k
0.004977659,0.0014664048,atac10k
0.00491334,-0.004620584,atac10k
0.004978256,0.0026634906,atac10k
0.004947042,-0.0020660716,atac10k
0.0049785874,0.0018441771,atac10k
0.0049463958,-0.004499273,atac10k
0.0049482076,-0.0030556847,atac10k
0.004948711,-0.0038238375,atac10k
0.004978816,0.0017749681,atac10k
0.004976242,0.0030939584,atac10k
0.0049767727,0.0025482983,atac10k
0.0049786004,0.0019884296,atac10k
0.0049774917,0.002147816,atac10k
0.004977357,0.0035900285,atac10k
0.0049471,-0.004210879,atac10k
0.0049471855,-0.003180654,atac10k
0.004949314,-0.0037159028,atac10k
0.00497755,0.0032946777,atac10k
0.004978653,0.0017896995,atac10k
0.0049729757,0.0023813392,atac10k
0.004978571,0.0019625365,atac10k
0.004977982,0.0018184275,atac10k
0.004966855,0.00058073236,atac10k
0.0049619074,-0.0014092446,atac10k
0.004922224,-0.0035284357,atac10k
0.004978331,0.0021106708,atac10k
0.0049789986,0.0016713287,atac10k
0.0049236715,-0.0046609235,atac10k
0.00495286,-0.00056800037,atac10k
0.0049475622,-0.0039247894,atac10k
0.004948599,-0.0044068187,atac10k
0.0049545253,-0.0019027333,atac10k
0.004964638,0.0005741415,atac10k
0.0049422607,-0.004345059,atac10k
0.0049781497,0.0024029887,atac10k
0.004977663,0.003150801,atac10k
0.004978391,0.0016836808,atac10k
0.004947786,-0.0029808704,atac10k
0.0049750837,0.0036225128,atac10k
0.004978898,0.0019632648,atac10k
0.004978463,0.0021176015,atac10k
0.0049145413,-0.0047485307,atac10k
0.0049469005,-0.0029576942,atac10k
0.0049783182,0.0022354524,atac10k
0.0049464754,-0.0043264786,atac10k
0.0049777087,0.003063111,atac10k
0.0049776733,0.0021866935,atac10k
0.00494781,-0.0031731038,atac10k
0.0049472963,-0.0030195974,atac10k
0.0049784617,0.0022673928,atac10k
0.0049775816,0.0031338742,atac10k
0.0049787476,0.0018299337,atac10k
0.004978579,0.0017633646,atac10k
0.0049465,-0.0033705058,atac10k
0.00497827,0.0021673,atac10k
0.004978619,0.0018990423,atac10k
0.0049747983,0.001670307,atac10k
0.004978294,0.0017247496,atac10k
0.004948198,-0.0028777383,atac10k
0.0049786023,0.0019174278,atac10k
0.0049766083,0.002335098,atac10k
0.0049479613,-0.0051065856,atac10k
0.0049776286,0.0020310662,atac10k
0.0049453056,-0.0033237755,atac10k
0.0049471096,-0.0025458408,atac10k
0.0049479017,-0.0030816782,atac10k
0.0049475445,-0.0025588027,atac10k
0.004978318,0.0021949357,atac10k
0.004978667,0.0019325427,atac10k
0.004947327,-0.0026273758,atac10k
0.0049786977,0.001770635,atac10k
0.0049773147,0.0036372836,atac10k
0.004949839,-0.0048323423,atac10k
0.0049469876,-0.0033548416,atac10k
0.0049785036,0.0015925624,atac10k
0.0049477336,-0.0026595483,atac10k
0.00494734,-0.002532426,atac10k
0.0049784286,0.0020889703,atac10k
0.004948201,-0.003269782,atac10k
0.0049768006,0.002679003,atac10k
0.0049783457,0.0022647497,atac10k
0.004957908,0.0036272474,atac10k
0.004947676,-0.0033082284,atac10k
0.004944774,-0.004594878,atac10k
0.004978378,0.0023883933,atac10k
0.0049776,0.0019409199,atac10k
0.0049593444,-0.00028672276,atac10k
0.0049783452,0.0047138305,atac10k
0.004957306,-0.0010944105,atac10k
0.004977701,0.0029345853,atac10k
0.004978908,0.0017121679,atac10k
0.0049474193,-0.0027143066,atac10k
0.004977373,0.003541041,atac10k
0.0049787415,0.0026776867,atac10k
0.00497829,0.0025166976,atac10k
0.0049496284,-0.00322524,atac10k
0.004977821,0.0030046015,atac10k
0.0049782787,0.0023175273,atac10k
0.0049787173,0.001788851,atac10k
0.0049777674,0.0029658072,atac10k
0.004913381,-0.004375279,atac10k
0.004977194,0.004045659,atac10k
0.0049493294,-0.0042482684,atac10k
0.0049788826,0.0015708951,atac10k
0.004948253,-0.0045500584,atac10k
0.00497851,0.0023149345,atac10k
0.004978614,0.001839924,atac10k
0.0049785096,0.0020857544,atac10k
0.0049791117,0.0021049445,atac10k
0.0049744453,0.0014221023,atac10k
0.004978107,0.002424471,atac10k
0.00497645,0.0012522844,atac10k
0.0049771657,0.0037979893,atac10k
0.004976561,-0.0009860017,atac10k
0.0049782326,0.0025747677,atac10k
0.004978553,0.0019694315,atac10k
0.0049509797,-0.002385254,atac10k
0.0049474724,-0.0027132437,atac10k
0.0049791518,0.002319826,atac10k
0.0049786773,0.0018130087,atac10k
0.004947286,-0.0030572123,atac10k
0.0049470775,-0.0030154553,atac10k
0.0049725627,0.00071922154,atac10k
0.004977572,0.0032857992,atac10k
0.0049782735,0.0024234888,atac10k
0.0049788617,0.0015614658,atac10k
0.004978523,0.0020390344,atac10k
0.004948077,-0.0032683148,atac10k
0.0049461704,-0.003215579,atac10k
0.0049780384,0.0021666922,atac10k
0.0049134735,-0.004034999,atac10k
0.004957073,-0.0014217478,atac10k
0.004978041,0.0027473622,atac10k
0.0049778474,0.0013528531,atac10k
0.004947202,-0.0031139937,atac10k
0.0049792537,0.002622179,atac10k
0.004946376,-0.0033477927,atac10k
0.0049467715,-0.0033975912,atac10k
0.0049785394,0.0019900035,atac10k
0.0049782475,0.0022700024,atac10k
0.004947319,-0.0030796644,atac10k
0.004949116,-0.0041448525,atac10k
0.0049467697,-0.0034951651,atac10k
0.0049779345,0.0028499956,atac10k
0.0049470747,-0.0030304166,atac10k
0.0049786717,0.001808628,atac10k
0.0049776677,0.003069575,atac10k
0.004946967,-0.004430281,atac10k
0.0049480805,-0.0041665686,atac10k
0.0049195886,-0.0036133092,atac10k
0.00494754,-0.0027611987,atac10k
0.0049771126,0.00396832,atac10k
0.004976773,0.002496414,atac10k
0.0049782344,0.002343205,atac10k
0.0049459888,-0.0052452027,atac10k
0.0049473406,-0.002946975,atac10k
0.00494646,-0.0025576907,atac10k
0.004978441,0.0021162683,atac10k
0.004924929,-0.004551904,atac10k
0.004947572,-0.003845128,atac10k
0.004978071,0.0023801997,atac10k
0.0049778693,0.002385995,atac10k
0.0049788137,0.0014125223,atac10k
0.004948853,-0.0053000944,atac10k
0.0049778,0.0029144445,atac10k
0.0049148127,-0.0041778875,atac10k
0.004951165,-0.0015671197,atac10k
0.004947005,-0.0038996984,atac10k
0.0049783797,0.0021877198,atac10k
0.004977546,0.003302255,atac10k
0.004974214,0.001635751,atac10k
0.004977486,0.003278727,atac10k
0.0049470086,-0.0032106817,atac10k
0.004978676,0.0017704606,atac10k
0.004977656,0.003121369,atac10k
0.0049787066,0.0013550463,atac10k
0.004939998,-0.0043831565,atac10k
0.0049465927,-0.002784201,atac10k
0.0049772514,0.0037094688,atac10k
0.004977798,0.0030549986,atac10k
0.004971194,0.0023278093,atac10k
0.0049788123,0.0017484605,atac10k
0.004948552,-0.0028960563,atac10k
0.004946779,-0.0037584805,atac10k
0.0049786605,0.0018165708,atac10k
0.004946826,-0.0037074499,atac10k
0.004947177,-0.0028965434,atac10k
0.004978148,0.0024383946,atac10k
0.0049469075,-0.0031335729,atac10k
0.0049481625,-0.0026611283,atac10k
0.004977802,0.002971682,atac10k
0.004979362,0.0032833498,atac10k
0.004978231,0.0020896164,atac10k
0.004978684,0.0016302395,atac10k
0.0049467715,-0.0030345607,atac10k
0.004947643,-0.002075589,atac10k
0.004944589,-0.0021491363,atac10k
0.0049785296,0.0019070212,atac10k
0.004978505,0.0021858348,atac10k
0.0049474686,-0.0025576921,atac10k
0.0049444856,-0.0045693917,atac10k
0.0049136938,-0.003995597,atac10k
0.0049474007,-0.0033647495,atac10k
0.0049788705,0.0015661918,atac10k
0.0049755634,0.0013553479,atac10k
0.004976565,0.0020880934,atac10k
0.0049784794,0.0020391375,atac10k
0.004958024,-0.0036001084,atac10k
0.004977705,0.0030119086,atac10k
0.004919754,-0.0036714035,atac10k
0.004978687,0.0017998724,atac10k
0.004945002,-0.0050984025,atac10k
0.004976566,0.0019242442,atac10k
0.0049581435,-0.0015759824,atac10k
0.0049477876,-0.004919357,atac10k
0.0049774596,0.0034698502,atac10k
0.00497822,0.0021996493,atac10k
0.004978888,0.0016154443,atac10k
0.004977197,0.0021067397,atac10k
0.0049785995,0.0019818728,atac10k
0.0049778363,0.0029669197,atac10k
0.0049600885,-0.0014060255,atac10k
0.0049773683,0.0027261213,atac10k
0.0049783043,0.0025031632,atac10k
0.004976959,0.003865538,atac10k
0.004978432,0.0019009713,atac10k
0.004946474,-0.004538051,atac10k
0.0049789995,0.0014408953,atac10k
0.0049283416,-0.0051653204,atac10k
0.004978207,0.002346825,atac10k
0.004962536,0.0005170424,atac10k
0.004913436,-0.003842206,atac10k
0.004947111,-0.0030273085,atac10k
0.0049783513,0.0022154038,atac10k
0.0049769646,0.0035496035,atac10k
0.004978097,0.002506295,atac10k
0.0049619786,0.00024606034,atac10k
0.004946582,-0.003980372,atac10k
0.0049466803,-0.0037879383,atac10k
0.004977434,0.0033356475,atac10k
0.004978771,0.0015063836,atac10k
0.0049785636,0.0021927624,atac10k
0.004978094,0.0025260465,atac10k
0.0049468614,-0.004133177,atac10k
0.004948099,-0.0033678394,atac10k
0.004977816,0.0027189807,atac10k
0.004978291,0.002041269,atac10k
0.0049785674,0.0020107664,atac10k
0.004979048,0.0013942991,atac10k
0.004946709,-0.003887346,atac10k
0.004976565,0.0013878025,atac10k
0.004977922,0.002699017,atac10k
0.0049480824,-0.0026054862,atac10k
0.00494723,-0.0028533854,atac10k
0.004947976,-0.002810848,atac10k
0.0049461755,-0.0044094143,atac10k
0.0049783066,0.001561357,atac10k
0.00497856,0.0016507374,atac10k
0.0049375794,-0.0053437157,atac10k
0.0049523595,-0.0030635705,atac10k
0.0049222135,-0.0036520925,atac10k
0.004947429,-0.00320631,atac10k
0.0049477117,-0.0025715576,atac10k
0.004978561,0.0017950732,atac10k
0.0049480954,-0.0037991956,atac10k
0.004942002,-0.0048768944,atac10k
0.0049772863,0.00354779,atac10k
0.0049677007,-0.000529849,atac10k
0.0049773976,0.0035902492,atac10k
0.0049465783,-0.0035721778,atac10k
0.0049477518,-0.0048003467,atac10k
0.0049220026,-0.0036193717,atac10k
0.0049779946,0.0028377622,atac10k
0.0049788523,0.0014988292,atac10k
0.0049785427,0.001429307,atac10k
0.004946638,-0.0031967156,atac10k
0.004978081,0.002716495,atac10k
0.00494745,-0.0025404172,atac10k
0.004978454,0.0022217575,atac10k
0.004977174,0.004044915,atac10k
0.0049782293,0.0022621534,atac10k
0.0049782298,0.0023201252,atac10k
0.004948262,-0.0027702772,atac10k
0.004945693,-0.003254943,atac10k
0.0049782037,0.0019614378,atac10k
0.0049778353,0.00248809,atac10k
0.004977513,0.0031993634,atac10k
0.004978498,0.0014138973,atac10k
0.0049779606,0.0027921207,atac10k
0.0049772593,0.0039708256,atac10k
0.0049776747,0.0031345484,atac10k
0.004978506,0.0020663436,atac10k
0.0049775066,0.0035043654,atac10k
0.004945466,-0.0039788806,atac10k
0.0049329055,-0.0039512864,atac10k
0.004978702,0.0018568083,atac10k
0.0049776277,0.0031599167,atac10k
0.0049646003,-0.0013752579,atac10k
0.0049788184,0.0015933473,atac10k
0.0049479017,-0.003985038,atac10k
0.0049147042,-0.004814781,atac10k
0.0049489513,-0.003448542,atac10k
0.004913277,-0.0038440584,atac10k
0.004977893,0.0027779718,atac10k
0.004978617,0.001682043,atac10k
0.004977827,0.002978673,atac10k
0.004947263,-0.0030045002,atac10k
0.0049783937,0.0021316607,atac10k
0.0049779126,0.0026701624,atac10k
0.00494753,-0.004180719,atac10k
0.0049783085,0.0023223995,atac10k
0.0049779513,0.0022967902,atac10k
0.0049774065,0.002349421,atac10k
0.0049463753,-0.0029537105,atac10k
0.0049774144,0.0036243661,atac10k
0.004977651,0.0030725189,atac10k
0.0049466006,-0.0035943694,atac10k
0.0049782195,0.002502569,atac10k
0.004946653,-0.0040407246,atac10k
0.0049783005,0.0023724192,atac10k
0.0049784486,0.0022356657,atac10k
0.0049465625,-0.004766928,atac10k
0.0049472414,-0.0030673707,atac10k
0.0049783746,0.0021994284,atac10k
0.004978493,0.0021382296,atac10k
0.004977662,0.0002958391,atac10k
0.004977867,0.002954109,atac10k
0.004947019,-0.0050914064,atac10k
0.004946646,-0.0031672637,atac10k
0.004978917,0.0016300973,atac10k
0.0049469383,-0.0039547263,atac10k
0.0049777613,0.00276879,atac10k
0.0049647447,-0.00013638046,atac10k
0.004978595,0.0017804177,atac10k
0.004976306,0.0023485823,atac10k
0.004978536,0.001929281,atac10k
0.0049778274,0.0029482867,atac10k
0.004924817,-0.004031428,atac10k
0.004978,0.002697484,atac10k
0.0049466724,-0.0033596347,atac10k
0.004976966,0.0022465144,atac10k
0.0049435864,-0.0046227537,atac10k
0.004978863,0.0015028523,atac10k
0.0049761883,0.0011989842,atac10k
0.00497823,0.002268668,atac10k
0.0049462477,-0.0026127298,atac10k
0.004979024,0.0016498901,atac10k
0.0049467008,-0.0041122353,atac10k
0.004977258,0.0037626214,atac10k
0.0049782665,0.0024157644,atac10k
0.00494732,-0.004585026,atac10k
0.0049569183,-9.9399e-05,atac10k
0.004948526,-0.0032242355,atac10k
0.0049467203,-0.0025636994,atac10k
0.0049784193,0.0015332162,atac10k
0.004978306,0.002052395,atac10k
0.004979014,0.001468785,atac10k
0.004977913,0.0028234322,atac10k
0.0049782903,0.0023504698,atac10k
0.004978892,0.0019044481,atac10k
0.004945904,-0.0021101641,atac10k
0.004931485,-0.0033295795,atac10k
0.0049787792,0.0016473102,atac10k
0.004948275,-0.0025291617,atac10k
0.0049789795,0.0016666623,atac10k
0.0049493522,-0.0032941625,atac10k
0.0049780933,0.0027459455,atac10k
0.0049784426,0.002793887,atac10k
0.004948038,-0.003113492,atac10k
0.004977564,0.0031053794,atac10k
0.0049464656,-0.0035835253,atac10k
0.004978932,0.0015108546,atac10k
0.004978125,0.0024852834,atac10k
0.0049786195,0.0019044189,atac10k
0.0049466565,-0.004014141,atac10k
0.00497775,0.0030798672,atac10k
0.0049775797,0.003141728,atac10k
0.0049778866,0.0029704042,atac10k
0.004977138,0.0037154648,atac10k
0.0049781827,0.0023585244,atac10k
0.004942843,-0.0041908445,atac10k
0.004977284,0.003377579,atac10k
0.004978579,0.0019049842,atac10k
0.004946614,-0.003043485,atac10k
0.0049468894,-0.0025683385,atac10k
0.004967159,0.0031538082,atac10k
0.004946591,-0.0028515921,atac10k
0.0049781804,0.002444534,atac10k
0.004947069,-0.00315437,atac10k
0.0049785892,0.0021883429,atac10k
0.0049781464,0.0024444205,atac10k
0.0049783695,0.0021559822,atac10k
0.0049775285,0.003547674,atac10k
0.0049561737,-0.00091960374,atac10k
0.0049774023,0.003289624,atac10k
0.0049476633,-0.0039780596,atac10k
0.0049477033,-0.0030958874,atac10k
0.004948679,-0.003642727,atac10k
0.0049466765,-0.0033590903,atac10k
0.0049719587,0.0020598199,atac10k
0.0049778786,0.0027924813,atac10k
0.004977287,0.0019421027,atac10k
0.0049773916,0.003456201,atac10k
0.0049786954,0.0016198533,atac10k
0.0049469466,-0.002995022,atac10k
0.004978171,0.0025599694,atac10k
0.004979094,0.00145773,atac10k
0.004979163,0.0015951478,atac10k
0.0049787946,0.0016494633,atac10k
0.004977745,0.003124914,atac10k
0.0049284566,-0.0036073178,atac10k
0.0049478435,-0.0033481922,atac10k
0.0049420954,-0.004522187,atac10k
0.004944302,-0.0047635934,atac10k
0.0049790554,0.0015695057,atac10k
0.0049494314,-0.0048736525,atac10k
0.004978055,0.002628687,atac10k
0.0049243583,-0.0040959977,atac10k
0.004977616,0.0031844005,atac10k
0.0049784,0.0022814914,atac10k
0.0049778433,0.00274437,atac10k
0.0049776826,0.003185063,atac10k
0.0049777445,0.0029325762,atac10k
0.0049791583,0.002875486,atac10k
0.0049780896,0.0024477453,atac10k
0.004978843,0.001565884,atac10k
0.0049509,-0.0029559915,atac10k
0.0049792533,0.0025137854,atac10k
0.004978543,0.0036625648,atac10k
0.0049772267,0.0036839524,atac10k
0.004915338,-0.005306501,atac10k
0.004978823,0.0015895225,atac10k
0.004978441,0.0020996782,atac10k
0.0049143177,-0.004227281,atac10k
0.0049466914,-0.0032580514,atac10k
0.0049785823,0.0020813802,atac10k
0.004979207,0.0015651853,atac10k
0.004946111,-0.0027895216,atac10k
0.004947947,-0.003978841,atac10k
0.00497683,0.0031761804,atac10k
0.00497859,0.0018074844,atac10k
0.004947985,-0.004144127,atac10k
0.004978834,0.0018459804,atac10k
0.0049471054,-0.0030074771,atac10k
0.0049785827,0.0019612534,atac10k
0.004980483,0.0036683574,atac10k
0.004946649,-0.0032626125,atac10k
0.0049785674,0.002196047,atac10k
0.0049636913,0.0019456026,atac10k
0.004977815,0.0029748634,atac10k
0.0049469383,-0.0041918987,atac10k
0.0049140523,-0.003981133,atac10k
0.004978115,0.0024410868,atac10k
0.00497898,0.0016548401,atac10k
0.004979791,0.0023318618,atac10k
0.004947122,-0.0033827247,atac10k
0.0049636276,0.00023488588,atac10k
0.0049790074,0.0014246517,atac10k
0.0049775997,0.003225721,atac10k
0.004946823,-0.0031124337,atac10k
0.0049757203,0.0019689589,atac10k
0.0049794037,0.0031887759,atac10k
0.004978586,0.0018831507,atac10k
0.004965361,0.0006373247,atac10k
0.0049790023,0.0016683084,atac10k
0.0049786875,0.0018824607,atac10k
0.0049787858,0.004868383,atac10k
0.0049453033,-0.0051759956,atac10k
0.0049486225,-0.0024962383,atac10k
0.004946821,-0.0037769466,atac10k
0.0049766446,0.0037948987,atac10k
0.0049468987,-0.002641244,atac10k
0.0049784104,0.0018397261,atac10k
0.004977815,0.0012983895,atac10k
0.004948097,-0.0056474837,atac10k
0.0049486826,-0.0028283633,atac10k
0.004948112,-0.004023404,atac10k
0.004977894,0.0027087217,atac10k
0.0049780426,0.002636682,atac10k
0.004929523,-0.0034273714,atac10k
0.004978185,0.0021465244,atac10k
0.004947598,-0.0026461906,atac10k
0.004978343,0.0020602543,atac10k
0.004977087,0.0040661762,atac10k
0.0049777417,0.0030983654,atac10k
0.004976484,0.0017832995,atac10k
0.0049564014,-0.007896958,atac10k
0.00495822,-0.0006015006,atac10k
0.004977093,0.00202715,atac10k
0.0049773855,0.003367135,atac10k
0.0049785916,0.0018272189,atac10k
0.0049389433,-0.0042325365,atac10k
0.004965947,-0.0013773859,atac10k
0.004948082,-0.002129452,atac10k
0.0049789394,0.0014238602,atac10k
0.0049468735,-0.0027899253,atac10k
0.00494593,-0.0027726167,atac10k
0.004948782,-0.0041604894,atac10k
0.004947771,-0.0028968689,atac10k
0.0049465117,-0.0033348016,atac10k
0.0049785,0.0019897623,atac10k
0.0049482277,-0.0053901197,atac10k
0.0049468274,-0.0041429736,atac10k
0.004977188,0.003581352,atac10k
0.0049674558,0.0012368293,atac10k
0.0049779555,0.0019911272,atac10k
0.004977978,0.00275034,atac10k
0.004978725,0.0017081843,atac10k
0.004978026,0.0026734443,atac10k
0.004946346,-0.0042711413,atac10k
0.0049471715,-0.003385975,atac10k
0.00496367,-6.386083e-05,atac10k
0.004978055,0.0027113953,atac10k
0.004946704,-0.0033309371,atac10k
0.0049435142,-0.0042009125,atac10k
0.004976396,0.0035992258,atac10k
0.004976765,0.0029662342,atac10k
0.004947674,-0.0033542968,atac10k
0.004978781,0.00172901,atac10k
0.0049773003,0.0013283562,atac10k
0.0049788426,0.0015057742,atac10k
0.004978353,0.0020565155,atac10k
0.004976686,0.0037426415,atac10k
0.0049650003,-0.0013968168,atac10k
0.0049472367,-0.0025972463,atac10k
0.004977837,0.0018808529,atac10k
0.0049776593,0.0031321836,atac10k
0.004924421,-0.0035773516,atac10k
0.004978304,0.0013038631,atac10k
0.0049785282,0.0018966272,atac10k
0.0049782335,0.0021292865,atac10k
0.0049482686,-0.0029476893,atac10k
0.0049775057,0.0033260565,atac10k
0.004967364,0.0003366124,atac10k
0.0049465727,-0.0034417312,atac10k
0.004977762,0.0029998538,atac10k
0.0049777967,0.0029662144,atac10k
0.004948776,-0.0031717832,atac10k
0.0049782516,0.0022134404,atac10k
0.0049778246,0.002369383,atac10k
0.0049772323,0.0036277156,atac10k
0.00497467,0.002289645,atac10k
0.004976099,0.0015862925,atac10k
0.004977648,0.0032207244,atac10k
0.0049469257,-0.002961744,atac10k
0.0049776053,0.0031743536,atac10k
0.0049780696,0.0027099666,atac10k
0.0049784873,0.0021718305,atac10k
0.004977884,0.0024853456,atac10k
0.0049548047,-0.0018142537,atac10k
0.004978693,0.0016225843,atac10k
0.004978424,0.00237323,atac10k
0.004978152,0.00204373,atac10k
0.0049781334,0.0027663915,atac10k
0.0049565895,-0.002147059,atac10k
0.0049471557,-0.0031428495,atac10k
0.0049788468,0.001643745,atac10k
0.0049782633,0.0024602998,atac10k
0.0049763937,0.0030793354,atac10k
0.0049482924,-0.0032372065,atac10k
0.0049466337,-0.0033968557,atac10k
0.0049472083,-0.0032349979,atac10k
0.0049463217,-0.003222503,atac10k
0.00494758,-0.0029317292,atac10k
0.0049782842,0.0023925041,atac10k
0.004977985,0.0027211811,atac10k
0.004978547,0.0019971174,atac10k
0.0049684006,0.0017599799,atac10k
0.004978166,0.0025489207,atac10k
0.0049784295,0.002253616,atac10k
0.00491337,-0.004198667,atac10k
0.0049786437,0.0019365351,atac10k
0.004978409,0.0021086908,atac10k
0.004977698,0.0031070656,atac10k
0.004974713,0.0016787155,atac10k
0.004957981,-0.0006025194,atac10k
0.0049554505,-0.002993264,atac10k
0.004978553,0.0018050402,atac10k
0.004970284,0.0020619768,atac10k
0.0049501834,-0.0035748526,atac10k
0.0049787173,0.0017138182,atac10k
0.0049776915,0.0031761404,atac10k
0.004978448,0.0017454159,atac10k
0.0049774023,0.0032945054,atac10k
0.0049438616,-0.0045484575,atac10k
0.004947887,-0.0035666728,atac10k
0.004977993,0.0021888642,atac10k
0.004946589,-0.0035376076,atac10k
0.0049641305,0.00037471182,atac10k
0.0049465736,-0.0036446024,atac10k
0.004978509,0.001884938,atac10k
0.0049483874,-0.003958489,atac10k
0.0049477834,-0.002496973,atac10k
0.0049458337,-0.0041237436,atac10k
0.0049478887,-0.0029310766,atac10k
0.004977943,0.002843469,atac10k
0.004976065,0.0021493065,atac10k
0.004948528,-0.0028866553,atac10k
0.004978276,0.0023178102,atac10k
0.004972968,0.00024739903,atac10k
0.0049491995,-0.0030543369,atac10k
0.004947175,-0.004194151,atac10k
0.0049464293,-0.0026448509,atac10k
0.004977384,0.003508534,atac10k
0.0049190233,-0.0042490526,atac10k
0.0049785404,0.0019998597,atac10k
0.004947499,-0.0030554128,atac10k
0.004978351,0.0021064607,atac10k
0.0049789166,0.0016259607,atac10k
0.0049476195,-0.0026741638,atac10k
0.0049465136,-0.0039021696,atac10k
0.004977948,0.0028875847,atac10k
0.0049773213,0.0035398675,atac10k
0.004977965,0.0028360235,atac10k
0.0049782083,0.0024239423,atac10k
0.004977471,0.0033533224,atac10k
0.004949172,-0.0034888706,atac10k
0.0049780617,0.0024376055,atac10k
0.004961859,0.000570891,atac10k
0.0049463944,-0.003839813,atac10k
0.0049552373,-0.0013218584,atac10k
0.004979143,0.0017214458,atac10k
0.004934702,-0.003212415,atac10k
0.004979182,0.001280848,atac10k
0.0049784323,0.0012760595,atac10k
0.004924859,-0.003728464,atac10k
0.0049774586,0.0032130603,atac10k
0.0049462263,-0.005083815,atac10k
0.0049144244,-0.0038412777,atac10k
0.004948252,-0.0037076063,atac10k
0.004978287,0.0023492693,atac10k
0.004978742,0.0016710667,atac10k
0.004979048,0.0018349309,atac10k
0.004978396,0.002167132,atac10k
0.0049471324,-0.00319123,atac10k
0.004978668,0.0019107052,atac10k
0.004978603,0.0018122374,atac10k
0.004946411,-0.002823459,atac10k
0.0049482523,-0.0039443974,atac10k
0.0049787606,0.0019311333,atac10k
0.004977651,0.0030744348,atac10k
0.0049791913,0.0017071451,atac10k
0.004978084,0.0026764933,atac10k
0.004978719,0.0017523154,atac10k
0.0049470933,-0.003093805,atac10k
0.0049452633,-0.00360991,atac10k
0.00497848,0.0019729314,atac10k
0.004948025,-0.0032924996,atac10k
0.0049780803,0.0026520866,atac10k
0.004978505,0.0018669822,atac10k
0.004978329,0.0018436107,atac10k
0.0049781143,0.0025998848,atac10k
0.0049788933,0.0017521249,atac10k
0.004948428,-0.004231003,atac10k
0.0049779704,0.0028054465,atac10k
0.0049786055,0.002006093,atac10k
0.004977394,0.0034678937,atac10k
0.004947265,-0.0031871444,atac10k
0.0049789096,0.0014978579,atac10k
0.004960032,-0.0009523891,atac10k
0.004946502,-0.003130595,atac10k
0.004948244,-0.003188599,atac10k
0.004978763,0.0017922696,atac10k
0.004948297,-0.0040886267,atac10k
0.0049784565,0.0019234959,atac10k
0.0049787904,0.0027329137,atac10k
0.0049740537,0.0028357082,atac10k
0.0049765953,0.0032774953,atac10k
0.004948931,-0.0053449213,atac10k
0.0049787136,0.0019534437,atac10k
0.0049471427,-0.002922054,atac10k
0.004978017,0.002908094,atac10k
0.0049782326,0.0023358997,atac10k
0.0049479483,-0.003912258,atac10k
0.004978895,0.0017454957,atac10k
0.00497864,0.0019032867,atac10k
0.004978988,0.0016012756,atac10k
0.0049785585,0.0018277796,atac10k
0.0049424283,-0.003136549,atac10k
0.0049458225,-0.0039263,atac10k
0.0049150195,-0.0042522815,atac10k
0.0049132113,-0.0039382013,atac10k
0.0049481443,-0.0027981924,atac10k
0.004977923,0.0018590958,atac10k
0.0049480167,-0.00413416,atac10k
0.0049468754,-0.002599771,atac10k
0.0049144938,-0.0038173243,atac10k
0.004978468,0.0014172083,atac10k
0.0049766516,0.0022340023,atac10k
0.0049786624,0.0019869378,atac10k
0.0049773725,0.0034650483,atac10k
0.0049782475,0.0023953752,atac10k
0.0049783494,0.002343902,atac10k
0.004922224,-0.003177621,atac10k
0.0049784384,0.0020641265,atac10k
0.0049785133,0.0020213788,atac10k
0.0049785315,0.0019098023,atac10k
0.004977285,0.0037613634,atac10k
0.0049463673,-0.0026892442,atac10k
0.004946839,-0.0030851485,atac10k
0.0049785823,0.0015588561,atac10k
0.004977899,0.004478185,atac10k
0.0049477,-0.00297981,atac10k
0.0049772407,0.0039235894,atac10k
0.0049780225,0.0027557157,atac10k
0.0049483245,-0.003342285,atac10k
0.0049781795,0.0024117155,atac10k
0.00497821,0.002460313,atac10k
0.0049777427,0.0031010865,atac10k
0.0049774805,0.0034090981,atac10k
0.004977862,0.0029081386,atac10k
0.0049782237,0.0023750844,atac10k
0.00497854,0.002081307,atac10k
0.004914941,-0.004260897,atac10k
0.004921445,-0.0035299878,atac10k
0.0049787993,0.0017364017,atac10k
0.0049784505,0.0017594397,atac10k
0.0049785487,0.0019062186,atac10k
0.004978257,0.0022764227,atac10k
0.0049606278,-0.0005045862,atac10k
0.004915305,-0.0051235817,atac10k
0.0049786223,0.0019147565,atac10k
0.0049779885,0.0027850342,atac10k
0.004978114,0.0016300054,atac10k
0.0049775057,0.0034315793,atac10k
0.004949569,-0.0027909582,atac10k
0.004977578,0.0036162846,atac10k
0.004978672,0.0016490389,atac10k
0.004950623,-0.0036417553,atac10k
0.0049582734,-0.00086082023,atac10k
0.004947741,-0.0028627766,atac10k
0.004978827,0.0016776605,atac10k
0.0049765757,0.0019225209,atac10k
0.0049473825,-0.0030184814,atac10k
0.0049480903,-0.0029431276,atac10k
0.004978809,0.0016948663,atac10k
0.0049784672,0.0020384584,atac10k
0.004977907,0.0028232578,atac10k
0.0049473746,-0.0029793165,atac10k
0.0049785967,0.0018987006,atac10k
0.0049779764,0.0027597572,atac10k
0.0049785725,0.002299124,atac10k
0.0049455883,-0.0029735495,atac10k
0.0049461103,-0.0036131833,atac10k
0.0049614795,-0.00046223294,atac10k
0.0049787345,0.0024567598,atac10k
0.004945445,-0.004366125,atac10k
0.0049362076,-0.005295795,atac10k
0.004978026,0.0027586145,atac10k
0.0049777753,0.0029710822,atac10k
0.004960133,-0.001005106,atac10k
0.00493065,-0.0041391677,atac10k
0.004977723,0.0018281,atac10k
0.0049782605,0.0020101385,atac10k
0.0049786083,0.0020316478,atac10k
0.004946345,-0.0037457582,atac10k
0.0049783443,0.0023008417,atac10k
0.004946496,-0.0028562117,atac10k
0.004977483,0.003355731,atac10k
0.0049786605,0.0016273671,atac10k
0.00496237,-0.0031777301,atac10k
0.004956738,-0.0020319817,atac10k
0.004979106,0.0030793569,atac10k
0.0049697007,0.0034539837,atac10k
0.004931506,-0.0048310547,atac10k
0.0049781883,0.0030819087,atac10k
0.0049698986,0.00013578078,atac10k
0.004934307,-0.005267902,atac10k
0.004913536,-0.0039791716,atac10k
0.0049776374,0.0012738771,atac10k
0.0049145543,-0.0045470977,atac10k
0.0049780575,0.0026404315,atac10k
0.0049484614,-0.0026656871,atac10k
0.004913279,-0.004219626,atac10k
0.004977787,0.003049373,atac10k
0.0049788808,0.0014854171,atac10k
0.0049786353,0.002150187,atac10k
0.0049774055,0.0037475443,atac10k
0.0049749617,0.0017762114,atac10k
0.004977763,0.0030091784,atac10k
0.004953512,-0.0013839205,atac10k
0.004943864,-0.005327352,atac10k
0.0049489103,-0.0048210034,atac10k
0.00491353,-0.0040177857,atac10k
0.004947033,-0.0038503583,atac10k
0.004978193,0.0023081177,atac10k
0.0049782326,0.0022649055,atac10k
0.004977522,0.003127667,atac10k
0.0049782735,0.0021074736,atac10k
0.004978894,0.0017554667,atac10k
0.00497882,0.0016228352,atac10k
0.0049469187,-0.0026823555,atac10k
0.004978519,0.0018259658,atac10k
0.004978015,0.0022070424,atac10k
0.0049787406,0.0014150838,atac10k
0.004948032,-0.0041440944,atac10k
0.0049483567,-0.0023554156,atac10k
0.0049776514,0.0032261529,atac10k
0.0049782903,0.0023894226,atac10k
0.0049777706,0.0030421698,atac10k
0.004946537,-0.0031111368,atac10k
0.004978923,0.0015982,atac10k
0.0049783248,0.0021955594,atac10k
0.0049472363,-0.0027794873,atac10k
0.004978407,0.002049591,atac10k
0.0049465345,-0.0026356215,atac10k
0.004952123,-0.0034491632,atac10k
0.0049785296,0.001986383,atac10k
0.004949661,-0.0026520055,atac10k
0.00497818,0.0024613647,atac10k
0.0049480507,-0.0027165085,atac10k
0.0049467115,-0.0040256167,atac10k
0.004948502,-0.0028424512,atac10k
0.004978284,0.002200479,atac10k
0.0049786065,0.0018291856,atac10k
0.004977835,0.002944762,atac10k
0.004946654,-0.0034300415,atac10k
0.004947002,-0.0030918783,atac10k
0.0049481364,-0.00296934,atac10k
0.004977982,0.0013070432,atac10k
0.004946942,-0.0031725385,atac10k
0.0049694264,-0.0026149554,atac10k
0.0049774866,0.0032671504,atac10k
0.004946558,-0.003076458,atac10k
0.0049779643,0.0028207947,atac10k
0.0049774563,0.0034118737,atac10k
0.004962523,-0.00062022236,atac10k
0.004978584,0.0017541705,atac10k
0.004978675,0.0015308019,atac10k
0.0049787937,0.0020921505,atac10k
0.0049764505,0.0026224058,atac10k
0.004977243,0.0039234143,atac10k
0.0049785357,0.0020024814,atac10k
0.004929195,-0.0033401402,atac10k
0.004978952,0.001652901,atac10k
0.0049481834,-0.0035550403,atac10k
0.0049780495,0.0028322933,atac10k
0.00497816,0.0025889743,atac10k
0.0049780137,0.0020739671,atac10k
0.0049761357,0.0026727037,atac10k
0.0049774605,0.0034515671,atac10k
0.004947086,-0.0038479713,atac10k
0.004978124,0.002671959,atac10k
0.004946149,-0.0028078393,atac10k
0.0049468,-0.003207476,atac10k
0.0049787997,0.0019310632,atac10k
0.004961473,1.0977223e-05,atac10k
0.004976301,0.0021616917,atac10k
0.004977737,0.0030793548,atac10k
0.0049790232,0.0013427492,atac10k
0.004977978,0.0025584458,atac10k
0.004978765,0.0019038738,atac10k
0.004977758,0.0017994671,atac10k
0.0049785976,0.0018548513,atac10k
0.0049782633,0.0022309902,atac10k
0.004949578,-0.003106209,atac10k
0.0049475012,-0.0037830593,atac10k
0.0049786908,0.0019404483,atac10k
0.004978244,0.002127547,atac10k
0.0049136453,-0.004012973,atac10k
0.0049772477,0.0036408473,atac10k
0.004978417,0.0019966885,atac10k
0.004972854,0.0015262305,atac10k
0.0049533043,0.00057186396,atac10k
0.0049758004,-0.0004801105,atac10k
0.004947418,-0.0028824008,atac10k
0.0049466905,-0.0033663234,atac10k
0.00497736,0.0033827748,atac10k
0.00497977,0.008442466,atac10k
0.0049775406,0.0022559557,atac10k
0.0049780654,0.0019667547,atac10k
0.0049772887,0.003642146,atac10k
0.0049790894,0.0015399589,atac10k
0.004978554,0.0019807408,atac10k
0.004978536,0.002722079,atac10k
0.004978532,0.0018154108,atac10k
0.0049477303,-0.004775957,atac10k
0.0049454914,-0.005703704,atac10k
0.0049470365,-0.0028694137,atac10k
0.0049464633,-0.0039415117,atac10k
0.0049786596,0.0019819126,atac10k
0.004977514,0.0036530697,atac10k
0.0049523874,-0.004858947,atac10k
0.004920815,-0.0033333781,atac10k
0.0049789073,0.0015230102,atac10k
0.004978451,0.0022373868,atac10k
0.004976668,0.004451139,atac10k
0.004947664,-0.0027683035,atac10k
0.004978952,0.0016149436,atac10k
0.0049777064,0.0015628095,atac10k
0.0049778307,0.0026430604,atac10k
0.004947943,-0.0028263503,atac10k
0.004946905,-0.004216806,atac10k
0.0049773203,0.003442499,atac10k
0.0049786484,0.0017564574,atac10k
0.0049784863,0.0017036463,atac10k
0.004947485,-0.0049268524,atac10k
0.0049781147,0.0023731089,atac10k
0.0049485695,-0.0028697501,atac10k
0.0049771513,0.0035046546,atac10k
0.004947605,-0.0030599046,atac10k
0.004976798,0.0046615605,atac10k
0.0049483976,-0.0027331428,atac10k
0.0049460083,-0.0039730817,atac10k
0.0049783196,0.0020421005,atac10k
0.004948349,-0.0042869006,atac10k
0.0049207895,-0.0044328985,atac10k
0.0049475823,-0.002741881,atac10k
0.004979016,0.0022207797,atac10k
0.0049789455,0.001658754,atac10k
0.0049231495,-0.00326424,atac10k
0.004978942,0.0019301486,atac10k
0.004978606,0.002107426,atac10k
0.00497884,0.0014490415,atac10k
0.004929991,-0.003878364,atac10k
0.0049473294,-0.0029573473,atac10k
0.0049466267,-0.0026987921,atac10k
0.004939698,-0.0013644842,atac10k
0.004933458,-0.003942549,atac10k
0.0049472363,-0.0030021984,atac10k
0.0049790824,0.0015227708,atac10k
0.004948971,-0.003041092,atac10k
0.004978191,0.0023908806,atac10k
0.0049780263,0.0027100877,atac10k
0.004978338,0.0018656792,atac10k
0.004916239,-0.00420307,atac10k
0.0049775206,0.0028246304,atac10k
0.0049683023,0.0009558686,atac10k
0.004978548,0.0021099637,atac10k
0.0049784468,0.0021474913,atac10k
0.004978115,0.0028652844,atac10k
0.004947939,-0.002955955,atac10k
0.0049784863,0.0017263045,atac10k
0.0049775396,0.0030714239,atac10k
0.0049469704,-0.0032752005,atac10k
0.004978572,0.0016791865,atac10k
0.0049779112,0.0028100775,atac10k
0.004978565,0.0021470971,atac10k
0.004919998,-0.003480514,atac10k
0.004912992,-0.004265753,atac10k
0.004948376,-0.0026683982,atac10k
0.004934487,-0.004039093,atac10k
0.0049787886,0.0016019057,atac10k
0.0049782987,0.0024114882,atac10k
0.004947568,-0.0028771122,atac10k
0.0049784062,0.002288205,atac10k
0.0049784314,0.0015575613,atac10k
0.0049782353,0.0017550612,atac10k
0.0049788947,0.0016420089,atac10k
0.0049787927,0.0017538258,atac10k
0.004922384,-0.0037281648,atac10k
0.004978636,0.0017621841,atac10k
0.0049703293,0.0024095308,atac10k
0.004947771,-0.0026229436,atac10k
0.004978678,0.004234543,atac10k
0.0049479296,-0.0051442063,atac10k
0.0049784374,0.0017610585,atac10k
0.0049780547,0.0027342052,atac10k
0.004976561,0.0034162397,atac10k
0.0049785413,0.0017342983,atac10k
0.0049761184,0.00083378336,atac10k
0.0049470654,-0.004619484,atac10k
0.00494263,-0.003641299,atac10k
0.0049471646,-0.0048039933,atac10k
0.004946884,-0.003324191,atac10k
0.0049481583,-0.002792116,atac10k
0.0049472437,-0.003348974,atac10k
0.0049779634,0.0025205475,atac10k
0.0049772677,0.0037109177,atac10k
0.0049786945,0.0016056693,atac10k
0.004947965,-0.0040218057,atac10k
0.004958076,-0.00097626686,atac10k
0.004977019,0.003986129,atac10k
0.0049198484,-0.0036945934,atac10k
0.0049773934,0.0035659827,atac10k
0.0049787075,0.0018461898,atac10k
0.0049784803,0.0021201652,atac10k
0.004950369,0.0035962288,atac10k
0.004963894,0.00048948586,atac10k
0.0049787285,0.0017622865,atac10k
0.004978385,0.001875217,atac10k
0.0049764737,0.0036456923,atac10k
0.0049783434,0.002107655,atac10k
0.0049778167,0.0020742188,atac10k
0.00494595,-0.0043736445,atac10k
0.0049779285,0.002710809,atac10k
0.0049784794,0.0019524316,atac10k
0.0049692527,0.0010049357,atac10k
0.0049789203,0.0015405797,atac10k
0.0049773892,0.0020544764,atac10k
0.0049484987,-0.004852125,atac10k
0.0049671847,0.0008258723,atac10k
0.00491446,-0.0042842096,atac10k
0.0049787215,0.0017767252,atac10k
0.0049789594,0.0015531817,atac10k
0.004948358,-0.0037242381,atac10k
0.004946978,-0.0026045816,atac10k
0.0049466337,-0.0030885285,atac10k
0.004978952,0.0014065228,atac10k
0.004946651,-0.0039917757,atac10k
0.0049785967,0.0019985512,atac10k
0.004978236,0.0022664347,atac10k
0.0049726455,0.0021065602,atac10k
0.0049479436,-0.0028000516,atac10k
0.004949173,-0.004175852,atac10k
0.0049458793,-0.004423906,atac10k
0.0049754293,-0.0007442295,atac10k
0.0049779937,0.002558818,atac10k
0.004947152,-0.003646257,atac10k
0.004978607,0.0018582939,atac10k
0.0049491986,-0.0045362627,atac10k
0.0049777585,0.004059814,atac10k
0.004978586,0.0027250277,atac10k
0.0049483534,-0.0051397574,atac10k
0.004979305,0.0022067982,atac10k
0.004950234,-0.0029437116,atac10k
0.0049784454,0.0021480627,atac10k
0.0049773883,0.003333526,atac10k
0.004978358,0.0022654315,atac10k
0.0049786456,0.0019240074,atac10k
0.0049785683,0.0018620319,atac10k
0.0049479087,-0.0046050274,atac10k
0.0049785445,0.0019675768,atac10k
0.00497787,0.0039430032,atac10k
0.0049763187,0.0020871335,atac10k
0.004977994,0.0027063254,atac10k
0.0049772984,0.003498762,atac10k
0.004946847,-0.0036005103,atac10k
0.0049777213,0.003154717,atac10k
0.004978615,0.0019935311,atac10k
0.004977372,0.0033844193,atac10k
0.004914101,-0.0036680012,atac10k
0.00495524,-0.0046747806,atac10k
0.0049303942,-0.0035070628,atac10k
0.004950426,-0.0038176954,atac10k
0.0049265665,-0.004140241,atac10k
0.004947923,-0.003392713,atac10k
0.0049468814,-0.003267036,atac10k
0.0049784235,0.0022164364,atac10k
0.004978169,0.0025089094,atac10k
0.004946728,-0.0066769016,atac10k
0.00494757,-0.0037269958,atac10k
0.0049775653,0.0032614525,atac10k
0.004916855,-0.0042409506,atac10k
0.0049771788,0.0025824613,atac10k
0.0049631717,-0.0001391144,atac10k
0.004977797,0.0029961374,atac10k
0.0049775974,0.0032266912,atac10k
0.0049464265,-0.0027721613,atac10k
0.00497777,0.0017064846,atac10k
0.0049785255,0.0015183628,atac10k
0.0049143573,-0.0043802103,atac10k
0.0049788253,0.0017379827,atac10k
0.004978475,0.0020712921,atac10k
0.004978281,0.0016759494,atac10k
0.00497823,0.0024463749,atac10k
0.004946832,-0.0037811347,atac10k
0.0049466784,-0.003019563,atac10k
0.0049785515,0.0019110861,atac10k
0.004978758,0.001508488,atac10k
0.0049143285,-0.0050060055,atac10k
0.004974832,0.0025856502,atac10k
0.0049788863,0.0015994252,atac10k
0.004977613,0.0032798273,atac10k
0.004948009,-0.0031730835,atac10k
0.004977192,0.002063299,atac10k
0.004977928,0.0027940308,atac10k
0.0049777194,0.003029185,atac10k
0.0049469224,-0.0025884067,atac10k
0.0049785785,0.0019665486,atac10k
0.0049469336,-0.003059827,atac10k
0.0049479483,-0.0031058337,atac10k
0.004978018,0.002738951,atac10k
0.0049774023,0.0034380634,atac10k
0.0049191546,-0.0039786436,atac10k
0.004946889,-0.0022189047,atac10k
0.0049770973,0.0037814355,atac10k
0.004947024,-0.0029747286,atac10k
0.0049783825,0.0022599094,atac10k
0.0049783206,0.0016482676,atac10k
0.004950789,-0.0027274773,atac10k
0.004961897,-0.0005327673,atac10k
0.00494661,-0.0027630231,atac10k
0.0049782707,0.0019876356,atac10k
0.0049474724,-0.0036196283,atac10k
0.0049786535,0.001821161,atac10k
0.0049476353,-0.0024177562,atac10k
0.004978851,0.0018972848,atac10k
0.0049779722,0.002615037,atac10k
0.0049775383,0.003368468,atac10k
0.0049469727,-0.0037206905,atac10k
0.004978332,0.0017302834,atac10k
0.0049789622,0.0015447603,atac10k
0.004946662,-0.0033467165,atac10k
0.004978598,0.0019861716,atac10k
0.0049482146,-0.003279328,atac10k
0.0049787047,0.0018761622,atac10k
0.004916517,-0.0046474747,atac10k
0.0049783224,0.0021106764,atac10k
0.0049784346,0.0019984404,atac10k
0.004947142,-0.004332761,atac10k
0.0049787955,0.0015930459,atac10k
0.0049674083,0.0031625489,atac10k
0.004977892,0.0028890653,atac10k
0.004946826,-0.0029932081,atac10k
0.0049714884,0.0003123754,atac10k
0.0049477215,-0.0029090287,atac10k
0.004977545,0.0033865285,atac10k
0.0049739783,-0.00019872327,atac10k
0.004977823,0.0028820098,atac10k
0.004947883,-0.004930166,atac10k
0.0049786684,0.0019267563,atac10k
0.004946569,-0.0033122308,atac10k
0.00497779,0.0028719346,atac10k
0.0049790735,0.0012853685,atac10k
0.004978447,0.0017176509,atac10k
0.004978024,0.0027097806,atac10k
0.004978576,0.0019897697,atac10k
0.004946002,-0.004280053,atac10k
0.004977939,0.0027812084,atac10k
0.004977843,0.0029425665,atac10k
0.0049783564,0.0018602632,atac10k
0.00497533,0.001984767,atac10k
0.0049576275,-0.0013980354,atac10k
0.0049743745,0.0019842302,atac10k
0.0049467175,-0.0027859,atac10k
0.004978353,0.0018881408,atac10k
0.004959889,-0.0010427296,atac10k
0.004946918,-0.003644071,atac10k
0.004977548,0.0018314094,atac10k
0.004978088,0.0026703104,atac10k
0.0049466942,-0.003682724,atac10k
0.004979013,0.0014701787,atac10k
0.004945835,-0.003202685,atac10k
0.004946752,-0.004519236,atac10k
0.00497881,0.0018066593,atac10k
0.004978215,0.0022299036,atac10k
0.004978406,0.0022223925,atac10k
0.004947409,-0.0029445572,atac10k
0.004978098,0.0019988506,atac10k
0.004947038,-0.004756901,atac10k
0.0049761212,0.0020682395,atac10k
0.004950935,-0.00046813098,atac10k
0.0049774186,0.0032020016,atac10k
0.004953353,-0.0026551438,atac10k
0.004978938,0.0019483131,atac10k
0.004977377,0.0035014846,atac10k
0.004945781,-0.0029853573,atac10k
0.0049785506,0.0019387465,atac10k
0.0049486253,-0.003441276,atac10k
0.0049775885,0.0033245173,atac10k
0.004978632,0.001904212,atac10k
0.004978265,0.0023371128,atac10k
0.0049447627,-0.0042683557,atac10k
0.0049775597,0.0030090674,atac10k
0.004975157,0.0018473329,atac10k
0.0049787434,0.0016841382,atac10k
0.0049768556,0.0012032641,atac10k
0.0049785646,0.001833399,atac10k
0.0049775853,0.003166204,atac10k
0.004947439,-0.0026280626,atac10k
0.0049481336,-0.00311208,atac10k
0.0049784346,0.0024311668,atac10k
0.0049783885,0.0021545927,atac10k
0.0049471846,-0.0038186216,atac10k
0.004978389,0.002384338,atac10k
0.0049456144,-0.0029296111,atac10k
0.0049551036,-0.00032917372,atac10k
0.004977319,0.0035996395,atac10k
0.004976991,0.0023208756,atac10k
0.004955081,-0.0024719164,atac10k
0.004934931,-0.0055111586,atac10k
0.004966759,0.0005784328,atac10k
0.0049522417,-0.0055323597,atac10k
0.0049789855,0.0015218405,atac10k
0.0049788244,0.001618965,atac10k
0.0049176128,-0.003646014,atac10k
0.0049762884,0.005148482,atac10k
0.0049779094,0.0029638347,atac10k
0.004947353,-0.002831331,atac10k
0.004977165,0.0038783646,atac10k
0.0049779145,0.0025556954,atac10k
0.0049496065,-0.0030823385,atac10k
0.004947887,-0.0026255418,atac10k
0.0049517974,-0.0067936233,atac10k
0.0049778856,0.0012387454,atac10k
0.0049775694,0.0032286218,atac10k
0.004977891,0.0029211717,atac10k
0.0049770195,0.002277465,atac10k
0.004947972,-0.0027969899,atac10k
0.004978291,0.0022775955,atac10k
0.0049780617,0.00265162,atac10k
0.0049495497,-0.0022060622,atac10k
0.004977708,0.0030857285,atac10k
0.0049466197,-0.0027935507,atac10k
0.0049314406,-0.0031922564,atac10k
0.004977253,0.003661208,atac10k
0.0049788444,0.0017591866,atac10k
0.004955941,-0.002314214,atac10k
0.004978222,0.002282362,atac10k
0.0049785296,0.0017744032,atac10k
0.0049463506,-0.00498307,atac10k
0.004978512,0.0017392751,atac10k
0.0049711256,0.004447443,atac10k
0.004978681,0.0017370206,atac10k
0.00497739,0.0033514379,atac10k
0.004948022,-0.00402691,atac10k
0.004948078,-0.0029891992,atac10k
0.0049782456,0.0013067196,atac10k
0.004947855,-0.003199726,atac10k
0.004977813,0.0030719752,atac10k
0.0049776454,0.003227299,atac10k
0.004948084,-0.0030586391,atac10k
0.004978579,0.0017816776,atac10k
0.00497877,0.0016405265,atac10k
0.004977768,0.002923977,atac10k
0.0049341233,-0.004548311,atac10k
0.0049778796,0.0029628782,atac10k
0.0049789357,0.0016215001,atac10k
0.0049774544,0.003372411,atac10k
0.0049780817,0.0018551555,atac10k
0.00494717,-0.00417656,atac10k
0.004976228,0.0018647043,atac10k
0.004946724,-0.003503807,atac10k
0.004978469,0.0019280793,atac10k
0.004978619,0.0021181966,atac10k
0.0049452526,-0.004438886,atac10k
0.0049471613,-0.0030515057,atac10k
0.004978112,0.00254739,atac10k
0.0049784696,0.0019871069,atac10k
0.004978664,0.0018434279,atac10k
0.004924495,-0.003593634,atac10k
0.004929415,-0.0034006624,atac10k
0.0049502933,-0.0033915087,atac10k
0.004914073,-0.0049793893,atac10k
0.004948397,-0.0029169328,atac10k
0.0049601863,-0.00017004008,atac10k
0.0049786293,0.0018392922,atac10k
0.0049488344,-0.0042358707,atac10k
0.0049804654,0.0010437345,atac10k
0.004913313,-0.0036675301,atac10k
0.0049749687,0.0026018624,atac10k
0.0049129245,-0.0037617257,atac10k
0.004948689,-0.003972197,atac10k
0.0049782516,0.002342349,atac10k
0.0049761953,0.0039837644,atac10k
0.004977421,0.003059811,atac10k
0.0049473243,-0.0024276462,atac10k
0.0049767145,0.0041908473,atac10k
0.004978565,0.0020603202,atac10k
0.004977634,0.0029986731,atac10k
0.004921043,-0.003900493,atac10k
0.0049482184,-0.0028214585,atac10k
0.0049800794,-0.0016403744,atac10k
0.0049783573,0.0019810551,atac10k
0.004948489,-0.0029419456,atac10k
0.004977909,0.0026920508,atac10k
0.004977665,0.0030577346,atac10k
0.0049477182,-0.0024840923,atac10k
0.00494667,-0.0028725064,atac10k
0.0049777864,0.002859045,atac10k
0.004978338,0.0021640982,atac10k
0.0049779774,0.002713175,atac10k
0.004946682,-0.0028667222,atac10k
0.0049776863,0.0030311702,atac10k
0.004948808,-0.003773236,atac10k
0.0049781133,0.0023452612,atac10k
0.004950747,0.0029049432,atac10k
0.004978623,0.0016949541,atac10k
0.0049471296,-0.0034786006,atac10k
0.004947398,-0.0024942032,atac10k
0.0049784645,0.0019502504,atac10k
0.0049776905,0.0030804782,atac10k
0.0049477387,-0.0052612564,atac10k
0.0049775336,0.0033376073,atac10k
0.00494655,-0.002687502,atac10k
0.004978322,0.002147099,atac10k
0.0049782647,0.0033083367,atac10k
0.0049468093,-0.0033525669,atac10k
0.004973492,0.0019713675,atac10k
0.0049458626,-0.0032316004,atac10k
0.0049785515,0.0019289401,atac10k
0.004978905,0.0014150612,atac10k
0.004972116,0.0011104443,atac10k
0.0049469657,-0.0036273587,atac10k
0.0049276873,-0.0038140402,atac10k
0.0049465033,-0.0031306173,atac10k
0.0049789585,0.0014247918,atac10k
0.0049781413,0.0025974195,atac10k
0.0049479012,-0.0033600435,atac10k
0.0049770656,-0.0005513107,atac10k
0.0049770647,0.00384735,atac10k
0.0049786475,0.0014074773,atac10k
0.004971363,0.0015865993,atac10k
0.004978712,0.0017171148,atac10k
0.0049787844,0.001694661,atac10k
0.0049782894,0.0018867874,atac10k
0.0049773706,0.0035433664,atac10k
0.0049785376,0.0017265081,atac10k
0.004945985,-0.0027691538,atac10k
0.0049784165,0.0020782165,atac10k
0.0049193543,-0.004422564,atac10k
0.004978372,0.00221786,atac10k
0.0049783424,0.0022473882,atac10k
0.004948,-0.002589549,atac10k
0.004977511,0.0033206271,atac10k
0.0049786107,0.0019044814,atac10k
0.004912914,-0.0039129746,atac10k
0.004947571,-0.0029852593,atac10k
0.0049778647,0.002226791,atac10k
0.0049780873,0.002609768,atac10k
0.0049781227,0.0024388544,atac10k
0.004948918,-0.00496991,atac10k
0.0049781874,0.0021199475,atac10k
0.004978313,0.0020694942,atac10k
0.0049783923,0.0023037244,atac10k
0.004978387,0.002100044,atac10k
0.004946617,-0.0030175832,atac10k
0.004978955,0.0038701051,atac10k
0.0049778833,0.0026824116,atac10k
0.004977318,0.003674871,atac10k
0.0049785585,0.0020762987,atac10k
0.004947188,-0.0032248923,atac10k
0.0049781227,0.0022963078,atac10k
0.004948381,-0.0037114962,atac10k
0.004947838,-0.0031738284,atac10k
0.0049470533,-0.0030854566,atac10k
0.0049788407,0.0016319467,atac10k
0.0049779173,0.002780176,atac10k
0.0049466267,-0.0035486345,atac10k
0.004914724,-0.0034829574,atac10k
0.004916585,-0.0037295271,atac10k
0.004916136,-0.004539315,atac10k
0.0049788626,0.0019174459,atac10k
0.0049474244,-0.003924385,atac10k
0.004912657,-0.004024946,atac10k
0.0049501956,-0.0029394783,atac10k
0.0049301414,-0.0046446724,atac10k
0.0049476977,-0.0023368504,atac10k
0.0049776156,0.0031921132,atac10k
0.004947458,-0.0026125757,atac10k
0.0049782293,0.0026257252,atac10k
0.00497887,0.0016863053,atac10k
0.004977864,0.0029086918,atac10k
0.0049788654,0.0018854203,atac10k
0.00495046,-0.003904236,atac10k
0.0049464796,-0.0032117325,atac10k
0.0049779266,0.0026496863,atac10k
0.0049772137,0.0038133916,atac10k
0.0049788286,0.0016949619,atac10k
0.0049776873,0.002924847,atac10k
0.0049787536,0.0016878203,atac10k
0.00497787,0.002953317,atac10k
0.004949129,-0.004269162,atac10k
0.0049466155,-0.0026904584,atac10k
0.004947483,-0.0034077747,atac10k
0.0049783634,0.0018632576,atac10k
0.0049465406,-0.004199995,atac10k
0.004947107,-0.0031822054,atac10k
0.004977388,0.003558905,atac10k
0.004948684,-0.0029392692,atac10k
0.004977625,0.0033063935,atac10k
0.0049782163,0.0025873354,atac10k
0.00494808,-0.0029516341,atac10k
0.0049783452,0.0021392333,atac10k
0.0049789734,0.0015291915,atac10k
0.004974666,0.0021365455,atac10k
0.004978932,0.0017472834,atac10k
0.004945337,-0.0035474265,atac10k
0.0049784253,0.0019200101,atac10k
0.0049778554,0.0026959847,atac10k
0.004977492,0.0033305783,atac10k
0.004977646,0.003117682,atac10k
0.0049771257,0.0038172754,atac10k
0.0049772128,0.003768613,atac10k
0.0049784924,0.0017320766,atac10k
0.004947436,-0.005136941,atac10k
0.004946402,-0.0030123587,atac10k
0.004950703,-0.0040147216,atac10k
0.004946546,-0.0027990253,atac10k
0.004947037,-0.0029679476,atac10k
0.004913587,-0.0044813547,atac10k
0.0049757883,-0.001163109,atac10k
0.0049781143,0.0020126023,atac10k
0.0049785683,0.0017138887,atac10k
0.004977258,0.0035513092,atac10k
0.00497852,0.0014638309,atac10k
0.004978961,0.0014575723,atac10k
0.0049780365,0.0028447988,atac10k
0.0049773217,0.0036041671,atac10k
0.0049779974,0.0023793315,atac10k
0.004978702,0.002955233,atac10k
0.004946851,-0.0028883377,atac10k
0.004978276,0.0023624352,atac10k
0.004946622,-0.00272918,atac10k
0.004977327,0.003455139,atac10k
0.004978359,0.0020715497,atac10k
0.0049773273,0.0035583843,atac10k
0.0049782777,0.002414105,atac10k
0.0049770805,0.0023366916,atac10k
0.0049791397,0.0014681373,atac10k
0.00497795,0.0027996004,atac10k
0.00497807,0.002628104,atac10k
0.004913614,-0.004682677,atac10k
0.00495143,0.0010377464,atac10k
0.0049770605,0.0037810716,atac10k
0.0049785045,0.0015912218,atac10k
0.00497842,0.0019999517,atac10k
0.0049787145,0.0018919987,atac10k
0.0049782493,0.002396632,atac10k
0.0049776575,0.0031243218,atac10k
0.004946712,-0.0029762906,atac10k
0.0049782568,0.0022263029,atac10k
0.0049619707,5.779608e-06,atac10k
0.0049783504,0.0014555514,atac10k
0.004978945,0.0016606307,atac10k
0.004979566,0.0032805423,atac10k
0.0049492246,0.00161789,atac10k
0.004978149,0.0021204634,atac10k
0.0049780346,0.0028930006,atac10k
0.0049529374,-0.0029521242,atac10k
0.0049375365,-0.0031025934,atac10k
0.004976741,0.0017042494,atac10k
0.004975513,-0.0017832917,atac10k
0.004978637,0.0024434337,atac10k
0.0049500256,-0.00015592224,atac10k
0.0049471925,-0.0039310753,atac10k
0.004978299,0.002384668,atac10k
0.00497657,0.0019201108,atac10k
0.0049777613,0.0031064763,atac10k
0.0049783215,0.00215589,atac10k
0.004918577,-0.0033570467,atac10k
0.004978019,0.0027825392,atac10k
0.0049787145,0.0017590567,atac10k
0.0049782153,0.002551537,atac10k
0.0049787415,0.0027252475,atac10k
0.004978644,0.0018099577,atac10k
0.004978056,0.002493627,atac10k
0.0049785837,0.002246746,atac10k
0.004979095,0.0013849244,atac10k
0.004977915,0.0026075807,atac10k
0.0049151457,-0.0043255477,atac10k
0.0049784044,0.0017222969,atac10k
0.0049787643,0.0013684954,atac10k
0.0049783383,0.0022017928,atac10k
0.0049457797,-0.0034256051,atac10k
0.0049789813,0.0016708206,atac10k
0.0049163583,-0.004324426,atac10k
0.004921153,-0.0035134272,atac10k
0.0049494677,-0.005132426,atac10k
0.00495551,-0.004316564,atac10k
0.0049154796,-0.0042225597,atac10k
0.004946461,-0.0057418067,atac10k
0.0049473103,-0.0031603305,atac10k
0.0049776975,0.003027602,atac10k
0.004977614,0.0032567051,atac10k
0.004948438,-0.0027759948,atac10k
0.004946603,-0.0032359348,atac10k
0.004946717,-0.0031527085,atac10k
0.004948197,-0.0038459213,atac10k
0.0049237586,-0.0034817662,atac10k
0.004977627,0.0030444562,atac10k
0.0049776942,0.0030604885,atac10k
0.004978764,0.001657504,atac10k
0.0049783494,0.0020496605,atac10k
0.0049775965,0.002965233,atac10k
0.004947375,-0.0029597033,atac10k
0.004949275,-0.004595644,atac10k
0.004949256,-0.0045502274,atac10k
0.0049153846,-0.0045594107,atac10k
0.0049781743,0.0016546623,atac10k
0.0049276548,-0.0044270805,atac10k
0.0049486775,-0.0025402254,atac10k
0.0049466295,-0.0035055338,atac10k
0.0049785296,0.001956478,atac10k
0.004947203,-0.002859761,atac10k
0.004946916,-0.0038590066,atac10k
0.0049788477,0.0016293166,atac10k
0.0049479003,-0.0030327193,atac10k
0.0049778786,0.0029374436,atac10k
0.004945506,-0.003997682,atac10k
0.0049476638,-0.0029064002,atac10k
0.0049476516,-0.002887284,atac10k
0.004978285,0.0023139354,atac10k
0.0049777296,0.003135286,atac10k
0.004976404,0.0031931654,atac10k
0.004947322,-0.0028884907,atac10k
0.0049300375,-0.0044312854,atac10k
0.0049772053,0.003693191,atac10k
0.0049477876,-0.0038594229,atac10k
0.004978501,0.001900006,atac10k
0.004978334,0.00212678,atac10k
0.00497861,0.0018377558,atac10k
0.0049473993,-0.0028165374,atac10k
0.004947079,-0.00387623,atac10k
0.0049780947,0.0018309874,atac10k
0.0049465704,-0.0026699638,atac10k
0.004978342,0.0024105355,atac10k
0.004947356,-0.0037119484,atac10k
0.004949319,-0.0040091677,atac10k
0.004978721,0.0015551816,atac10k
0.0049784407,0.0014866185,atac10k
0.0049788915,0.0018427495,atac10k
0.0049784263,0.0017963416,atac10k
0.0049130446,-0.0044532837,atac10k
0.0049212067,-0.003703715,atac10k
0.0049683065,0.0048498646,atac10k
0.004977547,0.0033105197,atac10k
0.004949619,-0.004737968,atac10k
0.0049461327,-0.0030450984,atac10k
0.004978374,0.0020675373,atac10k
0.004950562,-0.00019231677,atac10k
0.0049785343,0.0020767446,atac10k
0.00497859,0.0020632925,atac10k
0.0049783806,0.0023167152,atac10k
0.0049787643,0.0016546729,atac10k
0.00497848,0.0022501997,atac10k
0.00497838,0.0021609203,atac10k
0.004976395,0.0016835644,atac10k
0.004947362,-0.0034726057,atac10k
0.0049798274,0.004291011,atac10k
0.004948682,-0.0041009104,atac10k
0.0049465536,-0.003039779,atac10k
0.004978698,0.0018755337,atac10k
0.004976667,0.002788259,atac10k
0.004978612,0.0018553397,atac10k
0.0049471376,-0.003423895,atac10k
0.0049787527,0.0016865915,atac10k
0.004946863,-0.003934962,atac10k
0.0049124346,-0.0036558066,atac10k
0.0049294163,-0.004065674,atac10k
0.0049786167,0.0024221542,atac10k
0.004979611,0.0040648156,atac10k
0.004977885,0.0028012067,atac10k
0.0049783695,0.0022459629,atac10k
0.004977628,0.0018509622,atac10k
0.0049480703,-0.0057386095,atac10k
0.004978454,0.0019710304,atac10k
0.0049538645,0.001766408,atac10k
0.004948197,-0.0053597395,atac10k
0.0049493415,-0.0044136336,atac10k
0.0049784468,0.0022184046,atac10k
0.004977753,0.0029924328,atac10k
0.0049783243,0.0019727782,atac10k
0.004948371,-0.0038130335,atac10k
0.004946858,-0.004454784,atac10k
0.0049467264,-0.0041685407,atac10k
0.0049468363,-0.0032568753,atac10k
0.0049778973,0.0030001928,atac10k
0.004978801,0.001690466,atac10k
0.004951703,-0.0032281214,atac10k
0.0049760365,0.00287397,atac10k
0.004977106,0.004256034,atac10k
0.0049784477,0.0019498554,atac10k
0.0049149883,-0.004724015,atac10k
0.0049765944,0.0031658027,atac10k
0.004978657,0.0017498087,atac10k
0.0049788565,0.0014621165,atac10k
0.0049781534,0.0021794767,atac10k
0.0049786144,0.0021366784,atac10k
0.0049515534,-0.002504215,atac10k
0.0049786754,0.0018480849,atac10k
0.0049783243,0.0018706502,atac10k
0.0049787657,0.0013690883,atac10k
0.0049480614,-0.0032689762,atac10k
0.004977452,0.0031366658,atac10k
0.0049782824,0.0021679257,atac10k
0.0049781436,0.0025748557,atac10k
0.0049776887,0.0028225286,atac10k
0.0049787033,0.0017576473,atac10k
0.004924293,-0.0044168686,atac10k
0.0049781194,0.0025563363,atac10k
0.0049222657,-0.0032318856,atac10k
0.0049461317,-0.0036196602,atac10k
0.004978192,0.002272741,atac10k
0.004963224,0.0022510968,atac10k
0.004977804,0.0030448975,atac10k
0.0049785133,0.0019770733,atac10k
0.004978287,0.0022806937,atac10k
0.004978597,0.0018343155,atac10k
0.0049780915,0.002576538,atac10k
0.0049786395,0.0018524063,atac10k
0.004978289,0.00214826,atac10k
0.0049779587,0.0024694088,atac10k
0.004978172,0.002549664,atac10k
0.0049466738,-0.003726856,atac10k
0.004935857,-0.005171302,atac10k
0.004946828,-0.0032935818,atac10k
0.004978383,0.00220565,atac10k
0.0049783275,0.002229682,atac10k
0.004978375,0.00202519,atac10k
0.004976043,0.0032741225,atac10k
0.0049784933,0.0020748356,atac10k
0.0049789795,0.0015419391,atac10k
0.0049505727,-0.0024090782,atac10k
0.004978323,0.0014013773,atac10k
0.004913769,-0.0042071203,atac10k
0.0049785944,0.0018829844,atac10k
0.0049774623,0.0034677617,atac10k
0.004949347,-0.0038103182,atac10k
0.0049141315,-0.005028951,atac10k
0.00494588,-0.0027305598,atac10k
0.0049784956,0.0019509062,atac10k
0.0049789893,0.0015224394,atac10k
0.0049776933,0.0028986624,atac10k
0.004926911,-0.004040178,atac10k
0.0049776053,0.002427393,atac10k
0.0049132085,-0.003965676,atac10k
0.0049777497,0.0031178193,atac10k
0.0049785804,0.0019316783,atac10k
0.004946626,-0.0029228793,atac10k
0.0049496978,-0.003021193,atac10k
0.004947731,-0.003917187,atac10k
0.0049787024,0.0016167932,atac10k
0.004978491,0.0018843681,atac10k
0.0049131177,-0.0043827835,atac10k
0.0049778996,0.0028860038,atac10k
0.0049783294,0.002330348,atac10k
0.004948652,-0.0025318768,atac10k
0.004978137,0.0023205685,atac10k
0.004977725,0.0031267297,atac10k
0.0049764984,0.0019816316,atac10k
0.004977873,0.0029817421,atac10k
0.0049144747,-0.004818994,atac10k
0.004978697,0.001755777,atac10k
0.004920205,-0.0038097312,atac10k
0.004978287,0.0015269321,atac10k
0.0049465606,-0.003542699,atac10k
0.00494685,-0.0034540682,atac10k
0.0049475543,-0.0034811485,atac10k
0.004978742,0.0017428164,atac10k
0.004946552,-0.0025890332,atac10k
0.004947435,-0.004295274,atac10k
0.004978644,0.0015663647,atac10k
0.0049784817,0.002293577,atac10k
0.00497799,0.0028982842,atac10k
0.0049477923,-0.0025519629,atac10k
0.004946545,-0.0027396807,atac10k
0.0049777376,0.003101113,atac10k
0.0049772174,0.0039294553,atac10k
0.0049744826,0.002349068,atac10k
0.0049785175,0.0021496168,atac10k
0.00491898,-0.0036836336,atac10k
0.0049788137,0.0017713973,atac10k
0.0049749655,0.0030804824,atac10k
0.004977973,0.0015573188,atac10k
0.004948217,-0.0029534316,atac10k
0.0049788365,0.0015768883,atac10k
0.0049482216,-0.0050985194,atac10k
0.0049773525,0.0034861814,atac10k
0.004978724,0.0016221188,atac10k
0.0049472693,-0.003192989,atac10k
0.0049513625,-0.006384279,atac10k
0.0049495287,-0.0041607637,atac10k
0.004977976,0.0028885077,atac10k
0.0049766856,0.003826148,atac10k
0.0049782214,0.00256003,atac10k
0.004978493,0.0020325661,atac10k
0.0049477136,-0.0027937423,atac10k
0.004978001,0.0022230165,atac10k
0.004947064,-0.0029846507,atac10k
0.004975202,0.001618234,atac10k
0.0049780374,0.0027508503,atac10k
0.0049725226,0.0019411893,atac10k
0.0049470533,-0.0025762706,atac10k
0.0049464004,-0.0035642507,atac10k
0.004947942,-0.0026878358,atac10k
0.004978128,0.0025768979,atac10k
0.004977117,0.0038606483,atac10k
0.0049786973,0.0019021922,atac10k
0.0049782423,0.0022607748,atac10k
0.004947431,-0.0032201712,atac10k
0.0049747895,0.0016527342,atac10k
0.0049780062,0.001598452,atac10k
0.004960979,-0.0016851032,atac10k
0.004946807,-0.003727023,atac10k
0.004978006,0.002671916,atac10k
0.0049551562,-0.0018394223,atac10k
0.0049476097,-0.0040699057,atac10k
0.0049771275,0.0024242408,atac10k
0.0049779885,0.0014606183,atac10k
0.0049786465,0.0024032204,atac10k
0.004978277,0.0017545187,atac10k
0.004946849,-0.0052703996,atac10k
0.004977462,0.0026326322,atac10k
0.004948119,-0.0031964032,atac10k
0.0049717682,0.0013882614,atac10k
0.0049465667,-0.002695122,atac10k
0.004912484,-0.0028939794,atac10k
0.0049786675,0.0018866705,atac10k
0.0049774963,0.0027117468,atac10k
0.0049785506,0.0019721957,atac10k
0.004947835,-0.003938219,atac10k
0.0049132905,-0.0039425534,atac10k
0.0049131773,-0.0040022302,atac10k
0.0049470537,-0.002937891,atac10k
0.0049475613,-0.0041611046,atac10k
0.004948395,-0.003766158,atac10k
0.0049776384,0.002195949,atac10k
0.004977594,0.0031679096,atac10k
0.0049766987,0.0019663777,atac10k
0.004978097,0.0044084825,atac10k
0.0049778596,0.0026367367,atac10k
0.004978352,0.0023848992,atac10k
0.004978724,0.0018171312,atac10k
0.004977456,0.003401805,atac10k
0.0049135396,-0.003946664,atac10k
0.004978749,0.0021311215,atac10k
0.0049782284,0.0024940073,atac10k
0.0049185273,-0.003866338,atac10k
0.004978812,0.0017040385,atac10k
0.004912964,-0.003576941,atac10k
0.004918218,-0.0036839808,atac10k
0.004977689,0.0018109098,atac10k
0.004946805,-0.002969828,atac10k
0.004978046,0.0026796847,atac10k
0.004978634,0.0018348952,atac10k
0.004977607,0.002453264,atac10k
0.0049465597,-0.004097838,atac10k
0.0049457806,-0.0032394733,atac10k
0.004951104,-0.002437567,atac10k
0.004978941,0.0017685833,atac10k
0.0049491976,-0.0042037265,atac10k
0.0049771736,0.0023582426,atac10k
0.0049778204,0.0029437623,atac10k
0.0049556545,-0.0011464455,atac10k
0.004978651,0.00189203,atac10k
0.0049787383,0.0017118417,atac10k
0.0049715927,0.0013925513,atac10k
0.0049469187,-0.0033581655,atac10k
0.004978473,0.0021375252,atac10k
0.0049789767,0.0017222154,atac10k
0.0049780533,0.0026817017,atac10k
0.00494685,-0.0027265674,atac10k
0.004923569,-0.003799208,atac10k
0.004977556,0.0030823417,atac10k
0.004946914,-0.0029725314,atac10k
0.0049790796,0.0018597633,atac10k
0.00496301,4.8441645e-05,atac10k
0.004977469,0.0033484867,atac10k
0.0049776696,0.0031397715,atac10k
0.0049786116,0.001670126,atac10k
0.004946566,-0.0032153956,atac10k
0.004946797,-0.0028704307,atac10k
0.0049468675,-0.0035779662,atac10k
0.0049295053,-0.0034486894,atac10k
0.0049786675,0.0017515762,atac10k
0.0049777203,0.0031302,atac10k
0.0049136453,-0.0039971233,atac10k
0.0049784197,0.0021076056,atac10k
0.0049775164,0.0020560033,atac10k
0.00497746,0.0033599606,atac10k
0.0049769804,0.0039956924,atac10k
0.004977816,0.00288167,atac10k
0.0049780724,0.0019161305,atac10k
0.0049782367,0.0029472345,atac10k
0.0049787825,0.0016746365,atac10k
0.004977315,0.0030952631,atac10k
0.0049784016,0.0021473449,atac10k
0.0049474007,-0.0039361943,atac10k
0.004948816,-0.005180572,atac10k
0.0049783303,0.0023275656,atac10k
0.004977563,0.0032999262,atac10k
0.004947155,-0.0028316064,atac10k
0.004945553,-0.0043014614,atac10k
0.0049783387,0.0023097831,atac10k
0.004947003,-0.0040249587,atac10k
0.0049666166,0.00279618,atac10k
0.004978676,0.0019307601,atac10k
0.0049470332,-0.0031129578,atac10k
0.0049773827,0.001883989,atac10k
0.0049466398,-0.0024998323,atac10k
0.0049780584,0.0025049406,atac10k
0.004971396,0.0031982264,atac10k
0.004978893,0.0016367837,atac10k
0.004954601,-0.0018378753,atac10k
0.0049785683,0.0019604384,atac10k
0.00494615,-0.0028678991,atac10k
0.0049786954,0.0013590995,atac10k
0.004977818,0.0029881317,atac10k
0.004978518,0.0019400466,atac10k
0.0049787243,0.002159659,atac10k
0.0049785343,0.0018580188,atac10k
0.004977946,0.0024576616,atac10k
0.004947284,-0.0034184165,atac10k
0.0049778707,0.0015004689,atac10k
0.004977548,0.0016780334,atac10k
0.004977691,0.00324038,atac10k
0.004977714,0.0031487567,atac10k
0.00497819,0.0025120587,atac10k
0.0049131745,-0.0037670818,atac10k
0.004977554,0.003368944,atac10k
0.004978642,0.0017734192,atac10k
0.004978784,0.0017074874,atac10k
0.004947646,-0.0030583546,atac10k
0.004977357,0.0033383346,atac10k
0.004947141,-0.0025876893,atac10k
0.0049771494,0.0037796036,atac10k
0.004979361,0.008686612,atac10k
0.004947195,-0.0029486667,atac10k
0.0049469694,-0.00396745,atac10k
0.004978262,0.0024065261,atac10k
0.0049777105,0.0029854125,atac10k
0.004947094,-0.0033000328,atac10k
0.0049477997,-0.0036455863,atac10k
0.0049774903,0.0033010824,atac10k
0.004978439,0.0019231391,atac10k
0.004947742,-0.0036149367,atac10k
0.0049789664,0.0013210648,atac10k
0.0049459212,-0.0033453756,atac10k
0.004949054,-0.0041993437,atac10k
0.0049466738,-0.0029476811,atac10k
0.004977729,0.003068063,atac10k
0.004978725,0.0018137537,atac10k
0.004978056,0.0021761658,atac10k
0.004978935,0.0015789686,atac10k
0.0049786377,0.0018428733,atac10k
0.004978981,0.001423747,atac10k
0.004963278,3.2502652e-05,atac10k
0.004914089,-0.004608538,atac10k
0.004929831,-0.0034652224,atac10k
0.0049788663,0.0033168592,atac10k
0.0049788416,0.0027448954,atac10k
0.0049473317,-0.0026819622,atac10k
0.004974882,0.002032224,atac10k
0.004949375,-0.0047030863,atac10k
0.0049314997,-0.004225703,atac10k
0.00497843,0.0021837587,atac10k
0.004956292,-0.001078051,atac10k
0.0049786353,0.0018810644,atac10k
0.004978532,0.0019444525,atac10k
0.0049785017,0.0013641466,atac10k
0.004947705,-0.0032337091,atac10k
0.004977175,0.0021780941,atac10k
0.004978203,0.0021610425,atac10k
0.004946578,-0.0036555678,atac10k
0.0049781054,0.0025186688,atac10k
0.004977623,0.0032125218,atac10k
0.004959996,-0.00096078875,atac10k
0.00497671,0.0015593681,atac10k
0.0049782973,0.0015207878,atac10k
0.0049784575,0.0019138807,atac10k
0.004977574,0.0033606568,atac10k
0.004978104,0.0023519536,atac10k
0.0049481117,-0.0047546085,atac10k
0.00497858,0.0019499328,atac10k
0.0049788696,0.0016688578,atac10k
0.0049776766,0.0031657277,atac10k
0.004947631,-0.002854809,atac10k
0.0049471855,-0.0034549725,atac10k
0.0049483697,-0.0037956133,atac10k
0.0049786055,0.0021176436,atac10k
0.0049773403,0.003530683,atac10k
0.0049789497,0.0013278405,atac10k
0.0049777823,0.003001745,atac10k
0.0049774195,0.003480128,atac10k
0.0049786298,0.0021331501,atac10k
0.004914127,-0.004200691,atac10k
0.004977172,0.0023222277,atac10k
0.004976254,0.0021523705,atac10k
0.004978281,0.0024278907,atac10k
0.0049774866,0.003334437,atac10k
0.004946769,-0.0039524953,atac10k
0.004978509,0.0019961805,atac10k
0.004976928,0.004238342,atac10k
0.004955605,0.002998909,atac10k
0.004945368,-0.004730103,atac10k
0.004978624,0.0018529502,atac10k
0.004947456,-0.0030277886,atac10k
0.0049780556,0.0026674478,atac10k
0.0049741836,0.0017742832,atac10k
0.0049469233,-0.003541007,atac10k
0.0049467864,-0.003994157,atac10k
0.004949006,-0.0030881925,atac10k
0.004954957,-0.0035836124,atac10k
0.00497852,0.0013832572,atac10k
0.0049455226,-0.004746526,atac10k
0.004946348,-0.0027919493,atac10k
0.0049473965,-0.00297535,atac10k
0.0049775857,0.0016559119,atac10k
0.0049786684,0.0018376729,atac10k
0.004977828,0.0028798014,atac10k
0.0049463008,-0.0027042846,atac10k
0.0049701994,0.0014438165,atac10k
0.0049772738,0.0034783378,atac10k
0.004978039,0.0020091622,atac10k
0.004948567,-0.003309023,atac10k
0.0049478924,-0.0030091337,atac10k
0.0049481206,-0.004530553,atac10k
0.0049781785,0.0024897268,atac10k
0.004977495,0.0018106872,atac10k
0.0049464605,-0.0037225143,atac10k
0.0049482607,-0.004632681,atac10k
0.004978374,0.0021092421,atac10k
0.004978248,0.0037110536,atac10k
0.0049786577,0.001844932,atac10k
0.0049485257,-0.0027765278,atac10k
0.004977805,0.0029454452,atac10k
0.004978125,0.0025077295,atac10k
0.00494876,-0.004509001,atac10k
0.0049485103,-0.0029326626,atac10k
0.0049786135,0.0017254294,atac10k
0.0049790023,0.0013637395,atac10k
0.004978356,0.0020690362,atac10k
0.004977275,0.003664793,atac10k
0.0049773715,0.0037249376,atac10k
0.0049784323,0.002067461,atac10k
0.004977573,0.0032989075,atac10k
0.0049486673,-0.0025029737,atac10k
0.004947119,-0.0055148983,atac10k
0.004978531,0.001952589,atac10k
0.004978546,0.0019505813,atac10k
0.004947744,-0.0029706832,atac10k
0.0049788887,0.0014394317,atac10k
0.004978704,0.001482377,atac10k
0.004977713,0.0029905005,atac10k
0.004977203,0.0023892827,atac10k
0.004977921,0.0025201095,atac10k
0.004944996,-0.0037955951,atac10k
0.00494682,-0.0027191227,atac10k
0.0049783266,0.0022640377,atac10k
0.004977898,0.0015369625,atac10k
0.0049467664,-0.0025584556,atac10k
0.0049132775,-0.003968954,atac10k
0.0049478486,-0.0056800214,atac10k
0.0049784207,0.0018536679,atac10k
0.0049469955,-0.003334839,atac10k
0.0049408004,-0.0040409626,atac10k
0.00495907,-0.00045856592,atac10k
0.0049774437,0.0033771791,atac10k
0.004946901,-0.0036135823,atac10k
0.0049764966,0.0035118035,atac10k
0.004977772,0.0013943807,atac10k
0.004947353,-0.0039825793,atac10k
0.004947399,-0.004126126,atac10k
0.0049787774,0.0014039533,atac10k
0.004978619,0.0018193092,atac10k
0.004978251,0.0023774214,atac10k
0.004913114,-0.0040671164,atac10k
0.004978152,0.0020979545,atac10k
0.004978982,0.0015457699,atac10k
0.004945514,-0.0049852235,atac10k
0.004978153,0.002312968,atac10k
0.004978066,0.002271186,atac10k
0.0049784565,0.0020393238,atac10k
0.004978244,0.0022702042,atac10k
0.0049145734,-0.0045606866,atac10k
0.0049786586,0.0019862442,atac10k
0.0049129496,-0.0037606936,atac10k
0.004946757,-0.0039527374,atac10k
0.0049754325,0.0021155113,atac10k
0.0049784672,0.0021877494,atac10k
0.004978611,0.0017547235,atac10k
0.0049783993,0.0020870815,atac10k
0.004945858,-0.004451625,atac10k
0.0049782773,0.0020708453,atac10k
0.0049780332,0.0025755274,atac10k
0.0049769836,0.004369832,atac10k
0.004978436,0.0021978382,atac10k
0.004947733,-0.0027839404,atac10k
0.0049791024,0.0012676953,atac10k
0.004914044,-0.00449398,atac10k
0.0049785348,0.0019434637,atac10k
0.0049765836,0.0041255844,atac10k
0.004978856,0.001601976,atac10k
0.004977614,0.0032407371,atac10k
0.004922073,-0.003451535,atac10k
0.0049470784,-0.0025679988,atac10k
0.0049785953,0.0017645335,atac10k
0.004914068,-0.0036667464,atac10k
0.0049791387,0.00308341,atac10k
0.0049770824,0.004002506,atac10k
0.0049776295,0.001978453,atac10k
0.004953453,-0.002495451,atac10k
0.004948055,-0.002854477,atac10k
0.004977969,0.003072193,atac10k
0.0049775117,0.0032958072,atac10k
0.004947314,-0.0030603858,atac10k
0.004948118,-0.0037769421,atac10k
0.004975108,0.004302055,atac10k
0.0049787457,0.002009727,atac10k
0.004919378,-0.0053924285,atac10k
0.004977483,0.0018424774,atac10k
0.0049459757,-0.0050344276,atac10k
0.0049784873,0.0020526936,atac10k
0.004948212,-0.0038730896,atac10k
0.0049460707,-0.00461416,atac10k
0.0049785096,0.002057779,atac10k
0.004977445,0.0024988023,atac10k
0.0049783974,0.0023036369,atac10k
0.0049787457,0.0017962027,atac10k
0.004914437,-0.004229854,atac10k
0.004978707,0.0017880888,atac10k
0.0049779983,0.0026474895,atac10k
0.0049774256,0.0033555743,atac10k
0.004977898,0.0028444403,atac10k
0.004978311,0.002227921,atac10k
0.004974607,0.0023253958,atac10k
0.004978019,0.0023648336,atac10k
0.004946506,-0.0047052577,atac10k
0.0049221106,-0.003724172,atac10k
0.0049643624,9.608308e-05,atac10k
0.004978698,0.0014412164,atac10k
0.0049786074,0.001887718,atac10k
0.004977527,0.003270069,atac10k
0.004948857,-0.0044378503,atac10k
0.0049778637,0.0029791552,atac10k
0.004912357,-0.004296147,atac10k
0.0049466696,-0.003640059,atac10k
0.004947462,-0.004618793,atac10k
0.004977766,0.0030783843,atac10k
0.0049417503,-0.0030570794,atac10k
0.004945965,-0.0031299496,atac10k
0.0049786363,0.0019317539,atac10k
0.0049475967,-0.0032375273,atac10k
0.004977804,0.003074286,atac10k
0.0049783285,0.002230491,atac10k
0.004947135,-0.0029794448,atac10k
0.0049483194,-0.0036837326,atac10k
0.0049484023,-0.0026192965,atac10k
0.0049510743,-0.003972779,atac10k
0.00494661,-0.005598687,atac10k
0.004946087,-0.0030305448,atac10k
0.004924457,-0.0039383117,atac10k
0.004948543,-0.0009300326,atac10k
0.004979028,0.0015921973,atac10k
0.004949072,-0.0042407755,atac10k
0.0049467934,-0.00333552,atac10k
0.0049781147,0.0024733576,atac10k
0.004978571,0.001887238,atac10k
0.004978275,0.002052566,atac10k
0.004977889,0.0029319224,atac10k
0.0049241227,-0.0037472418,atac10k
0.004978576,0.0019623025,atac10k
0.004976401,0.002262635,atac10k
0.0049208407,-0.003995428,atac10k
0.0049175923,-0.003959886,atac10k
0.0049101114,-0.0020570129,atac10k
0.004917702,-0.0038362185,atac10k
0.0049777003,0.0030083747,atac10k
0.0049472987,-0.0030309053,atac10k
0.004947402,-0.002685465,atac10k
0.004946585,-0.0026134034,atac10k
0.0049461983,-0.0042738,atac10k
0.0049780603,0.0024863742,atac10k
0.00494855,-0.0028293533,atac10k
0.004977535,0.0030919565,atac10k
0.0049775206,0.0033112399,atac10k
0.0049783057,0.0022785016,atac10k
0.004978422,0.0022069053,atac10k
0.004977781,0.0026889523,atac10k
0.0049782,0.0023141888,atac10k
0.0049467105,-0.003307547,atac10k
0.0049775816,0.0032463388,atac10k
0.0049782563,0.0023552498,atac10k
0.0049790577,0.0020957997,atac10k
0.004946472,-0.0037645826,atac10k
0.0049787364,0.0018182026,atac10k
0.004950314,-0.0035999566,atac10k
0.004913243,-0.0039250255,atac10k
0.004946866,-0.0040837694,atac10k
0.0049788253,0.0015992523,atac10k
0.0049782475,0.0020010143,atac10k
0.0049778735,0.002756844,atac10k
0.0049480186,-0.0024019321,atac10k
0.0049664346,0.00053142227,atac10k
0.0049787303,0.0018545677,atac10k
0.004977911,0.002853813,atac10k
0.004978283,0.0019701656,atac10k
0.0049432055,-0.0045644557,atac10k
0.004978115,0.0021798322,atac10k
0.0049461694,-0.0026458213,atac10k
0.0049783685,0.0019988955,atac10k
0.004942048,-0.0022541701,atac10k
0.0049475655,-0.0022918829,atac10k
0.004978724,0.0017394434,atac10k
0.0049778447,0.0023926585,atac10k
0.0049473518,-0.0011223208,atac10k
0.004978657,0.0026976417,atac10k
0.004947519,-0.0024529048,atac10k
0.0049786945,0.0017308824,atac10k
0.0049467185,-0.0034201657,atac10k
0.004977586,0.0031398637,atac10k
0.004979254,0.0023133035,atac10k
0.0049465327,-0.0027438512,atac10k
0.0049471403,-0.004840217,atac10k
0.004978665,0.0017967629,atac10k
0.0049480903,-0.0028564942,atac10k
0.004946795,-0.0026086248,atac10k
0.0049783504,0.002086272,atac10k
0.004978831,0.0018554226,atac10k
0.0049783457,0.001619035,atac10k
0.0049467944,-0.004506211,atac10k
0.0049469,-0.0044346424,atac10k
0.0049479245,-0.0055537703,atac10k
0.004947122,-0.003074289,atac10k
0.0049786014,0.0018858551,atac10k
0.0049476214,-0.0042007915,atac10k
0.004946289,-0.0039927494,atac10k
0.0049764155,0.0021132661,atac10k
0.004977974,0.0026914398,atac10k
0.004913837,-0.00419307,atac10k
0.0049790647,0.0015156008,atac10k
0.0049483026,-0.003958928,atac10k
0.0049787015,0.0018449139,atac10k
0.0049468614,-0.0036843896,atac10k
0.0049784905,0.0017217757,atac10k
0.004977556,0.0033083742,atac10k
0.0049789194,0.0015190204,atac10k
0.004977325,0.0034910853,atac10k
0.004978414,0.0019315776,atac10k
0.004925899,-0.0042879195,atac10k
0.004978889,0.0014194676,atac10k
0.004978028,0.0026808192,atac10k
0.004977998,0.0027238033,atac10k
0.004977797,0.0030982345,atac10k
0.004972266,0.0022152546,atac10k
0.0049415925,-0.0047282586,atac10k
0.004948817,-0.0027387757,atac10k
0.00494851,-0.0032286074,atac10k
0.0049786,0.0017524011,atac10k
0.0049788975,0.001721391,atac10k
0.004978408,0.0022253175,atac10k
0.0049784444,0.0022348014,atac10k
0.0049782144,0.0023280997,atac10k
0.004948421,-0.0026157373,atac10k
0.004977549,0.0034472353,atac10k
0.004946826,-0.0026371942,atac10k
0.0049788603,0.0015436783,atac10k
0.0049483688,-0.0039383946,atac10k
0.00494892,-0.0028632672,atac10k
0.0049468144,-0.0030923134,atac10k
0.004978538,0.0037130106,atac10k
0.004978742,0.0017633436,atac10k
0.004977971,0.002730226,atac10k
0.004948038,-0.0027099545,atac10k
0.0049774973,0.0033583348,atac10k
0.004947997,-0.0057631223,atac10k
0.00495072,-0.0043039354,atac10k
0.004946662,-0.00511262,atac10k
0.004979112,0.0015695625,atac10k
0.0049777236,0.0040396787,atac10k
0.004914837,-0.004942204,atac10k
0.004947576,-0.002838119,atac10k
0.0049778945,0.0019756597,atac10k
0.00491656,-0.0048626983,atac10k
0.0049490104,-0.00220824,atac10k
0.004947871,-0.005492986,atac10k
0.004978033,0.0025626875,atac10k
0.004978572,0.0017857304,atac10k
0.004978711,0.0017394488,atac10k
0.0049774353,0.0021718165,atac10k
0.004978104,0.0024701778,atac10k
0.004978595,0.0017672811,atac10k
0.0049790167,0.0014058478,atac10k
0.0049782866,0.0021066107,atac10k
0.0049486463,-0.003913883,atac10k
0.0049782554,0.0024760182,atac10k
0.0049783043,0.0021037848,atac10k
0.0049782097,0.0027319726,atac10k
0.0049466835,-0.003831419,atac10k
0.004978193,0.0025464825,atac10k
0.004953112,-0.0036360878,atac10k
0.004978832,0.001697277,atac10k
0.004978652,0.0016259691,atac10k
0.0049785087,0.0020337638,atac10k
0.0049776863,0.0030580454,atac10k
0.004978198,0.0025839878,atac10k
0.004947869,-0.003546403,atac10k
0.0049461545,-0.0029956307,atac10k
0.004977683,0.0020078586,atac10k
0.004976476,0.0023652497,atac10k
0.0049152533,-0.004282509,atac10k
0.0049476167,-0.003692644,atac10k
0.004962692,0.0009115251,atac10k
0.0049484097,-0.0028506075,atac10k
0.004978396,0.0019758597,atac10k
0.0049476903,-0.0042764037,atac10k
0.0049212417,-0.0040030824,atac10k
0.004977504,0.0031160733,atac10k
0.0049779927,0.0024243551,atac10k
0.0049769212,0.0041825874,atac10k
0.0049133725,-0.003629545,atac10k
0.004913791,-0.004440993,atac10k
0.004978207,0.002279433,atac10k
0.004946898,-0.0034406134,atac10k
0.0049474677,-0.0038870298,atac10k
0.0049472842,-0.0040129363,atac10k
0.004978839,0.0016467154,atac10k
0.0049531073,-0.0023113592,atac10k
0.0049477043,-0.0026301492,atac10k
0.0049460856,-0.002960814,atac10k
0.004979096,0.0014611783,atac10k
0.004945613,-0.0031385259,atac10k
0.004925755,-0.0040519624,atac10k
0.004977674,0.0031795194,atac10k
0.0049777683,0.0030671163,atac10k
0.0049779583,0.0028430074,atac10k
0.0049506486,0.00095725944,atac10k
0.004978223,0.0022256617,atac10k
0.004947892,-0.0030716315,atac10k
0.004948029,-0.0029575066,atac10k
0.0049483217,-0.0033383267,atac10k
0.0049783518,0.0020394844,atac10k
0.00497904,0.0014395136,atac10k
0.0049788407,0.0016844055,atac10k
0.0049786964,0.003198449,atac10k
0.0049770763,0.004888802,atac10k
0.004955005,0.0042457744,atac10k
0.004947393,-0.0038415163,atac10k
0.004978462,0.002171849,atac10k
0.0049782973,0.0017796524,atac10k
0.0049510454,-0.0015546116,atac10k
0.004977345,0.0035608439,atac10k
0.004913823,-0.004627672,atac10k
0.004946996,-0.0040481053,atac10k
0.0049789376,0.0014352495,atac10k
0.0049638483,-0.00043637204,atac10k
0.004942007,-0.004984495,atac10k
0.004977965,0.0024156808,atac10k
0.004960473,0.00038527558,atac10k
0.00494813,-0.0054375445,atac10k
0.0049773874,0.0035815614,atac10k
0.004978374,0.002016038,atac10k
0.0049783634,0.0020390924,atac10k
0.004978982,0.001789705,atac10k
0.0049480456,-0.0026365013,atac10k
0.004913263,-0.004153571,atac10k
0.00494694,-0.0031808778,atac10k
0.004948376,-0.0036256805,atac10k
0.0049134265,-0.0041013546,atac10k
0.00491278,-0.0031235712,atac10k
0.004913326,-0.003990225,atac10k
0.004947864,-0.0029450573,atac10k
0.004948722,-0.004177143,atac10k
0.004977631,0.0022333502,atac10k
0.0049128626,-0.0035641848,atac10k
0.004977691,0.003125668,atac10k
0.004946814,-0.003513154,atac10k
0.0049776314,0.003013484,atac10k
0.0049159345,-0.0046805735,atac10k
0.0049479613,-0.0031228105,atac10k
0.004947073,-0.0028749,atac10k
0.0049790256,0.0013752931,atac10k
0.0049464973,-0.0026890116,atac10k
0.004976972,0.0024148081,atac10k
0.0049471525,-0.0035349408,atac10k
0.0049767266,0.004259526,atac10k
0.00494856,-0.0025040107,atac10k
0.0049345493,-0.0019373647,atac10k
0.00497777,0.002945638,atac10k
0.0049782936,0.0022372175,atac10k
0.0049474663,-0.003037637,atac10k
0.004948684,-0.0037220472,atac10k
0.0049771746,0.004122633,atac10k
0.0049788263,0.0016767631,atac10k
0.0049780845,0.0027897293,atac10k
0.004977097,0.004091059,atac10k
0.004978376,0.0029485002,atac10k
0.0049499497,-0.004292608,atac10k
0.0049779695,0.0027667575,atac10k
0.004978831,0.0016366008,atac10k
0.00494679,-0.003065625,atac10k
0.0049789883,0.001619217,atac10k
0.0049137026,-0.003879055,atac10k
0.004946623,-0.0035533595,atac10k
0.004953911,-0.0011245105,atac10k
0.0049772537,0.0035467665,atac10k
0.0049713957,0.001970357,atac10k
0.0049792,0.0011947821,atac10k
0.0049459264,-0.00332473,atac10k
0.004978291,0.0021745563,atac10k
0.0049131634,-0.004207108,atac10k
0.0049787634,0.0018148539,atac10k
0.0049787024,0.0018735466,atac10k
0.0049789045,0.0016348105,atac10k
0.0049785525,0.0020793744,atac10k
0.004947726,-0.005440645,atac10k
0.004947866,-0.0028223854,atac10k
0.0049784165,0.0021833105,atac10k
0.0049470454,-0.003013449,atac10k
0.004977279,0.0010365391,atac10k
0.0049458006,-0.0045180907,atac10k
0.0049786614,0.0018160578,atac10k
0.004949114,-0.002417142,atac10k
0.0049776,0.0017554674,atac10k
0.004977144,0.003980618,atac10k
0.004946975,-0.0032788578,atac10k
0.0049783476,0.0023464144,atac10k
0.0049787164,0.0017757555,atac10k
0.0049786153,0.0019142855,atac10k
0.0049783066,0.0018512766,atac10k
0.00497735,0.0012081844,atac10k
0.0049481597,-0.0035942176,atac10k
0.0049483185,-0.0043109106,atac10k
0.0049785646,0.0019139289,atac10k
0.0049781404,0.0021083269,atac10k
0.004977912,0.0027298818,atac10k
0.004949261,-0.0028247244,atac10k
0.004978588,0.0014319369,atac10k
0.0049777743,0.0030893928,atac10k
0.0049275556,-0.0037984874,atac10k
0.004950416,-0.0026378175,atac10k
0.004953673,-0.0015399249,atac10k
0.004978188,0.0018343624,atac10k
0.0049783243,0.0018611243,atac10k
0.0049790596,0.0014523854,atac10k
0.004978547,0.0018188361,atac10k
0.0049492666,-0.003428956,atac10k
0.0049786945,0.0018936166,atac10k
0.0049773105,0.003969421,atac10k
0.0049474216,-0.0038496556,atac10k
0.0049466565,-0.0037479491,atac10k
0.0049743727,0.00027753305,atac10k
0.0049779075,0.002821656,atac10k
0.00497804,0.0017880719,atac10k
0.004978052,0.0027374062,atac10k
0.0049785534,0.0017001532,atac10k
0.004978184,0.0023803958,atac10k
0.0049477867,-0.0030542556,atac10k
0.004978264,0.001579199,atac10k
0.0049790284,0.0014527319,atac10k
0.004946529,-0.0036600865,atac10k
0.0049167955,-0.0041152094,atac10k
0.0049773026,0.0036207587,atac10k
0.004977807,0.0030461731,atac10k
0.0049467343,-0.002523302,atac10k
0.0049776165,0.0032920716,atac10k
0.0049784943,0.0020517812,atac10k
0.004977587,0.003246235,atac10k
0.004946651,-0.0040563294,atac10k
0.0049477513,-0.0031581058,atac10k
0.004979032,0.001591077,atac10k
0.0049788384,0.0020160163,atac10k
0.0049476624,-0.004471226,atac10k
0.0049430802,-0.003463576,atac10k
0.0049257814,-0.0038248268,atac10k
0.0049150176,-0.0051170583,atac10k
0.004947268,-0.003304502,atac10k
0.004947099,-0.0038430106,atac10k
0.0049781734,0.0024499404,atac10k
0.0049777487,0.003020382,atac10k
0.004946812,-0.0028883137,atac10k
0.0049469383,-0.0030390916,atac10k
0.004978121,0.0024109723,atac10k
0.0049467743,-0.0034075605,atac10k
0.0049465653,-0.0030791203,atac10k
0.0049127885,-0.0036758722,atac10k
0.0049785525,0.0019462544,atac10k
0.0049457047,-0.0030964497,atac10k
0.00497884,0.0017352264,atac10k
0.004976403,0.003007603,atac10k
0.004947012,-0.0029133994,atac10k
0.0049472176,-0.003108957,atac10k
0.004948423,-0.00253919,atac10k
0.004943991,-0.0049070236,atac10k
0.004978274,0.0024658127,atac10k
0.004947234,-0.0029289627,atac10k
0.004977338,0.003507253,atac10k
0.004977979,0.0024253735,atac10k
0.0049731196,0.0018948063,atac10k
0.004978275,0.0019964832,atac10k
0.004977358,0.00203686,atac10k
0.004978396,0.0020401469,atac10k
0.0049773455,0.0035312774,atac10k
0.004953806,-0.0013843805,atac10k
0.004924456,-0.0039400547,atac10k
0.0049157124,-0.004300577,atac10k
0.0049781157,0.0022800805,atac10k
0.0049782787,0.0018490036,atac10k
0.0049789767,0.0016251218,atac10k
0.004978601,0.0016654844,atac10k
0.004978603,0.0018172485,atac10k
0.0049468223,-0.0025453907,atac10k
0.0049465992,-0.0033274337,atac10k
0.004950008,-0.003116055,atac10k
0.00494759,-0.004061631,atac10k
0.004978647,0.001819469,atac10k
0.0049778596,0.0029163063,atac10k
0.004953222,-0.0037674743,atac10k
0.0049469285,-0.0032156606,atac10k
0.004947526,-0.0025401865,atac10k
0.0049776603,0.0030336222,atac10k
0.0049762316,0.0019444281,atac10k
0.0049771555,-0.0011265264,atac10k
0.0049473853,-0.0027795853,atac10k
0.0049786256,0.0017424508,atac10k
0.0049757226,-0.0011894854,atac10k
0.004977891,0.0027185366,atac10k
0.0049483012,-0.0033235135,atac10k
0.004978819,0.0015793454,atac10k
0.004977481,0.0033755149,atac10k
0.004948327,-0.0043389197,atac10k
0.004946839,-0.003406797,atac10k
0.0049783266,0.002145526,atac10k
0.0049490826,-0.0042813043,atac10k
0.0049783406,0.0020665152,atac10k
0.004977746,0.002832425,atac10k
0.004947139,-0.0040818164,atac10k
0.0049776467,0.0024439676,atac10k
0.0049775117,0.0029241904,atac10k
0.0049248906,-0.003954835,atac10k
0.004946721,-0.002859133,atac10k
0.0049782977,0.0018638764,atac10k
0.004978915,0.0015240861,atac10k
0.0049480377,-0.0043278118,atac10k
0.0049735205,0.001286066,atac10k
0.0049778814,0.002953256,atac10k
0.004948675,-0.0037243464,atac10k
0.0049784468,0.002130783,atac10k
0.004967511,0.0042090546,atac10k
0.0049784738,0.0018047702,atac10k
0.0049453476,-0.0039453367,atac10k
0.004977809,0.0020020534,atac10k
0.0049786535,0.0018185282,atac10k
0.0049782274,0.0023986995,atac10k
0.0049467618,-0.003623882,atac10k
0.0049779587,0.0026655789,atac10k
0.0049781958,0.0023428034,atac10k
0.0049779085,0.0028838161,atac10k
0.0049778535,0.0029687965,atac10k
0.004978379,0.0021405334,atac10k
0.0049134907,-0.0038433527,atac10k
0.0049467324,-0.0036808143,atac10k
0.0049786577,0.0018897481,atac10k
0.0049343808,-0.0038959286,atac10k
0.004915841,-0.0047921003,atac10k
0.00494728,-0.0033240612,atac10k
0.0049753524,0.0044474346,atac10k
0.0049788435,0.0018491005,atac10k
0.004946448,-0.0035490065,atac10k
0.0049778945,0.0029241852,atac10k
0.004977238,0.0036902635,atac10k
0.0049785133,0.0019991759,atac10k
0.004958422,-0.0015395024,atac10k
0.0049478784,-0.0029690173,atac10k
0.0049782977,0.0013755414,atac10k
0.0049788808,0.0015940486,atac10k
0.0049464502,-0.00067985925,atac10k
0.0049790074,0.0016780364,atac10k
0.0049488773,-0.0039012495,atac10k
0.004914151,-0.0040251436,atac10k
0.004978644,0.0018331852,atac10k
0.0049435217,-0.0040842043,atac10k
0.004973615,0.0013914129,atac10k
0.004947744,-0.0040632933,atac10k
0.004950884,-0.0030090588,atac10k
0.0049730227,0.0019023261,atac10k
0.0049169124,-0.004351408,atac10k
0.0049593695,-0.0008846653,atac10k
0.004978484,0.0017528045,atac10k
0.004947753,-0.002946292,atac10k
0.004949067,-0.004287688,atac10k
0.0049222223,-0.0037700606,atac10k
0.004948149,-0.0031743783,atac10k
0.0049789073,0.0017548089,atac10k
0.004976188,0.0020914462,atac10k
0.0049241837,-0.004091599,atac10k
0.0049485005,-0.0039664735,atac10k
0.004938677,-0.0020535544,atac10k
0.004978813,0.001546812,atac10k
0.0049464903,-0.003175476,atac10k
0.004913633,-0.0038804328,atac10k
0.004959716,-0.00041074192,atac10k
0.0049778433,0.0028529367,atac10k
0.004978405,0.0019327576,atac10k
0.0049653603,0.0025397108,atac10k
0.004978132,0.0026016228,atac10k
0.004977942,0.002617538,atac10k
0.00497853,0.0018915463,atac10k
0.0049771788,0.003912359,atac10k
0.004978576,0.0020698407,atac10k
0.004946325,-0.0028988055,atac10k
0.0049118423,-0.0019069103,atac10k
0.004976196,0.0013495387,atac10k
0.0049481154,-0.0034920902,atac10k
0.004979858,0.0031428009,atac10k
0.0049250135,-0.0037449833,atac10k
0.0049471953,-0.003807842,atac10k
0.0049639004,-0.0014154908,atac10k
0.0049496074,-0.0041528842,atac10k
0.004978907,0.0015222676,atac10k
0.0049468,-0.0030198663,atac10k
0.004977277,0.0036073106,atac10k
0.004977547,0.0031874967,atac10k
0.0049785427,0.0021481973,atac10k
0.0049791085,0.0015295384,atac10k
0.004951666,-0.0042539593,atac10k
0.0049779676,0.002813133,atac10k
0.004977515,0.002745758,atac10k
0.0049776887,0.001623492,atac10k
0.004913519,-0.0042081983,atac10k
0.0049785282,0.0011148198,atac10k
0.0049783727,0.0017403339,atac10k
0.004949709,-0.0049235034,atac10k
0.004978731,0.0012749785,atac10k
0.0049769944,0.0017317631,atac10k
0.0049774344,0.0016830242,atac10k
0.0049780314,0.002609325,atac10k
0.004978364,0.002106039,atac10k
0.0049421173,-0.0049088947,atac10k
0.00497871,0.001783521,atac10k
0.004978418,0.002140361,atac10k
0.004978391,0.0030079426,atac10k
0.0049543194,-0.0022399551,atac10k
0.0049472363,-0.004129547,atac10k
0.0049789175,0.0016265792,atac10k
0.004978451,0.0020600557,atac10k
0.0049781846,0.0024458964,atac10k
0.004978988,0.001570519,atac10k
0.0049475776,-0.0025587918,atac10k
0.004977922,0.0026499585,atac10k
0.0049483157,-0.0035593598,atac10k
0.004980296,0.0038338958,atac10k
0.0049779904,0.0027823825,atac10k
0.0049785697,0.001983846,atac10k
0.0049467306,-0.003229607,atac10k
0.0049783653,0.00210831,atac10k
0.004978965,0.0013997067,atac10k
0.0049484377,-0.004048167,atac10k
0.004959271,-0.0012500974,atac10k
0.0049478193,-0.0033036356,atac10k
0.004977554,0.0033125961,atac10k
0.0049780468,0.002545005,atac10k
0.0049391384,-0.010169229,atac10k
0.0049785557,0.002024617,atac10k
0.004946845,-0.0027484803,atac10k
0.004948245,-0.0030339702,atac10k
0.004977225,0.0022241643,atac10k
0.0049774908,0.0037795578,atac10k
0.0049780435,0.0028449593,atac10k
0.004978717,0.0017719745,atac10k
0.0049783303,0.0023003335,atac10k
0.0049787415,0.0015535897,atac10k
0.004948203,-0.0039161164,atac10k
0.0049782526,0.0023126272,atac10k
0.0049790824,0.0040618884,atac10k
0.0049110474,-0.0021997835,atac10k
0.0049476274,-0.004959068,atac10k
0.0049790167,0.0015745545,atac10k
0.004913278,-0.0038585425,atac10k
0.004965382,0.0029931427,atac10k
0.0049787094,0.0019807098,atac10k
0.0049777213,0.0030529096,atac10k
0.0049790526,0.0020740668,atac10k
0.004978574,0.0017753956,atac10k
0.004977759,0.0018515941,atac10k
0.0049785096,0.0020455492,atac10k
0.004946355,-0.0027658443,atac10k
0.004978428,0.0018935398,atac10k
0.0049196733,-0.0040538283,atac10k
0.004978352,0.0021342998,atac10k
0.004978742,0.0017852568,atac10k
0.0049789306,0.0017863725,atac10k
0.0049469825,-0.0041604186,atac10k
0.0049476577,-0.0021643047,atac10k
0.0049471958,-0.0041508707,atac10k
0.0049786097,0.0025156422,atac10k
0.0049768193,0.0027186489,atac10k
0.0049788477,0.001829532,atac10k
0.004978105,0.002520398,atac10k
0.0049777376,0.0028409327,atac10k
0.004948734,-0.005122724,atac10k
0.0049476363,-0.0029466446,atac10k
0.004948021,-0.0029839487,atac10k
0.0049151503,-0.0028958188,atac10k
0.0049141278,-0.00492552,atac10k
0.004912986,-0.0037558307,atac10k
0.00493771,-0.0040157093,atac10k
0.0049126907,-0.0037339055,atac10k
0.00497814,0.001316533,atac10k
0.0049790037,0.001555547,atac10k
0.004948043,-0.0025258304,atac10k
0.004978079,0.0024295913,atac10k
0.004977525,0.0031735483,atac10k
0.0049786647,0.0019572794,atac10k
0.004946151,-0.0029129807,atac10k
0.0049467124,-0.0028622786,atac10k
0.004978578,0.0018569961,atac10k
0.004948005,-0.0030468223,atac10k
0.004914626,-0.0037829636,atac10k
0.0049483883,-0.0031045056,atac10k
0.004977879,0.0028215738,atac10k
0.004946191,-0.00420471,atac10k
0.0049773604,0.0033894768,atac10k
0.004977984,0.0025495044,atac10k
0.0049773413,0.002532577,atac10k
0.0049470114,-0.0033333232,atac10k
0.004978167,0.0026188188,atac10k
0.0049462696,-0.0025888025,atac10k
0.0049777078,0.0016512023,atac10k
0.004978534,0.0018661526,atac10k
0.004977768,0.0031258997,atac10k
0.0049774884,0.0032703213,atac10k
0.0049156775,-0.0040488606,atac10k
0.0049197576,-0.0036294155,atac10k
0.0049780603,0.0028399401,atac10k
0.004948235,-0.0010790862,atac10k
0.004947157,-0.0037473938,atac10k
0.0049771057,0.0018538916,atac10k
0.004978619,0.00146446,atac10k
0.004978007,0.0017692123,atac10k
0.0049138605,-0.0041691586,atac10k
0.004978281,0.0022500004,atac10k
0.004978546,0.0017738517,atac10k
0.004947692,-0.004500318,atac10k
0.004918979,-0.004039239,atac10k
0.0049474863,-0.002852407,atac10k
0.0049468256,-0.0026715915,atac10k
0.0049769618,0.0043216576,atac10k
0.004977959,0.002126951,atac10k
0.0049465885,-0.0038690795,atac10k
0.0049085873,-0.0011304629,atac10k
0.0049482426,-0.002905661,atac10k
0.004977488,0.003362853,atac10k
0.0049152994,-0.005344555,atac10k
0.0049486416,-0.004036296,atac10k
0.004914347,-0.00402093,atac10k
0.0049785944,0.0018860088,atac10k
0.0049774353,0.002497753,atac10k
0.0049782284,0.0024452982,atac10k
0.004978783,0.0017489679,atac10k
0.0049483245,-0.0032095897,atac10k
0.0049479506,-0.0039133285,atac10k
0.0049790507,0.0015734325,atac10k
0.004977774,0.00275862,atac10k
0.0049787643,0.0015723247,atac10k
0.004978097,0.0025494215,atac10k
0.004977843,0.002000973,atac10k
0.0049789925,0.0015709789,atac10k
0.004977625,0.0031232336,atac10k
0.004948984,-0.004284269,atac10k
0.0049469825,-0.003171222,atac10k
0.0049502105,-0.0045690266,atac10k
0.004947458,-0.0060843797,atac10k
0.0049476847,-0.0026989472,atac10k
0.0049473853,-0.003767578,atac10k
0.00494763,-0.0035767697,atac10k
0.0049777534,0.0031649892,atac10k
0.0049477397,-0.0031767914,atac10k
0.00494719,-0.003447239,atac10k
0.004978016,0.002739453,atac10k
0.0049467683,-0.0035442733,atac10k
0.004978421,0.0019853003,atac10k
0.004978835,0.00169984,atac10k
0.004970771,0.0015730715,atac10k
0.004978047,0.002609722,atac10k
0.0049756677,0.001712954,atac10k
0.0049608727,0.0005441905,atac10k
0.004977962,0.0027449979,atac10k
0.004978774,0.0012059689,atac10k
0.0049779327,0.002863663,atac10k
0.0049483175,-0.003120137,atac10k
0.0049476563,-0.00403959,atac10k
0.0049785306,0.001868716,atac10k
0.004978752,0.0017482257,atac10k
0.004978454,0.0020320255,atac10k
0.004978571,0.0016948357,atac10k
0.0049783443,0.0018092627,atac10k
0.0049483743,-0.005182103,atac10k
0.0049475245,-0.0037741333,atac10k
0.004975993,0.0013597428,atac10k
0.004977558,0.003174783,atac10k
0.0049482347,-0.002985957,atac10k
0.004978151,0.0025843936,atac10k
0.0049780756,0.0025832069,atac10k
0.0049786596,0.0014405618,atac10k
0.0049782456,0.0026424201,atac10k
0.004978428,0.0018422925,atac10k
0.0049476395,-0.003855434,atac10k
0.00497775,0.002964533,atac10k
0.004977795,0.0028948118,atac10k
0.0049783904,0.0019499552,atac10k
0.0049489504,-0.004134291,atac10k
0.0049774502,0.0035184757,atac10k
0.004977969,0.0027747224,atac10k
0.004946767,-0.0026343826,atac10k
0.004949656,-0.0041432045,atac10k
0.0049782344,0.0022681498,atac10k
0.0049773306,0.003588301,atac10k
0.0049764267,0.0018433976,atac10k
0.0049789883,0.0014638129,atac10k
0.0049786353,0.0018329545,atac10k
0.004946184,-0.0026082026,atac10k
0.0049492894,-0.0035254038,atac10k
0.0049784565,0.0018933687,atac10k
0.0049403855,-0.0051319776,atac10k
0.004948161,-0.004288812,atac10k
0.0049482556,-0.0033071085,atac10k
0.0049783294,0.0019066912,atac10k
0.0049783248,0.0021216914,atac10k
0.0049508414,-0.001490572,atac10k
0.0049756137,0.0024024916,atac10k
0.004978022,0.0027838433,atac10k
0.004978367,0.0041758423,atac10k
0.0049481187,-0.0037122786,atac10k
0.0049784305,0.002081743,atac10k
0.004978705,0.0023346888,atac10k
0.0049784025,0.0022139854,atac10k
0.0049781674,0.002539853,atac10k
0.00495157,0.00033248845,atac10k
0.0049456037,-0.0032770403,atac10k
0.004977329,0.0022009467,atac10k
0.0049779164,0.0028407546,atac10k
0.004947067,-0.00286195,atac10k
0.0049774298,0.0033211247,atac10k
0.004976679,0.0018253312,atac10k
0.0049472665,-0.0030191236,atac10k
0.004974988,0.0014343552,atac10k
0.0049790926,0.0016854398,atac10k
0.0049505765,-0.004215808,atac10k
0.004978446,0.0016040363,atac10k
0.0049167187,-0.004593807,atac10k
0.004978437,0.002568659,atac10k
0.004957788,-0.0030540663,atac10k
0.0049787923,0.0018216252,atac10k
0.0049471236,-0.00323146,atac10k
0.004977319,0.0020510668,atac10k
0.0049471725,-0.003308311,atac10k
0.004977782,0.002942834,atac10k
0.0049778842,0.0019320247,atac10k
0.0049778414,0.0030132432,atac10k
0.004921883,-0.003768151,atac10k
0.0049577914,-0.0033796045,atac10k
0.0049788053,0.001725856,atac10k
0.004948437,-0.00476722,atac10k
0.004953786,-0.0016426058,atac10k
0.0049474277,-0.0024519365,atac10k
0.0049129827,-0.0041699307,atac10k
0.004947631,-0.0035938872,atac10k
0.0049789934,0.0018638017,atac10k
0.00494826,-0.0035362076,atac10k
0.004947758,-0.0030875308,atac10k
0.004947512,-0.003010259,atac10k
0.004977308,0.0038534226,atac10k
0.0049478463,-0.004180452,atac10k
0.004946874,-0.0035340474,atac10k
0.004950592,-0.000996182,atac10k
0.004960292,-0.0008958258,atac10k
0.0049492535,-0.0034972683,atac10k
0.0049477033,-0.003748821,atac10k
0.004979154,0.0019726218,atac10k
0.0049128975,-0.003467915,atac10k
0.004978392,0.0021674754,atac10k
0.0049484237,-0.004721858,atac10k
0.0049783634,0.0022381286,atac10k
0.0049787397,0.0015215671,atac10k
0.004978707,0.0017731008,atac10k
0.0049786502,0.0019833245,atac10k
0.004979132,0.0016814425,atac10k
0.004948637,-0.004026922,atac10k
0.0049778456,0.0030318834,atac10k
0.0049782293,0.0022016438,atac10k
0.0049777366,0.0031357002,atac10k
0.004978759,0.0017215188,atac10k
0.004977887,0.0028530587,atac10k
0.0049569067,-0.0024475865,atac10k
0.0049783695,0.0024073941,atac10k
0.0049780086,0.0022640193,atac10k
0.0049466295,-0.0038358374,atac10k
0.004946557,-0.0040222076,atac10k
0.0049769185,0.004116899,atac10k
0.0049660373,-0.0005004788,atac10k
0.004975482,0.0018511759,atac10k
0.004978102,0.0027400558,atac10k
0.004978712,0.0012017578,atac10k
0.00497667,-0.0025119244,atac10k
0.0049481653,-0.004502986,atac10k
0.0049489187,-0.0027906925,atac10k
0.0049472554,-0.0038646508,atac10k
0.004978328,0.001615585,atac10k
0.0049786703,0.0017931425,atac10k
0.004946812,-0.0032240462,atac10k
0.0049476908,-0.0030028932,atac10k
0.0049785585,0.0017034464,atac10k
0.0049786377,0.0020241605,atac10k
0.004978242,0.002165165,atac10k
0.004915855,-0.00393834,atac10k
0.004978115,0.0026664403,atac10k
0.0049470006,-0.004048442,atac10k
0.0049679303,-0.002512544,atac10k
0.004964987,0.00077718915,atac10k
0.004978788,0.0017827235,atac10k
0.0049781883,0.0026362834,atac10k
0.0049340352,-0.0042443983,atac10k
0.004978739,0.0014809828,atac10k
0.004977464,0.0033809412,atac10k
0.0049773217,0.001964435,atac10k
0.004977358,0.0034916953,atac10k
0.0049782875,0.0022292028,atac10k
0.004944646,-0.0018912321,atac10k
0.0049778246,0.0026666354,atac10k
0.004978705,0.0019132406,atac10k
0.0049489895,-0.0042229802,atac10k
0.0049694087,0.0011728524,atac10k
0.0049494556,-0.0070360596,atac10k
0.0049786326,0.0019001624,atac10k
0.0049752374,0.0018849933,atac10k
0.004978421,0.0020847092,atac10k
0.0049785753,0.0018731762,atac10k
0.0049777045,0.0030995405,atac10k
0.004978163,0.002537415,atac10k
0.0049786065,0.0018246527,atac10k
0.0049777357,0.0032034006,atac10k
0.0049490104,-0.0042300858,atac10k
0.004978092,0.0021542527,atac10k
0.0049138893,-0.0041802786,atac10k
0.004978349,0.001929426,atac10k
0.0049504237,-0.0035509828,atac10k
0.0049788835,0.0022452471,atac10k
0.0049779513,0.0027548515,atac10k
0.0049781506,0.0022307055,atac10k
0.0049790735,0.0016385294,atac10k
0.004978494,0.002106299,atac10k
0.004978473,0.0021928863,atac10k
0.0049480484,-0.0032595128,atac10k
0.004978482,0.0020229868,atac10k
0.0049475194,-0.0026366385,atac10k
0.004978604,0.0015297589,atac10k
0.0049427273,-0.0021501612,atac10k
0.004914418,-0.0032232595,atac10k
0.0049785543,0.0020516433,atac10k
0.004978592,0.0018982572,atac10k
0.004949028,-0.0043688347,atac10k
0.0049779937,0.002550527,atac10k
0.00497834,0.0034549881,atac10k
0.00494594,-0.004784411,atac10k
0.004960608,0.0005346878,atac10k
0.004915054,-0.0042898203,atac10k
0.004949603,-0.004076691,atac10k
0.0049478733,-0.001478193,atac10k
0.004946753,-0.003497061,atac10k
0.0049774637,0.0034130623,atac10k
0.004913473,-0.0043641645,atac10k
0.0049475883,-0.0011934146,atac10k
0.004977995,0.0027426158,atac10k
0.004979241,0.0017146185,atac10k
0.004912475,-0.0034132556,atac10k
0.004913299,-0.004511868,atac10k
0.0049147946,-0.0047633024,atac10k
0.0049510207,-0.003198466,atac10k
0.0049786847,0.0018806341,atac10k
0.0049488023,-0.002393313,atac10k
0.004946338,-0.003585979,atac10k
0.0049784128,0.0023132884,atac10k
0.004977677,0.003316022,atac10k
0.0049779634,0.0027935677,atac10k
0.004948275,-0.0052269157,atac10k
0.0049469355,-0.0031877554,atac10k
0.004971869,0.0012091075,atac10k
0.0049734605,0.0023685324,atac10k
0.004976648,0.0023306997,atac10k
0.0049784044,0.002231783,atac10k
0.0049783206,0.0019293051,atac10k
0.0049785245,0.0020110088,atac10k
0.0049785627,0.0018338747,atac10k
0.004978824,0.0016087014,atac10k
0.0049784095,0.0021369343,atac10k
0.0049785688,0.0014449001,atac10k
0.0049480144,-0.005328479,atac10k
0.004978261,0.0024169588,atac10k
0.004947996,-0.0033963688,atac10k
0.004977958,0.0028037247,atac10k
0.0049785315,0.0018464832,atac10k
0.0049464484,-0.0032316286,atac10k
0.0049486035,-0.0042022914,atac10k
0.0049461043,-0.0029082554,atac10k
0.004947919,-0.0056833006,atac10k
0.004978982,0.0015045708,atac10k
0.004978228,0.0025050442,atac10k
0.004947056,-0.004050145,atac10k
0.0049783443,0.0021033988,atac10k
0.0049727387,0.0010277505,atac10k
0.0049468605,-0.0030223522,atac10k
0.004978027,0.0015341626,atac10k
0.004978751,0.0015082126,atac10k
0.004978504,0.0017613964,atac10k
0.004978311,0.0021621261,atac10k
0.0049780905,0.0013325575,atac10k
0.004947598,-0.0030152865,atac10k
0.0049782437,0.0022817622,atac10k
0.00497882,0.0018341856,atac10k
0.0049788044,0.0018010141,atac10k
0.004978193,0.0018712117,atac10k
0.0049785096,0.0019063429,atac10k
0.004946366,-0.002759705,atac10k
0.0049749347,0.0013837328,atac10k
0.004978173,0.0027568575,atac10k
0.0049428293,-0.003755591,atac10k
0.0049270536,-0.005113697,atac10k
0.004976579,-0.0014471217,atac10k
0.004949839,-0.004583317,atac10k
0.0049784733,0.0012563383,atac10k
0.004978388,0.002208334,atac10k
0.0049788705,0.0020018169,atac10k
0.004978482,0.0015081627,atac10k
0.004978593,0.0018706758,atac10k
0.0049471534,-0.0030638913,atac10k
0.0049785543,0.0018858025,atac10k
0.0049789245,0.0014337599,atac10k
0.0049785897,0.0019406053,atac10k
0.0049475036,-0.0026339882,atac10k
0.0049462654,-0.0031196368,atac10k
0.0049784305,0.0021216688,atac10k
0.0049480814,-0.002882232,atac10k
0.0049780672,0.0018726654,atac10k
0.004977846,0.0028765646,atac10k
0.004948252,-0.0029698752,atac10k
0.0049776672,0.0012937228,atac10k
0.004946629,-0.0036232106,atac10k
0.0049786777,0.0016743896,atac10k
0.004977694,0.0032265123,atac10k
0.0049140155,-0.004285358,atac10k
0.004946933,-0.0028723557,atac10k
0.0049775825,0.0032006102,atac10k
0.004978641,0.0017992731,atac10k
0.004944327,-0.004454362,atac10k
0.0049463543,-0.0042400653,atac10k
0.0049786964,0.0023230894,atac10k
0.0049248636,-0.004541259,atac10k
0.004926029,-0.0037764714,atac10k
0.0049139773,-0.0042447885,atac10k
0.0049775396,0.0033108175,atac10k
0.004978928,0.0016265115,atac10k
0.0049774908,0.003381501,atac10k
0.004978361,0.0018984486,atac10k
0.004977805,0.0027299633,atac10k
0.0049770386,0.0019763974,atac10k
0.004975651,0.0047097006,atac10k
0.0049782367,0.0025782106,atac10k
0.0049469005,-0.002638383,atac10k
0.0049776267,0.0031666118,atac10k
0.0049526356,-0.0018960246,atac10k
0.0049444935,-0.004902096,atac10k
0.004978915,0.0017880795,atac10k
0.0049786917,0.0019084641,atac10k
0.0049781166,0.0024720668,atac10k
0.0049783415,0.0021441611,atac10k
0.004977875,0.0028778687,atac10k
0.004977287,0.0036899638,atac10k
0.004978771,0.0018660701,atac10k
0.0049467026,-0.003709909,atac10k
0.0049787117,0.0018139344,atac10k
0.0049787452,0.0017094122,atac10k
0.0049789846,0.0017929339,atac10k
0.0049485834,-0.00400081,atac10k
0.0049777976,0.0028958654,atac10k
0.00497842,0.002078135,atac10k
0.004957335,-0.0016403036,atac10k
0.0049472163,-0.0033238167,atac10k
0.0049785483,0.0015259564,atac10k
0.004977937,0.00021976937,atac10k
0.004978676,0.004718336,atac10k
0.0049482156,-0.00298494,atac10k
0.004977467,0.0022353868,atac10k
0.0049791876,0.0021065217,atac10k
0.0049786074,0.0017920095,atac10k
0.004948878,-0.00422792,atac10k
0.004978733,0.0015861223,atac10k
0.0049771606,0.0037699246,atac10k
0.0049790754,0.0013449099,atac10k
0.0049785213,0.0014649611,atac10k
0.0049470714,-0.0031874331,atac10k
0.0049772905,0.003626797,atac10k
0.004932371,-0.002199524,atac10k
0.00497728,0.0038716572,atac10k
0.0049772663,0.0035544,atac10k
0.0049789143,0.001697876,atac10k
0.0049775504,0.0031201323,atac10k
0.004977926,0.0017373245,atac10k
0.0049787466,0.0015549237,atac10k
0.004974301,0.0020713282,atac10k
0.0049781264,0.0024494624,atac10k
0.0049465685,-0.0031560804,atac10k
0.0049130856,-0.0033840528,atac10k
0.004978289,0.002307139,atac10k
0.0049475883,-0.00448578,atac10k
0.0049453806,-0.0037152106,atac10k
0.0049788137,0.0017052421,atac10k
0.004978417,0.002053359,atac10k
0.004946793,-0.0028887643,atac10k
0.004948282,-0.0030032368,atac10k
0.004978523,0.0018481311,atac10k
0.0049385256,-0.0047987252,atac10k
0.004918885,-0.004319655,atac10k
0.004956066,0.000100099955,atac10k
0.0049114865,-0.0036533056,atac10k
0.0049489,-0.0052259974,atac10k
0.004977329,0.0037786511,atac10k
0.0049772267,0.0037452541,atac10k
0.0049785096,0.0019444228,atac10k
0.004978241,0.0021650621,atac10k
0.0049788184,0.0014863921,atac10k
0.004948121,-0.0036184373,atac10k
0.0049660415,0.00026813103,atac10k
0.0049764137,-0.00033613914,atac10k
0.0049487455,-0.0047823843,atac10k
0.004960879,-0.00044285465,atac10k
0.0049468926,-0.00318139,atac10k
0.0049779867,0.002071562,atac10k
0.004977462,0.0019068685,atac10k
0.0049141156,-0.004272854,atac10k
0.004946239,-0.0027926108,atac10k
0.0049775173,0.0033409526,atac10k
0.00497699,0.002631877,atac10k
0.004977439,0.003397366,atac10k
0.004978565,0.0019321112,atac10k
0.004978334,0.0022018284,atac10k
0.004977421,0.0034891225,atac10k
0.004949068,-0.0070787407,atac10k
0.004978696,0.0017570169,atac10k
0.0049782153,0.0026175424,atac10k
0.0049489704,-0.003555704,atac10k
0.00497711,0.0014527848,atac10k
0.0049785743,0.001936403,atac10k
0.004979016,0.0015818704,atac10k
0.0049466803,-0.0038527667,atac10k
0.0049783406,0.002393225,atac10k
0.0049772747,0.0036361092,atac10k
0.004978661,0.0018805803,atac10k
0.0049778777,0.0022752495,atac10k
0.004978673,0.0017539535,atac10k
0.0049478426,-0.0032130675,atac10k
0.0049784286,0.0020987343,atac10k
0.0049775275,0.0032937087,atac10k
0.0049471916,-0.0034357354,atac10k
0.0049781753,0.0025953248,atac10k
0.0049779294,0.0029260889,atac10k
0.004978761,0.0018626727,atac10k
0.004978031,0.0026454711,atac10k
0.0049787653,0.0017462883,atac10k
0.0049781515,0.0024713052,atac10k
0.0049157566,-0.004133285,atac10k
0.0049783275,0.0020024881,atac10k
0.0049781282,0.0025160578,atac10k
0.004978269,0.0022439423,atac10k
0.0049482416,-0.003275852,atac10k
0.00497799,0.0025417246,atac10k
0.0049474784,-0.0038352998,atac10k
0.0049789646,0.0015858687,atac10k
0.0049791182,0.0015530664,atac10k
0.0049778325,0.0029586689,atac10k
0.0049779746,0.0015701917,atac10k
0.004978248,0.0028160713,atac10k
0.0049786842,0.0016058845,atac10k
0.0049704774,0.0027336278,atac10k
0.0049771625,0.0023067908,atac10k
0.004947997,-0.0027408062,atac10k
0.0049485983,-0.004153594,atac10k
0.00497666,0.0020445585,atac10k
0.0049485825,-0.0046399445,atac10k
0.0049468884,-0.004295137,atac10k
0.0049466384,-0.0036741176,atac10k
0.004978042,0.00260493,atac10k
0.004978274,0.0022010119,atac10k
0.0049785045,0.00201196,atac10k
0.00497839,0.0019956871,atac10k
0.0049772277,0.0015743856,atac10k
0.0049582585,0.0012061403,atac10k
0.0049606627,0.0019952825,atac10k
0.004978638,0.0019640008,atac10k
0.004964301,0.0004331885,atac10k
0.0049464144,-0.003288835,atac10k
0.004978206,0.0024183241,atac10k
0.0049467813,-0.0029365562,atac10k
0.0049780426,0.0026447733,atac10k
0.0049459585,-0.0031173804,atac10k
0.0049780915,0.0025924165,atac10k
0.004978356,0.004516303,atac10k
0.004948286,-0.003320062,atac10k
0.004978877,0.0016831844,atac10k
0.004978021,0.0027107073,atac10k
0.0049484605,-0.0050755995,atac10k
0.0049646264,0.0017340916,atac10k
0.0049790996,0.0015745057,atac10k
0.004916374,-0.0043547945,atac10k
0.0049783112,0.0020055335,atac10k
0.004948724,-0.0031068127,atac10k
0.004978947,0.0014111755,atac10k
0.0049785543,0.0019432877,atac10k
0.004978102,0.0026904615,atac10k
0.004977968,0.0027354942,atac10k
0.004978873,0.0015705583,atac10k
0.0049774465,0.003477757,atac10k
0.004978247,0.0021122885,atac10k
0.004978324,0.0022919192,atac10k
0.004948326,-0.0029413295,atac10k
0.004977527,0.0030635986,atac10k
0.004977605,0.0031073098,atac10k
0.004979135,0.0014679326,atac10k
0.004946445,-0.0042063235,atac10k
0.004939523,-0.0050610234,atac10k
0.0049773334,0.003629434,atac10k
0.004978757,0.0017088988,atac10k
0.0049474877,-0.0030182225,atac10k
0.0049777366,0.0014638006,atac10k
0.0049785073,0.0019570414,atac10k
0.0049783792,0.0021576972,atac10k
0.0049787783,0.0015729475,atac10k
0.004948918,-0.0024122903,atac10k
0.0049783774,0.0022183284,atac10k
0.0049790083,0.0014758885,atac10k
0.004978593,0.0016518862,atac10k
0.004977842,0.002965683,atac10k
0.004977969,0.0028810138,atac10k
0.004946147,-0.0028202897,atac10k
0.0049785976,0.001862447,atac10k
0.004977763,0.0028807342,atac10k
0.0049774135,0.0034220316,atac10k
0.004947514,-0.0015539366,atac10k
0.0049466463,-0.0031791162,atac10k
0.0049464107,-0.0031492827,atac10k
0.004981298,0.0047766,atac10k
0.004921179,-0.004266916,atac10k
0.0049476256,-0.0028114473,atac10k
0.004949703,-0.002297102,atac10k
0.004978572,0.0018770786,atac10k
0.0049783126,0.00216311,atac10k
0.0049790274,0.0014424744,atac10k
0.0049773008,0.0038302655,atac10k
0.0049779704,0.001664611,atac10k
0.00495121,-0.0026844419,atac10k
0.0049470444,-0.0019753382,atac10k
0.004978424,0.002263135,atac10k
0.0049457164,-0.0027845064,atac10k
0.0049465704,-0.0035992,atac10k
0.004934389,-0.003286186,atac10k
0.004947743,-0.0026744707,atac10k
0.0049471324,-0.0028765055,atac10k
0.004945679,-0.00434474,atac10k
0.00494668,-0.0027732332,atac10k
0.0049777753,0.0026631886,atac10k
0.004978422,0.0021222092,atac10k
0.0049783722,0.002379914,atac10k
0.0049463958,-0.0035538587,atac10k
0.0049473434,-0.0028687783,atac10k
0.004977799,0.0030175438,atac10k
0.004978672,0.0017507995,atac10k
0.0049486025,-0.004477094,atac10k
0.0049782926,0.0022285364,atac10k
0.0049550766,-0.0014649652,atac10k
0.004978185,0.002661011,atac10k
0.0049704276,0.0011163554,atac10k
0.004978356,0.0021965627,atac10k
0.004978688,0.0016989958,atac10k
0.004978433,0.002080714,atac10k
0.0049473755,-0.0026838202,atac10k
0.0049251174,-0.0046365457,atac10k
0.0049477005,-0.0026963947,atac10k
0.004946309,-0.0045409235,atac10k
0.004978761,0.0016390954,atac10k
0.0049464586,-0.0027211297,atac10k
0.0049782344,0.0022642298,atac10k
0.004978427,0.001949837,atac10k
0.004913137,-0.0040542455,atac10k
0.0049477764,-0.0036644952,atac10k
0.0049715824,0.001404925,atac10k
0.0049400907,-0.004696893,atac10k
0.00495342,-0.004446847,atac10k
0.004978116,0.0024498254,atac10k
0.00497792,0.0027393906,atac10k
0.0049788314,0.0015591189,atac10k
0.0049786004,0.0018136534,atac10k
0.0049337717,-0.0046203462,atac10k
0.0049784593,0.0024349021,atac10k
0.00497838,0.0018454371,atac10k
0.0049784747,0.001845723,atac10k
0.004978227,0.0025862134,atac10k
0.0049786507,0.0016769653,atac10k
0.0049455706,-0.0030398539,atac10k
0.0049446407,-0.005256155,atac10k
0.0049542394,-0.0020489455,atac10k
0.00497828,0.0013601957,atac10k
0.0049491576,-0.002954357,atac10k
0.0049785445,0.0011844531,atac10k
0.0049783457,0.0022622198,atac10k
0.0049786293,0.0017432865,atac10k
0.004948062,-0.0028760836,atac10k
0.0049790754,0.0019580752,atac10k
0.004978169,0.0019480517,atac10k
0.0049786232,0.0018994194,atac10k
0.004928456,-0.005168007,atac10k
0.0049787955,0.0015825835,atac10k
0.004977765,0.002987395,atac10k
0.004978968,0.0014519691,atac10k
0.0049783695,0.0021138047,atac10k
0.004977402,0.0034967759,atac10k
0.0049482747,-0.0028388742,atac10k
0.0049767587,0.0019377657,atac10k
0.004978738,0.0016573146,atac10k
0.004951701,-0.0022603124,atac10k
0.0049665305,0.00026348556,atac10k
0.004978555,0.0019390106,atac10k
0.004976972,0.002765675,atac10k
0.0049779904,0.002755585,atac10k
0.0049479553,-0.0035495718,atac10k
0.004977122,0.0024146526,atac10k
0.004946699,-0.00528389,atac10k
0.004926284,-0.00397626,atac10k
0.0049782465,0.0024135252,atac10k
0.0049465834,-0.0027995172,atac10k
0.004948067,-0.0052846475,atac10k
0.004978441,0.001720502,atac10k
0.0049784845,0.0023720772,atac10k
0.0049786386,0.0016654605,atac10k
0.0049785017,0.0020163115,atac10k
0.004977755,0.0029837172,atac10k
0.004978117,0.002377991,atac10k
0.004977754,0.0028430216,atac10k
0.0049787415,0.0016800344,atac10k
0.004947462,-0.0025314784,atac10k
0.0049782842,0.0023879304,atac10k
0.0049789147,0.0016402602,atac10k
0.0049747913,0.0018109517,atac10k
0.0049786195,0.0018106817,atac10k
0.0049785627,0.0016796226,atac10k
0.00497862,0.0017353258,atac10k
0.004915925,-0.003480154,atac10k
0.0049510812,-0.002408382,atac10k
0.0049783653,0.0020222724,atac10k
0.0049778614,0.0028749844,atac10k
0.004947557,-0.0055715037,atac10k
0.004977832,0.0014433379,atac10k
0.004946835,-0.0037044494,atac10k
0.0049785734,0.0018455954,atac10k
0.0049773557,0.0036982093,atac10k
0.004975505,-0.0021652165,atac10k
0.0049471185,-0.0041785273,atac10k
0.004978493,0.0018683863,atac10k
0.0049771364,0.003478993,atac10k
0.0049775527,0.003266069,atac10k
0.004978601,0.0018507807,atac10k
0.00497789,0.0029832423,atac10k
0.0049780947,0.0032899834,atac10k
0.0049779317,0.0027827793,atac10k
0.0049787946,0.0016275623,atac10k
0.004947407,-0.0027602173,atac10k
0.0049466747,-0.003715317,atac10k
0.0049791667,0.0030994397,atac10k
0.0049784337,0.0019852074,atac10k
0.0049786856,0.0018222951,atac10k
0.0049469555,-0.0031639854,atac10k
0.0049482365,-0.0031683724,atac10k
0.004948395,-0.0029564416,atac10k
0.0049786293,0.0019637328,atac10k
0.004949383,-0.0043427004,atac10k
0.004978149,0.0026416876,atac10k
0.0049772593,0.0031367245,atac10k
0.004978669,0.0014962801,atac10k
0.0049463795,-0.0025205363,atac10k
0.004947439,-0.003498464,atac10k
0.0049786535,0.0014016083,atac10k
0.004978879,0.0017136963,atac10k
0.0049778777,0.0028812985,atac10k
0.004978198,0.002247792,atac10k
0.0049465722,-0.0037881134,atac10k
0.00497841,0.001552323,atac10k
0.004946799,-0.0034592934,atac10k
0.004955863,0.0009672758,atac10k
0.004977737,0.0020747934,atac10k
0.004977618,0.0031587244,atac10k
0.004914013,-0.004344946,atac10k
0.004947068,-0.0037764004,atac10k
0.004977721,0.002930541,atac10k
0.0049463604,-0.003213613,atac10k
0.004951237,-0.0016701644,atac10k
0.0049779927,0.0028509703,atac10k
0.0049771136,0.0015504276,atac10k
0.004979116,0.0014901549,atac10k
0.004955917,0.009183712,atac10k
0.004978352,0.0019651344,atac10k
0.004976803,0.0042201793,atac10k
0.0049774963,0.0034272259,atac10k
0.004947356,-0.0017420606,atac10k
0.0049652886,-0.0005635775,atac10k
0.0049403114,-0.0054541235,atac10k
0.0049776244,0.0028839745,atac10k
0.0049484484,-0.0040915944,atac10k
0.0049445783,-0.0042391955,atac10k
0.0049785785,0.0017400187,atac10k
0.004947339,-0.0028694244,atac10k
0.004978013,0.0028460782,atac10k
0.0049474137,-0.002919924,atac10k
0.004949509,-0.0046620234,atac10k
0.0049472647,-0.0032317094,atac10k
0.004948427,-0.003575366,atac10k
0.0049465243,-0.0053892513,atac10k
0.0049788677,0.0016515887,atac10k
0.004977769,0.0031504235,atac10k
0.0049471986,-0.002771885,atac10k
0.0049486305,-0.0036794113,atac10k
0.0049785613,0.0013631708,atac10k
0.0049784333,0.0022536688,atac10k
0.004978805,0.00245809,atac10k
0.0049471715,-0.0028981098,atac10k
0.004945844,-0.0032756783,atac10k
0.0049784323,0.00189983,atac10k
0.004978481,0.0017737747,atac10k
0.004978608,0.0018079922,atac10k
0.004947047,-0.003301414,atac10k
0.0049785133,0.0019318595,atac10k
0.004917281,-0.004371712,atac10k
0.0049790805,0.0013513443,atac10k
0.0049474267,-0.003082985,atac10k
0.004978547,0.0018979503,atac10k
0.0049769557,0.0023782023,atac10k
0.0049481816,-0.0026599474,atac10k
0.004946026,-0.0028127122,atac10k
0.004977929,0.0028904828,atac10k
0.004978422,0.0021192292,atac10k
0.004946831,-0.0027936962,atac10k
0.004977793,0.0030797336,atac10k
0.004978762,0.0016707157,atac10k
0.0049751955,0.0015641475,atac10k
0.0049788416,0.001965364,atac10k
0.0049784915,0.0019950892,atac10k
0.0049781674,0.0023182689,atac10k
0.0049456153,-0.003096955,atac10k
0.004947073,-0.0048272396,atac10k
0.0049490975,-0.001392431,atac10k
0.0049482547,9.269838e-05,atac10k
0.0049785143,0.0020480314,atac10k
0.004947758,-0.0026192672,atac10k
0.0049748886,0.0044920016,atac10k
0.0049466374,-0.003326702,atac10k
0.0049773827,0.0034458237,atac10k
0.004946324,-0.0029387793,atac10k
0.004939182,-0.003143655,atac10k
0.0049783164,0.002278507,atac10k
0.0049787923,0.0020030648,atac10k
0.004947369,-0.0026309378,atac10k
0.0049778493,0.0029650251,atac10k
0.0049478766,-0.0015630501,atac10k
0.0049785147,0.0019502081,atac10k
0.0049807457,0.0034597113,atac10k
0.00497877,0.001570725,atac10k
0.0049460405,-0.004983539,atac10k
0.004912561,-0.0036813847,atac10k
0.0049470076,-0.0034842447,atac10k
0.0049784114,0.0017344129,atac10k
0.0049785953,0.0019428219,atac10k
0.0049787452,0.0016585191,atac10k
0.0049778777,0.002941285,atac10k
0.004978789,0.0017224832,atac10k
0.004946679,-0.0038850273,atac10k
0.0049784635,0.0020172815,atac10k
0.0049527697,-0.002280956,atac10k
0.004918526,-0.0038399773,atac10k
0.004946976,-0.0031632867,atac10k
0.004978743,0.0015214987,atac10k
0.004929544,-0.0032998207,atac10k
0.0049783182,0.0015460404,atac10k
0.0049476903,-0.0029745211,atac10k
0.0049479413,-0.004619963,atac10k
0.0049783154,0.0022989328,atac10k
0.0049773757,0.0016537999,atac10k
0.0049779383,0.0022606135,atac10k
0.00494663,-0.0037573506,atac10k
0.00494703,-0.0034035079,atac10k
0.004966476,-0.0005411221,atac10k
0.0049777585,0.0029745514,atac10k
0.0049789823,0.0015448518,atac10k
0.004948029,-0.0028689927,atac10k
0.0049473452,-0.00388574,atac10k
0.0049771806,0.0037214116,atac10k
0.0049784225,0.0021961827,atac10k
0.0049780314,0.002019272,atac10k
0.0049470626,-0.0033951427,atac10k
0.004978,0.0027340185,atac10k
0.0049778614,0.0026884116,atac10k
0.0049786,0.0017853319,atac10k
0.004945471,-0.004499542,atac10k
0.0049782954,0.0018423416,atac10k
0.0049784933,0.0015786639,atac10k
0.004977571,0.0032628942,atac10k
0.004978402,0.0023046087,atac10k
0.004937291,-0.004368051,atac10k
0.004947339,-0.0030302687,atac10k
0.0049778116,0.0030109666,atac10k
0.004947446,-0.0031310148,atac10k
0.004956359,-0.0032725777,atac10k
0.0049788025,0.0016380622,atac10k
0.00497695,0.0042230505,atac10k
0.0049485243,-0.0038389103,atac10k
0.0049469066,-0.0028410272,atac10k
0.0049787136,0.0014032582,atac10k
0.0049478575,-0.003622922,atac10k
0.004978059,0.002512492,atac10k
0.0049779904,0.002850681,atac10k
0.0049782665,0.001994812,atac10k
0.0049786293,0.0019049022,atac10k
0.0049146195,-0.0042229495,atac10k
0.004924774,-0.0035689739,atac10k
0.0049465694,-0.0027615656,atac10k
0.004977186,0.002300821,atac10k
0.0049780174,0.0025811417,atac10k
0.00494981,-0.0046059084,atac10k
0.0049239416,-0.0032280758,atac10k
0.004946124,-0.0028774757,atac10k
0.004978282,0.0024293992,atac10k
0.0049785813,0.001968373,atac10k
0.0049475185,-0.004070681,atac10k
0.0049789473,0.0012779223,atac10k
0.0049480423,-0.0024143977,atac10k
0.004978053,0.0027841928,atac10k
0.004978113,0.0025125076,atac10k
0.00497769,0.0031555009,atac10k
0.00497839,0.0021789595,atac10k
0.0049474007,-0.0029467961,atac10k
0.0049576764,-0.00078571343,atac10k
0.004977794,0.0016234474,atac10k
0.00494684,-0.0030833355,atac10k
0.004949214,-0.0038364718,atac10k
0.0049467687,-0.0028643429,atac10k
0.0049784756,0.0020403457,atac10k
0.004977509,0.0034888596,atac10k
0.0049784197,0.0020975787,atac10k
0.004978327,0.0023040676,atac10k
0.0049772263,0.0036385702,atac10k
0.0049782866,0.0024980155,atac10k
0.0049476107,-0.0030594522,atac10k
0.004948327,-0.004165161,atac10k
0.004948117,-0.0050031347,atac10k
0.004947411,-0.0030952687,atac10k
0.0049786842,0.0016962646,atac10k
0.0049472963,-0.0024210361,atac10k
0.004946953,-0.0041493936,atac10k
0.0049780537,0.0025993374,atac10k
0.004978093,0.0027389424,atac10k
0.0049791397,0.00137262,atac10k
0.004978639,0.0019711226,atac10k
0.004977816,0.0030121868,atac10k
0.00497757,0.0033022293,atac10k
0.0049775494,0.0031788407,atac10k
0.004978594,0.0019840444,atac10k
0.0049788067,0.0017775176,atac10k
0.00495814,-0.0005218206,atac10k
0.004978583,0.0019490086,atac10k
0.0049564103,0.0016585299,atac10k
0.0049788244,0.001693213,atac10k
0.0049469736,-0.0034744362,atac10k
0.0049132276,-0.0039206035,atac10k
0.004946852,-0.0039388523,atac10k
0.004977298,0.0036752785,atac10k
0.0049491874,-0.0044296067,atac10k
0.0049535097,-0.0002487618,atac10k
0.004945569,-0.003397761,atac10k
0.0049785324,0.0019363184,atac10k
0.004978025,0.0027060155,atac10k
0.004978766,0.0026454623,atac10k
0.004977394,0.0035073194,atac10k
0.004947046,-0.002828217,atac10k
0.0049476554,-0.0023547402,atac10k
0.004947901,-0.0037909963,atac10k
0.004948554,-0.0041216523,atac10k
0.0049776374,0.0031893668,atac10k
0.0049765822,0.0035329948,atac10k
0.0049474007,-0.0031071196,atac10k
0.0049471157,-0.0030716113,atac10k
0.0049488214,-0.004044782,atac10k
0.0049782945,0.002372226,atac10k
0.0049578045,0.00024185177,atac10k
0.004978817,0.0014472618,atac10k
0.0049784854,0.0020237968,atac10k
0.0049472535,-0.0030273874,atac10k
0.004979121,0.0014790157,atac10k
0.004947111,-0.0024557381,atac10k
0.0049787685,0.0015901066,atac10k
0.004948507,-0.0034571176,atac10k
0.0049468987,-0.00440563,atac10k
0.004948197,-0.005064617,atac10k
0.004942941,-0.004599322,atac10k
0.0049467376,-0.0027725718,atac10k
0.0049784877,0.00178469,atac10k
0.0049780174,0.0026219962,atac10k
0.004978411,0.0022909935,atac10k
0.0049791215,0.0013827666,atac10k
0.0049466924,-0.0042977827,atac10k
0.0049768924,0.0015339396,atac10k
0.0049481355,-0.0035785756,atac10k
0.004977379,0.0034319973,atac10k
0.004946248,-0.0050426903,atac10k
0.004947565,-0.0055806786,atac10k
0.004977934,0.0029791312,atac10k
0.0049789287,0.0013935027,atac10k
0.0049456824,-0.0029650638,atac10k
0.0049782335,0.0025379763,atac10k
0.004955009,-0.0065650325,atac10k
0.0049466975,-0.0034987433,atac10k
0.004978354,0.002074602,atac10k
0.004948286,-0.0038261986,atac10k
0.0049781036,0.0024537568,atac10k
0.0049785143,0.0019971621,atac10k
0.0049781445,0.002679544,atac10k
0.004978778,0.0018429249,atac10k
0.0049779187,0.0028012954,atac10k
0.004978485,0.0019533872,atac10k
0.0049779634,0.0027311642,atac10k
0.0049773,0.0016649085,atac10k
0.0049776523,0.003188571,atac10k
0.004977505,0.003447951,atac10k
0.00497733,0.0036299268,atac10k
0.0049469937,-0.0030776893,atac10k
0.004978814,0.0017825133,atac10k
0.0049477117,-7.104651e-05,atac10k
0.0049319784,-0.0036125197,atac10k
0.004977916,0.0028711096,atac10k
0.004978297,0.002314355,atac10k
0.004977416,0.0035638376,atac10k
0.004951964,-0.0024642556,atac10k
0.0049128807,-0.0025640249,atac10k
0.004947045,-0.0037947746,atac10k
0.004978726,0.0016074005,atac10k
0.0049778954,0.0029067209,atac10k
0.004977518,0.0034040373,atac10k
0.0049780696,0.00266496,atac10k
0.004977108,0.003889509,atac10k
0.0049788645,0.0016320718,atac10k
0.0049785394,0.0040612007,atac10k
0.004978951,0.0016871069,atac10k
0.0049471064,-0.0028870655,atac10k
0.0049468577,-0.0036653392,atac10k
0.0049467864,-0.0024681273,atac10k
0.0049184384,-0.0038299887,atac10k
0.004948148,-0.0025531983,atac10k
0.0049786824,0.0015044432,atac10k
0.004959228,-0.0017695375,atac10k
0.004978184,0.001349853,atac10k
0.0049774004,0.003654303,atac10k
0.0049466346,-0.0029446427,atac10k
0.004978706,0.0017727249,atac10k
0.0049392134,-0.0031834317,atac10k
0.0049666073,0.0017112552,atac10k
0.0049460665,-0.003321271,atac10k
0.004958361,-0.00073381857,atac10k
0.0049782353,0.0020984886,atac10k
0.004976388,0.002173988,atac10k
0.004977853,0.0026584312,atac10k
0.00497859,0.001740338,atac10k
0.0049788323,0.0014480723,atac10k
0.004978352,0.0023497988,atac10k
0.004978286,0.0023452018,atac10k
0.004946601,-0.003307247,atac10k
0.004979409,0.003926518,atac10k
0.0049782107,0.0015648318,atac10k
0.004978161,0.002415325,atac10k
0.004977697,0.0030334827,atac10k
0.004977093,0.0038397498,atac10k
0.0049445643,-0.0036205284,atac10k
0.0049468987,-0.0031134516,atac10k
0.0049747946,0.0016959809,atac10k
0.004977742,0.002821969,atac10k
0.0049783317,0.0024014264,atac10k
0.004978314,0.0023519637,atac10k
0.0049786624,0.0015660027,atac10k
0.0049772616,0.0038927873,atac10k
0.004978535,0.0019073287,atac10k
0.0049481206,-0.003443387,atac10k
0.004978385,0.0021225235,atac10k
0.0049781096,0.0028033743,atac10k
0.004947062,-0.003663744,atac10k
0.004978025,0.0028771423,atac10k
0.0049785003,0.0014483907,atac10k
0.004914425,-0.0041901283,atac10k
0.004947712,-0.0024840445,atac10k
0.0049494514,-0.0034260917,atac10k
0.00497791,0.0023243316,atac10k
0.0049478244,-0.0020286518,atac10k
0.004946522,-0.0027739385,atac10k
0.0049763615,0.0035849495,atac10k
0.0049773464,0.0017393678,atac10k
0.0049775494,0.0032328158,atac10k
0.0049779504,0.0018972881,atac10k
0.004978224,0.0022267401,atac10k
0.00494806,-0.0032311846,atac10k
0.004978621,0.0014678931,atac10k
0.0049479306,-0.0029243603,atac10k
0.004977302,0.00153476,atac10k
0.0049140723,-0.0044731717,atac10k
0.0049478468,-0.0042118733,atac10k
0.0049783597,0.0020326164,atac10k
0.0049460703,-0.004086052,atac10k
0.004977497,0.003096825,atac10k
0.0049774214,0.0033538248,atac10k
0.004977996,0.0017036927,atac10k
0.0049776323,0.0025734324,atac10k
0.0049488177,-0.0016086535,atac10k
0.004946719,-0.0037493105,atac10k
0.00497859,0.0019456169,atac10k
0.0049469336,-0.0027478395,atac10k
0.004947344,-0.002381297,atac10k
0.0049499613,-0.0036316516,atac10k
0.004944719,-0.0037634657,atac10k
0.004978575,0.0017562605,atac10k
0.004946551,-0.0035915014,atac10k
0.004952095,-0.0025582348,atac10k
0.0049481792,-0.0031422144,atac10k
0.004978076,0.0027823362,atac10k
0.0049471823,-0.0055589834,atac10k
0.004977365,0.0036508504,atac10k
0.0049776565,0.0029847731,atac10k
0.004978705,0.0016775824,atac10k
0.0049780654,0.0027063563,atac10k
0.004946584,-0.0032564234,atac10k
0.004978326,0.0023045805,atac10k
0.004964535,0.0051616416,atac10k
0.0049784495,0.0018902926,atac10k
0.004978426,0.0020132565,atac10k
0.004947957,-0.0027866594,atac10k
0.004978484,0.0016602321,atac10k
0.004977718,0.0019642115,atac10k
0.0049788947,0.0018167741,atac10k
0.0049780738,0.001572282,atac10k
0.0049788966,0.0014379984,atac10k
0.004948495,-0.0024982481,atac10k
0.004978269,0.0021880493,atac10k
0.004976707,0.0015713731,atac10k
0.0049778637,0.0029042726,atac10k
0.0049466114,-0.003312827,atac10k
0.0049785594,0.0019766453,atac10k
0.004949115,-0.0043100133,atac10k
0.0049781175,0.0024810894,atac10k
0.0049480232,-0.0039246413,atac10k
0.0049212044,-0.004284965,atac10k
0.004978744,0.001778421,atac10k
0.004976495,0.0036597003,atac10k
0.0049780915,0.002538086,atac10k
0.0049471483,-0.0029557678,atac10k
0.004978262,0.0023485755,atac10k
0.004978614,0.0017671784,atac10k
0.004978364,0.0013089923,atac10k
0.004947025,-0.0039802413,atac10k
0.0049769953,0.0022773999,atac10k
0.0049491636,-0.0025858716,atac10k
0.0049762074,0.0008929006,atac10k
0.0049779736,0.0026869217,atac10k
0.004948684,-0.0048632976,atac10k
0.0049556773,-0.0015940141,atac10k
0.004967451,0.00028792518,atac10k
0.0049445056,-0.0048412117,atac10k
0.0049460693,-0.0031769492,atac10k
0.00491905,-0.0034770772,atac10k
0.0049776984,0.003248038,atac10k
0.004948092,-0.0042206612,atac10k
0.004947364,-0.002779749,atac10k
0.0049785757,0.0023118807,atac10k
0.0049491455,-0.004198645,atac10k
0.004977264,0.0019297618,atac10k
0.0049782596,0.002444959,atac10k
0.004976075,0.0019510558,atac10k
0.004947029,-0.002602269,atac10k
0.0049132397,-0.003987812,atac10k
0.0049469923,-0.0025765304,atac10k
0.004948195,-0.0032682314,atac10k
0.0049784854,0.0018245984,atac10k
0.004978525,0.0019936103,atac10k
0.004978654,0.0018248002,atac10k
0.004972911,0.00015572917,atac10k
0.004978624,0.0020100644,atac10k
0.004964238,0.0029694568,atac10k
0.0049641645,0.0005358205,atac10k
0.0049474463,-0.004244817,atac10k
0.0049470873,-0.004319122,atac10k
0.004948124,-0.0035781935,atac10k
0.004952641,-0.0023604091,atac10k
0.0049790065,0.0024384689,atac10k
0.0049784826,0.0019706683,atac10k
0.0049785185,0.002010578,atac10k
0.0049779997,0.0021820625,atac10k
0.0049478863,-0.0026746585,atac10k
0.0049783653,0.0022367213,atac10k
0.0049464656,-0.0036819624,atac10k
0.0049775564,0.0031371203,atac10k
0.004947128,-0.0051061176,atac10k
0.0049783685,0.0021735309,atac10k
0.004978609,0.0016673721,atac10k
0.0049785837,0.0018689745,atac10k
0.0049786414,0.001822844,atac10k
0.0049788286,0.0017375204,atac10k
0.0049516377,-0.0026762746,atac10k
0.0049786614,0.001888845,atac10k
0.00497836,0.0019613737,atac10k
0.0049776244,0.0032544357,atac10k
0.0049775294,0.002008474,atac10k
0.0049771434,0.0035078705,atac10k
0.004946807,-0.0031442046,atac10k
0.004978266,0.0022919886,atac10k
0.0049467366,-0.0034795199,atac10k
0.004946719,-0.004244221,atac10k
0.0049783564,0.0020584466,atac10k
0.004946242,-0.0037993996,atac10k
0.0049473774,-0.0030089875,atac10k
0.0049782353,0.0024431674,atac10k
0.004977591,0.003157196,atac10k
0.0049137226,-0.0040989895,atac10k
0.0049453806,-0.0039492464,atac10k
0.004947687,-0.003527531,atac10k
0.0049783695,0.0020629484,atac10k
0.0049611474,0.00051390944,atac10k
0.004978403,0.0022667204,atac10k
0.004978966,0.0020628273,atac10k
0.0049484344,-0.0012910329,atac10k
0.004977464,0.0033938144,atac10k
0.0049133464,-0.0037589816,atac10k
0.004978936,0.0016814059,atac10k
0.0049780495,0.0027761234,atac10k
0.004948042,-0.0035550096,atac10k
0.004948138,-0.0007380545,atac10k
0.004978828,0.0016316025,atac10k
0.0049781334,0.0024897458,atac10k
0.004979015,0.0014996113,atac10k
0.0049781045,0.0026109535,atac10k
0.0049479003,-0.0034679873,atac10k
0.004978064,0.002408839,atac10k
0.0049787164,0.0017117956,atac10k
0.0049783858,0.002132763,atac10k
0.004946926,-0.0029946824,atac10k
0.00497883,0.0015462788,atac10k
0.004977914,0.0025971974,atac10k
0.0049576815,-0.001278218,atac10k
0.0049538445,0.0019291219,atac10k
0.004975477,0.0019318428,atac10k
0.004913702,-0.0047038896,atac10k
0.004976975,0.004316637,atac10k
0.0049787895,0.0015466408,atac10k
0.0049782344,0.0023711405,atac10k
0.0049783415,0.0022842803,atac10k
0.0049471,-0.0040706666,atac10k
0.004978088,0.0026962059,atac10k
0.0049787345,0.0016843562,atac10k
0.0049752863,0.0024376921,atac10k
0.004977718,0.0024592767,atac10k
0.0049780114,0.002903639,atac10k
0.0049486156,-0.0056081875,atac10k
0.004946403,-0.002720033,atac10k
0.0049786507,0.0019679798,atac10k
0.004977152,0.0039726067,atac10k
0.004974151,0.0016526115,atac10k
0.004948767,-0.004183926,atac10k
0.0049775364,0.0024628777,atac10k
0.004978551,0.0015794933,atac10k
0.0049197148,-0.0041480553,atac10k
0.0049785133,0.0020147823,atac10k
0.0049477792,-0.0027001917,atac10k
0.0049790884,0.0014777486,atac10k
0.0049786186,0.0019750826,atac10k
0.0049784635,0.0016166959,atac10k
0.004947897,-0.003141737,atac10k
0.0049464656,-0.0035383564,atac10k
0.0049787117,0.0018713623,atac10k
0.0049789273,0.0016240306,atac10k
0.0049475855,-0.003524467,atac10k
0.0049786502,0.0019115482,atac10k
0.0049144938,-0.005215519,atac10k
0.004978493,0.0017998904,atac10k
0.0049765413,0.0009107312,atac10k
0.0049775806,0.0032730512,atac10k
0.0049781124,0.002265559,atac10k
0.0049789194,0.0014991388,atac10k
0.004978287,0.0022123072,atac10k
0.0049463883,-0.0027383375,atac10k
0.0049787965,0.0017000326,atac10k
0.004978147,0.0015138588,atac10k
0.0049782675,0.0024868432,atac10k
0.0049780835,0.0027924147,atac10k
0.0049526948,-0.004450037,atac10k
0.0049741273,0.003200607,atac10k
0.0049788733,0.0015083735,atac10k
0.004978641,0.0017634913,atac10k
0.00497802,0.0026099535,atac10k
0.004946678,-0.0032056281,atac10k
0.0049786344,0.0014258764,atac10k
0.004978243,0.0025011972,atac10k
0.0049058776,0.0002311959,atac10k
0.004977865,0.0034480465,atac10k
0.0049485406,-0.00538754,atac10k
0.0049789003,0.0016352856,atac10k
0.004946759,-0.003562513,atac10k
0.0049477145,-0.0030127454,atac10k
0.004976762,0.004189946,atac10k
0.004978063,0.0024976232,atac10k
0.004914793,-0.004208222,atac10k
0.0049496307,-0.004915754,atac10k
0.004976892,0.0043444773,atac10k
0.0049772393,0.0037496905,atac10k
0.004946733,-0.003689309,atac10k
0.0049465396,-0.0034067214,atac10k
0.004978334,0.0022830176,atac10k
0.0049745087,0.0019728502,atac10k
0.004947866,-0.0040488522,atac10k
0.0049778954,0.0026367947,atac10k
0.0049780337,0.0025489451,atac10k
0.0049777827,0.0029806711,atac10k
0.004976075,0.0013129159,atac10k
0.0049782586,0.0021626793,atac10k
0.004978651,0.0018511063,atac10k
0.0049775224,0.003424587,atac10k
0.0049119373,-0.0035592294,atac10k
0.0049770907,0.003827164,atac10k
0.004945662,-0.0036852686,atac10k
0.0049785837,0.0019437536,atac10k
0.0049781324,0.0025143689,atac10k
0.004977864,0.0029674226,atac10k
0.0049530067,-0.0023852875,atac10k
0.004977934,0.0017840854,atac10k
0.004977959,0.0028567216,atac10k
0.004976856,0.002387675,atac10k
0.004977898,0.002994715,atac10k
0.0049476256,-0.0031102006,atac10k
0.00497764,0.003062052,atac10k
0.004946736,-0.0033091241,atac10k
0.004978982,0.0014605673,atac10k
0.004978842,0.001569786,atac10k
0.004978389,0.0023070152,atac10k
0.004978566,0.0017287632,atac10k
0.0049467646,-0.0043505747,atac10k
0.0049462668,-0.0028843323,atac10k
0.004978867,0.0013910723,atac10k
0.0049487045,-0.0039498652,atac10k
0.004976479,0.0019038148,atac10k
0.004946671,-0.0037317646,atac10k
0.0049581393,0.00092973886,atac10k
0.004918381,-0.0042728544,atac10k
0.0049477783,-0.0037559462,atac10k
0.0049483604,-0.0020922932,atac10k
0.004954037,-0.0029074624,atac10k
0.0049696807,0.0006947106,atac10k
0.0049793785,0.00340427,atac10k
0.0049589765,0.00027756704,atac10k
0.0049780314,0.0017421109,atac10k
0.0049428563,-0.004251757,atac10k
0.004978882,0.0015825346,atac10k
0.0049380106,-0.004870103,atac10k
0.0049776514,0.0031192156,atac10k
0.004978484,0.0018925696,atac10k
0.004978077,0.0027644553,atac10k
0.0049775788,0.0032577512,atac10k
0.004977839,0.0027907793,atac10k
0.0049784486,0.0020794207,atac10k
0.004978209,0.002550732,atac10k
0.0049477275,-0.0037287872,atac10k
0.004978912,0.0015107262,atac10k
0.004978624,0.0019355905,atac10k
0.00497759,0.0030832991,atac10k
0.0049470216,-0.0038552245,atac10k
0.0049473797,-0.002996524,atac10k
0.0049486817,-0.0018393701,atac10k
0.0049491,-0.004392959,atac10k
0.004978491,0.0019557548,atac10k
0.0049775145,0.0032187777,atac10k
0.0049478267,-0.004479703,atac10k
0.0049788943,0.0016225653,atac10k
0.0049474714,-0.0024650646,atac10k
0.0049790754,0.0013983456,atac10k
0.0049782824,0.0019485134,atac10k
0.0049169655,-0.0044645914,atac10k
0.0049449313,-0.005586642,atac10k
0.004978022,0.0015563453,atac10k
0.0049759806,0.0037007031,atac10k
0.004946988,-0.0044036736,atac10k
0.0049244068,-0.0036308202,atac10k
0.004978417,0.0023432707,atac10k
0.0049778423,0.0018714573,atac10k
0.004979002,0.001621884,atac10k
0.004978447,0.0019270445,atac10k
0.00496972,0.0013118915,atac10k
0.0049776407,0.0032584826,atac10k
0.004970816,0.0015079177,atac10k
0.004977281,0.003646126,atac10k
0.0049781003,0.0021674195,atac10k
0.0049786964,0.0017652132,atac10k
0.0049769874,0.0039684433,atac10k
0.004947947,-0.0030117482,atac10k
0.004978249,0.0023305963,atac10k
0.0049771178,0.0038684984,atac10k
0.004947651,-0.003316858,atac10k
0.004948082,-0.002720975,atac10k
0.004978714,0.0016785086,atac10k
0.004977454,0.0034422895,atac10k
0.004947859,-0.0029940954,atac10k
0.0049496554,-0.0023419806,atac10k
0.0049465634,-0.004342955,atac10k
0.004978609,0.0018300716,atac10k
0.004976906,0.0012790533,atac10k
0.0049791075,0.0012726772,atac10k
0.004978529,0.0019416502,atac10k
0.00494719,-0.003966725,atac10k
0.0049784756,0.0018525819,atac10k
0.0049778633,0.0017867866,atac10k
0.0049724896,0.0016730821,atac10k
0.0049474444,-0.0020165464,atac10k
0.004978446,0.002057803,atac10k
0.004978132,0.0018692332,atac10k
0.0049780086,0.0035157423,atac10k
0.0049780486,0.0027615905,atac10k
0.004978132,0.002291479,atac10k
0.0049780817,0.002554676,atac10k
0.004975713,0.0024439155,atac10k
0.0049482435,-0.004041468,atac10k
0.0049786908,0.0019303507,atac10k
0.004978238,0.002347501,atac10k
0.0049780547,0.0027681717,atac10k
0.004978443,0.0017730288,atac10k
0.004977612,0.0030345712,atac10k
0.0049482835,-0.0034832968,atac10k
0.0049475813,-0.002972652,atac10k
0.0049778507,0.002784282,atac10k
0.0049777627,0.003191823,atac10k
0.004978568,0.0019314929,atac10k
0.0049777864,0.0029793412,atac10k
0.0049481923,-0.0029873203,atac10k
0.0049780663,0.0026404106,atac10k
0.0049787597,0.0017989258,atac10k
0.0049779,0.0029550386,atac10k
0.004977695,0.0030491278,atac10k
0.0049779397,0.0025151125,atac10k
0.004977309,0.0036353285,atac10k
0.0049787634,0.0015651889,atac10k
0.004955671,-0.0016419451,atac10k
0.004978954,0.0016297518,atac10k
0.0049787117,0.0017500039,atac10k
0.0049485597,-0.0051499545,atac10k
0.004978391,0.002268266,atac10k
0.004946282,-0.003545477,atac10k
0.00494859,-0.003893512,atac10k
0.0049463194,-0.0029969933,atac10k
0.004977322,0.0024125425,atac10k
0.0049485536,-0.004904095,atac10k
0.004915142,-0.0050610625,atac10k
0.0049466467,-0.00391885,atac10k
0.0049787755,0.0018746606,atac10k
0.004978897,0.0016548313,atac10k
0.004978127,0.0020956723,atac10k
0.004978732,0.0017105181,atac10k
0.004946481,-0.0036769328,atac10k
0.0049767895,-0.0015459036,atac10k
0.0049775825,0.0032980791,atac10k
0.0049730884,0.0017488882,atac10k
0.0049468,-0.0036517375,atac10k
0.0049474523,-0.003839847,atac10k
0.00497832,0.0019208759,atac10k
0.0049475715,-0.0030316098,atac10k
0.0049782638,0.0032426019,atac10k
0.004978567,0.002800157,atac10k
0.004972673,0.00084043696,atac10k
0.0049482137,-0.002907584,atac10k
0.004979066,0.0015559236,atac10k
0.004978787,0.0015344238,atac10k
0.0049780575,0.002539461,atac10k
0.0049782526,0.0021719043,atac10k
0.004978142,0.0024303508,atac10k
0.0049482877,-0.0029973534,atac10k
0.004976438,0.0040760622,atac10k
0.0049480144,-0.0036536974,atac10k
0.0049781958,0.0023740518,atac10k
0.0049791276,0.0024100852,atac10k
0.0049783154,0.0018255161,atac10k
0.0049779885,0.0025588893,atac10k
0.004978613,0.001394379,atac10k
0.004950856,-0.0056759594,atac10k
0.0049766484,0.004019288,atac10k
0.0049780095,0.002784588,atac10k
0.004977656,0.003093883,atac10k
0.0049782167,0.0023345817,atac10k
0.0049785436,0.0018320543,atac10k
0.004946778,-0.003780067,atac10k
0.004978186,0.002508376,atac10k
0.004978664,0.0018212688,atac10k
0.004978558,0.0017953923,atac10k
0.004978604,0.001908315,atac10k
0.004979118,0.001475911,atac10k
0.004977762,0.0030122052,atac10k
0.0049778502,0.0014357923,atac10k
0.004978411,0.0021929909,atac10k
0.004978035,0.002753793,atac10k
0.0049782926,0.0023722933,atac10k
0.004978657,0.0018768786,atac10k
0.004979162,0.0015110974,atac10k
0.0049787164,0.0018378791,atac10k
0.004947077,-0.0031431383,atac10k
0.0049780128,0.002684077,atac10k
0.004977962,0.0028225686,atac10k
0.004946741,-0.0027773795,atac10k
0.004947221,-0.003072123,atac10k
0.0049785706,0.0017590836,atac10k
0.0049463385,0.00018676689,atac10k
0.0049787476,0.0019650382,atac10k
0.0049480638,-0.004553149,atac10k
0.004977641,0.0031238005,atac10k
0.0049262843,-0.0038492254,atac10k
0.004977612,0.001289574,atac10k
0.004976942,0.0042454274,atac10k
0.004914394,-0.004999433,atac10k
0.004946757,-0.003809125,atac10k
0.0049466966,-0.0034030406,atac10k
0.004977609,0.0030008054,atac10k
0.0049462197,-0.004308664,atac10k
0.0049788263,0.0016368348,atac10k
0.0049769557,0.0042342097,atac10k
0.00497781,0.0029326212,atac10k
0.0049789175,0.0020185043,atac10k
0.0049786386,0.0017637882,atac10k
0.0049452255,-0.0035149134,atac10k
0.004978708,0.0016234034,atac10k
0.004978322,0.0023293977,atac10k
0.0049762935,0.0019704583,atac10k
0.0049789874,0.0014810234,atac10k
0.0049784305,0.0020167967,atac10k
0.0049477844,-0.0037482993,atac10k
0.0049788207,0.0016921273,atac10k
0.0049789534,0.0029724592,atac10k
0.004977345,0.0035886406,atac10k
0.0049778116,0.0029661197,atac10k
0.004946826,-0.0039412603,atac10k
0.0049771992,0.003545819,atac10k
0.004978435,0.0022566267,atac10k
0.00494742,-0.0025194332,atac10k
0.0049752016,0.0018030631,atac10k
0.004946667,-0.004406144,atac10k
0.0049768034,0.0021212674,atac10k
0.0049468153,-0.0031351913,atac10k
0.0049488926,-0.0046797306,atac10k
0.004947538,-0.005165562,atac10k
0.004978596,0.0020062418,atac10k
0.0049468484,-0.0031837136,atac10k
0.00491395,-0.0040483647,atac10k
0.00491311,-0.002670541,atac10k
0.004914831,-0.0045091603,atac10k
0.004912858,-0.0038586673,atac10k
0.004961523,-0.00031214644,atac10k
0.004947956,-0.0031892152,atac10k
0.0049778055,0.003042218,atac10k
0.004978053,0.0027805534,atac10k
0.0049769413,0.0019472709,atac10k
0.004978049,0.0021576073,atac10k
0.0049467986,-0.0031331624,atac10k
0.004977853,0.0024220066,atac10k
0.004978134,0.0027185052,atac10k
0.004948104,-0.0034739315,atac10k
0.0049564014,-0.006749185,atac10k
0.0049786656,0.0011768074,atac10k
0.004987548,0.007714996,atac10k
0.004978594,0.0015827559,atac10k
0.004978505,0.0020233768,atac10k
0.004945996,-0.0035533109,atac10k
0.0049784603,0.002331305,atac10k
0.0049474267,-0.0029786068,atac10k
0.0049470603,-0.0033577865,atac10k
0.0049785892,0.0019426782,atac10k
0.0049772486,0.0036221961,atac10k
0.004923877,-0.0036680347,atac10k
0.0049781706,0.0024757795,atac10k
0.0049789394,0.001597695,atac10k
0.004946335,-0.0030210721,atac10k
0.0049786456,0.0013741883,atac10k
0.0049212435,-0.003396694,atac10k
0.004978989,0.0012266767,atac10k
0.004978597,0.0017194763,atac10k
0.0049786475,0.0016572202,atac10k
0.004946802,-0.0030461913,atac10k
0.0049783997,0.0017600759,atac10k
0.004978342,0.0018399575,atac10k
0.004948656,-0.0015143304,atac10k
0.0049287365,-0.0034457052,atac10k
0.0049206493,-0.003289639,atac10k
0.0049772607,0.0037668871,atac10k
0.004941959,-0.004767374,atac10k
0.004978661,0.0016529029,atac10k
0.004947644,-0.003639449,atac10k
0.00494702,-0.0028273684,atac10k
0.0049783923,0.002083982,atac10k
0.0049469215,-0.0038781364,atac10k
0.00494685,-0.003573449,atac10k
0.004978801,0.0017095368,atac10k
0.004913931,-0.004221492,atac10k
0.004978935,0.0015761914,atac10k
0.004946547,-0.003955877,atac10k
0.004924708,-0.0038276436,atac10k
0.004977602,0.003140345,atac10k
0.0049467743,-0.0033671658,atac10k
0.0049783094,0.0022813652,atac10k
0.0049789622,0.0014968693,atac10k
0.0049789688,0.0013531633,atac10k
0.0049455115,-0.0055701435,atac10k
0.0049477243,-0.0029228316,atac10k
0.0049479106,-0.0033131554,atac10k
0.004971578,0.0018899243,atac10k
0.004946735,-0.0028198992,atac10k
0.004911989,-0.0030260873,atac10k
0.0049489257,-0.00460491,atac10k
0.004940407,-0.0057910588,atac10k
0.0049790354,0.001706284,atac10k
0.0049773525,0.0034918878,atac10k
0.004978533,0.0018827752,atac10k
0.004947207,-0.00410489,atac10k
0.004978632,0.0019058207,atac10k
0.0049790535,0.002146943,atac10k
0.004978337,0.0025081108,atac10k
0.0049786484,0.003760519,atac10k
0.004947788,-0.0047936765,atac10k
0.0049785306,0.0020059955,atac10k
0.0049472647,-0.0029821673,atac10k
0.0049788663,0.0013253614,atac10k
0.004945681,-0.004033637,atac10k
0.004978794,0.0015258146,atac10k
0.004977362,0.0027240168,atac10k
0.004920192,-0.005864126,atac10k
0.00494835,-0.0027198403,atac10k
0.0049784295,0.0016437818,atac10k
0.004946038,-0.0037652906,atac10k
0.004945847,-0.0033129612,atac10k
0.004975686,-0.0009083016,atac10k
0.004972886,0.004216567,atac10k
0.004948515,-0.0045729578,atac10k
0.0049782507,0.0017509894,atac10k
0.0049135955,-0.0045278016,atac10k
0.0049117855,-0.0019453502,atac10k
0.0049783657,0.0020854168,atac10k
0.0049471827,-0.0026934566,atac10k
0.0049237944,-0.0036201866,atac10k
0.004948369,-0.0032651825,atac10k
0.0049785087,0.0019447966,atac10k
0.0049784603,0.002236136,atac10k
0.004974171,0.0012140505,atac10k
0.004978253,0.0023290564,atac10k
0.0049777376,0.003093048,atac10k
0.004977761,0.0028282825,atac10k
0.004947687,-0.003104164,atac10k
0.0049466994,-0.0033061984,atac10k
0.0049466724,-0.0036792571,atac10k
0.0049182014,-0.004011899,atac10k
0.0049471594,-0.0047203023,atac10k
0.004974086,0.0035503982,atac10k
0.004948236,-0.0027997233,atac10k
0.004959308,-0.0011623264,atac10k
0.0049779005,0.0029565743,atac10k
0.0049798125,0.0026449058,atac10k
0.004977966,0.0025619129,atac10k
0.004946692,-0.0041524093,atac10k
0.004978447,0.0019646082,atac10k
0.0049466123,-0.0031216051,atac10k
0.00497823,0.0025241168,atac10k
0.0049783913,0.0019893204,atac10k
0.004978085,0.002584565,atac10k
0.0049749645,0.0016698397,atac10k
0.0049776146,0.0032587887,atac10k
0.004969533,0.0012419961,atac10k
0.004977904,0.0026926761,atac10k
0.0049471045,-0.0024034067,atac10k
0.0049492503,-0.0050235363,atac10k
0.0049472307,-0.0034559183,atac10k
0.0049494063,-0.002567422,atac10k
0.0049482603,-0.0040159947,atac10k
0.0049777706,0.0029881995,atac10k
0.0049483962,-0.0030106946,atac10k
0.004960001,0.0023108893,atac10k
0.0049775233,0.0021073688,atac10k
0.0049785734,0.0020299463,atac10k
0.0049781785,0.0020928734,atac10k
0.004946275,-0.0031568636,atac10k
0.004978039,0.0027348124,atac10k
0.004945994,-0.004865714,atac10k
0.0049780216,0.0025824914,atac10k
0.0049789716,0.0013790061,atac10k
0.004947043,-0.004108603,atac10k
0.0049767634,0.004295878,atac10k
0.0049481154,-0.0043610483,atac10k
0.004978528,0.0019552251,atac10k
0.004977376,0.003462313,atac10k
0.0049777394,0.0028381152,atac10k
0.004977718,0.0030731512,atac10k
0.0049776486,0.0032756159,atac10k
0.004949287,-0.0036260136,atac10k
0.0049465676,-0.003407858,atac10k
0.0049764607,0.00161061,atac10k
0.0049787564,0.0017571175,atac10k
0.004974445,0.0020371003,atac10k
0.004957035,-0.00074507244,atac10k
0.004978925,0.001547692,atac10k
0.0049468926,-0.003628853,atac10k
0.004947602,-0.0025044414,atac10k
0.004977596,0.003164004,atac10k
0.0049467296,-0.0031805236,atac10k
0.0049770274,0.0038461133,atac10k
0.004977138,0.0022051807,atac10k
0.004977285,0.0037024065,atac10k
0.004978563,0.0018092836,atac10k
0.004978473,0.0021633992,atac10k
0.0049788947,0.0013516024,atac10k
0.0049488265,-0.0032865216,atac10k
0.0049483757,-0.0036549945,atac10k
0.0049466603,-0.003789204,atac10k
0.004914065,-0.0041124937,atac10k
0.004978819,0.001568389,atac10k
0.004947856,-0.0033259117,atac10k
0.004978601,0.0016513155,atac10k
0.004977792,0.0030192784,atac10k
0.0049131466,-0.003918675,atac10k
0.0049778223,0.0028416554,atac10k
0.0049469587,-0.0030783173,atac10k
0.0049492605,-0.003168482,atac10k
0.0049428344,-0.0048739193,atac10k
0.0049771112,0.0025486015,atac10k
0.004946403,-0.003066157,atac10k
0.0049260235,-0.0040495703,atac10k
0.0049233786,-0.0035408086,atac10k
0.004948543,-0.0019602708,atac10k
0.004978584,0.00201988,atac10k
0.0049455445,-0.003074148,atac10k
0.0049782125,0.0025250504,atac10k
0.004973497,0.0016704327,atac10k
0.0049786065,0.0018896492,atac10k
0.0049466565,-0.0033143782,atac10k
0.0049787834,0.0018216795,atac10k
0.0049784146,0.0020541246,atac10k
0.0049475823,-0.0029527391,atac10k
0.004978559,0.0041418737,atac10k
0.0049483934,-0.0029235198,atac10k
0.0049768128,0.0023298303,atac10k
0.004978936,0.0014481294,atac10k
0.0049135573,-0.004319344,atac10k
0.0049520093,-0.0026686676,atac10k
0.0049453266,-0.0030159703,atac10k
0.004949681,-0.0026071677,atac10k
0.004979025,0.0017582461,atac10k
0.004944632,-0.004962446,atac10k
0.0049772663,0.0036559424,atac10k
0.0049774013,0.0035439353,atac10k
0.004938103,-0.005022138,atac10k
0.004947804,-0.003005947,atac10k
0.0049486132,-0.0028632854,atac10k
0.004976946,0.0017104327,atac10k
0.0049775993,0.0031268836,atac10k
0.004977237,0.0016178555,atac10k
0.004947058,-0.002826912,atac10k
0.0049485182,-0.0033973283,atac10k
0.0049143094,-0.004133404,atac10k
0.0049483073,-0.0034703035,atac10k
0.0049468596,-0.0034403831,atac10k
0.0049785427,0.0019057777,atac10k
0.00497852,0.002153843,atac10k
0.0049763415,0.002752653,atac10k
0.004945969,-0.002751069,atac10k
0.004978784,0.002204982,atac10k
0.004949498,-0.002689147,atac10k
0.004978014,0.0023788635,atac10k
0.0049474854,-0.0038992888,atac10k
0.004946892,-0.0026064157,atac10k
0.0049468777,-0.0032192434,atac10k
0.004962701,-0.000637621,atac10k
0.0049784207,0.0020071191,atac10k
0.0049583577,-0.0001823277,atac10k
0.004924579,-0.003917176,atac10k
0.004978199,0.0023620038,atac10k
0.0049476083,-0.0030958746,atac10k
0.004978228,0.0024487465,atac10k
0.004977735,0.003135563,atac10k
0.004978551,0.0019291909,atac10k
0.0049480293,-0.0024304835,atac10k
0.00496797,0.0011784107,atac10k
0.004977549,0.0020495574,atac10k
0.004978569,0.0015887113,atac10k
0.0049777767,0.002736329,atac10k
0.004978387,0.0025340957,atac10k
0.004978324,0.0020251388,atac10k
0.0049780016,0.0014624961,atac10k
0.004978831,0.0018374914,atac10k
0.0049783895,0.0022377905,atac10k
0.0049786316,0.0018888611,atac10k
0.0049787182,0.0017967777,atac10k
0.004950808,-0.0021132058,atac10k
0.0049761883,0.0036656896,atac10k
0.0049783722,0.0021589466,atac10k
0.004977368,0.0036958058,atac10k
0.004977869,0.0028423362,atac10k
0.004952859,-0.004028978,atac10k
0.004978343,0.0023021942,atac10k
0.0049771625,0.003814538,atac10k
0.004977891,0.0010789925,atac10k
0.00497824,0.0025191326,atac10k
0.004978274,0.002391484,atac10k
0.0049782367,0.002394786,atac10k
0.0049479506,-0.0027396602,atac10k
0.004978619,0.0020780314,atac10k
0.0049304096,-0.0056489646,atac10k
0.0049777576,0.0027903214,atac10k
0.004977018,0.0040785912,atac10k
0.0049788333,0.0015861236,atac10k
0.004978228,0.0020804054,atac10k
0.004978551,0.001670283,atac10k
0.0049787564,0.0016691905,atac10k
0.004945739,-0.005261337,atac10k
0.004978645,0.0017930937,atac10k
0.004977439,0.003373917,atac10k
0.004978239,0.002849894,atac10k
0.0049737063,0.0027988676,atac10k
0.0049776104,0.0022687796,atac10k
0.0049210875,-0.003625942,atac10k
0.004978192,0.0024546152,atac10k
0.0049493695,-0.0038505942,atac10k
0.0049138055,-0.00395914,atac10k
0.004978518,0.0019161348,atac10k
0.0049786624,0.0018454517,atac10k
0.004978487,0.0021059096,atac10k
0.0049486174,-0.004971332,atac10k
0.0049778563,0.0028959925,atac10k
0.004948446,-0.0030811913,atac10k
0.004946983,-0.0031733443,atac10k
0.0049496638,-0.0034635998,atac10k
0.0049474775,-0.0025586765,atac10k
0.0049769883,0.0037622126,atac10k
0.004971573,0.0014081843,atac10k
0.0049471646,-0.0029035388,atac10k
0.00491416,-0.0041691,atac10k
0.0049792686,0.0021937727,atac10k
0.0049471073,-0.0030889916,atac10k
0.0049303174,-0.0030795222,atac10k
0.004947931,-0.003336502,atac10k
0.0049493406,-0.001343383,atac10k
0.0049458956,-0.0034356525,atac10k
0.0049792635,0.001529811,atac10k
0.0049785073,0.0026242954,atac10k
0.0049205604,-0.0038259234,atac10k
0.0049201935,-0.0036803486,atac10k
0.0049595637,0.00088661467,atac10k
0.0049521197,0.00023945801,atac10k
0.0049236137,-0.003659169,atac10k
0.004914811,-0.0043525095,atac10k
0.0049730535,0.004812079,atac10k
0.0049256817,-0.0033645371,atac10k
0.004938874,-0.0035574608,atac10k
0.0049767224,0.0017543455,atac10k
0.004922764,-0.004502043,atac10k
0.004946185,-0.0055161277,atac10k
0.004978161,0.0025338733,atac10k
0.0049763354,0.0020402106,atac10k
0.004977598,0.0023212347,atac10k
0.004915426,-0.0044249557,atac10k
0.0049783555,0.0019786516,atac10k
0.0049784575,0.002066631,atac10k
0.004977627,0.0030725012,atac10k
0.004946562,-0.003760845,atac10k
0.0049464125,-0.0036389732,atac10k
0.004978332,0.0023970217,atac10k
0.0049774223,0.0034578121,atac10k
0.004975657,0.0032050132,atac10k
0.00497096,0.0017194862,atac10k
0.0049501196,-0.0039590634,atac10k
0.004947391,-0.0042641563,atac10k
0.004953109,-0.0024064605,atac10k
0.0049783685,0.0020934865,atac10k
0.004975037,0.002020732,atac10k
0.004978043,0.0028066605,atac10k
0.004977672,0.0030384916,atac10k
0.004946724,-0.0027551614,atac10k
0.0049784784,0.0019067317,atac10k
0.0049129985,-0.003859585,atac10k
0.0049680076,0.0016959745,atac10k
0.004978887,0.001507222,atac10k
0.0049458537,-0.0047537927,atac10k
0.0049482225,-0.0033138257,atac10k
0.004974132,0.0017833116,atac10k
0.004913365,-0.0039428268,atac10k
0.004945955,-0.0030002282,atac10k
0.0049787383,0.0012076616,atac10k
0.0049787923,0.0016291776,atac10k
0.0049476214,-0.002834293,atac10k
0.0049791657,0.0016063126,atac10k
0.0049782577,0.0017231291,atac10k
0.004978618,0.0015347422,atac10k
0.004978314,0.0018980476,atac10k
0.004977949,0.0026315749,atac10k
0.0049771424,0.0038424083,atac10k
0.004978884,0.0018032115,atac10k
0.0049463226,-0.0023659628,atac10k
0.004948575,-0.0024972204,atac10k
0.0049789255,0.0016296438,atac10k
0.004978602,0.0021307897,atac10k
0.004977404,0.0036107993,atac10k
0.004978467,0.0018992915,atac10k
0.0049786754,0.0021675623,atac10k
0.004977546,0.0033068417,atac10k
0.0049786167,0.001861408,atac10k
0.0049785934,0.0019109355,atac10k
0.0049471282,-0.0027041086,atac10k
0.0049786866,0.0015744362,atac10k
0.004979185,0.001675868,atac10k
0.004947891,-0.0025849617,atac10k
0.004978024,0.0023340269,atac10k
0.0049477685,-0.0037948326,atac10k
0.0049775518,0.0040596,atac10k
0.0049788803,0.0015953069,atac10k
0.0049771788,0.0012506943,atac10k
0.004978738,0.0016240791,atac10k
0.00494725,-0.003753876,atac10k
0.0049705068,0.0024808042,atac10k
0.0049788826,0.0016861951,atac10k
0.004978706,0.0016087202,atac10k
0.0049778447,0.0028060207,atac10k
0.0049471105,-0.0032539528,atac10k
0.0049373107,-0.0036723975,atac10k
0.004976997,0.004176473,atac10k
0.0049409834,-0.00230538,atac10k
0.004946727,-0.0033738436,atac10k
0.0049784216,0.0021892348,atac10k
0.004978598,0.0018093479,atac10k
0.0049786167,0.0019172436,atac10k
0.004978763,0.0017310572,atac10k
0.004978198,0.0022525499,atac10k
0.004978279,0.0022781119,atac10k
0.0049773413,0.0034143773,atac10k
0.004948922,-0.0046506654,atac10k
0.0049781767,0.0024280152,atac10k
0.0049473294,-0.003545502,atac10k
0.0049468577,-0.0032315135,atac10k
0.004966462,-0.00017001096,atac10k
0.004978552,0.0020395548,atac10k
0.0049774735,0.0032146184,atac10k
0.0049785334,0.0020210342,atac10k
0.0049784314,0.0018143066,atac10k
0.004979129,0.0019435114,atac10k
0.00497851,0.0018404829,atac10k
0.0049137822,-0.0042195236,atac10k
0.0049483757,-0.006327938,atac10k
0.004913093,-0.0038177536,atac10k
0.0049440986,-0.0033163198,atac10k
0.004978741,0.001761889,atac10k
0.0049621766,-0.00071360014,atac10k
0.0049790866,0.0018154702,atac10k
0.0049779923,0.0018847316,atac10k
0.0049786624,0.0018466284,atac10k
0.0049775504,0.0032370533,atac10k
0.004977314,0.0036636877,atac10k
0.0049466286,-0.003867333,atac10k
0.004931146,-0.013134418,atac10k
0.0049787746,0.0016403476,atac10k
0.00494819,-0.002701551,atac10k
0.004973945,0.0012400716,atac10k
0.004947028,-0.002688248,atac10k
0.004946058,-0.002998667,atac10k
0.0049783043,0.002304644,atac10k
0.00497753,0.00331936,atac10k
0.0049785892,0.0019403128,atac10k
0.0049780845,0.002055256,atac10k
0.004946846,-0.0046007107,atac10k
0.0049774046,0.0037424054,atac10k
0.004978249,0.0023972606,atac10k
0.0049757245,0.0022853352,atac10k
0.0049783974,0.002178161,atac10k
0.0049482486,-0.0021892302,atac10k
0.004977587,0.0032459765,atac10k
0.0049469676,-0.0027623232,atac10k
0.004922353,-0.003603283,atac10k
0.0049578627,-0.0028502317,atac10k
0.0049477,-0.00309862,atac10k
0.0049774675,0.0032522215,atac10k
0.004959031,-0.0005704954,atac10k
0.0049514812,-0.0026594882,atac10k
0.0049769557,0.0022035416,atac10k
0.004977185,0.004030773,atac10k
0.0049576866,-0.0016499559,atac10k
0.0049483767,-0.0030067773,atac10k
0.004977589,0.0034396497,atac10k
0.004947793,-0.0027187662,atac10k
0.004979127,0.001327965,atac10k
0.0049776062,0.0030933556,atac10k
0.004944087,-0.0044431994,atac10k
0.0049375314,-0.004734297,atac10k
0.0049771736,0.0038191783,atac10k
0.0049486514,-0.0023789408,atac10k
0.004913675,-0.0038921756,atac10k
0.004934194,-0.005680959,atac10k
0.0049786083,0.0020440957,atac10k
0.0049782353,0.0022760665,atac10k
0.0049781813,0.0025569105,atac10k
0.004978884,0.0030441133,atac10k
0.0049483385,-0.0030074858,atac10k
0.0049776062,0.003294881,atac10k
0.0049469857,-0.003694304,atac10k
0.0049785217,0.0017413034,atac10k
0.00497899,0.0016036463,atac10k
0.0049798586,0.0024635398,atac10k
0.0049469513,-0.0032205973,atac10k
0.004946997,-0.003002539,atac10k
0.0049787643,0.0015272395,atac10k
0.00497813,0.0026320026,atac10k
0.004946116,-0.0032739774,atac10k
0.0049486216,-0.0038542552,atac10k
0.0049780477,0.0026112807,atac10k
0.0049469704,-0.0026894265,atac10k
0.004947886,-0.0026519694,atac10k
0.004978315,0.00205464,atac10k
0.0049591945,-0.0009527459,atac10k
0.004978663,0.0017823088,atac10k
0.0049786605,0.002077295,atac10k
0.0049431515,-0.0047280663,atac10k
0.0049473043,-0.00338514,atac10k
0.004978509,0.0020445485,atac10k
0.004978127,0.002500653,atac10k
0.0049471315,-0.002861554,atac10k
0.004977126,0.0035192263,atac10k
0.004978779,0.0015365882,atac10k
0.004912548,-0.003610445,atac10k
0.0049472526,-0.0040366864,atac10k
0.004978458,0.0020748281,atac10k
0.0049452875,-0.0053172866,atac10k
0.0049780537,0.0025581196,atac10k
0.0049785357,0.0016916124,atac10k
0.004978648,0.001819878,atac10k
0.0049782204,0.0023884017,atac10k
0.0049492554,-0.004720808,atac10k
0.0049782684,0.0025156483,atac10k
0.004914714,-0.004112076,atac10k
0.0049789296,0.0016388026,atac10k
0.004978405,0.0021632283,atac10k
0.0049780267,0.0025442308,atac10k
0.0049775187,0.0032790643,atac10k
0.0049777897,0.0029041434,atac10k
0.004978528,0.001970176,atac10k
0.004913695,-0.0031432495,atac10k
0.004947012,-0.003606346,atac10k
0.0049771112,0.0021614213,atac10k
0.0049777813,0.0029392724,atac10k
0.004947238,-0.0035216862,atac10k
0.004978201,0.0023937076,atac10k
0.0049785264,0.0018177389,atac10k
0.0049790097,0.0015577682,atac10k
0.004978154,0.002666719,atac10k
0.0049491213,-0.0038467266,atac10k
0.004978831,0.0017863592,atac10k
0.0049126293,-0.004256633,atac10k
0.0049131797,-0.0041996962,atac10k
0.004912907,-0.0037319213,atac10k
0.0049123694,-0.0032113257,atac10k
0.0049128183,-0.0037377807,atac10k
0.004977354,0.003608802,atac10k
0.004977847,0.0030042387,atac10k
0.0049788463,0.0015775294,atac10k
0.004978627,0.001704008,atac10k
0.004949906,-0.0029271431,atac10k
0.004946493,-0.0034812083,atac10k
0.004978309,0.002172645,atac10k
0.004978769,0.0017802855,atac10k
0.0049789585,0.0015999511,atac10k
0.004977626,0.0032080219,atac10k
0.004946799,-0.0038354623,atac10k
0.0049772393,0.003591362,atac10k
0.004946033,-0.0027571796,atac10k
0.0049781245,0.0026129165,atac10k
0.004946943,-0.0024609051,atac10k
0.00497775,0.0030879788,atac10k
0.004948296,-0.0031329026,atac10k
0.004952493,-0.0022199412,atac10k
0.0049776924,0.0027323912,atac10k
0.0049788365,0.0017123269,atac10k
0.0049780416,0.0026847722,atac10k
0.004977691,0.0030588775,atac10k
0.0049468656,-0.0027156344,atac10k
0.0049783476,0.0021782748,atac10k
0.0049466304,-0.0032303308,atac10k
0.0049770996,0.0017991373,atac10k
0.00497845,0.0013853428,atac10k
0.004946789,-0.0029557697,atac10k
0.0049205474,-0.0032870332,atac10k
0.0049786516,0.0016543618,atac10k
0.0049781054,0.002450108,atac10k
0.0049781776,0.003615801,atac10k
0.004947395,-0.0024679478,atac10k
0.004947768,-0.0029767319,atac10k
0.0049464246,-0.004610242,atac10k
0.004945799,-0.003056013,atac10k
0.004977155,0.0017125743,atac10k
0.0049138004,-0.0041053686,atac10k
0.0049786964,0.001697081,atac10k
0.004978993,0.0016286613,atac10k
0.004948393,-0.0042589814,atac10k
0.0049775196,0.0033103505,atac10k
0.004978582,0.0018851161,atac10k
0.0049140924,-0.004820082,atac10k
0.0049775247,0.0033168783,atac10k
0.0049782395,0.0015970916,atac10k
0.004977523,0.0032296893,atac10k
0.0049477136,-0.0032053874,atac10k
0.004978444,0.002117659,atac10k
0.0049239136,-0.0036642072,atac10k
0.004977556,0.003265777,atac10k
0.004928537,-0.0037355982,atac10k
0.0049787397,0.0017025614,atac10k
0.004977513,0.0031282909,atac10k
0.0049786037,0.0027385561,atac10k
0.0049481196,-0.0031392388,atac10k
0.0049272035,-0.0037406199,atac10k
0.0049482784,-0.0037955812,atac10k
0.0049772225,0.0037086022,atac10k
0.004978346,0.0022847522,atac10k
0.0049771364,0.0038601707,atac10k
0.0049780603,0.002706573,atac10k
0.004947917,-0.0027503588,atac10k
0.0049483953,-0.0038925554,atac10k
0.00494939,-0.0041995863,atac10k
0.0049782107,0.002259674,atac10k
0.0049480367,-0.003289208,atac10k
0.004946847,-0.00252086,atac10k
0.0049245097,-0.0032616286,atac10k
0.0049784128,0.002048635,atac10k
0.004978729,0.0017922937,atac10k
0.004946111,-0.0041504097,atac10k
0.00497758,0.0033015902,atac10k
0.0049788863,0.0017339385,atac10k
0.004913196,-0.004241896,atac10k
0.0049788966,0.0016282522,atac10k
0.004915296,-0.0043907906,atac10k
0.004977378,0.0034962215,atac10k
0.0049471217,-0.0030159666,atac10k
0.0049765515,0.0020344388,atac10k
0.00497837,0.0021880313,atac10k
0.0049786647,0.0012599335,atac10k
0.0049763313,0.0016612813,atac10k
0.004946622,-0.003081892,atac10k
0.0049647084,5.126402e-05,atac10k
0.0049463785,-0.0025763137,atac10k
0.004978241,0.0022100986,atac10k
0.004947298,-0.0041246885,atac10k
0.0049779355,0.0029290894,atac10k
0.0049786395,0.0020292206,atac10k
0.0049325153,-0.0048566298,atac10k
0.004977669,0.0031339398,atac10k
0.0049770363,0.0018819778,atac10k
0.0049120947,-0.003195435,atac10k
0.004979146,0.0015260723,atac10k
0.00494248,-0.003508239,atac10k
0.0049783685,0.0021483202,atac10k
0.004978231,0.002486824,atac10k
0.004944592,-0.0043083774,atac10k
0.004946647,-0.003437766,atac10k
0.004977473,0.0033208453,atac10k
0.004978683,0.0018233375,atac10k
0.0049468465,-0.0026415181,atac10k
0.004978954,0.001631493,atac10k
0.0049787015,0.0020015456,atac10k
0.004978299,0.0022534197,atac10k
0.0049482146,-0.0032057718,atac10k
0.004972795,0.0022753477,atac10k
0.00497834,0.0022928377,atac10k
0.004978322,0.0018695667,atac10k
0.0049482654,-0.0042447103,atac10k
0.004949923,-0.003883282,atac10k
0.004977874,0.0029248635,atac10k
0.004978902,0.0016287949,atac10k
0.004939266,-0.0016107267,atac10k
0.004945858,-0.0055868793,atac10k
0.004923053,-0.0032953462,atac10k
0.0049777185,0.0012150197,atac10k
0.004947148,-0.0025189177,atac10k
0.004947466,-0.0022970315,atac10k
0.0049777688,0.002937932,atac10k
0.004916247,-0.004225262,atac10k
0.00497656,0.0020818752,atac10k
0.0049771094,0.0038922306,atac10k
0.004975865,0.0030603963,atac10k
0.0049783764,0.002358616,atac10k
0.004977595,0.0018748932,atac10k
0.004946699,-0.004022587,atac10k
0.0049468423,-0.0024290578,atac10k
0.0049464144,-0.003626996,atac10k
0.0049483264,-0.0055975877,atac10k
0.0049385657,-0.0035982206,atac10k
0.004950133,-0.0027606562,atac10k
0.0049782135,0.002458707,atac10k
0.004941708,-0.00483344,atac10k
0.0049771583,0.001973812,atac10k
0.004917232,-0.0041185417,atac10k
0.0049767494,0.002393684,atac10k
0.004947084,-0.0030927383,atac10k
0.004978723,0.0016304624,atac10k
0.004946589,-0.0042855917,atac10k
0.004947843,-0.0024905778,atac10k
0.0049751764,0.0024650265,atac10k
0.004917423,-0.0027344227,atac10k
0.0049776644,0.002866656,atac10k
0.0049783466,0.0021513407,atac10k
0.004978778,0.0016630568,atac10k
0.0049401326,-0.0034049063,atac10k
0.0049783993,0.0023467853,atac10k
0.0049328455,-0.0066542965,atac10k
0.004978278,0.002393622,atac10k
0.00494742,-0.0030009842,atac10k
0.0049789925,0.0015754995,atac10k
0.004948285,-0.0033430995,atac10k
0.0049785855,0.0019959032,atac10k
0.0049781916,0.0022606838,atac10k
0.0049766307,-0.00026281233,atac10k
0.0049783993,0.0020965845,atac10k
0.004947436,-0.002972775,atac10k
0.004914367,-0.0040512504,atac10k
0.0049810046,0.001161561,atac10k
0.004979021,0.0015935149,atac10k
0.0049781064,0.0024562587,atac10k
0.004947023,-0.0033402788,atac10k
0.0049476144,-0.0033470504,atac10k
0.0049753413,-0.0019338018,atac10k
0.0049513103,-0.0029423835,atac10k
0.004980087,0.00359709,atac10k
0.0049472614,-0.0035988535,atac10k
0.0049779825,0.0026202262,atac10k
0.0049779844,0.002932619,atac10k
0.0049469764,-0.0030832738,atac10k
0.0049786544,0.0018882578,atac10k
0.0049466253,-0.0030092576,atac10k
0.004947139,-0.0041774637,atac10k
0.004977747,0.002921342,atac10k
0.0049755247,0.0036157584,atac10k
0.0049780756,0.0030871439,atac10k
0.004977285,0.0035605605,atac10k
0.0049774093,0.00343043,atac10k
0.004978979,0.0014328466,atac10k
0.004914883,-0.0044104443,atac10k
0.004977805,0.0013323893,atac10k
0.0049783047,0.0021977928,atac10k
0.0049783713,0.002162801,atac10k
0.004977658,0.0032649066,atac10k
0.00497874,0.0015414741,atac10k
0.0049788267,0.0029387814,atac10k
0.0049787057,0.0018275478,atac10k
0.004977217,0.0037183987,atac10k
0.004919117,-0.0049754377,atac10k
0.0049783136,0.002380865,atac10k
0.0049774786,0.0033540656,atac10k
0.004963812,0.00033419422,atac10k
0.0049790633,0.0017619347,atac10k
0.0049785883,0.0018325872,atac10k
0.004947922,-0.004142482,atac10k
0.0049757864,0.001880795,atac10k
0.0049782465,0.0022890968,atac10k
0.0049771685,0.0016624136,atac10k
0.0049775057,0.0033738445,atac10k
0.004947494,-0.0044088974,atac10k
0.0049786237,0.0018410126,atac10k
0.004977014,0.0015488924,atac10k
0.0049754935,0.0015698345,atac10k
0.004947974,-0.0030887688,atac10k
0.0049784686,0.0022667411,atac10k
0.004976374,0.0025047655,atac10k
0.004978855,0.0016761585,atac10k
0.0049387594,-0.0041962047,atac10k
0.0049783336,0.0016464373,atac10k
0.0049777743,0.0030739678,atac10k
0.0049782926,0.0022186383,atac10k
0.0049786265,0.0019697861,atac10k
0.004949289,-0.0045806016,atac10k
0.0049131373,-0.004116626,atac10k
0.004949165,-0.004412213,atac10k
0.0049479594,-0.0043847207,atac10k
0.0049753664,0.0019432592,atac10k
0.0049779173,0.0026480576,atac10k
0.004978699,0.0018543754,atac10k
0.0049780137,0.002692042,atac10k
0.0049788966,0.0029498283,atac10k
0.0049783313,0.0020604231,atac10k
0.004914806,-0.004316544,atac10k
0.0049474286,-0.0028491693,atac10k
0.004913307,-0.004085322,atac10k
0.004946574,-0.0046299906,atac10k
0.004964889,0.00056640775,atac10k
0.0049757566,0.001273573,atac10k
0.004946813,-0.003126892,atac10k
0.0049786074,0.0017014557,atac10k
0.0049787257,0.0017568902,atac10k
0.0049466547,-0.0031915095,atac10k
0.0049454016,-0.0047599184,atac10k
0.0049786256,0.0019479378,atac10k
0.004977703,0.0030948133,atac10k
0.004978741,0.0016869116,atac10k
0.0049222326,-0.0046303547,atac10k
0.004978914,0.0016130778,atac10k
0.0049781096,0.002058224,atac10k
0.004948165,-0.003555233,atac10k
0.0049786186,0.0017568875,atac10k
0.0049597765,-0.0008233338,atac10k
0.004978385,0.0021370857,atac10k
0.004944647,-0.0031502747,atac10k
0.004978671,0.001827987,atac10k
0.0049627842,-0.0011922863,atac10k
0.0049781483,0.0024369524,atac10k
0.0049782703,0.0021571426,atac10k
0.0049779327,0.002922491,atac10k
0.0049783573,0.0020863658,atac10k
0.004977619,0.0032050936,atac10k
0.004977645,0.0015268589,atac10k
0.0049780295,0.0027654644,atac10k
0.0049448404,-0.003976019,atac10k
0.004978141,0.002627529,atac10k
0.004978717,0.0020466684,atac10k
0.004978167,0.0025515107,atac10k
0.0049197045,-0.003456965,atac10k
0.0049787275,0.0019900824,atac10k
0.0049778353,0.0017784962,atac10k
0.0049140872,-0.0045489063,atac10k
0.004946668,-0.0037328175,atac10k
0.004946918,-0.0035681287,atac10k
0.0049461597,-0.0042660264,atac10k
0.004978462,0.0020333896,atac10k
0.004978414,0.0021067536,atac10k
0.0049461294,-0.0030333328,atac10k
0.004963846,0.00059266377,atac10k
0.004978186,0.004156554,atac10k
0.00494761,-0.0026876263,atac10k
0.004915515,-0.0041823504,atac10k
0.0049148863,-0.0043588416,atac10k
0.004978139,0.0025539463,atac10k
0.004976892,0.0022206164,atac10k
0.004978644,0.0018311084,atac10k
0.0049774377,0.0033822807,atac10k
0.004977597,0.003242603,atac10k
0.0049463953,-0.0035026718,atac10k
0.004978636,0.00237525,atac10k
0.0049480153,-0.0037549387,atac10k
0.0049777837,0.001972747,atac10k
0.0049208864,-0.0037478488,atac10k
0.0049470253,-0.0035463688,atac10k
0.0049326764,-0.0031278892,atac10k
0.0049174195,-0.0038970325,atac10k
0.0049511315,-0.004183021,atac10k
0.004943779,-0.0042745937,atac10k
0.0049481485,-0.0033243564,atac10k
0.0049781175,0.0025368652,atac10k
0.0049549625,-0.0019403335,atac10k
0.004953915,-0.0023990234,atac10k
0.0049787336,0.001725169,atac10k
0.0049774987,0.0021836795,atac10k
0.004978516,0.0017886873,atac10k
0.0049785622,0.0019954809,atac10k
0.004949556,-0.0044796746,atac10k
0.0049465774,-0.003466356,atac10k
0.0049783275,0.002246737,atac10k
0.004979032,0.0012135652,atac10k
0.004977309,0.0034469278,atac10k
0.004974385,0.002423021,atac10k
0.0049773226,0.0035292176,atac10k
0.00497709,0.0020227132,atac10k
0.0049552727,0.0020211872,atac10k
0.0049778684,0.0029290773,atac10k
0.0049788253,0.0016720816,atac10k
0.0049755606,0.002030562,atac10k
0.0049773776,0.0035006588,atac10k
0.004945546,-0.003301906,atac10k
0.0049474332,-0.0026745803,atac10k
0.0049470835,-0.0027831898,atac10k
0.0049476386,-0.002761616,atac10k
0.0049789636,0.0013221073,atac10k
0.0049569733,-0.00058709533,atac10k
0.004978987,0.0014057402,atac10k
0.004977491,0.0033328596,atac10k
0.0049659233,-0.003048863,atac10k
0.0049451427,-0.0046286723,atac10k
0.004914098,-0.004009872,atac10k
0.004978487,0.0013478698,atac10k
0.0049146265,-0.0041662655,atac10k
0.0049644555,0.00035220003,atac10k
0.0049740262,0.0015122422,atac10k
0.004978561,0.001633108,atac10k
0.0049786502,0.0017881875,atac10k
0.0049478672,-0.003421678,atac10k
0.0049776006,0.0032689583,atac10k
0.0049782344,0.0023260277,atac10k
0.004969456,0.0013048811,atac10k
0.004977745,0.0029012014,atac10k
0.0049775126,0.0032120233,atac10k
0.004947906,-0.003203366,atac10k
0.0049473285,-0.0037492882,atac10k
0.0049460423,-0.0043803165,atac10k
0.0049775005,0.0033411223,atac10k
0.004978838,0.002817641,atac10k
0.004948468,-0.004090864,atac10k
0.004978645,0.0017497082,atac10k
0.004913363,-0.0040410194,atac10k
0.0049778027,0.0030130506,atac10k
0.004935113,-0.008235514,atac10k
0.004978477,0.0022015648,atac10k
0.0049476917,-0.0032374735,atac10k
0.0049776146,0.002957788,atac10k
0.0049781683,0.002497728,atac10k
0.0049778763,0.0027926657,atac10k
0.0049598627,-0.000120275,atac10k
0.004978457,0.0018207507,atac10k
0.004978574,0.001867596,atac10k
0.0049485,-0.00400526,atac10k
0.004978948,0.0017183843,atac10k
0.00494824,-0.0037308645,atac10k
0.0049772733,0.0035329259,atac10k
0.0049776607,0.0031087778,atac10k
0.0049788402,0.0015851905,atac10k
0.0049794484,0.0024745003,atac10k
0.004978259,0.002348626,atac10k
0.00494827,-0.004337729,atac10k
0.0049777357,0.002975103,atac10k
0.004946378,-0.0036015012,atac10k
0.0049468344,-0.0031185301,atac10k
0.0049780244,0.0025635702,atac10k
0.004947891,-0.00479893,atac10k
0.0049480307,-0.0028279203,atac10k
0.0049776714,0.002374709,atac10k
0.0049782046,0.002391973,atac10k
0.004947086,-0.0054095956,atac10k
0.004916999,-0.0040372266,atac10k
0.004978732,0.0016542637,atac10k
0.004948351,-0.0031135827,atac10k
0.0049779825,0.00289366,atac10k
0.004947887,-0.0032248572,atac10k
0.0049783834,0.0023075845,atac10k
0.004978164,0.0019522632,atac10k
0.0049480526,-0.0042929756,atac10k
0.0049788165,0.001563643,atac10k
0.004948494,-0.004524383,atac10k
0.0049782894,0.0022464897,atac10k
0.004978193,0.0024160924,atac10k
0.0049786274,0.00187787,atac10k
0.0049783317,0.002039245,atac10k
0.004947995,-0.0033714522,atac10k
0.0049464596,-0.003860852,atac10k
0.004978754,0.0016089096,atac10k
0.004961351,-0.00071773946,atac10k
0.004979236,0.0039780564,atac10k
0.0049611176,-0.00051496417,atac10k
0.004946543,-0.0027530435,atac10k
0.0049777315,0.003083007,atac10k
0.004977221,0.0037091135,atac10k
0.004978272,0.0022288123,atac10k
0.0049765073,0.0018400074,atac10k
0.00494983,-0.0009997906,atac10k
0.0049778908,0.0028107078,atac10k
0.004913196,-0.0039580488,atac10k
0.0049704867,0.0031937168,atac10k
0.004978081,0.0027393852,atac10k
0.0049777576,0.0030126667,atac10k
0.0049311165,-0.005522932,atac10k
0.004958214,-0.0012368277,atac10k
0.004945469,-0.0051285974,atac10k
0.004978731,0.004776566,atac10k
0.004964205,0.0003698516,atac10k
0.0049788477,0.0017129303,atac10k
0.0049473457,-0.0027163874,atac10k
0.00494607,-0.0040539755,atac10k
0.0049477722,-0.0038909242,atac10k
0.004977806,0.0030478633,atac10k
0.004978553,0.0019501696,atac10k
0.004978727,0.001764477,atac10k
0.004977861,0.002988607,atac10k
0.004978639,0.0018881835,atac10k
0.004913168,-0.0039779847,atac10k
0.004978808,0.0019758104,atac10k
0.0049786307,0.0019257369,atac10k
0.004978708,0.0019428759,atac10k
0.004978418,0.0022520388,atac10k
0.004978264,0.0019481571,atac10k
0.0049476004,-0.0021808026,atac10k
0.004956585,-0.0014004223,atac10k
0.004948615,-0.004115865,atac10k
0.004951953,-0.003950103,atac10k
0.004948089,-0.0036087637,atac10k
0.0049774363,0.0032028328,atac10k
0.004946931,-0.0031569116,atac10k
0.004979695,0.0044629024,atac10k
0.0049783797,0.002075705,atac10k
0.0049769576,0.0042465264,atac10k
0.004947262,-0.0029472557,atac10k
0.0049785594,0.0017763543,atac10k
0.0049753375,0.0027149676,atac10k
0.004978739,0.0016908175,atac10k
0.0049787126,0.0018414789,atac10k
0.0049787257,0.003978816,atac10k
0.004948983,-0.0043171416,atac10k
0.0049457694,-0.0032408137,atac10k
0.00494599,-0.004591165,atac10k
0.0049788565,0.001570391,atac10k
0.0049786004,0.002534149,atac10k
0.004948167,-0.003567199,atac10k
0.004977903,0.0028302232,atac10k
0.004925757,-0.0065478208,atac10k
0.0049457494,-0.002964058,atac10k
0.004948382,-0.0031320353,atac10k
0.0049786204,0.0013862591,atac10k
0.0049782884,0.0023858056,atac10k
0.004916245,-0.004223077,atac10k
0.0049643894,0.0008398028,atac10k
0.004942262,-0.0024062754,atac10k
0.0049466803,-0.003583524,atac10k
0.0049142004,-0.0042811693,atac10k
0.004978372,0.0023109766,atac10k
0.004947091,-0.003436714,atac10k
0.004947434,-0.0041259513,atac10k
0.0049786535,0.0020413774,atac10k
0.0049785343,0.0014235894,atac10k
0.004978382,0.0021397227,atac10k
0.0049453573,-0.0045074816,atac10k
0.0049787015,0.0015744566,atac10k
0.0049132872,-0.003895627,atac10k
0.0049136886,-0.0038175348,atac10k
0.0049132174,-0.004222907,atac10k
0.0049784533,0.0020641955,atac10k
0.004960738,-0.0039627478,atac10k
0.004978229,0.0022982527,atac10k
0.0049270545,-0.003417137,atac10k
0.004977399,0.0033395023,atac10k
0.004955259,-0.0005774278,atac10k
0.004965098,-0.0007157264,atac10k
0.004978491,0.002001126,atac10k
0.004947857,-0.0030197604,atac10k
0.0049783303,0.001863248,atac10k
0.0049781725,0.002228884,atac10k
0.0049476554,-0.0037223843,atac10k
0.004978109,0.0025599538,atac10k
0.0049477415,-0.0031310923,atac10k
0.004977745,0.003144274,atac10k
0.0049786274,0.0018656075,atac10k
0.0049779937,0.002780805,atac10k
0.004968529,0.0015616668,atac10k
0.004977645,0.0032171533,atac10k
0.00497805,0.0026586617,atac10k
0.004977642,0.0031977107,atac10k
0.0049491087,-0.0023323859,atac10k
0.004946623,-0.0031668479,atac10k
0.004978695,0.0017152043,atac10k
0.0049499925,-0.0027504298,atac10k
0.0049786973,0.0022069376,atac10k
0.004945626,-0.0041819913,atac10k
0.0049385442,-0.004985781,atac10k
0.0049606385,-0.00067981327,atac10k
0.0049774,0.003342431,atac10k
0.004977564,0.0019032323,atac10k
0.0049472176,-0.004789485,atac10k
0.0049532694,-0.0024665955,atac10k
0.0049790777,0.0024719243,atac10k
0.004978604,0.0018060711,atac10k
0.004946961,-0.0036931094,atac10k
0.0049780696,0.0027238582,atac10k
0.0049480745,-0.004019593,atac10k
0.004978201,0.0024198515,atac10k
0.0049779797,0.0020091578,atac10k
0.004978457,0.0018957766,atac10k
0.004975664,-0.0019631556,atac10k
0.0049780756,0.0024580336,atac10k
0.0049138214,-0.0041346075,atac10k
0.0049480195,-0.0029927788,atac10k
0.004946283,-0.003611424,atac10k
0.004978598,0.0018894984,atac10k
0.004978592,0.001771688,atac10k
0.0049775788,0.0032125206,atac10k
0.004967669,0.0010507643,atac10k
0.0049468474,-0.0033966673,atac10k
0.0049477257,-0.0027761487,atac10k
0.004978163,0.0025058999,atac10k
0.0049785697,0.0019076179,atac10k
0.0049787275,0.0016182932,atac10k
0.0049787215,0.0017186046,atac10k
0.00497828,0.0015220534,atac10k
0.004977768,0.0018448775,atac10k
0.0049473606,-0.005007584,atac10k
0.0049770237,0.0019950042,atac10k
0.0049472554,-0.002975694,atac10k
0.00497861,0.0019421681,atac10k
0.0049777627,0.0029372398,atac10k
0.004979005,0.0012967302,atac10k
0.004948376,-0.0033173503,atac10k
0.0049473955,-0.0032990456,atac10k
0.0049779112,0.0026243415,atac10k
0.0049777906,0.0029368333,atac10k
0.004978264,0.0022337087,atac10k
0.0049785515,0.0017267262,atac10k
0.004947436,-0.0028284271,atac10k
0.004978364,0.0022304691,atac10k
0.0049344483,-0.0024419222,atac10k
0.00491283,-0.0039268453,atac10k
0.0049778144,0.0025404077,atac10k
0.004935615,-0.0039982493,atac10k
0.0049768705,0.002747234,atac10k
0.0049725594,0.002913645,atac10k
0.004977886,0.002957004,atac10k
0.0049771587,0.0037881264,atac10k
0.004977103,0.003779662,atac10k
0.00497873,0.0017808735,atac10k
0.004942766,-0.0056003933,atac10k
0.0049773287,0.003466119,atac10k
0.0049784915,0.0017736104,atac10k
0.004958467,-0.00033124033,atac10k
0.0049781487,0.0023077498,atac10k
0.0049788035,0.0017417718,atac10k
0.00497865,0.0013914988,atac10k
0.0049784444,0.0019520858,atac10k
0.0049472824,-0.0016154005,atac10k
0.004948014,-0.0038632124,atac10k
0.0049786945,0.0018331935,atac10k
0.004949139,-0.0047042975,atac10k
0.0049773664,0.0036280712,atac10k
0.0049773683,0.0034958525,atac10k
0.0049471646,-0.0028205758,atac10k
0.0049781473,0.0026886598,atac10k
0.0049432884,-0.004250812,atac10k
0.004947897,-0.0030337363,atac10k
0.0049446323,-0.0050165574,atac10k
0.0049472796,-0.0032312016,atac10k
0.0049500344,-0.0043274364,atac10k
0.0049514445,-0.0040586456,atac10k
0.0049471734,-0.003918979,atac10k
0.0049168486,-0.0046920627,atac10k
0.004946879,-0.0032340442,atac10k
0.0049790908,0.0017910594,atac10k
0.0049779234,0.0029116205,atac10k
0.00497847,0.001820959,atac10k
0.004978715,0.0018655959,atac10k
0.004978681,0.0019776053,atac10k
0.0049770717,0.0019993156,atac10k
0.004977222,0.0036215826,atac10k
0.004978368,0.0022385109,atac10k
0.004978275,0.0022688755,atac10k
0.0049471064,-0.0030083356,atac10k
0.004978129,0.0025917636,atac10k
0.0049775126,0.0033038254,atac10k
0.0049777417,0.0030273327,atac10k
0.0049764286,0.0006307275,atac10k
0.004946027,-0.0028174077,atac10k
0.0049778484,0.0020277952,atac10k
0.004978531,0.002009924,atac10k
0.004976792,0.0023537655,atac10k
0.0049468735,-0.0033723053,atac10k
0.004978058,0.0026886591,atac10k
0.004977763,0.003057766,atac10k
0.0049790796,0.0032394454,atac10k
0.004978219,0.0016540025,atac10k
0.0049765795,0.0022607674,atac10k
0.00497723,0.0036082007,atac10k
0.0049470416,-0.0030840663,atac10k
0.004947636,-0.0030935665,atac10k
0.0049486454,-0.0046476424,atac10k
0.004914011,-0.003877525,atac10k
0.0049488824,-0.0027966846,atac10k
0.004947232,-0.0037375134,atac10k
0.0049144486,-0.0041183694,atac10k
0.004978172,0.0026389454,atac10k
0.0049476824,-0.0027424062,atac10k
0.004977896,0.0017506643,atac10k
0.0049774386,0.003259826,atac10k
0.00494683,-0.0029518958,atac10k
0.0049472814,-0.0055572945,atac10k
0.0049729627,0.001586198,atac10k
0.0049785753,0.0018321304,atac10k
0.004935793,-0.00252253,atac10k
0.0049133543,-0.004459841,atac10k
0.0049426723,-0.0032147071,atac10k
0.004971891,0.001338425,atac10k
0.0049484307,-0.0032367986,atac10k
0.0049784956,0.0019847797,atac10k
0.0049480274,-0.0035403748,atac10k
0.004978559,0.002533907,atac10k
0.004977536,0.0033301394,atac10k
0.004977932,0.0027999296,atac10k
0.0049586277,0.0010926839,atac10k
0.0049474705,-0.0036469863,atac10k
0.004978412,0.0020829996,atac10k
0.0049470775,-0.0043802066,atac10k
0.004978688,0.0018352659,atac10k
0.004979036,0.0015245437,atac10k
0.0049577653,-0.0017064561,atac10k
0.0049784263,0.002175691,atac10k
0.004949554,-0.0046104384,atac10k
0.00494842,-0.003007512,atac10k
0.004961943,-6.3605e-05,atac10k
0.004978597,0.0019000766,atac10k
0.0049760025,0.0016111884,atac10k
0.004947146,-0.0027116118,atac10k
0.004913342,-0.0040085586,atac10k
0.0049495213,-0.0012284407,atac10k
0.0049784565,0.0019270107,atac10k
0.004914046,-0.0043911696,atac10k
0.0049481536,-0.003141805,atac10k
0.0049789576,0.0013773441,atac10k
0.004947847,-0.0045247613,atac10k
0.004978315,0.0026686254,atac10k
0.0049783196,0.0022635206,atac10k
0.0049781823,0.0017462999,atac10k
0.0049463473,-0.003247365,atac10k
0.0049779154,0.0028976847,atac10k
0.004947867,-0.0028997737,atac10k
0.0049472046,-0.0024991827,atac10k
0.004946903,-0.0031413655,atac10k
0.004976549,0.0020654842,atac10k
0.004978929,0.0017219145,atac10k
0.004977762,0.0031679259,atac10k
0.004978054,0.0023416802,atac10k
0.0049786516,0.0016602667,atac10k
0.004978306,0.0023411044,atac10k
0.0049762614,0.0025820066,atac10k
0.004977801,0.0028131313,atac10k
0.0049786624,0.0017668632,atac10k
0.0049768244,0.00216513,atac10k
0.0049785306,0.0022105903,atac10k
0.0049783792,0.002125925,atac10k
0.004947292,-0.004436359,atac10k
0.004958999,-0.004095414,atac10k
0.004977002,0.0021607752,atac10k
0.0049356828,-0.0055079963,atac10k
0.0049781273,0.0025071441,atac10k
0.004977224,0.0038766495,atac10k
0.004978468,0.0018321004,atac10k
0.0049783043,0.0023084872,atac10k
0.004971201,0.0010135766,atac10k
0.0049786074,0.0018133896,atac10k
0.004978236,0.0023404653,atac10k
0.0049719177,0.008203223,atac10k
0.0049780775,0.0023999452,atac10k
0.0049472516,-0.002802707,atac10k
0.0049473313,-0.004537406,atac10k
0.004978053,0.0027371566,atac10k
0.0049138414,-0.0048923856,atac10k
0.0049787783,0.0016576769,atac10k
0.0049785585,0.0018387529,atac10k
0.0049775112,0.0033617239,atac10k
0.004978886,0.001490138,atac10k
0.00496796,6.379983e-05,atac10k
0.0049178177,-0.0037052133,atac10k
0.0049782866,0.002355793,atac10k
0.0049433433,-0.0042191865,atac10k
0.0049483962,-0.002697156,atac10k
0.0049787667,0.001835191,atac10k
0.004977522,0.003221008,atac10k
0.0049468153,-0.003359274,atac10k
0.0049789236,0.0026228728,atac10k
0.004978196,0.0013604105,atac10k
0.00497709,0.001894165,atac10k
0.004977321,0.00347555,atac10k
0.0049778605,0.0029240411,atac10k
0.0049787313,0.0018022135,atac10k
0.004948648,-0.0035593722,atac10k
0.004977206,0.0022729163,atac10k
0.0049472153,-0.0038924078,atac10k
0.004947011,-0.0032594323,atac10k
0.004966814,0.0031572,atac10k
0.004978287,0.002260603,atac10k
0.0049780346,0.0027297938,atac10k
0.0049782624,0.0016579905,atac10k
0.0049467785,-0.0033193678,atac10k
0.0049467315,-0.0027199353,atac10k
0.004946956,-0.0034250882,atac10k
0.004978525,0.0013616632,atac10k
0.0049529653,-6.0671635e-05,atac10k
0.004948275,-0.0027461303,atac10k
0.0049777357,0.0030211243,atac10k
0.0049460344,-0.0035592471,atac10k
0.004978725,0.002302503,atac10k
0.004978847,0.0015857767,atac10k
0.004947901,-0.0026727524,atac10k
0.004977394,0.003700617,atac10k
0.0049786526,0.001955217,atac10k
0.0049788784,0.0015568272,atac10k
0.0049776197,0.003161052,atac10k
0.004947938,-0.0029939117,atac10k
0.004946628,-0.0029901844,atac10k
0.0049481452,-0.003024348,atac10k
0.0049786856,0.0018311368,atac10k
0.0049769105,0.0034830896,atac10k
0.0049773604,0.0018162346,atac10k
0.004946698,-0.0036753337,atac10k
0.004977351,0.0038214335,atac10k
0.0049334504,-0.0041425438,atac10k
0.0049789962,0.0013908851,atac10k
0.0049786544,0.0019628252,atac10k
0.0049774605,0.0034394206,atac10k
0.0049783317,0.0021534353,atac10k
0.0049493094,-0.0014006395,atac10k
0.004977458,0.0033745205,atac10k
0.004977902,0.002728928,atac10k
0.0049622227,-0.00012646233,atac10k
0.004962893,-0.0010720289,atac10k
0.0049147145,-0.004196835,atac10k
0.0049454533,-0.0047766543,atac10k
0.004947113,-0.0040465756,atac10k
0.0049778023,0.0030487753,atac10k
0.0049777394,0.0028901154,atac10k
0.004978668,0.001909386,atac10k
0.0049785054,0.0019685207,atac10k
0.0049484693,-0.0035488126,atac10k
0.0049777976,0.0027388786,atac10k
0.0049472344,-0.0034019721,atac10k
0.0049475254,-0.0041394886,atac10k
0.004945602,-0.0019437134,atac10k
0.0049472544,-0.0031199902,atac10k
0.00494686,-0.0033237974,atac10k
0.0049774656,0.0031913968,atac10k
0.0049781627,0.0024956649,atac10k
0.004978387,0.0017979791,atac10k
0.0049740123,0.0014393697,atac10k
0.0049768323,-0.001029541,atac10k
0.004978606,0.0018406265,atac10k
0.004946484,-0.0026313805,atac10k
0.0049782614,0.0021508748,atac10k
0.00497763,0.003002815,atac10k
0.004978615,0.0018391353,atac10k
0.004949358,-0.0026661085,atac10k
0.0049495664,-0.0036305613,atac10k
0.0049550976,-0.0012486588,atac10k
0.004978826,0.0017321341,atac10k
0.0049774307,0.003380042,atac10k
0.0049767983,0.002119561,atac10k
0.0049480796,-0.003260457,atac10k
0.004946205,-0.003073242,atac10k
0.0049780565,0.004216142,atac10k
0.004946925,-0.0031785062,atac10k
0.004949379,-0.0040101204,atac10k
0.0049779275,0.0029212346,atac10k
0.004978809,0.0017594054,atac10k
0.004914572,-0.004316265,atac10k
0.0049781557,0.002541151,atac10k
0.0049777376,0.0030618648,atac10k
0.004978395,0.0014609643,atac10k
0.0049479376,-0.002912813,atac10k
0.004978279,0.0024138268,atac10k
0.0049477555,-0.0035612194,atac10k
0.004946253,-0.0030180272,atac10k
0.0049468684,-0.0032736177,atac10k
0.004978473,0.0021007725,atac10k
0.004978117,0.0016482654,atac10k
0.0049786894,0.001444003,atac10k
0.0049480144,-0.0019318016,atac10k
0.004978584,0.0019704986,atac10k
0.0049783415,0.0020692074,atac10k
0.0049778894,0.0028177267,atac10k
0.0049786638,0.002227268,atac10k
0.0049407203,-0.005013004,atac10k
0.0049780626,0.0026941316,atac10k
0.004978389,0.0020125068,atac10k
0.0049786107,0.001871692,atac10k
0.0049484354,-0.0030023567,atac10k
0.0049787024,0.0017239712,atac10k
0.0049777552,0.0030007805,atac10k
0.0049785385,0.0018008333,atac10k
0.004978136,0.0026359393,atac10k
0.0049782936,0.0021724426,atac10k
0.0049783546,0.002298134,atac10k
0.004978745,0.0018562184,atac10k
0.0049485727,-0.004020676,atac10k
0.004977538,0.0031726789,atac10k
0.004945973,-0.00405216,atac10k
0.00497778,0.001972407,atac10k
0.0049474444,-0.004167227,atac10k
0.0049775713,0.0014362646,atac10k
0.0049470137,-0.0029106003,atac10k
0.004949022,-0.005682749,atac10k
0.0049768714,0.0018323663,atac10k
0.004926817,-0.0038655526,atac10k
0.004953648,-0.003959659,atac10k
0.0049484936,0.0026180858,atac10k
0.00497701,0.0037548677,atac10k
0.0049481094,-0.0032783954,atac10k
0.004972851,0.0019320351,atac10k
0.004978829,0.0017082896,atac10k
0.0049478896,-0.0039359545,atac10k
0.004913095,-0.0037094785,atac10k
0.004949332,-0.0049113045,atac10k
0.004947081,-0.003305917,atac10k
0.004978421,0.002079693,atac10k
0.004914244,-0.0042471504,atac10k
0.0049789883,0.0015486218,atac10k
0.0049468717,-0.0033072243,atac10k
0.0049471795,-0.0038804987,atac10k
0.0049473536,-0.0032997194,atac10k
0.0049461685,-0.0027988295,atac10k
0.004913015,-0.0041013905,atac10k
0.0049783075,0.0020493462,atac10k
0.0049782624,0.0025062885,atac10k
0.004947434,-0.0028472561,atac10k
0.0049770023,0.0017377336,atac10k
0.0049787126,0.0018520087,atac10k
0.0049779858,0.002667408,atac10k
0.00497799,0.0025369066,atac10k
0.0049784807,0.0012482405,atac10k
0.004914258,-0.004166677,atac10k
0.0049778903,0.0027308818,atac10k
0.004946931,-0.0034041668,atac10k
0.004978731,0.0017412711,atac10k
0.0049788617,0.0016176958,atac10k
0.0049471334,-0.0028969902,atac10k
0.0049775634,0.0018646056,atac10k
0.0049782395,0.0025600987,atac10k
0.0049125594,-0.0041827736,atac10k
0.004920551,-0.0039775223,atac10k
0.004978385,0.00218004,atac10k
0.0049784253,0.0018720852,atac10k
0.0049484656,-0.0036629003,atac10k
0.0049789418,0.0015251897,atac10k
0.004978741,0.0017165132,atac10k
0.0049780137,0.0027929898,atac10k
0.0049778298,0.0028441492,atac10k
0.004978397,0.002001606,atac10k
0.0049783806,0.001966548,atac10k
0.004946665,-0.0029332966,atac10k
0.004978583,0.0020592732,atac10k
0.0049777217,0.0030831334,atac10k
0.004979074,0.0014666432,atac10k
0.004953344,-0.0056368373,atac10k
0.0049465843,-0.0034715384,atac10k
0.0049781194,0.0024368686,atac10k
0.004922179,-0.0039251884,atac10k
0.0049780537,0.002689471,atac10k
0.004978982,0.0014968205,atac10k
0.0049787047,0.0017939383,atac10k
0.00494672,-0.0035458715,atac10k
0.0049783853,0.0017304494,atac10k
0.004977945,0.00276843,atac10k
0.0049473327,-0.0043391613,atac10k
0.0049770405,0.0026578428,atac10k
0.004978521,0.0020243607,atac10k
0.0049769287,0.0037522228,atac10k
0.004948486,-0.0034639144,atac10k
0.004977698,0.0031040027,atac10k
0.0049473965,-0.004920518,atac10k
0.0049487064,-0.004451665,atac10k
0.0049790265,0.0015682308,atac10k
0.0049787913,0.0016685738,atac10k
0.0049470905,-0.002459102,atac10k
0.0049786516,0.0014341194,atac10k
0.004978329,0.0017377649,atac10k
0.0049585295,-0.0012858809,atac10k
0.004976386,0.0015505902,atac10k
0.0049471636,-0.0033068312,atac10k
0.004978377,0.0020525246,atac10k
0.0049781897,0.0017866545,atac10k
0.0049587204,-0.0017479582,atac10k
0.004945917,-0.0037090105,atac10k
0.004978392,0.002139576,atac10k
0.004977464,0.0017138514,atac10k
0.0049470896,-0.0039028933,atac10k
0.0049787783,0.0017580407,atac10k
0.0049778805,0.0028067552,atac10k
0.0049783415,0.0022049462,atac10k
0.004978613,0.0017947331,atac10k
0.004978601,0.0018796045,atac10k
0.0049782563,0.002309866,atac10k
0.0049777566,0.0014954351,atac10k
0.0049775494,0.0033580235,atac10k
0.004977988,0.0027400737,atac10k
0.0049784216,0.0018027432,atac10k
0.0049488125,-0.0040687984,atac10k
0.004948178,-0.0035642616,atac10k
0.004979278,0.003127586,atac10k
0.0049770502,0.0020180047,atac10k
0.004967443,0.0010896377,atac10k
0.0049759108,0.0013093753,atac10k
0.004978384,0.0018795732,atac10k
0.0049469573,-0.0038328422,atac10k
0.004978363,0.0018814018,atac10k
0.004946608,-0.0029193484,atac10k
0.0049787243,0.0019016755,atac10k
0.004978015,0.002715464,atac10k
0.004978605,0.0018147215,atac10k
0.004946865,-0.0041692606,atac10k
0.0049471757,-0.0028860632,atac10k
0.004948636,-0.0043143765,atac10k
0.004978342,0.0021424342,atac10k
0.0049754535,0.0022106029,atac10k
0.0049479986,-0.0030668385,atac10k
0.004947421,-0.0028763749,atac10k
0.0049648047,0.0010525878,atac10k
0.0049788523,0.0037210472,atac10k
0.0049137706,-0.0038412209,atac10k
0.0049454113,-0.0028644123,atac10k
0.004978589,0.0020897677,atac10k
0.004947275,-0.003983664,atac10k
0.0049457056,-0.003040468,atac10k
0.004964704,0.0013822465,atac10k
0.0049481667,-0.0026208765,atac10k
0.0049783485,0.0048480686,atac10k
0.004958614,-0.0009529969,atac10k
0.0049466835,-0.0040731905,atac10k
0.00497848,0.0020743748,atac10k
0.0049765543,0.0023555206,atac10k
0.0049467045,-0.0032964677,atac10k
0.00494651,-0.0030906347,atac10k
0.0049734167,0.0019092646,atac10k
0.004947444,-0.004456654,atac10k
0.0049781273,0.0022618813,atac10k
0.0049773613,0.0020753609,atac10k
0.004978836,0.0026763212,atac10k
0.0049772453,0.0036764652,atac10k
0.0049484516,-0.0045882105,atac10k
0.0049780896,0.0025001778,atac10k
0.0049781757,0.0022297953,atac10k
0.004978071,0.0025055767,atac10k
0.004947916,-0.0032022547,atac10k
0.0049786516,0.001619463,atac10k
0.004977782,0.0030642715,atac10k
0.0049782777,0.002416235,atac10k
0.0049470267,-0.002728066,atac10k
0.004948063,-0.003993853,atac10k
0.0049279174,-0.0040898737,atac10k
0.0049145934,-0.0047761733,atac10k
0.004917013,-0.0042800857,atac10k
0.004978573,0.0020421373,atac10k
0.0049780556,0.0019898412,atac10k
0.004947425,-0.0039334525,atac10k
0.004977237,0.0037024624,atac10k
0.0049787965,0.0016456839,atac10k
0.0049777804,0.0030101633,atac10k
0.004978138,0.0025056659,atac10k
0.004978588,0.0019545439,atac10k
0.0049790354,0.0015053868,atac10k
0.0049455753,-0.003189253,atac10k
0.0049211294,-0.0035036572,atac10k
0.0049620545,8.538621e-05,atac10k
0.0049481774,-0.002383706,atac10k
0.0049778675,0.002722291,atac10k
0.00497882,0.0014520664,atac10k
0.004974613,0.0017677952,atac10k
0.0049777497,0.0030088653,atac10k
0.004946718,-0.0026870447,atac10k
0.00497886,0.0016052155,atac10k
0.004978578,0.0018802608,atac10k
0.0049130702,-0.0042175646,atac10k
0.0049463063,-0.0029307366,atac10k
0.004978379,0.003907885,atac10k
0.004970564,0.0021197805,atac10k
0.0049770935,0.0019533522,atac10k
0.0049785054,0.002204297,atac10k
0.004913643,-0.004622996,atac10k
0.0049466738,-0.0037181564,atac10k
0.0049783634,0.0022785051,atac10k
0.004978252,0.0012470683,atac10k
0.004978325,0.0019284299,atac10k
0.0049785348,0.0014922583,atac10k
0.0049773236,0.0034808917,atac10k
0.0049784924,0.0019401611,atac10k
0.0049522496,-0.0013395215,atac10k
0.0049786465,0.0015418064,atac10k
0.004978509,0.001727337,atac10k
0.0049673063,0.00272595,atac10k
0.0049145217,-0.0043704556,atac10k
0.004950829,-0.0038732898,atac10k
0.0049777273,0.0030815855,atac10k
0.004978827,0.0016262677,atac10k
0.0049461965,-0.0028266804,atac10k
0.0049784933,0.0020579672,atac10k
0.0049487213,-0.0013870965,atac10k
0.0049468842,-0.003929109,atac10k
0.0049782684,0.00200094,atac10k
0.0049783983,0.0020765248,atac10k
0.0049482617,-0.003892661,atac10k
0.004946898,-0.0038600008,atac10k
0.004977841,0.002969678,atac10k
0.0049781217,0.0030314839,atac10k
0.004978793,0.0016522508,atac10k
0.004978732,0.0016225477,atac10k
0.0049496912,-0.0035417941,atac10k
0.00494355,-0.004549177,atac10k
0.004954562,0.026475558,atac10k
0.004978725,0.0017598246,atac10k
0.0049782577,0.0019036819,atac10k
0.0049789534,0.0015940419,atac10k
0.004979028,0.0031996332,atac10k
0.0049785273,0.0019797247,atac10k
0.0049770838,0.0037888421,atac10k
0.0049784016,0.0019520132,atac10k
0.004947754,-0.0029429842,atac10k
0.004978718,0.0018278786,atac10k
0.00497836,0.0021040342,atac10k
0.004947284,-0.0024068367,atac10k
0.0049428507,-0.0046746675,atac10k
0.0049487506,-0.0043497146,atac10k
0.0049747257,0.0037355311,atac10k
0.004971495,0.001715244,atac10k
0.004977483,0.003473576,atac10k
0.0049785557,0.0019237319,atac10k
0.0049477895,-0.002879582,atac10k
0.0049782116,0.0023698336,atac10k
0.004948131,-0.0033660897,atac10k
0.0049487576,-0.0030772414,atac10k
0.004977096,0.0041274647,atac10k
0.0049475785,-0.0030828186,atac10k
0.00494881,-0.002504849,atac10k
0.0049462356,-0.004193248,atac10k
0.004976395,4.8093276e-05,atac10k
0.0049453913,-0.005066072,atac10k
0.004952393,-0.0015024735,atac10k
0.0049493704,-0.0036647609,atac10k
0.004978163,0.002662926,atac10k
0.0049783457,0.0023262436,atac10k
0.0049789483,0.0014285708,atac10k
0.004977331,0.003584534,atac10k
0.004976497,-0.00015900882,atac10k
0.004946942,-0.0028713339,atac10k
0.0049705524,0.0018315916,atac10k
0.004978521,0.001843307,atac10k
0.0049788943,0.0016105757,atac10k
0.004977924,0.0019226697,atac10k
0.004977245,0.0018200028,atac10k
0.004978454,0.002099826,atac10k
0.004946626,-0.0036422254,atac10k
0.004976158,0.0033045155,atac10k
0.00491547,-0.0043757595,atac10k
0.0049784426,0.0020574841,atac10k
0.00495671,-0.0015984646,atac10k
0.004939407,-0.004680743,atac10k
0.004977459,0.0036004868,atac10k
0.004977643,0.003252844,atac10k
0.00497823,0.0038209336,atac10k
0.004949197,-0.0035726381,atac10k
0.004926833,-0.0056845983,atac10k
0.004914461,-0.003930197,atac10k
0.004978451,0.0019250291,atac10k
0.0049234545,-0.0039751437,atac10k
0.004966711,0.0003162615,atac10k
0.004912543,-0.003551888,atac10k
0.0049495692,-0.004561055,atac10k
0.0049456377,-0.003056466,atac10k
0.0049780402,0.0025264155,atac10k
0.0049801273,0.0037734741,atac10k
0.004978019,0.0020490114,atac10k
0.0049461373,-0.002467003,atac10k
0.0049782316,0.0024393566,atac10k
0.0049466547,-0.0032666756,atac10k
0.0049777813,0.0017536582,atac10k
0.0049760146,0.0018406021,atac10k
0.004977389,0.003466576,atac10k
0.0049475715,-0.0028721346,atac10k
0.004978679,0.0017429783,atac10k
0.0049774293,0.0036249417,atac10k
0.0049783792,0.002082137,atac10k
0.004978724,0.0017944315,atac10k
0.0049449094,-0.0032882518,atac10k
0.004963247,0.00023690835,atac10k
0.0049776495,0.002788872,atac10k
0.0049517355,-0.0026955185,atac10k
0.0049777124,0.0030446062,atac10k
0.0049765883,0.0017959764,atac10k
0.004977845,0.0028318935,atac10k
0.004978623,0.0018586362,atac10k
0.004978381,0.0020892373,atac10k
0.0049783424,0.0020224038,atac10k
0.0049775154,0.0032903794,atac10k
0.0049506184,-0.0013551777,atac10k
0.0049234293,-0.0037402827,atac10k
0.0049133087,-0.0040461193,atac10k
0.004918531,-0.00410377,atac10k
0.0049407477,-0.0055395537,atac10k
0.004945245,-0.0047532446,atac10k
0.0049134106,-0.003984759,atac10k
0.0049463133,-0.002916893,atac10k
0.0049781175,0.00242037,atac10k
0.004947086,-0.003205362,atac10k
0.004927384,-0.00456521,atac10k
0.0049144714,-0.0042958055,atac10k
0.0049137864,-0.004116204,atac10k
0.004977222,0.0040302225,atac10k
0.0049776933,0.003171873,atac10k
0.0049501234,-0.0028695744,atac10k
0.0049771457,0.003143781,atac10k
0.0049467296,-0.0036716294,atac10k
0.004949427,-0.0029254823,atac10k
0.00497833,0.0022969462,atac10k
0.0049788803,0.0014631249,atac10k
0.0049784924,0.0020323568,atac10k
0.0049779774,0.0026892486,atac10k
0.004979144,0.0015121772,atac10k
0.004978981,0.001561194,atac10k
0.004977969,0.0027903484,atac10k
0.0049772244,0.0036109837,atac10k
0.004933176,-0.00313433,atac10k
0.004946365,-0.0035304537,atac10k
0.0049498053,-0.0025074806,atac10k
0.0049782246,0.002450923,atac10k
0.0049788333,0.0017310096,atac10k
0.0049781823,0.0019254439,atac10k
0.0049774963,0.0033171396,atac10k
0.0049478547,-0.0033328347,atac10k
0.0049783112,0.0013931369,atac10k
0.004977305,0.0020212529,atac10k
0.0049471133,-0.004545642,atac10k
0.0049472977,-0.003159009,atac10k
0.0049477452,-0.0032388675,atac10k
0.004947837,-0.0031700868,atac10k
0.004923148,-0.0035673555,atac10k
0.0049786256,0.0018351513,atac10k
0.0049778693,0.0029268602,atac10k
0.0049468493,-0.0053371903,atac10k
0.0049490696,-0.0018206519,atac10k
0.004978939,0.0016535772,atac10k
0.0049785003,0.0019994115,atac10k
0.004978774,0.0017679014,atac10k
0.0049783597,0.0022260507,atac10k
0.004948714,-0.002409272,atac10k
0.0049464437,-0.0028930546,atac10k
0.0049781464,0.0025704752,atac10k
0.0049786493,0.0017489825,atac10k
0.0049779173,0.0028160627,atac10k
0.0049786996,0.0025347031,atac10k
0.0049784747,0.0020185015,atac10k
0.0049463385,-0.002670513,atac10k
0.004978914,0.0015546833,atac10k
0.0049506016,-0.0048207855,atac10k
0.0049144714,-0.0043501174,atac10k
0.0049708276,0.004427496,atac10k
0.004978554,0.0018697542,atac10k
0.004949691,-0.0041350983,atac10k
0.0049479306,-0.0031055077,atac10k
0.0049469434,-0.0032621764,atac10k
0.004946885,-0.0059286146,atac10k
0.0049784486,0.0022424774,atac10k
0.004978913,0.0015402158,atac10k
0.004978544,0.003250228,atac10k
0.004970719,0.0015301786,atac10k
0.0049780365,0.0025790336,atac10k
0.0049556834,-0.0018747487,atac10k
0.0049784607,0.002039696,atac10k
0.0049774977,0.0034430844,atac10k
0.004945486,-0.0042589083,atac10k
0.0049787858,0.0018196338,atac10k
0.004946861,-0.0036500376,atac10k
0.004947185,-0.0026189585,atac10k
0.0049779858,0.0028290171,atac10k
0.004975038,-0.00034623715,atac10k
0.004947087,-0.0041266885,atac10k
0.0049787555,0.0017095865,atac10k
0.0049780244,0.002718839,atac10k
0.0049496214,-0.0026934575,atac10k
0.0049483613,-0.006355859,atac10k
0.0049778107,0.001948595,atac10k
0.004978087,0.0024743138,atac10k
0.004959602,-0.0003233165,atac10k
0.004940412,-0.005987441,atac10k
0.0049455,-0.003947954,atac10k
0.0049784477,0.0018414749,atac10k
0.004978671,0.0018977072,atac10k
0.0049464596,-0.0030923327,atac10k
0.0049788244,0.0017208614,atac10k
0.004947006,-0.0042471173,atac10k
0.0049794046,0.0032335161,atac10k
0.0049779746,0.002774575,atac10k
0.004978486,0.0017894229,atac10k
0.004977506,0.0033874826,atac10k
0.0049579386,-0.0013434747,atac10k
0.0049778265,0.0012527339,atac10k
0.004947964,-0.004000683,atac10k
0.004978441,0.0021100212,atac10k
0.0049781953,0.0023659773,atac10k
0.004978993,0.001254744,atac10k
0.0049495,-0.0043785544,atac10k
0.004966438,-0.002337228,atac10k
0.0049786973,0.0018330646,atac10k
0.0049602743,-0.00054616143,atac10k
0.0049453275,-0.0033579688,atac10k
0.004978485,0.0018284115,atac10k
0.0049786423,0.0017884785,atac10k
0.004946395,-0.0029607888,atac10k
0.0049790298,0.001775827,atac10k
0.0049786298,0.0017616933,atac10k
0.0049786842,0.0017698446,atac10k
0.004978235,0.0021944237,atac10k
0.004946985,-0.0031873116,atac10k
0.0049786065,0.001973921,atac10k
0.0049778353,0.0029318384,atac10k
0.0049465983,-0.0033292763,atac10k
0.0049136523,-0.004377971,atac10k
0.0049778735,0.0028903144,atac10k
0.004978364,0.0020769848,atac10k
0.004947194,-0.0030546908,atac10k
0.0049461396,-0.0029986952,atac10k
0.0049490915,-0.005446454,atac10k
0.0049483944,-0.0042068735,atac10k
0.0049784807,0.0018605902,atac10k
0.0049786004,0.0016674239,atac10k
0.0049548624,-0.0020171718,atac10k
0.004946733,-0.003374624,atac10k
0.0049484284,-0.0037714946,atac10k
0.0049469345,-0.0043952703,atac10k
0.0049777874,0.0030341255,atac10k
0.0049782544,0.0025567275,atac10k
0.004947487,-0.004371409,atac10k
0.0049478216,-0.0035290467,atac10k
0.0049482556,-0.0040948484,atac10k
0.0049466086,-0.002526623,atac10k
0.004978784,0.0015266312,atac10k
0.0049784784,0.0019521918,atac10k
0.0049784,0.0019095001,atac10k
0.0049599903,-0.0014531327,atac10k
0.0049782027,0.0024538438,atac10k
0.0049777576,0.0030953463,atac10k
0.004978245,0.0024265072,atac10k
0.004946861,-0.0035098188,atac10k
0.0049773925,0.0034560268,atac10k
0.004978577,0.00179984,atac10k
0.0049479823,-0.004365313,atac10k
0.004956704,-0.0030600626,atac10k
0.0049773003,0.002471002,atac10k
0.004978466,0.0018705972,atac10k
0.0049598524,-0.00092771783,atac10k
0.0049789,0.0014401247,atac10k
0.004978448,0.0016153144,atac10k
0.004978409,0.0017254286,atac10k
0.004978297,0.0019178403,atac10k
0.0049773697,0.0035198983,atac10k
0.0049417717,-0.007594902,atac10k
0.0049468186,-0.0026496307,atac10k
0.004948807,-0.004113744,atac10k
0.004978457,0.0021757365,atac10k
0.004978628,0.0012666165,atac10k
0.004978549,0.0018741654,atac10k
0.0049783424,0.0017952796,atac10k
0.0049484205,-0.003965836,atac10k
0.00497863,0.001384901,atac10k
0.0049776714,0.0031447094,atac10k
0.004977604,0.0032957096,atac10k
0.0049781795,0.0033158765,atac10k
0.004979024,0.0014949498,atac10k
0.004976672,0.0020000958,atac10k
0.0049694483,0.0008630082,atac10k
0.0049484214,-0.005658265,atac10k
0.004978988,0.0014431603,atac10k
0.004977346,0.0035919943,atac10k
0.0049785348,0.001588111,atac10k
0.004977419,0.0033097593,atac10k
0.004978734,0.0015835275,atac10k
0.0049492144,-0.004412719,atac10k
0.0049781236,0.002515159,atac10k
0.004978653,0.0017041267,atac10k
0.0049784034,0.0022753645,atac10k
0.004958476,-0.0007530955,atac10k
0.004947599,-0.0049337014,atac10k
0.004947628,-0.0027077228,atac10k
0.004978843,0.001736009,atac10k
0.0049725017,0.001221615,atac10k
0.0049789343,0.0016309129,atac10k
0.0049778274,0.003031014,atac10k
0.0049481727,-0.0032665583,atac10k
0.0049641374,0.0011785383,atac10k
0.0049511846,-0.003467276,atac10k
0.004947349,-0.0029768173,atac10k
0.0049783792,0.0019590817,atac10k
0.004948746,-0.0045649135,atac10k
0.0049785124,0.0022217212,atac10k
0.0049781715,0.002523745,atac10k
0.004978049,0.0027622255,atac10k
0.0049790377,0.001459875,atac10k
0.0049782014,0.0023272666,atac10k
0.004912673,-0.0038481355,atac10k
0.004946763,-0.0038486612,atac10k
0.0049774465,0.0016670394,atac10k
0.0049786703,0.0016444427,atac10k
0.0049773166,0.002106248,atac10k
0.004978461,0.0020075992,atac10k
0.004978475,0.002120035,atac10k
0.0049474826,-0.00395703,atac10k
0.004947632,-0.0038982993,atac10k
0.004978685,0.0019360238,atac10k
0.004978293,0.0023338473,atac10k
0.004978458,0.002040635,atac10k
0.004947016,-0.0039867884,atac10k
0.0049775536,0.0033982913,atac10k
0.0049765236,0.0020760165,atac10k
0.0049785897,0.0017271216,atac10k
0.0049780305,0.0026379793,atac10k
0.004978867,0.0013841904,atac10k
0.004946444,-0.0040279734,atac10k
0.004977918,0.0027286361,atac10k
0.00497868,0.0017979827,atac10k
0.004978911,0.0015637127,atac10k
0.0049472633,-0.0030571655,atac10k
0.0049785324,0.0019266405,atac10k
0.0049380916,-0.0035442659,atac10k
0.004948796,-0.002313626,atac10k
0.0049785064,0.0018721909,atac10k
0.004977455,0.0034309714,atac10k
0.004978538,0.0017870842,atac10k
0.004978263,0.002266389,atac10k
0.0049782507,0.002320292,atac10k
0.0049787736,0.0014596257,atac10k
0.0049469667,-0.0035349142,atac10k
0.0049778004,0.003332422,atac10k
0.0049480824,-0.0026126506,atac10k
0.0049474374,-0.003117165,atac10k
0.00497832,0.0023060471,atac10k
0.00497785,0.0029859215,atac10k
0.0049787555,0.0018467909,atac10k
0.0049469178,-0.0034344702,atac10k
0.0049784193,0.00232762,atac10k
0.00494672,-0.0031739243,atac10k
0.00492844,-0.004875338,atac10k
0.004978431,0.002090368,atac10k
0.0049481234,-0.0031556026,atac10k
0.004977932,0.0028860478,atac10k
0.0049780775,0.002336367,atac10k
0.0049784416,0.0020777935,atac10k
0.0049779564,0.0028635673,atac10k
0.0049118605,-0.0026790067,atac10k
0.004913015,-0.0039355583,atac10k
0.0049565863,-0.0055800457,atac10k
0.0049116537,-0.0024381548,atac10k
0.0049153967,-0.0042719385,atac10k
0.0049543246,-0.0028314749,atac10k
0.004951224,-0.0016447691,atac10k
0.004948037,-0.0031133967,atac10k
0.0049316823,-0.0033889662,atac10k
0.0049781,0.0013918184,atac10k
0.0049165054,-0.004396688,atac10k
0.004977533,0.003239997,atac10k
0.004978599,0.0019081947,atac10k
0.004978274,0.0022738057,atac10k
0.0049788347,0.0014992804,atac10k
0.004978554,0.0020286543,atac10k
0.004978333,0.002366289,atac10k
0.004951887,-0.0021667918,atac10k
0.0049477504,-0.004071628,atac10k
0.004948767,-0.0030628766,atac10k
0.004978526,0.0019750579,atac10k
0.004915162,-0.004225732,atac10k
0.0049782717,0.002354997,atac10k
0.004978705,0.0014580784,atac10k
0.004948494,-0.0055980743,atac10k
0.0049779047,0.0027016874,atac10k
0.0049466053,-0.003680667,atac10k
0.004948206,-0.0031677866,atac10k
0.004924129,-0.0038168551,atac10k
0.0049223327,-0.0039446196,atac10k
0.0049778055,0.0030599518,atac10k
0.0049514216,-0.0048848423,atac10k
0.004946718,-0.0026285984,atac10k
0.004978508,0.0018351732,atac10k
0.0049467413,-0.0036033988,atac10k
0.004947453,-0.002697399,atac10k
0.0049782866,0.0023557,atac10k
0.004977375,0.0034139173,atac10k
0.004976142,0.0023610792,atac10k
0.0049778735,0.0026418644,atac10k
0.0049782638,0.0023364017,atac10k
0.0049786884,0.0014703562,atac10k
0.0049784244,0.0021231542,atac10k
0.004918236,-0.0040643113,atac10k
0.004978789,0.0017511281,atac10k
0.0049167057,-0.0042169327,atac10k
0.004948158,-0.0024888683,atac10k
0.004978319,0.0015682233,atac10k
0.0049781534,0.0025587257,atac10k
0.004971319,-0.0024133495,atac10k
0.004978893,0.0016232125,atac10k
0.0049490198,-0.004390323,atac10k
0.0049547185,-0.003568287,atac10k
0.004978793,0.0018955863,atac10k
0.004944716,-0.004664828,atac10k
0.004951358,-0.0033807238,atac10k
0.0049761473,0.0029326805,atac10k
0.004978851,0.0014337661,atac10k
0.004957919,-0.0015791391,atac10k
0.0049777795,0.0023919644,atac10k
0.0049391408,-0.006419019,atac10k
0.0049765995,0.0020907514,atac10k
0.004915373,-0.004255593,atac10k
0.0049789124,0.001303126,atac10k
0.004925509,-0.0039636698,atac10k
0.004949439,-0.0036471155,atac10k
0.004978074,0.0027308466,atac10k
0.004978557,0.0019103432,atac10k
0.004948568,-0.00025713947,atac10k
0.00497861,0.0015076617,atac10k
0.0049476526,-0.003654433,atac10k
0.0049782526,0.0021503964,atac10k
0.004978797,0.0034206691,atac10k
0.004977456,0.0032255114,atac10k
0.00497865,0.0017961602,atac10k
0.0049478533,-0.0038976811,atac10k
0.004976523,0.0023328506,atac10k
0.004978368,0.001985168,atac10k
0.0049466556,-0.0037119598,atac10k
0.0049777534,0.0028389131,atac10k
0.004948107,-0.0029996303,atac10k
0.004948919,-0.0040742513,atac10k
0.004947069,-0.0024905961,atac10k
0.0049770917,0.0020129115,atac10k
0.0049476344,-0.003478087,atac10k
0.004977948,0.0027884694,atac10k
0.0049785106,0.0020739457,atac10k
0.004929869,-0.004424022,atac10k
0.0049776505,0.0030657582,atac10k
0.0049786973,0.0018224075,atac10k
0.004977408,0.003429302,atac10k
0.004978192,0.0026215368,atac10k
0.0049474514,-0.004318913,atac10k
0.0049492954,-0.0048614293,atac10k
0.0049785576,0.0017417602,atac10k
0.0049476596,-0.004884856,atac10k
0.0049778647,0.0023368306,atac10k
0.004946801,-0.00350361,atac10k
0.0049480526,-0.004034889,atac10k
0.0049782894,0.002438287,atac10k
0.0049780854,0.0026735514,atac10k
0.0049777976,0.0026743514,atac10k
0.004978932,0.0014964292,atac10k
0.004978687,0.0018713915,atac10k
0.004976309,0.00072122103,atac10k
0.0049773445,0.0035861444,atac10k
0.0049788705,0.001663531,atac10k
0.004936343,-0.004107161,atac10k
0.0049773245,0.0034613395,atac10k
0.004953331,-0.0097566815,atac10k
0.004946728,-0.00042255255,atac10k
0.004978518,0.002000618,atac10k
0.004979245,0.001400403,atac10k
0.0049789906,0.001575989,atac10k
0.0049599996,-0.0064823264,atac10k
0.0049473234,-0.0027939286,atac10k
0.0049487483,-0.0026252745,atac10k
0.0049788146,0.0014949318,atac10k
0.0049778465,0.0027696386,atac10k
0.004977195,0.0012704108,atac10k
0.00497702,0.005005561,atac10k
0.004947431,-0.00286409,atac10k
0.004947285,-0.0055059106,atac10k
0.0049189455,-0.0038730241,atac10k
0.0049742134,0.0040332316,atac10k
0.0049493387,-0.0030465717,atac10k
0.0049786973,0.0014959286,atac10k
0.004979095,0.0031079715,atac10k
0.004977014,0.0018826672,atac10k
0.004948183,-0.0034276182,atac10k
0.004978603,0.0018788782,atac10k
0.004978757,0.0016603565,atac10k
0.0049781254,0.0024827267,atac10k
0.0049479473,-0.0025382508,atac10k
0.0049781105,0.0018861836,atac10k
0.0049790354,0.0013921917,atac10k
0.0049472367,-0.0028379268,atac10k
0.0049586995,-0.007148664,atac10k
0.0049475553,-0.0027672946,atac10k
0.0049458197,-0.0030708846,atac10k
0.0049794726,0.0042562364,atac10k
0.0049787606,0.0018750274,atac10k
0.00494677,-0.0033697148,atac10k
0.004977029,0.0039082333,atac10k
0.0049780505,0.0026894968,atac10k
0.004977242,0.003626893,atac10k
0.004914664,-0.004651952,atac10k
0.0049488237,-0.0034187878,atac10k
0.0049788263,0.0014931073,atac10k
0.004932443,-0.008927522,atac10k
0.004977819,0.0028675287,atac10k
0.004947023,-0.0031336443,atac10k
0.0049769166,0.0036969236,atac10k
0.0049787243,0.0018007277,atac10k
0.004978509,0.002094677,atac10k
0.004978809,0.0016106233,atac10k
0.0049784076,0.002227365,atac10k
0.004977524,0.0031327205,atac10k
0.0049480693,-0.0031135895,atac10k
0.0049456595,-0.0043556993,atac10k
0.0049494836,-0.00412399,atac10k
0.004977778,0.0029520981,atac10k
0.004976583,0.0018338461,atac10k
0.004947402,-0.0029275853,atac10k
0.0049467543,-0.003432832,atac10k
0.0049788714,0.0016736143,atac10k
0.0049789385,0.0014279982,atac10k
0.0049788114,0.0016259109,atac10k
0.004950887,-0.0046124603,atac10k
0.0049787117,0.001759173,atac10k
0.004978957,0.0015643317,atac10k
0.004976072,0.0014532077,atac10k
0.004978608,0.001874527,atac10k
0.0049778195,0.0029458136,atac10k
0.0049781897,0.0025624004,atac10k
0.004977448,0.0022921537,atac10k
0.0049473895,-0.0026174425,atac10k
0.0049462523,-0.0027654308,atac10k
0.0049494845,-0.0045410027,atac10k
0.004978393,0.0021906295,atac10k
0.004946334,-0.002846663,atac10k
0.004978476,0.0020424537,atac10k
0.0049537676,-0.0020400186,atac10k
0.004946242,-0.0038694844,atac10k
0.0049781795,0.0022435158,atac10k
0.0049779173,0.0016560409,atac10k
0.0049471324,-0.003000514,atac10k
0.00497863,0.001250275,atac10k
0.004977932,0.002464756,atac10k
0.004977092,0.002832954,atac10k
0.0049783494,0.002221156,atac10k
0.0049788663,0.0015980564,atac10k
0.004978499,0.0020475113,atac10k
0.004978614,0.0020340655,atac10k
0.004946657,-0.0042231,atac10k
0.004978661,0.0018385093,atac10k
0.0049784025,0.002061588,atac10k
0.004912784,-0.003459227,atac10k
0.0049496735,-0.0033709486,atac10k
0.004937024,-0.004497741,atac10k
0.00496267,-0.00017478765,atac10k
0.004978214,0.0022519957,atac10k
0.0049786097,0.001959304,atac10k
0.004978181,0.002363091,atac10k
0.0049545914,-0.0034256156,atac10k
0.0049785813,0.001888881,atac10k
0.004979089,0.001581791,atac10k
0.0049500624,-0.0032431008,atac10k
0.004978675,0.0017559151,atac10k
0.0049462654,-0.0039468505,atac10k
0.0049744803,0.0012307864,atac10k
0.0049476563,-0.0025984512,atac10k
0.004964929,-0.0025999595,atac10k
0.0049776514,0.0031276161,atac10k
0.004977764,0.0026990718,atac10k
0.0049783667,0.0017847905,atac10k
0.0049778745,0.002613924,atac10k
0.004978952,0.0014513811,atac10k
0.004978064,0.0027279267,atac10k
0.0049784062,0.0022718008,atac10k
0.004978575,0.001706593,atac10k
0.004978028,0.002708702,atac10k
0.004978764,0.0017228696,atac10k
0.004978278,0.0024762494,atac10k
0.004978187,0.0025991045,atac10k
0.004947769,-0.004527559,atac10k
0.004977576,0.003209436,atac10k
0.004977672,0.0030752267,atac10k
0.004935785,-0.0043587596,atac10k
0.0049456204,-0.0019713365,atac10k
0.0049499343,-0.003323445,atac10k
0.0049356367,-0.003300036,atac10k
0.0049776225,0.0022030552,atac10k
0.004978524,0.0017345279,atac10k
0.0049774135,0.003284227,atac10k
0.004947278,-0.0027583588,atac10k
0.0049471008,-0.0027294103,atac10k
0.0049782414,0.0022782462,atac10k
0.00497868,0.0017973321,atac10k
0.004950556,-0.003259173,atac10k
0.0049777715,0.002637759,atac10k
0.0049773236,0.003770601,atac10k
0.004978356,0.0023734865,atac10k
0.004978586,0.0020388556,atac10k
0.004978407,0.0022703423,atac10k
0.0049774908,0.0026027851,atac10k
0.0049774544,0.0034487925,atac10k
0.0049477313,-0.0028392212,atac10k
0.004939644,-0.0029437325,atac10k
0.004978645,0.0017435686,atac10k
0.00494682,-0.0032728128,atac10k
0.0049469396,-0.0035434752,atac10k
0.0049483455,-0.0035596723,atac10k
0.004943152,-0.003840813,atac10k
0.004948014,-0.0028662547,atac10k
0.0049776984,0.0038117564,atac10k
0.0049786763,0.001980073,atac10k
0.004978654,0.0016391943,atac10k
0.00494913,-0.0046902443,atac10k
0.004976308,-0.0005675376,atac10k
0.00497763,0.0032361855,atac10k
0.004978528,0.0019754278,atac10k
0.00497804,0.002848362,atac10k
0.004977913,0.0027246443,atac10k
0.0049775327,0.0019965344,atac10k
0.0049778298,0.0030427803,atac10k
0.0049486365,-0.0032585552,atac10k
0.0049476624,-0.005442282,atac10k
0.004978637,0.0018717173,atac10k
0.0049785124,0.0019719875,atac10k
0.0049788877,0.0015961734,atac10k
0.004977355,0.0035914106,atac10k
0.0049475785,-0.0031018865,atac10k
0.0049779937,0.0025567506,atac10k
0.004978498,0.001981847,atac10k
0.004978869,0.0015293077,atac10k
0.004923013,-0.003678616,atac10k
0.0049465774,-0.0041030394,atac10k
0.0049782903,0.002303986,atac10k
0.0049779806,0.002771715,atac10k
0.004947715,-0.0030906878,atac10k
0.004977965,0.0026912133,atac10k
0.0049787825,0.0015788992,atac10k
0.0049467413,-0.00299525,atac10k
0.0049781282,0.0027285262,atac10k
0.0049783993,0.0018419877,atac10k
0.0049777306,0.0030047311,atac10k
0.0049482766,-0.005499793,atac10k
0.004913668,-0.0039998027,atac10k
0.00494704,-0.0034461555,atac10k
0.0049782004,0.0022083877,atac10k
0.004948777,-0.005157889,atac10k
0.004978821,0.0017903161,atac10k
0.0049786344,0.0016292327,atac10k
0.0049484274,-0.0027414053,atac10k
0.004978168,0.0011834729,atac10k
0.0049789636,0.0014351391,atac10k
0.004978855,0.0020136759,atac10k
0.0049780603,0.00258841,atac10k
0.0049463236,-0.0043082484,atac10k
0.0049779476,0.0028601582,atac10k
0.004978317,0.001665885,atac10k
0.004978278,0.0024072018,atac10k
0.0049782763,0.0022476423,atac10k
0.00497851,0.0019846573,atac10k
0.0049780854,0.0022217797,atac10k
0.0049776095,0.0032814767,atac10k
0.0049456353,-0.0034972553,atac10k
0.0049787657,0.0016315386,atac10k
0.0049626078,-5.3802174e-05,atac10k
0.004946659,-0.0030270852,atac10k
0.0049778847,0.0029425276,atac10k
0.0049498496,-0.004380069,atac10k
0.0049474095,-0.0027234396,atac10k
0.0049783266,0.002278092,atac10k
0.004978635,0.0019223163,atac10k
0.0049464363,-0.0017653775,atac10k
0.0049466705,-0.0033248514,atac10k
0.004962872,0.00026427908,atac10k
0.0049772477,0.0038036339,atac10k
0.0049783075,0.002240304,atac10k
0.0049778773,0.0028465206,atac10k
0.0049780193,0.0028147935,atac10k
0.004977721,0.0030106853,atac10k
0.0049781133,0.0017280033,atac10k
0.004977575,0.00325707,atac10k
0.0049481466,-0.004090505,atac10k
0.004977211,0.0015802874,atac10k
0.004977456,0.0013714479,atac10k
0.004978055,0.0025913413,atac10k
0.0049540577,0.004767008,atac10k
0.004978309,0.0020532275,atac10k
0.0049515413,-0.0041258545,atac10k
0.0049787727,0.001785226,atac10k
0.004977878,0.0028879782,atac10k
0.004978541,0.0030552668,atac10k
0.004977221,0.0041003367,atac10k
0.0049791136,0.0016486027,atac10k
0.004978492,0.0021441719,atac10k
0.0049788416,0.0016691099,atac10k
0.004978305,0.00220455,atac10k
0.0049778665,0.0029387511,atac10k
0.004956065,-0.0053936997,atac10k
0.0049780314,0.002569002,atac10k
0.0049464935,-0.0033752797,atac10k
0.0049462467,-0.0031463017,atac10k
0.004945407,-0.004928537,atac10k
0.004948296,-0.0030662343,atac10k
0.0049787154,0.0019690364,atac10k
0.0049484614,-0.0038600408,atac10k
0.004946913,-0.002846441,atac10k
0.0049459375,-0.0029214867,atac10k
0.0049780207,0.002716571,atac10k
0.004978207,0.0024149267,atac10k
0.0049781404,0.0025825817,atac10k
0.0049175345,-0.0038409391,atac10k
0.0049782963,0.0020921452,atac10k
0.004978256,0.0025095744,atac10k
0.0049475404,-0.0029693886,atac10k
0.0049149273,-0.004255299,atac10k
0.004978778,0.001744709,atac10k
0.0049786875,0.0015623899,atac10k
0.0049775047,0.0034433212,atac10k
0.004977216,0.003665902,atac10k
0.004947659,-0.0030548547,atac10k
0.0049785404,0.0017651215,atac10k
0.004978398,0.0021875408,atac10k
0.0049776672,0.0030667183,atac10k
0.0049782842,0.0025024381,atac10k
0.004977159,0.0041579655,atac10k
0.0049717044,0.0012062542,atac10k
0.0049779834,0.002687409,atac10k
0.0049129487,-0.004219697,atac10k
0.004946899,-0.0036428978,atac10k
0.004947377,-0.0026473869,atac10k
0.004978522,0.0018219519,atac10k
0.004977716,0.0028972256,atac10k
0.004919232,-0.0037324901,atac10k
0.004948501,-0.0030706457,atac10k
0.0049465313,-0.0030793198,atac10k
0.004940836,-0.0049149855,atac10k
0.0049779746,0.0024166075,atac10k
0.0049480614,-0.0030742446,atac10k
0.0049779844,0.0027324443,atac10k
0.004978252,0.002278461,atac10k
0.0049785,0.0016269966,atac10k
0.0049468996,-0.0031426013,atac10k
0.0049385806,-0.0044684736,atac10k
0.004978695,0.0023310636,atac10k
0.0049446607,-0.002846919,atac10k
0.00494824,-0.0033928931,atac10k
0.0049780556,0.002765938,atac10k
0.004978532,0.0019281374,atac10k
0.0049459217,-0.0033771452,atac10k
0.0049420395,-0.0042429483,atac10k
0.004979092,0.0014586066,atac10k
0.004977686,0.0030660124,atac10k
0.004948578,-0.0026043407,atac10k
0.004957603,-0.003258211,atac10k
0.0049215187,-0.004147865,atac10k
0.004978753,0.0017117548,atac10k
0.0049467604,-0.0029146106,atac10k
0.0049777883,0.002943064,atac10k
0.004978283,0.0014991964,atac10k
0.0049735005,0.0017029505,atac10k
0.004947442,-0.002452965,atac10k
0.004946662,-0.0024268904,atac10k
0.0049781343,0.0021822408,atac10k
0.004977669,0.0019560293,atac10k
0.0049198926,-0.0045446553,atac10k
0.0049783196,0.0020998246,atac10k
0.0049739545,0.002191432,atac10k
0.0049769985,0.0038698262,atac10k
0.0049781017,0.0026407584,atac10k
0.004978532,0.0017489789,atac10k
0.0049778237,0.0029960712,atac10k
0.0049785534,0.0016167196,atac10k
0.004946616,-0.0028841177,atac10k
0.004946558,-0.0034296422,atac10k
0.0049492386,-0.0028951175,atac10k
0.0049780994,0.0025412557,atac10k
0.00494832,-0.0039685355,atac10k
0.0049463464,-0.0033019937,atac10k
0.004978598,0.0011098069,atac10k
0.004946434,-0.0028978193,atac10k
0.004977184,0.0037939579,atac10k
0.0049173776,-0.0040607722,atac10k
0.0049476507,-0.003926302,atac10k
0.0049645603,0.0030585828,atac10k
0.004977537,0.003183612,atac10k
0.004977903,0.002922742,atac10k
0.004977941,0.002801499,atac10k
0.0049784747,0.0018235844,atac10k
0.0049482025,-0.0027813509,atac10k
0.004978178,0.002572409,atac10k
0.0049787983,0.0014090257,atac10k
0.0049780146,0.0026939323,atac10k
0.0049774433,0.0036827638,atac10k
0.0049482686,-0.003114085,atac10k
0.004976603,0.0030124183,atac10k
0.0049781795,0.0025359897,atac10k
0.004947067,-0.0032540874,atac10k
0.00497785,0.0029662119,atac10k
0.0049789823,0.0015114748,atac10k
0.004948418,-0.004022797,atac10k
0.004946893,-0.003145466,atac10k
0.0049778786,0.001749375,atac10k
0.004948072,-0.0037651488,atac10k
0.004978312,0.0019046883,atac10k
0.0049774935,0.0032059401,atac10k
0.0049294597,-0.0037978827,atac10k
0.0049473397,-0.0028617054,atac10k
0.0049466966,-0.0031905004,atac10k
0.0049761427,0.001855164,atac10k
0.004977704,0.0031638904,atac10k
0.004978179,0.0025702745,atac10k
0.004977058,0.0019412474,atac10k
0.0049471147,-0.0025246728,atac10k
0.004977652,0.0029571766,atac10k
0.0049780677,0.002547027,atac10k
0.0049787415,0.002075221,atac10k
0.004921744,-0.003267565,atac10k
0.0049788933,0.0016551755,atac10k
0.0049762065,0.0036395923,atac10k
0.0049709883,0.0013813203,atac10k
0.004975273,-0.0013232561,atac10k
0.0049781455,0.0025484096,atac10k
0.004977688,0.00194719,atac10k
0.0049783667,0.0022835194,atac10k
0.004947668,-0.0030401738,atac10k
0.004915216,-0.0032007482,atac10k
0.004931656,-0.006683097,atac10k
0.00494697,-0.0025005497,atac10k
0.0049557085,-0.00083278277,atac10k
0.004952454,-0.018660083,atac10k
0.004978515,0.0021858728,atac10k
0.004977934,0.0028690095,atac10k
0.004976323,0.0006759145,atac10k
0.0049781026,0.0026692878,atac10k
0.0049774884,0.0033765917,atac10k
0.004978401,0.002074538,atac10k
0.004978258,0.0024605137,atac10k
0.004978206,0.0025496124,atac10k
0.0049787215,0.0016004441,atac10k
0.0049790344,0.001605867,atac10k
0.0049787117,0.0016980186,atac10k
0.004979577,0.003274121,atac10k
0.0049783564,0.0023126123,atac10k
0.0049787024,0.0016061079,atac10k
0.00494648,-0.0019460301,atac10k
0.0049484447,-0.0033425596,atac10k
0.004946588,-0.004675742,atac10k
0.0049468433,-0.00088275486,atac10k
0.0049780635,0.002344827,atac10k
0.00497898,0.001517897,atac10k
0.004944556,-0.005130762,atac10k
0.0049791015,0.0038926648,atac10k
0.0049785897,0.0020112903,atac10k
0.0049493676,-0.001965504,atac10k
0.004946897,-0.0028631235,atac10k
0.0049775383,0.0033423288,atac10k
0.004978502,0.0014704489,atac10k
0.0049127126,-0.003475022,atac10k
0.0049775383,0.0031599102,atac10k
0.0049781096,0.0023453243,atac10k
0.004947998,-0.002866014,atac10k
0.004912824,-0.0034144558,atac10k
0.0049776966,0.00283986,atac10k
0.0049773026,0.0034617528,atac10k
0.0049482984,-0.004808111,atac10k
0.00497868,0.0015943161,atac10k
0.00497792,0.0027525972,atac10k
0.0049480037,-0.004076306,atac10k
0.004978708,0.0016958377,atac10k
0.0049785534,0.0021696847,atac10k
0.0049462942,-0.0028781865,atac10k
0.004978798,0.0021499693,atac10k
0.004947969,-0.0032098452,atac10k
0.004954011,-0.0021811165,atac10k
0.004913509,-0.0040460494,atac10k
0.0049785855,0.0018775382,atac10k
0.0049784724,0.0022047106,atac10k
0.004965527,0.0026888922,atac10k
0.004926223,-0.003716281,atac10k
0.004914239,-0.004065471,atac10k
0.0049779783,0.0026996697,atac10k
0.0049461545,-0.004546994,atac10k
0.0049785073,0.0019034905,atac10k
0.004946965,-0.0033687428,atac10k
0.0049763354,0.003388945,atac10k
0.004938173,-0.0039222883,atac10k
0.00497829,0.0016674763,atac10k
0.004958176,-0.001182132,atac10k
0.004947707,-0.002800781,atac10k
0.0049791145,0.001808411,atac10k
0.0049567265,-0.0018749796,atac10k
0.0049431687,-0.0031858715,atac10k
0.004978003,0.0027661908,atac10k
0.0049789967,0.0014930412,atac10k
0.0049782456,0.0023362814,atac10k
0.0049781464,0.0026731265,atac10k
0.0049474896,-0.0027945775,atac10k
0.004977852,0.0030018368,atac10k
0.0049464144,-0.0028650851,atac10k
0.004978373,0.002247762,atac10k
0.0049780384,0.0027138826,atac10k
0.004947408,-0.0028266995,atac10k
0.0049788924,0.0016077086,atac10k
0.0049772067,0.0038674474,atac10k
0.0049777715,0.0028202028,atac10k
0.0049776523,0.0031682418,atac10k
0.00497726,0.0038513888,atac10k
0.0049765036,0.0024927917,atac10k
0.00494707,-0.0025846183,atac10k
0.004954787,-0.0013209098,atac10k
0.004978653,0.0020228918,atac10k
0.0049458803,-0.003338793,atac10k
0.004978195,0.002592071,atac10k
0.0049767876,0.002108456,atac10k
0.004978246,0.0024351827,atac10k
0.004978977,0.0012161648,atac10k
0.004948451,-0.0036152934,atac10k
0.0049479483,-0.0033245534,atac10k
0.004978744,0.0016434947,atac10k
0.0049467073,-0.003613275,atac10k
0.004978671,0.001774049,atac10k
0.004978683,0.0018997254,atac10k
0.004977844,0.0029375332,atac10k
0.004927602,-0.0051311315,atac10k
0.0049468507,-0.0043802387,atac10k
0.004977994,0.002874665,atac10k
0.004977674,0.0032488601,atac10k
0.004977534,0.0031907898,atac10k
0.0049479264,-0.0027437063,atac10k
0.0049560633,-0.0053832578,atac10k
0.004913954,-0.0041547865,atac10k
0.00494685,-0.0027473823,atac10k
0.0049168915,-0.004810004,atac10k
0.0049328697,-0.0040042917,atac10k
0.0049143215,-0.0045764884,atac10k
0.004946984,-0.0029321243,atac10k
0.0049133725,-0.004648506,atac10k
0.004978935,0.001968264,atac10k
0.004978765,0.0016019427,atac10k
0.0049780332,0.0021577715,atac10k
0.004978095,0.0027032888,atac10k
0.0049132644,-0.004103767,atac10k
0.0049453066,-0.004812361,atac10k
0.0049273684,-0.005157218,atac10k
0.0049473415,-0.004902649,atac10k
0.004978419,0.0022098625,atac10k
0.0049766586,-0.0005529986,atac10k
0.004978777,0.0016350133,atac10k
0.0049780332,0.0026375756,atac10k
0.0049764435,0.001832678,atac10k
0.0049785962,0.0019205454,atac10k
0.0049781417,0.0024916783,atac10k
0.0049775615,0.003164123,atac10k
0.0049787452,0.0023200456,atac10k
0.004947054,-0.0035308404,atac10k
0.004951696,-0.008473881,atac10k
0.0049135336,-0.0041160556,atac10k
0.0049130707,-0.0042324397,atac10k
0.0049782405,0.00238209,atac10k
0.004948275,-0.0030650718,atac10k
0.0049782833,0.002384706,atac10k
0.0049482784,-0.00477956,atac10k
0.0049784877,0.0018472095,atac10k
0.004978464,0.00246882,atac10k
0.0049785175,0.0020121622,atac10k
0.0049689743,-0.0010998788,atac10k
0.0049788584,0.0016228121,atac10k
0.0049468786,-0.005388242,atac10k
0.0049142325,-0.003753777,atac10k
0.0049496787,-0.0044640396,atac10k
0.0049352967,-0.004123746,atac10k
0.0049781296,0.0025408487,atac10k
0.0049770074,0.004201225,atac10k
0.0049774204,0.003374309,atac10k
0.004978601,0.0018643083,atac10k
0.0049470416,-0.0040107626,atac10k
0.0049758335,0.0017492102,atac10k
0.0049472633,-0.0029055024,atac10k
0.0049765636,0.0038770484,atac10k
0.004978634,0.0018832461,atac10k
0.004977477,0.003416659,atac10k
0.004978603,0.0020248003,atac10k
0.004946914,-0.0027093661,atac10k
0.004977921,0.0024801865,atac10k
0.004978446,0.001916986,atac10k
0.0049714744,0.0019544356,atac10k
0.0049725524,0.0023152647,atac10k
0.004978744,0.0017051375,atac10k
0.0049783895,0.0021164634,atac10k
0.004978327,0.0022224518,atac10k
0.0049474062,-0.0026220356,atac10k
0.004978822,0.0016156682,atac10k
0.0049789897,0.0031871076,atac10k
0.0049786977,0.0023002857,atac10k
0.004977937,0.0025342922,atac10k
0.0049770935,0.0041120267,atac10k
0.00497451,0.0015482532,atac10k
0.0049785655,0.0018237423,atac10k
0.0049470505,-0.002855177,atac10k
0.0049487334,-0.004128434,atac10k
0.004979059,0.0015650267,atac10k
0.0049475236,-0.005187111,atac10k
0.0049782866,0.002478367,atac10k
0.004947217,-0.0027128044,atac10k
0.0049782842,0.0020935882,atac10k
0.0049784603,0.0021036004,atac10k
0.0049520065,-0.0037399167,atac10k
0.004978693,0.0018738831,atac10k
0.0049446938,-0.0035070104,atac10k
0.00494778,-0.0026510272,atac10k
0.00497735,0.0034348362,atac10k
0.00494576,-0.0035143525,atac10k
0.004946311,-0.0033698233,atac10k
0.0049489946,-0.0036238825,atac10k
0.0049780724,0.0026396243,atac10k
0.004978823,0.0021609415,atac10k
0.004978032,0.002679143,atac10k
0.004977195,0.003689049,atac10k
0.0049478104,-0.0029961346,atac10k
0.00497904,0.0016634706,atac10k
0.004977887,0.002860459,atac10k
0.0049789944,0.0018095033,atac10k
0.004947287,-0.0028184564,atac10k
0.0049479855,-0.004336255,atac10k
0.004948285,-0.0055971616,atac10k
0.004947331,-0.0029230586,atac10k
0.0049782614,0.0022405013,atac10k
0.0049472176,-0.0030105116,atac10k
0.004978971,0.0015168971,atac10k
0.0049687764,0.0038451753,atac10k
0.004978741,0.002127891,atac10k
0.0049787723,0.0012968817,atac10k
0.004915387,-0.0045718276,atac10k
0.0049779327,0.002786582,atac10k
0.0049764924,0.0037024189,atac10k
0.0049505373,-0.0027082118,atac10k
0.0049769166,0.001904445,atac10k
0.0049466933,-0.0036577985,atac10k
0.004978219,0.0028700791,atac10k
0.004913688,-0.004162054,atac10k
0.004949479,-0.004529149,atac10k
0.00497017,0.0030663884,atac10k
0.0049774298,0.0033212246,atac10k
0.004915231,-0.004272116,atac10k
0.004978471,0.0021322526,atac10k
0.0049777995,0.0030064897,atac10k
0.0049785003,0.0020788778,atac10k
0.004976038,0.004069231,atac10k
0.0049227467,-0.004198529,atac10k
0.0049480284,-0.0046841693,atac10k
0.0049780402,0.0035996765,atac10k
0.00497816,0.0023990774,atac10k
0.0049787695,0.0013920253,atac10k
0.0049565067,-0.00031002975,atac10k
0.0049784784,0.002225424,atac10k
0.004947621,-0.0027739408,atac10k
0.0049770693,0.00383506,atac10k
0.004947027,-0.0032996635,atac10k
0.004928734,-0.0045742933,atac10k
0.004977866,0.0024632888,atac10k
0.0049606077,0.00055084843,atac10k
0.004925177,-0.0038942574,atac10k
0.0049787015,0.0019053334,atac10k
0.0049780784,0.0027153813,atac10k
0.004947421,-0.0039674514,atac10k
0.004948041,-0.0025853969,atac10k
0.004948756,-0.0038247902,atac10k
0.0049479115,-0.0042277267,atac10k
0.004978245,0.0024495581,atac10k
0.004978241,0.0018669865,atac10k
0.004947871,-0.00324033,atac10k
0.0049747825,0.0021249235,atac10k
0.004948835,-0.00294558,atac10k
0.0049484903,-0.0037508416,atac10k
0.004947292,-0.003092551,atac10k
0.00497829,0.0020472978,atac10k
0.0049358984,-0.0031263416,atac10k
0.0049496745,-0.0041142204,atac10k
0.0049783816,0.0019315245,atac10k
0.004947339,-0.0027537497,atac10k
0.004978665,0.0015455429,atac10k
0.004947419,-0.003970204,atac10k
0.0049146395,-0.004616306,atac10k
0.0049773618,0.003497036,atac10k
0.004948611,-0.0033923192,atac10k
0.004978482,0.0021221593,atac10k
0.004977743,0.0030464053,atac10k
0.0049781553,0.0023925677,atac10k
0.00494788,-0.0034026399,atac10k
0.0049783112,0.001259497,atac10k
0.004977127,0.0038037396,atac10k
0.004978671,0.0020821823,atac10k
0.0049464777,-0.0038653219,atac10k
0.004948216,-0.003650718,atac10k
0.0049782954,0.0022443836,atac10k
0.0049788416,0.0015042311,atac10k
0.0049784253,0.0022737777,atac10k
0.004978445,0.0021566688,atac10k
0.004913112,-0.0039818785,atac10k
0.004978322,0.002128739,atac10k
0.004945435,-0.0031736025,atac10k
0.0049783695,0.002147075,atac10k
0.0049650045,0.00056356034,atac10k
0.0049774037,0.0034906436,atac10k
0.004978917,0.0014715452,atac10k
0.0049456297,-0.0035969054,atac10k
0.004977837,0.0021396026,atac10k
0.004948318,-0.003721382,atac10k
0.0049129156,-0.0035945547,atac10k
0.0049778777,0.0029878959,atac10k
0.004914238,-0.004209229,atac10k
0.004913356,-0.0036701763,atac10k
0.0049786423,0.001642374,atac10k
0.004977992,0.0026154714,atac10k
0.004958343,-0.012028095,atac10k
0.0049567465,-0.0018164814,atac10k
0.004978742,0.0018552695,atac10k
0.004946985,-0.0029054484,atac10k
0.004977772,0.002221117,atac10k
0.0049773273,0.003627509,atac10k
0.0049467157,-0.0027721326,atac10k
0.004947103,-0.004164968,atac10k
0.0049462914,-0.003812495,atac10k
0.004961067,-0.000463827,atac10k
0.0049216356,-0.00389008,atac10k
0.0049480414,-0.0033855864,atac10k
0.0049777646,0.0029811114,atac10k
0.004975507,-0.00043550704,atac10k
0.0049781045,0.0026661945,atac10k
0.0049472344,-0.0029891971,atac10k
0.004948445,-0.003348477,atac10k
0.0049711554,0.0022203787,atac10k
0.004948748,-0.0041818907,atac10k
0.0049785115,0.0017829878,atac10k
0.0049341265,-0.0032212392,atac10k
0.004978208,0.0024535793,atac10k
0.0049780644,0.002403624,atac10k
0.0049774153,0.0035070805,atac10k
0.0049784104,0.0018366921,atac10k
0.004935798,-0.0032711138,atac10k
0.0049787415,0.0015949563,atac10k
0.0049788966,0.0016301495,atac10k
0.0049777436,0.0025352505,atac10k
0.0049478235,-0.003065609,atac10k
0.0049460786,-0.002718962,atac10k
0.004977139,0.00366791,atac10k
0.004978223,0.0026751787,atac10k
0.004958328,-0.0006643037,atac10k
0.004945892,-0.004676624,atac10k
0.0049463846,-0.0025952556,atac10k
0.0049470705,-0.0030808942,atac10k
0.0049470346,-0.0041058743,atac10k
0.004978631,0.002170882,atac10k
0.0049777003,0.003065052,atac10k
0.004977201,0.0037343425,atac10k
0.0049784184,0.0020348933,atac10k
0.0049783667,0.0023072916,atac10k
0.0049766526,0.0031915677,atac10k
0.0049473653,-0.0031387522,atac10k
0.0049780575,0.002363051,atac10k
0.004948444,-0.0034738323,atac10k
0.004977945,0.0026330443,atac10k
0.0049472186,-0.0028358698,atac10k
0.0049792514,0.0021192105,atac10k
0.0049465843,-0.0041384203,atac10k
0.0049791066,0.0015502626,atac10k
0.0049786624,0.0013305086,atac10k
0.0049787606,0.0015842301,atac10k
0.0049468945,-0.0029019297,atac10k
0.004978537,0.0020422016,atac10k
0.0049788044,0.0016671923,atac10k
0.004946669,-0.0036817838,atac10k
0.0049784053,0.0020600695,atac10k
0.004979878,0.0028202934,atac10k
0.0049784128,0.0021108964,atac10k
0.0049199243,-0.0035762968,atac10k
0.004978162,0.0019524344,atac10k
0.0049464293,-0.0025549096,atac10k
0.0049785306,0.0016652959,atac10k
0.0049783243,0.0011564314,atac10k
0.004978479,0.0021155213,atac10k
0.0049600424,-0.00075131794,atac10k
0.0049782465,0.0024482827,atac10k
0.004948594,-0.0027966667,atac10k
0.0049479725,-0.004416225,atac10k
0.0049784933,0.0019480133,atac10k
0.004978256,0.0024435797,atac10k
0.0049472866,-0.0030303737,atac10k
0.0049773967,0.0019832025,atac10k
0.0049770507,0.0038100102,atac10k
0.004961057,-0.0013734482,atac10k
0.0049775704,0.0026918205,atac10k
0.0049327114,-0.0057697343,atac10k
0.0049777827,0.0030820388,atac10k
0.0049777003,0.0031429233,atac10k
0.004976874,0.0024547388,atac10k
0.004978285,0.002328678,atac10k
0.0049738353,0.0017552389,atac10k
0.004978273,0.0024472733,atac10k
0.0049769483,0.004196691,atac10k
0.0049477615,-0.0025232455,atac10k
0.0049771536,0.0017579733,atac10k
0.004976359,0.0039632446,atac10k
0.004978343,0.0021079748,atac10k
0.004915577,-0.0045373235,atac10k
0.004949017,-0.0027945016,atac10k
0.0049479683,-0.0031789565,atac10k
0.004978239,0.0024067569,atac10k
0.0049482733,-0.0027677552,atac10k
0.00497884,0.0016452661,atac10k
0.004977749,0.0029156143,atac10k
0.0049465555,-0.0026345793,atac10k
0.0049784384,0.0021107334,atac10k
0.0049786586,0.0017990152,atac10k
0.0049780207,0.0026929283,atac10k
0.004978532,0.001926507,atac10k
0.0049778945,0.0029891068,atac10k
0.0049467087,-0.0038519867,atac10k
0.004947159,-0.0045036287,atac10k
0.0049775713,0.0031082877,atac10k
0.0049469485,-0.0032964018,atac10k
0.0049778274,0.002985485,atac10k
0.0049767448,0.0031766542,atac10k
0.0049471497,-0.0032718459,atac10k
0.0049787844,0.0014526433,atac10k
0.0049774135,0.0035468207,atac10k
0.0049779206,0.0027755767,atac10k
0.00497811,0.002613389,atac10k
0.004977506,0.00589983,atac10k
0.0049472167,-0.0034255746,atac10k
0.004917256,-0.004619608,atac10k
0.004978486,0.0021367052,atac10k
0.0049789045,0.0015510536,atac10k
0.0049735983,0.0037012147,atac10k
0.004978694,0.001715291,atac10k
0.0049471203,-0.004651082,atac10k
0.0049742656,0.0042308695,atac10k
0.0049785534,0.0030364383,atac10k
0.004978839,0.0024773986,atac10k
0.0049786232,0.0018142556,atac10k
0.0049137026,-0.004679333,atac10k
0.0049132775,-0.0039412347,atac10k
0.004912934,-0.0037748327,atac10k
0.004912904,-0.0036079006,atac10k
0.0049136127,-0.003076451,atac10k
0.0049156034,-0.0044447095,atac10k
0.004913404,-0.0038995359,atac10k
0.0049140044,-0.004055231,atac10k
0.0049665594,0.000507856,atac10k
0.0049782908,0.0022215971,atac10k
0.0049770353,0.0042888736,atac10k
0.004978893,0.001659317,atac10k
0.004977752,0.0030753782,atac10k
0.0049763317,0.003946004,atac10k
0.00497839,0.001981503,atac10k
0.004947613,-0.004344696,atac10k
0.004947188,-0.0030751433,atac10k
0.004946661,-0.0031627286,atac10k
0.004977343,0.0032459602,atac10k
0.004978593,0.0018813673,atac10k
0.0049778083,0.0020059012,atac10k
0.0049785506,0.0019108898,atac10k
0.0049465415,-0.0037019653,atac10k
0.004938717,-0.004462946,atac10k
0.0049780533,0.0026507492,atac10k
0.004979036,0.0016401121,atac10k
0.0049157343,-0.0043316577,atac10k
0.004977328,0.003503808,atac10k
0.004978057,0.0025868306,atac10k
0.0049129464,-0.003922466,atac10k
0.00497734,0.0034864042,atac10k
0.004920989,-0.0038600222,atac10k
0.0049783126,0.0024562373,atac10k
0.004978043,0.0027381245,atac10k
0.004978393,0.0019775333,atac10k
0.0049780183,0.0026139056,atac10k
0.0049774395,0.003364631,atac10k
0.0049579814,-0.00058103714,atac10k
0.004977993,0.0027837947,atac10k
0.004977673,0.0030239916,atac10k
0.004978983,0.0020111636,atac10k
0.0049467557,-0.0030858514,atac10k
0.0049774447,0.0031341545,atac10k
0.004978704,0.0019302717,atac10k
0.004962166,-0.00091870804,atac10k
0.0049775452,0.00333368,atac10k
0.004945958,-0.0031922208,atac10k
0.0049788062,0.0017905668,atac10k
0.0049777534,0.0014452862,atac10k
0.004977725,0.0029893015,atac10k
0.0049484475,-0.0040120347,atac10k
0.004946198,-0.003758141,atac10k
0.004978893,0.0016135109,atac10k
0.0049779415,0.0029268612,atac10k
0.004975825,0.0017130363,atac10k
0.004978511,0.0018267578,atac10k
0.004961344,-0.0070048985,atac10k
0.0049553285,0.0014613988,atac10k
0.0049138614,-0.0047640614,atac10k
0.0049135634,-0.0045508873,atac10k
0.0049130935,-0.0038855511,atac10k
0.004915664,-0.004393991,atac10k
0.004948068,-0.0029779226,atac10k
0.004978552,0.0012736835,atac10k
0.0049788863,0.0019215994,atac10k
0.0049599567,-0.0007850344,atac10k
0.0049779117,0.0028721297,atac10k
0.004978457,0.0020698516,atac10k
0.0049770675,0.0040578065,atac10k
0.0049788645,0.0018722725,atac10k
0.004978732,0.0018071462,atac10k
0.004978948,0.001532002,atac10k
0.0049786223,0.002410164,atac10k
0.0049473336,-0.0038803937,atac10k
0.004979158,0.0017168034,atac10k
0.0049788686,0.0015292976,atac10k
0.0049783946,0.0013149482,atac10k
0.0049777804,0.0027520792,atac10k
0.0049480367,-0.0038979696,atac10k
0.004917232,-0.0041895425,atac10k
0.004976938,0.0014614653,atac10k
0.0049781296,0.0026950857,atac10k
0.004978704,0.0016871232,atac10k
0.0049474128,-0.0030463692,atac10k
0.004948232,-0.0029914838,atac10k
0.0049756635,-0.0004159856,atac10k
0.004975048,0.00028301348,atac10k
0.0049786447,0.0020520664,atac10k
0.00494679,-0.0031767644,atac10k
0.0049786987,0.001614602,atac10k
0.0049764193,0.00282099,atac10k
0.0049458365,-0.004361355,atac10k
0.0049783927,0.0018816821,atac10k
0.0049488535,-0.004342552,atac10k
0.0049473015,-0.0041897423,atac10k
0.0049476507,-0.0034087533,atac10k
0.0049786046,0.0023458165,atac10k
0.004977788,0.0029830816,atac10k
0.004977593,0.0030492987,atac10k
0.00494181,-0.0041511254,atac10k
0.004977686,0.0031440873,atac10k
0.0049777045,0.0031014078,atac10k
0.0049784714,0.0020107033,atac10k
0.0049784393,0.0021564662,atac10k
0.0049464046,-0.0031527695,atac10k
0.0049407245,-0.004274763,atac10k
0.0049785865,0.0018775937,atac10k
0.0049544335,-0.0026291779,atac10k
0.004978567,0.0015985203,atac10k
0.0049787643,0.0015971216,atac10k
0.004948562,-0.003166363,atac10k
0.0049775667,0.0033081616,atac10k
0.004977707,0.002036387,atac10k
0.004978695,0.0017735747,atac10k
0.0049771406,0.0037369297,atac10k
0.004947993,-0.0032720184,atac10k
0.004947234,-0.0028327561,atac10k
0.0049562505,-0.0019991668,atac10k
0.004978791,0.0016555801,atac10k
0.004950332,-0.0046182536,atac10k
0.004978092,0.0026759882,atac10k
0.00494632,-0.0027974881,atac10k
0.0049779033,0.0029734252,atac10k
0.004977997,0.002628567,atac10k
0.004978883,0.001505648,atac10k
0.0049774917,0.0032754303,atac10k
0.0049788943,0.0016378018,atac10k
0.0049782223,0.0023922166,atac10k
0.0049784025,0.0020655172,atac10k
0.0049468027,-0.0034780272,atac10k
0.0049469103,-0.0039802045,atac10k
0.004977479,0.0034035463,atac10k
0.00497852,0.0020209362,atac10k
0.004946448,-0.0037562998,atac10k
0.0049774833,0.00314625,atac10k
0.0049782586,0.0023178516,atac10k
0.0049131718,-0.004410576,atac10k
0.0049492363,-0.0042679356,atac10k
0.004978337,0.0020305377,atac10k
0.0049478034,-0.0032872527,atac10k
0.0049782423,0.0023275882,atac10k
0.004948477,-0.003412382,atac10k
0.004978045,0.002473777,atac10k
0.0049472754,-0.0042121056,atac10k
0.004946642,-0.0030196502,atac10k
0.0049773003,0.0035841556,atac10k
0.0049777604,0.0031259058,atac10k
0.004977992,0.0027150367,atac10k
0.004977715,0.0028886558,atac10k
0.0049488447,-0.005027942,atac10k
0.004979012,0.0018516857,atac10k
0.004978444,0.0017003416,atac10k
0.0049787625,0.0017766891,atac10k
0.004977966,0.0028555219,atac10k
0.0049787285,0.0014851594,atac10k
0.0049784696,0.0022593231,atac10k
0.0049777823,0.0029858719,atac10k
0.004978908,0.0029954237,atac10k
0.0049789622,0.0015874519,atac10k
0.004947847,-0.0028101574,atac10k
0.0049761836,0.0019858389,atac10k
0.004946288,-0.003572083,atac10k
0.004947086,-0.0034616732,atac10k
0.004976893,0.0020825388,atac10k
0.0049654096,-0.0015041021,atac10k
0.004978472,0.0021872793,atac10k
0.0049786353,0.0018289546,atac10k
0.0049783816,0.0021057213,atac10k
0.004948067,-0.002813206,atac10k
0.004978442,0.0022858994,atac10k
0.0049480246,-0.0034612291,atac10k
0.004979308,0.0028039047,atac10k
0.0049507525,-0.003194496,atac10k
0.004977518,0.0034210521,atac10k
0.0049776156,0.0030564966,atac10k
0.00494894,-0.0042650853,atac10k
0.0049458863,-0.0036202332,atac10k
0.0049495064,-0.0016245169,atac10k
0.0049773296,0.0035267875,atac10k
0.004976005,0.0031180682,atac10k
0.0049523427,-0.0025792636,atac10k
0.004945864,-0.0033176662,atac10k
0.0049470216,-0.0031682278,atac10k
0.0049791825,0.0024089569,atac10k
0.004947254,-0.0033206504,atac10k
0.0049272845,-0.0049627395,atac10k
0.004977569,0.0032300367,atac10k
0.004949976,-0.0043211468,atac10k
0.004946719,-0.003372213,atac10k
0.004978545,0.0019001659,atac10k
0.004978967,0.0015351936,atac10k
0.0049466547,-0.0032642777,atac10k
0.0049776086,0.0033177105,atac10k
0.0049785944,0.0018591739,atac10k
0.004978509,0.0020810417,atac10k
0.00497784,0.0027969696,atac10k
0.0049787126,0.0016547312,atac10k
0.004978344,0.0019661947,atac10k
0.0049775327,0.0032028297,atac10k
0.0049789413,0.0014693679,atac10k
0.0049788035,0.002261584,atac10k
0.0049776947,0.0029950717,atac10k
0.0049787387,0.0016938885,atac10k
0.004946257,-0.0032452866,atac10k
0.0049471725,-0.00309877,atac10k
0.0049478714,-0.002751104,atac10k
0.004977328,0.003456911,atac10k
0.0049126516,-0.003960466,atac10k
0.0049769785,0.0015428173,atac10k
0.0049787103,0.0017878154,atac10k
0.004946361,-0.0022817894,atac10k
0.004976013,0.0019467043,atac10k
0.0049157236,-0.0028407585,atac10k
0.00497874,0.0017555367,atac10k
0.0049779317,0.002388249,atac10k
0.0049469383,-0.0045165834,atac10k
0.0049295602,-0.00469623,atac10k
0.0049781064,0.0026725868,atac10k
0.004977629,0.0032867892,atac10k
0.0049475734,-0.0040395553,atac10k
0.004978062,0.002049071,atac10k
0.004978036,0.0015725166,atac10k
0.0049211252,-0.004837604,atac10k
0.0049783997,0.0021242597,atac10k
0.0049778833,0.0029195999,atac10k
0.004946184,-0.0027408523,atac10k
0.0049772174,0.003878543,atac10k
0.0049467734,-0.0031824159,atac10k
0.0049171844,-0.0044701854,atac10k
0.004969233,0.0005536235,atac10k
0.0049749967,-0.0016310851,atac10k
0.0049477047,-0.0049531762,atac10k
0.004977535,0.0033571445,atac10k
0.0049355812,-0.010787224,atac10k
0.0049621332,-0.0008640784,atac10k
0.004946645,-0.0029917392,atac10k
0.0049772793,0.0037751913,atac10k
0.004922302,-0.0036362638,atac10k
0.004978306,0.0022067265,atac10k
0.004946371,-0.0035755797,atac10k
0.004977635,0.0031776554,atac10k
0.004977649,0.0031395876,atac10k
0.0049478784,-0.003928206,atac10k
0.00495286,-0.002143939,atac10k
0.0049785026,0.0017920599,atac10k
0.0049777087,0.0028860292,atac10k
0.0049781143,0.0018802097,atac10k
0.0049476274,-0.0030361938,atac10k
0.004946716,-0.003251946,atac10k
0.004946963,-0.00322991,atac10k
0.0049787145,0.0016983385,atac10k
0.0049471394,-0.002999771,atac10k
0.0049776677,0.0031237293,atac10k
0.004946462,-0.0007117642,atac10k
0.004976117,0.0017876077,atac10k
0.004977911,0.0028912493,atac10k
0.0049786605,0.0015260288,atac10k
0.0049464647,-0.0035807139,atac10k
0.0049776756,0.0029933031,atac10k
0.004948853,-0.0041942885,atac10k
0.0049785404,0.0017010233,atac10k
0.004978789,0.0020735194,atac10k
0.0049776095,0.0029302777,atac10k
0.004977865,0.0029192024,atac10k
0.00497734,0.0034777832,atac10k
0.004948754,-0.00333421,atac10k
0.004946793,-0.0035099385,atac10k
0.004975847,0.0026995267,atac10k
0.004946538,-0.0036868982,atac10k
0.0049523986,-0.0031112207,atac10k
0.0049783145,0.0023869576,atac10k
0.0049784817,0.0016610619,atac10k
0.0049786703,0.0019731824,atac10k
0.00497851,0.0020270448,atac10k
0.0049542533,-0.0011409717,atac10k
0.0049136262,-0.004387645,atac10k
0.004978618,0.0017627123,atac10k
0.0049775513,0.0015658083,atac10k
0.0049766614,0.0015571796,atac10k
0.004978482,0.0019987577,atac10k
0.004978664,0.0017632678,atac10k
0.004973924,0.0013153391,atac10k
0.004977153,0.0026509333,atac10k
0.0049469327,-0.0036076002,atac10k
0.004946019,-0.00283687,atac10k
0.0049765995,0.003150392,atac10k
0.0049780696,0.0024380516,atac10k
0.0049784505,0.0019331267,atac10k
0.004977309,0.0035274255,atac10k
0.0049470817,-0.0027238582,atac10k
0.004948456,-0.0035653445,atac10k
0.0049785273,0.0018599759,atac10k
0.0049766507,0.0010864076,atac10k
0.0049771443,0.0019528064,atac10k
0.004945682,-0.0033311273,atac10k
0.004978497,0.0019486182,atac10k
0.0049778167,0.0027660842,atac10k
0.0049782973,0.002370323,atac10k
0.004978769,0.0016453074,atac10k
0.0049786344,0.0018594249,atac10k
0.0049782656,0.0015969026,atac10k
0.0049790563,0.0014835263,atac10k
0.0049790745,0.0015587956,atac10k
0.00494684,-0.004052808,atac10k
0.0049778777,0.0019889488,atac10k
0.004957579,-0.0016922463,atac10k
0.004950464,-0.0042720926,atac10k
0.0049496763,-0.0045151287,atac10k
0.0049778847,0.003036486,atac10k
0.0049657123,-0.00044656682,atac10k
0.004978757,0.001367818,atac10k
0.0049467995,-0.0028625892,atac10k
0.0049755676,0.0018461762,atac10k
0.004977629,0.002127461,atac10k
0.004948159,-0.005465201,atac10k
0.004947847,-0.003994366,atac10k
0.00497855,0.003065811,atac10k
0.004924232,-0.004381998,atac10k
0.0049779387,0.0025996922,atac10k
0.004978383,0.0023497345,atac10k
0.0049479376,-0.0034239225,atac10k
0.0049467226,-0.0032789821,atac10k
0.0049789636,0.0015639408,atac10k
0.0049477145,-0.002961427,atac10k
0.004948439,-0.0026463622,atac10k
0.004978531,0.001954321,atac10k
0.004978105,0.002310544,atac10k
0.0049484293,-0.0022887134,atac10k
0.00497795,0.0028320553,atac10k
0.0049470374,-0.0025986864,atac10k
0.004947868,-0.005542655,atac10k
0.0049477373,-0.0046594655,atac10k
0.0049781566,0.0022010875,atac10k
0.004978476,0.001667918,atac10k
0.0049772975,0.00357739,atac10k
0.004978914,0.0014867155,atac10k
0.0049520666,-0.0024150806,atac10k
0.0049774176,0.002198234,atac10k
0.004978125,0.0023142647,atac10k
0.0049170456,-0.004095312,atac10k
0.0049781436,0.004571437,atac10k
0.004919651,-0.0041963053,atac10k
0.004976639,-0.00025896053,atac10k
0.004946273,-0.009218944,atac10k
0.0049781594,0.002309763,atac10k
0.004913165,-0.004207282,atac10k
0.0049467036,-0.0037166462,atac10k
0.0049742153,0.0014860156,atac10k
0.0049136095,-0.004486527,atac10k
0.004970238,0.0022781694,atac10k
0.0049786535,0.002126148,atac10k
0.004977696,0.002922406,atac10k
0.004947394,-0.0029548854,atac10k
0.0049769166,0.0036753633,atac10k
0.0049504116,-0.0048686704,atac10k
0.004976346,-3.752064e-05,atac10k
0.004977169,0.003771195,atac10k
0.004978589,0.001891263,atac10k
0.0049775178,0.0034067384,atac10k
0.0049477685,-0.003076378,atac10k
0.004978413,0.0019287559,atac10k
0.0049473476,-0.0030588624,atac10k
0.004978666,0.0018154627,atac10k
0.0049483357,-0.0042430107,atac10k
0.004912741,-0.0036466355,atac10k
0.0049458435,-0.00297479,atac10k
0.0049788244,0.0019092462,atac10k
0.004978132,0.0027151394,atac10k
0.0049405782,-0.0033745535,atac10k
0.0049467376,-0.0036117036,atac10k
0.004959518,-0.00078531523,atac10k
0.004978655,0.0018432984,atac10k
0.0049132286,-0.004507143,atac10k
0.0049786735,0.0014900748,atac10k
0.004978056,0.0024067608,atac10k
0.0049368287,-0.004558555,atac10k
0.00494717,-0.0026854803,atac10k
0.0049159434,-0.004255179,atac10k
0.004913073,-0.004068245,atac10k
0.004977016,0.0033196968,atac10k
0.0049781282,0.0024931633,atac10k
0.004946243,-0.005045057,atac10k
0.0049780547,0.0025627685,atac10k
0.0049778465,0.0019087441,atac10k
0.004948139,-0.0038218661,atac10k
0.004916984,-0.004222209,atac10k
0.0049473513,-0.004137467,atac10k
0.0049796263,0.0039899903,atac10k
0.004974485,-0.002637524,atac10k
0.004946709,-0.0024703403,atac10k
0.0049785925,0.0017354498,atac10k
0.004977228,0.0035462303,atac10k
0.0049476107,-0.0036852548,atac10k
0.0049785282,0.0018819328,atac10k
0.0049783713,0.0022666992,atac10k
0.0049475306,-0.0033534963,atac10k
0.0049785683,0.0020249523,atac10k
0.0049454654,-0.0030475094,atac10k
0.0049215415,-0.0034333938,atac10k
0.004978589,0.0019159165,atac10k
0.004947516,-0.0030230617,atac10k
0.0049469606,-0.0028180012,atac10k
0.004978512,0.0019295113,atac10k
0.004938458,-0.004564812,atac10k
0.0049485792,-0.0029621723,atac10k
0.004978468,0.001797608,atac10k
0.004978732,0.0016923122,atac10k
0.0049779206,0.002915404,atac10k
0.0049485066,-0.0036187242,atac10k
0.004946854,-0.0033464192,atac10k
0.004978695,0.001533101,atac10k
0.004948542,-0.0044217813,atac10k
0.0049464535,-0.0037479766,atac10k
0.004915155,-0.004471687,atac10k
0.004977253,0.0036913853,atac10k
0.004978677,0.0017070172,atac10k
0.0049453033,-0.0037001218,atac10k
0.0049786866,0.003071143,atac10k
0.0049483636,-0.0038130318,atac10k
0.004956325,-0.00046182596,atac10k
0.0049479245,-0.0049388,atac10k
0.004947887,-0.003301969,atac10k
0.0049777227,0.0030261567,atac10k
0.0049784253,0.0019031215,atac10k
0.004978351,0.0021164215,atac10k
0.0049785655,0.0021192068,atac10k
0.004978,0.0027633654,atac10k
0.0049781585,0.0024462042,atac10k
0.004977503,0.003255511,atac10k
0.0049780165,0.0028471735,atac10k
0.0049781827,0.0024604097,atac10k
0.0049549756,-0.0021831119,atac10k
0.004978726,0.0017263987,atac10k
0.004978912,0.0012576856,atac10k
0.004978715,0.0017492549,atac10k
0.004945842,-0.0039991434,atac10k
0.004975713,0.001810837,atac10k
0.004947898,-0.002733547,atac10k
0.0049471143,-0.0030165545,atac10k
0.004977416,0.0033631239,atac10k
0.004978272,0.0021522641,atac10k
0.004949259,-0.0040068966,atac10k
0.00494821,-0.0052877422,atac10k
0.0049717417,0.0019706602,atac10k
0.00494728,-0.0029385088,atac10k
0.004915435,-0.004373451,atac10k
0.0049549947,-0.0045807995,atac10k
0.004913621,-0.0042340206,atac10k
0.004979006,0.0015439246,atac10k
0.004946825,-0.0035175341,atac10k
0.004935162,-0.0026599562,atac10k
0.0049718875,0.00413826,atac10k
0.00497702,0.0041613313,atac10k
0.0049152267,-0.003372085,atac10k
0.004978357,0.0022979279,atac10k
0.0049784607,0.0017538818,atac10k
0.004975418,0.0018626049,atac10k
0.004978789,0.0029291578,atac10k
0.004978711,0.0016885136,atac10k
0.004978362,0.0023149916,atac10k
0.004964422,0.00033382638,atac10k
0.004947557,-0.002616365,atac10k
0.0049789455,0.0015054186,atac10k
0.0049780295,0.002759347,atac10k
0.0049784607,0.002374274,atac10k
0.004948322,-0.0030110134,atac10k
0.0049477527,-0.0038199478,atac10k
0.0049781958,0.0024121238,atac10k
0.004946164,-0.002638193,atac10k
0.004978703,0.0015000966,atac10k
0.0049469173,-0.0037573841,atac10k
0.004978014,0.0021916206,atac10k
0.0049465396,-0.0030236773,atac10k
0.004978602,0.0020225453,atac10k
0.004947614,-0.0031475371,atac10k
0.004947288,-0.0027749832,atac10k
0.004950662,-0.004025985,atac10k
0.004978167,0.002471371,atac10k
0.0049482374,-0.0035997212,atac10k
0.0049779294,0.0027383247,atac10k
0.004978124,0.0026977065,atac10k
0.004978174,0.002199979,atac10k
0.004947259,-0.0024727196,atac10k
0.0049786293,0.0017170209,atac10k
0.004977522,0.003380115,atac10k
0.0049785147,0.0021874937,atac10k
0.00497638,0.0008654308,atac10k
0.0049482696,-0.003392427,atac10k
0.0049789743,0.0016057793,atac10k
0.004946083,-0.003111061,atac10k
0.0049476014,-0.0029384647,atac10k
0.004913082,-0.003952866,atac10k
0.0049779564,0.0025104992,atac10k
0.004947435,-0.0030744688,atac10k
0.004947336,-0.00275511,atac10k
0.0049495236,-0.0019810703,atac10k
0.0049470733,-0.0035666183,atac10k
0.004977693,0.0031260487,atac10k
0.0049789036,0.0016096629,atac10k
0.0049776793,0.0015902665,atac10k
0.0049780444,0.0027035268,atac10k
0.0049459385,-0.0034566522,atac10k
0.004949729,-0.0008743523,atac10k
0.0049464204,-0.006384051,atac10k
0.0049592853,-0.00032559992,atac10k
0.004978561,0.001671252,atac10k
0.004978262,0.0022658997,atac10k
0.004950666,-0.0031134572,atac10k
0.004946581,-0.0035923657,atac10k
0.004978342,0.002378498,atac10k
0.0049477015,-0.004582743,atac10k
0.004946733,-0.004242102,atac10k
0.0049786707,0.0019240342,atac10k
0.0049749827,0.0037855485,atac10k
0.0049132216,-0.0039239484,atac10k
0.0049784086,0.0028210694,atac10k
0.004913758,-0.004210363,atac10k
0.0049784393,0.0018715562,atac10k
0.004978464,0.0019042029,atac10k
0.004913565,-0.0036450473,atac10k
0.004978766,0.0015159161,atac10k
0.0049771424,0.0025129162,atac10k
0.004935485,-0.004790581,atac10k
0.004946664,-0.0036825854,atac10k
0.0049779736,0.002746193,atac10k
0.0049780253,0.0026884302,atac10k
0.0049474435,-0.0042148,atac10k
0.004946901,-0.003783112,atac10k
0.0049481913,-0.0032688058,atac10k
0.004978544,0.0017986665,atac10k
0.0049781026,0.0022021427,atac10k
0.004978811,0.0016626127,atac10k
0.0049778763,0.002834911,atac10k
0.0049781473,0.0022432343,atac10k
0.004976082,-0.0013528763,atac10k
0.004978169,0.001925275,atac10k
0.0049784714,0.001975741,atac10k
0.004978608,0.0018313157,atac10k
0.00497832,0.002164824,atac10k
0.0049787858,0.0016306777,atac10k
0.004979019,0.001864268,atac10k
0.0049466104,-0.003292193,atac10k
0.0049466696,-0.0030914352,atac10k
0.0049780915,0.0019462084,atac10k
0.0049783452,0.0012641399,atac10k
0.004978975,0.0015135922,atac10k
0.0049618674,-0.00017276399,atac10k
0.0049776216,0.0033030745,atac10k
0.0049777664,0.003092153,atac10k
0.004961966,-0.00030489673,atac10k
0.0049783858,0.0018693568,atac10k
0.004904245,0.0021161737,atac10k
0.004922709,-0.0033195636,atac10k
0.0049363533,-0.0024157711,atac10k
0.0049465187,-0.0026365726,atac10k
0.004978695,0.0018473743,atac10k
0.004976533,0.003468274,atac10k
0.0049784393,0.0014084189,atac10k
0.0049468,-0.0038429222,atac10k
0.0049481816,-0.0029639476,atac10k
0.004977902,0.0027061787,atac10k
0.004972831,0.0019648494,atac10k
0.0049789953,0.0016809995,atac10k
0.0049470044,-0.0030769855,atac10k
0.004978858,0.00163469,atac10k
0.0049775233,0.0032057017,atac10k
0.004948963,-0.00059891614,atac10k
0.004967217,0.0020557388,atac10k
0.0049788454,0.0017021972,atac10k
0.0049790256,0.0014153343,atac10k
0.004978529,0.0020237267,atac10k
0.0049495557,-0.0023998795,atac10k
0.0049787834,0.0016135286,atac10k
0.004977511,0.0032691022,atac10k
0.0049469112,-0.0038517783,atac10k
0.004920513,-0.0037566186,atac10k
0.0049468307,-0.0037065307,atac10k
0.004946214,-0.0030872596,atac10k
0.0049784286,0.0020634357,atac10k
0.004978433,0.0019915444,atac10k
0.0049782987,0.0023286147,atac10k
0.0049569155,-0.0012310275,atac10k
0.004978735,0.0017461174,atac10k
0.004947803,-0.0030234063,atac10k
0.00494624,-0.003543963,atac10k
0.004941691,-0.0022057625,atac10k
0.0049775825,0.0019438401,atac10k
0.004946819,-0.0024243782,atac10k
0.004977589,0.0031189912,atac10k
0.004924751,-0.0041621467,atac10k
0.0049790423,0.0013547823,atac10k
0.004978449,0.0018938952,atac10k
0.0049783103,0.0015619146,atac10k
0.0049771196,0.00146204,atac10k
0.004977582,0.0032935238,atac10k
0.004978156,0.0025952412,atac10k
0.004947189,-0.003067763,atac10k
0.0049136598,-0.0041682133,atac10k
0.0049782544,0.0026270521,atac10k
0.0049463063,-0.005012497,atac10k
0.0049783904,0.002213312,atac10k
0.004977572,0.0031349806,atac10k
0.004948289,-0.004961475,atac10k
0.0049780635,0.0026420509,atac10k
0.0049456297,-0.0027141417,atac10k
0.0049617095,-0.00045194745,atac10k
0.0049783234,0.0021661192,atac10k
0.004945029,-0.0027693866,atac10k
0.0049773874,0.0049240016,atac10k
0.00497837,0.0018185717,atac10k
0.004978999,0.0014347561,atac10k
0.004978815,0.001576647,atac10k
0.004978237,0.0024534476,atac10k
0.004978907,0.0044084084,atac10k
0.0049467003,-0.00057738984,atac10k
0.0049787294,0.0017257911,atac10k
0.004977297,0.0036233354,atac10k
0.004947431,-0.002944606,atac10k
0.00497827,0.0025371062,atac10k
0.0049785567,0.001775696,atac10k
0.0049782624,0.002318943,atac10k
0.0049144146,-0.004581654,atac10k
0.0049695508,0.0013492046,atac10k
0.0049790987,0.0015182355,atac10k
0.004948614,-0.00058734504,atac10k
0.0049771084,0.0041755834,atac10k
0.004978675,0.0017629565,atac10k
0.004978111,0.0022704313,atac10k
0.004978512,0.0019480872,atac10k
0.004914781,-0.004376881,atac10k
0.004947477,-0.0027051792,atac10k
0.0049136775,-0.0045625865,atac10k
0.0049785455,0.001986523,atac10k
0.0049785147,0.0020721378,atac10k
0.004976406,0.0010447499,atac10k
0.0049776947,0.0028757986,atac10k
0.0049784943,0.0026971248,atac10k
0.0049785916,0.002796073,atac10k
0.0049131913,-0.0038965864,atac10k
0.0049779485,0.002859875,atac10k
0.0049468963,-0.0036066547,atac10k
0.0049753822,0.0016453625,atac10k
0.0049764803,0.0016364921,atac10k
0.0049782824,0.001769518,atac10k
0.004949001,-0.0044979625,atac10k
0.0049767434,0.0019780847,atac10k
0.00497706,0.0029594207,atac10k
0.004978163,0.002610393,atac10k
0.00497834,0.00202733,atac10k
0.0049773264,0.0035394058,atac10k
0.004978883,0.001728162,atac10k
0.004947989,-0.0037769214,atac10k
0.004978445,0.0022713016,atac10k
0.004978188,0.002522521,atac10k
0.0049783746,0.0016632801,atac10k
0.0049511027,0.00034803702,atac10k
0.0049492707,-0.0043666493,atac10k
0.00497604,0.0018159086,atac10k
0.0049780863,0.002689376,atac10k
0.0049770284,0.0020224699,atac10k
0.0049785534,0.0018504263,atac10k
0.004978523,0.0018695134,atac10k
0.0049472353,-0.0042012003,atac10k
0.004978477,0.0016728381,atac10k
0.0049465033,-0.0037407163,atac10k
0.004978159,0.0023081657,atac10k
0.004978526,0.0016753685,atac10k
0.004978282,0.0025037134,atac10k
0.004978319,0.002281286,atac10k
0.0049469783,-0.0032082458,atac10k
0.0049480363,-0.0026713286,atac10k
0.0049477317,-0.0044479836,atac10k
0.004978831,0.0014840825,atac10k
0.0049762614,0.00015372578,atac10k
0.0049790093,0.001552783,atac10k
0.004977365,0.0033924226,atac10k
0.004978004,0.0028405979,atac10k
0.004978099,0.0018158945,atac10k
0.0049469643,-0.0026846412,atac10k
0.004978573,0.001747291,atac10k
0.004946834,-0.004257546,atac10k
0.004978467,0.0018783073,atac10k
0.0049544885,-0.0018274862,atac10k
0.0049466975,-0.0036290942,atac10k
0.0049474435,-0.0030476896,atac10k
0.004978015,0.0028577107,atac10k
0.0049470076,-0.0032668153,atac10k
0.0049774805,0.0032979513,atac10k
0.004977933,0.0026398976,atac10k
0.0049780165,0.0027455168,atac10k
0.004920089,-0.0036213999,atac10k
0.004977157,0.003932276,atac10k
0.0049785636,0.0016629469,atac10k
0.00497826,0.002074991,atac10k
0.004978836,0.0016700821,atac10k
0.004978717,0.001540504,atac10k
0.004978271,0.0025083565,atac10k
0.00497808,0.0021022232,atac10k
0.0049468316,-0.0029813538,atac10k
0.0049783625,0.0020891363,atac10k
0.0049777543,0.0030929162,atac10k
0.0049776924,0.0031446114,atac10k
0.004977221,0.0036378256,atac10k
0.0049788556,0.0016554368,atac10k
0.0049521155,-0.002798853,atac10k
0.004947504,-0.002839982,atac10k
0.004949062,-0.0047730813,atac10k
0.0049772593,0.0035728049,atac10k
0.0049780677,0.0028161937,atac10k
0.0049772826,0.0036934565,atac10k
0.004978094,0.002677889,atac10k
0.004947018,-0.00328679,atac10k
0.0049479036,-0.0038470735,atac10k
0.00494911,-0.004036498,atac10k
0.004947722,-0.0022157007,atac10k
0.0049786116,0.0019488368,atac10k
0.00494862,-0.004421993,atac10k
0.0049784956,0.0014690105,atac10k
0.0049473816,-0.005335431,atac10k
0.0049788556,0.0015166939,atac10k
0.004946873,-0.0023473238,atac10k
0.0049784677,0.0021314335,atac10k
0.0049786274,0.0017591341,atac10k
0.0049783215,0.0020279216,atac10k
0.0049780062,0.0026498234,atac10k
0.004977978,0.0026716192,atac10k
0.004978202,0.0023455368,atac10k
0.004976618,0.0039876243,atac10k
0.00497831,0.0019919157,atac10k
0.0049468973,-0.0041777967,atac10k
0.0049781036,0.0026556922,atac10k
0.004977755,0.0019705452,atac10k
0.004953121,-0.0021431216,atac10k
0.004947551,-0.0030046543,atac10k
0.004948365,-0.0027091117,atac10k
0.004947964,-0.003310128,atac10k
0.0049776025,0.0033052056,atac10k
0.0049485574,-0.0032144815,atac10k
0.004946775,-0.0031839344,atac10k
0.0049789976,0.0016113688,atac10k
0.0049777217,0.0030311344,atac10k
0.0049772323,0.0019374397,atac10k
0.0049662567,0.0022808616,atac10k
0.0049483124,-0.0035975536,atac10k
0.0049777622,0.0030215443,atac10k
0.004978782,0.001633242,atac10k
0.004978656,0.0017277033,atac10k
0.004978571,0.0020177173,atac10k
0.0049788244,0.0016879967,atac10k
0.0049783983,0.0022836274,atac10k
0.004978205,0.0023404257,atac10k
0.004978592,0.001871756,atac10k
0.0049486794,-0.0055003916,atac10k
0.0049785054,0.0019723852,atac10k
0.0049710954,0.0015138683,atac10k
0.0049785348,0.002012896,atac10k
0.004947599,-0.0027075224,atac10k
0.0049471203,-0.0030129375,atac10k
0.0049774274,0.0033505522,atac10k
0.0049787583,0.0016011646,atac10k
0.004978381,0.002258716,atac10k
0.004978344,0.001982621,atac10k
0.0049466314,-0.0036462112,atac10k
0.004978867,0.0016659403,atac10k
0.0049501625,-0.004438354,atac10k
0.004978667,0.0017720289,atac10k
0.004947734,-0.0028158587,atac10k
0.0049473685,-0.002594721,atac10k
0.0049771396,0.003737992,atac10k
0.0049787615,0.0017117561,atac10k
0.004977951,0.0028062186,atac10k
0.004978392,0.0021244904,atac10k
0.004978826,0.0017252065,atac10k
0.0049785646,0.0018885778,atac10k
0.0049785674,0.0020882736,atac10k
0.0049774386,0.0018664977,atac10k
0.004978105,0.0025726194,atac10k
0.004949416,-0.003141155,atac10k
0.0049477373,-0.002887731,atac10k
0.0049784603,0.0020154023,atac10k
0.0049780686,0.0027380795,atac10k
0.0049468256,-0.0025868665,atac10k
0.004948396,-0.004998037,atac10k
0.0049786656,0.00233705,atac10k
0.0049457243,-0.0031818973,atac10k
0.0049783597,0.0021336179,atac10k
0.0049776854,0.0031662863,atac10k
0.0049496936,-0.0028572292,atac10k
0.0049775955,0.0033260577,atac10k
0.0049487404,-0.003943385,atac10k
0.0049127736,-0.0035632798,atac10k
0.00496014,4.5863675e-05,atac10k
0.004958352,-0.0017010405,atac10k
0.004978832,0.002385613,atac10k
0.0049474225,-0.0038131496,atac10k
0.0049789688,0.0023162835,atac10k
0.004913046,-0.0038618727,atac10k
0.004978628,0.002004113,atac10k
0.0049481485,-0.00308977,atac10k
0.0049457243,-0.0027343906,atac10k
0.0049468223,-0.0039389115,atac10k
0.004947042,-0.002863761,atac10k
0.004976903,0.0037753305,atac10k
0.0049781557,0.0025153414,atac10k
0.004969969,-0.00579005,atac10k
0.0049457396,-0.0045382464,atac10k
0.0049770293,0.0028221875,atac10k
0.004947821,-0.002368376,atac10k
0.004978501,0.0019351316,atac10k
0.004923141,-0.003736031,atac10k
0.0049473965,-0.0024971373,atac10k
0.0049165683,-0.0042237663,atac10k
0.0049555595,-0.0018496698,atac10k
0.00491463,-0.005177702,atac10k
0.0049775746,0.0032434687,atac10k
0.0049467753,-0.0030257779,atac10k
0.004946113,-0.005416964,atac10k
0.004978373,0.0022998382,atac10k
0.0049468256,-0.0028850979,atac10k
0.004947986,-0.0023689363,atac10k
0.0049475436,-0.0035558993,atac10k
0.0049637696,-0.0010945459,atac10k
0.0049134144,-0.0039780936,atac10k
0.0049550217,-0.0017002993,atac10k
0.0049199467,-0.0033713053,atac10k
0.004976369,0.0019301655,atac10k
0.004976327,0.00068935356,atac10k
0.004978633,0.0017156377,atac10k
0.0049735256,0.002021437,atac10k
0.0049786204,0.0018560402,atac10k
0.004978247,0.0022512553,atac10k
0.004977751,0.0028219947,atac10k
0.0049500954,-0.004100583,atac10k
0.0049480866,-0.0033000645,atac10k
0.0049776444,0.003016883,atac10k
0.0049758884,-0.0011460991,atac10k
0.004978439,0.0021417309,atac10k
0.0049466304,-0.0026373384,atac10k
0.00497731,0.0036763335,atac10k
0.0049791047,0.001247265,atac10k
0.0049433815,-0.0034778821,atac10k
0.004946932,-0.0028987231,atac10k
0.0049626552,-0.00046195125,atac10k
0.0049786284,0.0018368297,atac10k
0.0049769185,0.003168926,atac10k
0.00497798,0.0015232803,atac10k
0.004947029,-0.0027754358,atac10k
0.004947526,-0.0037016491,atac10k
0.004946829,-0.0030784227,atac10k
0.004913817,-0.004819492,atac10k
0.004979124,0.0029810434,atac10k
0.004978487,0.0022065844,atac10k
0.004948742,-0.0030735817,atac10k
0.0049789776,0.0015973373,atac10k
0.0049783476,0.0025800986,atac10k
0.004978298,0.0024433972,atac10k
0.0049777105,0.003009967,atac10k
0.004946757,-0.004194505,atac10k
0.0049774353,0.0032722051,atac10k
0.004978044,0.00243024,atac10k
0.004948238,-0.0031905079,atac10k
0.0049783774,0.002064342,atac10k
0.004977394,0.0035262897,atac10k
0.0049776104,0.003191238,atac10k
0.0049145687,-0.0044091274,atac10k
0.004978399,0.0021254017,atac10k
0.004913652,-0.0041863425,atac10k
0.004978034,0.0027235113,atac10k
0.004978702,0.001770836,atac10k
0.0049149026,-0.004592153,atac10k
0.0049471343,-0.0041636587,atac10k
0.0049773664,0.0035743385,atac10k
0.004977938,0.00269796,atac10k
0.0049702805,0.0030338254,atac10k
0.0049333796,-0.005013088,atac10k
0.0049771676,0.0037246118,atac10k
0.0049466356,-0.002623271,atac10k
0.0049782787,0.0023571344,atac10k
0.0049456456,-0.0028840993,atac10k
0.0049494402,-0.0036687339,atac10k
0.0049786502,0.0013604675,atac10k
0.004947119,-0.0045814775,atac10k
0.0049479087,-0.004327567,atac10k
0.004945283,-0.004042422,atac10k
0.0049482365,-0.0025192027,atac10k
0.0049487813,-0.003874543,atac10k
0.0049783294,0.0019678369,atac10k
0.0049480144,-0.0034024802,atac10k
0.0049471455,-0.0029352088,atac10k
0.004977742,0.003005056,atac10k
0.0049473573,-0.0029150718,atac10k
0.0049781254,0.0023188186,atac10k
0.004947318,-0.003987142,atac10k
0.004946885,-0.002894069,atac10k
0.0049780547,0.0022164816,atac10k
0.004977776,0.0030795333,atac10k
0.0049467767,-0.004239045,atac10k
0.004978204,0.0023209248,atac10k
0.0049461722,-0.0030189434,atac10k
0.0049779387,0.0021397038,atac10k
0.0049465518,-0.0039937887,atac10k
0.004979058,0.001400843,atac10k
0.0049182335,-0.0036299413,atac10k
0.00497781,0.0017434808,atac10k
0.004978279,0.0023879602,atac10k
0.0049486,-0.0033461514,atac10k
0.004978594,0.001891353,atac10k
0.004978643,0.0019044952,atac10k
0.0049782074,0.002482008,atac10k
0.0049475553,-0.0029574574,atac10k
0.004978429,0.002279095,atac10k
0.00492427,-0.0036911871,atac10k
0.004946738,-0.003824071,atac10k
0.0049461788,-0.004920981,atac10k
0.004946583,-0.00323996,atac10k
0.0049773627,0.0035292944,atac10k
0.00494909,-0.0047932565,atac10k
0.0049773767,0.0035664227,atac10k
0.0049678287,-0.00042715683,atac10k
0.0049779424,0.002243422,atac10k
0.004978071,0.0029107889,atac10k
0.0049779806,0.00021579774,atac10k
0.0049492274,-0.0029252148,atac10k
0.0049506146,-0.0025350181,atac10k
0.0049471743,-0.0030881304,atac10k
0.0049494086,-0.0034471373,atac10k
0.0049785394,0.002482719,atac10k
0.0049490416,-0.0020286636,atac10k
0.004978848,0.0016983709,atac10k
0.004964265,0.0003511494,atac10k
0.0049525336,0.0021598507,atac10k
0.00491593,-0.0043572686,atac10k
0.0049502603,-0.004031795,atac10k
0.00494812,-0.0029489433,atac10k
0.0049791224,0.0013380882,atac10k
0.004964287,-0.0016921046,atac10k
0.004961528,0.0011929251,atac10k
0.004930068,-0.003443539,atac10k
0.0049790624,0.0015483298,atac10k
0.0049787294,0.0020388772,atac10k
0.004978229,0.0021371823,atac10k
0.0049434355,-0.0042660497,atac10k
0.004978552,0.001954847,atac10k
0.0049474277,-0.0027444293,atac10k
0.00494178,-0.0041575236,atac10k
0.004977515,0.0031488917,atac10k
0.004947757,-0.0030570412,atac10k
0.004946584,-0.003922989,atac10k
0.0049785366,0.0020464852,atac10k
0.00497803,0.0027199315,atac10k
0.0049151136,-0.004280368,atac10k
0.0049470793,-0.0028496066,atac10k
0.004949197,-0.003178121,atac10k
0.0049788537,0.0016145121,atac10k
0.004978883,0.0016867883,atac10k
0.0049485494,-0.0029688992,atac10k
0.0049786493,0.0018667952,atac10k
0.0049787615,0.00198204,atac10k
0.0049783727,0.002188366,atac10k
0.0049787625,0.0017672528,atac10k
0.004977303,0.00356724,atac10k
0.004978885,0.0020965575,atac10k
0.0049783257,0.002309807,atac10k
0.0049469355,-0.0027712176,atac10k
0.004978046,0.0026076976,atac10k
0.0049783564,0.0021667734,atac10k
0.0049782423,0.0024890506,atac10k
0.0049549122,-0.00059809315,atac10k
0.0049461992,-0.002651548,atac10k
0.004947949,-0.004498798,atac10k
0.004977549,0.0032631997,atac10k
0.004978614,0.0014220226,atac10k
0.004957441,-0.0013983735,atac10k
0.004978216,0.0024185441,atac10k
0.0049781296,0.0017654203,atac10k
0.0049482104,-0.0031940069,atac10k
0.0049779383,0.0017793934,atac10k
0.0049778973,0.002808048,atac10k
0.0049775997,0.003170684,atac10k
0.004978395,0.0021968163,atac10k
0.0049769026,0.0023033929,atac10k
0.0049780295,0.002710048,atac10k
0.0049788496,0.0013752928,atac10k
0.0049777674,0.0025132948,atac10k
0.004978265,0.0017599359,atac10k
0.004976249,0.0038192815,atac10k
0.0049779858,0.0027171304,atac10k
0.0049787886,0.0016624796,atac10k
0.004978916,0.0015310228,atac10k
0.0049400977,-0.0050939885,atac10k
0.0049750595,0.002685286,atac10k
0.004978941,0.0015065839,atac10k
0.0049478943,-0.0042884955,atac10k
0.0049788,0.0018726516,atac10k
0.0049783466,0.0021310793,atac10k
0.0049782135,0.0021379695,atac10k
0.0049784495,0.0022133025,atac10k
0.004978714,0.0015666069,atac10k
0.004948125,-0.002991002,atac10k
0.0049482095,-0.003802451,atac10k
0.0049781953,0.0021434492,atac10k
0.004971251,0.0005877231,atac10k
0.0049782232,0.0024541966,atac10k
0.004949162,-0.005211048,atac10k
0.0049465564,-0.00356511,atac10k
0.004978663,0.0017500803,atac10k
0.0049788556,0.0014720991,atac10k
0.004977978,0.0028243086,atac10k
0.0049342685,-0.002901788,atac10k
0.0049790205,0.0017103279,atac10k
0.0049480936,-0.0031231018,atac10k
0.0049784645,0.002007081,atac10k
0.0049534785,-0.0020181309,atac10k
0.0049786516,0.0018346505,atac10k
0.0049774866,0.003347736,atac10k
0.0049775406,0.0033106,atac10k
0.0049770847,0.00407056,atac10k
0.0049787927,0.0017148241,atac10k
0.0049778456,0.0029337225,atac10k
0.0049787597,0.0012637771,atac10k
0.0049774614,0.0033205654,atac10k
0.0049786377,0.0018686036,atac10k
0.0049469136,-0.00397397,atac10k
0.0049786065,0.0018906797,atac10k
0.0049781306,0.002247086,atac10k
0.0049761618,0.0011893802,atac10k
0.0049471436,-0.0031785984,atac10k
0.004977881,0.002838963,atac10k
0.0049781133,0.0023822563,atac10k
0.0049768407,0.0019158826,atac10k
0.004964549,0.002205299,atac10k
0.0049472633,-0.0036260257,atac10k
0.004978305,0.0021419448,atac10k
0.0049779653,0.0025685814,atac10k
0.0049776384,0.003262096,atac10k
0.004978158,0.0031063117,atac10k
0.0049499096,-0.0033620289,atac10k
0.004977566,0.0031008853,atac10k
0.0049471,-0.0049891123,atac10k
0.0049293865,-0.003435939,atac10k
0.0049474314,-0.003168628,atac10k
0.004958719,-0.0025495724,atac10k
0.0049134884,-0.004307979,atac10k
0.0049482402,-0.003368596,atac10k
0.004978329,0.0023517373,atac10k
0.0049783373,0.0018566597,atac10k
0.004947274,-0.0028619352,atac10k
0.0049786572,0.0017339531,atac10k
0.0049784635,0.0019955256,atac10k
0.004978337,0.0023807962,atac10k
0.0049731587,0.0013423844,atac10k
0.0049774265,0.003469122,atac10k
0.004979581,0.00031069672,atac10k
0.0049485853,-0.0041274843,atac10k
0.0049125,-0.0031830142,atac10k
0.004953474,-0.005424342,atac10k
0.0049482826,-0.0029024568,atac10k
0.0049769594,0.0042191194,atac10k
0.004946152,-0.005148448,atac10k
0.004978757,0.0017630568,atac10k
0.0049661654,0.00067692454,atac10k
0.004948446,-0.0034973344,atac10k
0.004948878,-0.002401704,atac10k
0.004949411,-0.0048231613,atac10k
0.004977932,0.0027431985,atac10k
0.00495894,-0.00099182,atac10k
0.004977953,0.002631804,atac10k
0.0049311365,-0.0038144332,atac10k
0.0049460037,-0.003952463,atac10k
0.0049470332,-0.0037834134,atac10k
0.004928741,-0.0046468717,atac10k
0.0049782745,0.0023845264,atac10k
0.00492421,-0.0037597013,atac10k
0.0049773986,0.003357099,atac10k
0.004978412,0.0021589592,atac10k
0.004950148,-0.0031857006,atac10k
0.0049475245,-0.0027318145,atac10k
0.00497841,0.0019987628,atac10k
0.00497819,0.0024661853,atac10k
0.004978107,0.0021931725,atac10k
0.004940207,-0.0031195977,atac10k
0.004947542,-0.002814147,atac10k
0.004958408,-0.00073762407,atac10k
0.0049786456,0.0019256445,atac10k
0.004978674,0.0018216703,atac10k
0.0049467557,-0.0034820086,atac10k
0.0049781823,0.002375715,atac10k
0.0049783136,0.0022325856,atac10k
0.0049773366,0.0035258099,atac10k
0.0049785385,0.001987223,atac10k
0.0049468456,-0.003128948,atac10k
0.0049782014,0.0016464648,atac10k
0.0049778284,0.0028842497,atac10k
0.004976079,0.0017682664,atac10k
0.0049496996,-0.0041044066,atac10k
0.004927241,-0.003961156,atac10k
0.004978952,0.0015383225,atac10k
0.004973901,0.0033043781,atac10k
0.0049363463,-0.0030701444,atac10k
0.0049125412,-0.004048612,atac10k
0.0049789925,0.0018069821,atac10k
0.004976398,0.0017861514,atac10k
0.0049460824,-0.0034738518,atac10k
0.004978377,0.0020995906,atac10k
0.004978417,0.0019869017,atac10k
0.004936481,-0.0028646623,atac10k
0.00491683,-0.004329662,atac10k
0.004946673,-0.0037740474,atac10k
0.004913302,-0.0042813914,atac10k
0.0049156477,-0.004645028,atac10k
0.004978408,0.0020533174,atac10k
0.004946836,-0.0031781155,atac10k
0.004978836,0.0027967314,atac10k
0.0049470845,-0.002768558,atac10k
0.004946548,-0.0034966962,atac10k
0.0049463627,-0.005517644,atac10k
0.004978992,0.0015512197,atac10k
0.004977817,0.0030088027,atac10k
0.00496101,-0.00043915515,atac10k
0.0049770097,0.0022533184,atac10k
0.004922172,-0.0034976748,atac10k
0.0049781506,0.0024045676,atac10k
0.004978471,0.001429416,atac10k
0.004978896,0.001731931,atac10k
0.0049777296,0.0030863758,atac10k
0.004977346,0.003441135,atac10k
0.00495011,-0.003957676,atac10k
0.0049775494,0.0031851802,atac10k
0.0049774786,0.0034408972,atac10k
0.004978713,0.0013670154,atac10k
0.0049781455,0.0024047964,atac10k
0.004946805,-0.002805897,atac10k
0.004920847,-0.004803655,atac10k
0.0049462994,-0.0030008722,atac10k
0.0049777017,0.0031865253,atac10k
0.004948493,-0.0031515944,atac10k
0.0049280305,-0.0039623166,atac10k
0.004947348,-0.0027912494,atac10k
0.004978162,0.0024320264,atac10k
0.0049132113,-0.0040214714,atac10k
0.004948871,-0.0040551755,atac10k
0.0049479483,-0.003632234,atac10k
0.004914366,-0.004656608,atac10k
0.0049279225,-0.0043370533,atac10k
0.004978322,0.0021665944,atac10k
0.0049778847,0.002654003,atac10k
0.0049791303,0.0013353237,atac10k
0.0049459036,-0.002867383,atac10k
0.004948557,-0.003936132,atac10k
0.004913396,-0.0042873877,atac10k
0.0049769864,0.0040545813,atac10k
0.004978226,0.0027359305,atac10k
0.0049776803,0.0031687338,atac10k
0.004947121,-0.002931792,atac10k
0.004977511,0.0033858016,atac10k
0.004978274,0.002268053,atac10k
0.0049786596,0.0017534603,atac10k
0.004946207,-0.0029894977,atac10k
0.0049643265,0.0008560482,atac10k
0.0049786572,0.0016510434,atac10k
0.0049787834,0.001735406,atac10k
0.004975896,0.0012048801,atac10k
0.004977845,0.0028171868,atac10k
0.0049473145,-0.0040965765,atac10k
0.004947267,-0.002800858,atac10k
0.0049782754,0.002043411,atac10k
0.0049485886,-0.0032188697,atac10k
0.004946391,-0.003698287,atac10k
0.0049784584,0.0020819637,atac10k
0.004978439,0.0021427048,atac10k
0.004946411,-0.002784179,atac10k
0.004978502,0.0019601884,atac10k
0.0049788477,0.0013557582,atac10k
0.0049778633,0.0029786737,atac10k
0.004978437,0.0021062845,atac10k
0.0049781925,0.0020187357,atac10k
0.0049768263,0.0038570357,atac10k
0.0049478253,-0.002987376,atac10k
0.0049789683,0.0014351857,atac10k
0.004947129,-0.003036179,atac10k
0.004979038,0.0014177164,atac10k
0.0049468223,-0.0030392176,atac10k
0.0049781827,0.0015307653,atac10k
0.004915064,-0.0037594712,atac10k
0.004946867,-0.0026366287,atac10k
0.00494914,-0.0043235533,atac10k
0.0049476298,-0.003468168,atac10k
0.004947503,-0.0027448249,atac10k
0.004978784,0.001857025,atac10k
0.004978267,0.0025222844,atac10k
0.0049777343,0.0029907175,atac10k
0.0049777096,0.0022340552,atac10k
0.004947822,-0.004768076,atac10k
0.004947735,-0.003034841,atac10k
0.0049775844,0.0032189912,atac10k
0.0049781394,0.002460618,atac10k
0.0049488363,-0.00303129,atac10k
0.004948191,-0.004265747,atac10k
0.004978269,0.0023124786,atac10k
0.004977806,0.0014448591,atac10k
0.0049467804,-0.0028023303,atac10k
0.004946201,-0.0032168184,atac10k
0.0049475143,-0.004456819,atac10k
0.0049778675,0.0029318582,atac10k
0.004979737,0.002589141,atac10k
0.004919706,-0.0042087967,atac10k
0.0049787094,0.0016390722,atac10k
0.004976395,0.0019017323,atac10k
0.0049789427,0.0019294748,atac10k
0.004978735,0.001755287,atac10k
0.0049776183,0.0032474687,atac10k
0.0049782754,0.0020255542,atac10k
0.004978179,0.0021667844,atac10k
0.0049771923,0.0035367417,atac10k
0.0049783397,0.0019788714,atac10k
0.004946186,-0.0026023125,atac10k
0.0049516587,-0.00033812315,atac10k
0.0049783518,0.0020549153,atac10k
0.0049483464,-0.002475869,atac10k
0.0049461606,-0.0032204685,atac10k
0.004978327,0.0024403639,atac10k
0.0049771597,0.0036484294,atac10k
0.004914633,-0.004461601,atac10k
0.004978102,0.002470026,atac10k
0.004947105,-0.0034141573,atac10k
0.0049479934,-0.0025481256,atac10k
0.0049484195,-0.0032696282,atac10k
0.0049784803,0.0019326393,atac10k
0.0049784756,0.0017465625,atac10k
0.004947856,-0.0025139938,atac10k
0.0049785418,0.0019073794,atac10k
0.0049132104,-0.003877414,atac10k
0.0049767704,0.0041208537,atac10k
0.0049788416,0.0017295935,atac10k
0.0049776505,0.0029847228,atac10k
0.004947596,-0.0031714013,atac10k
0.0049364124,-0.0023964632,atac10k
0.0049468656,-0.003169169,atac10k
0.0049773157,0.0034444688,atac10k
0.0049770395,0.0018108344,atac10k
0.0049478537,-0.0014344419,atac10k
0.004911926,-0.0045524305,atac10k
0.004915768,-0.0043339566,atac10k
0.004946949,-0.0040062917,atac10k
0.0049181185,-0.0038721191,atac10k
0.004978283,0.002408448,atac10k
0.00494754,-0.0026365716,atac10k
0.0049474984,-0.0030754774,atac10k
0.00497837,0.0022844274,atac10k
0.0049779937,0.0027790992,atac10k
0.004977975,0.0026847841,atac10k
0.004949429,-0.00506842,atac10k
0.0049786894,0.0018256692,atac10k
0.004978935,0.0014301514,atac10k
0.004978703,0.0016906423,atac10k
0.004969547,0.0019720942,atac10k
0.0049482095,-0.0034567867,atac10k
0.004927606,-0.004280167,atac10k
0.004978103,0.0024006327,atac10k
0.004948022,-0.0034403747,atac10k
0.0049470696,-0.0034277258,atac10k
0.0049773753,0.0033672391,atac10k
0.0049486104,-0.005256596,atac10k
0.00494813,-0.0028862676,atac10k
0.004978097,0.0032551032,atac10k
0.004978453,0.0020344818,atac10k
0.004978061,0.0026460644,atac10k
0.0049779695,0.0028639603,atac10k
0.0049773054,0.0035750873,atac10k
0.0049776207,0.003194466,atac10k
0.004978448,0.0019969265,atac10k
0.004948188,-0.0039641606,atac10k
0.0049121594,-0.0033961292,atac10k
0.0049781934,0.0025146327,atac10k
0.0049626455,0.00029988826,atac10k
0.004946198,-0.0038144332,atac10k
0.0049784277,0.0021118138,atac10k
0.004978515,0.0020064749,atac10k
0.004947119,-0.0031186708,atac10k
0.004947027,-0.003276397,atac10k
0.0049470267,-0.004345716,atac10k
0.004951238,-0.0024531332,atac10k
0.0049787145,0.001428779,atac10k
0.004977887,0.0027978048,atac10k
0.004979069,0.002345195,atac10k
0.004941532,-0.004263353,atac10k
0.004977285,0.0036295373,atac10k
0.0049301544,-0.0037585967,atac10k
0.004977745,0.0028519596,atac10k
0.0049472204,-0.0035011198,atac10k
0.004948067,-0.0005668211,atac10k
0.004978971,0.0017855484,atac10k
0.004977932,0.0028726293,atac10k
0.00497855,0.0019770206,atac10k
0.004948111,-0.005355367,atac10k
0.004978274,0.0019771408,atac10k
0.004976939,0.0041864626,atac10k
0.004977778,0.003038664,atac10k
0.0049786316,0.0044580777,atac10k
0.0049478565,-0.0029702268,atac10k
0.0049787676,0.0017900377,atac10k
0.0049163415,-0.004556273,atac10k
0.0049472447,-0.0030119359,atac10k
0.0049791634,0.001274249,atac10k
0.0049778717,0.0028291116,atac10k
0.004955368,-0.002414974,atac10k
0.0049474533,-0.0027282042,atac10k
0.0049743457,0.0008883132,atac10k
0.004949923,-0.003989691,atac10k
0.0049144435,-0.0048958804,atac10k
0.0049468884,-0.0028230082,atac10k
0.0049465536,-0.0023514072,atac10k
0.004978137,0.0015995451,atac10k
0.004977979,0.0027632057,atac10k
0.0049778307,0.0029120708,atac10k
0.0049764435,0.0027320934,atac10k
0.004933555,-0.0042902166,atac10k
0.0049465336,-0.0026396255,atac10k
0.004978618,0.0018514495,atac10k
0.004929846,-0.0039458065,atac10k
0.0049786214,0.0020923598,atac10k
0.0049473164,-0.0029113395,atac10k
0.004978733,0.0016771134,atac10k
0.0049210065,-0.003461683,atac10k
0.0049788267,0.0017649146,atac10k
0.004970107,0.0029144743,atac10k
0.0049507758,-0.0029525463,atac10k
0.0049784365,0.0017928412,atac10k
0.004980044,0.0032065837,atac10k
0.0049787667,0.0016649608,atac10k
0.004977994,0.0027982255,atac10k
0.0049775527,0.003118905,atac10k
0.0049471944,-0.0034744376,atac10k
0.0049778065,0.0029053902,atac10k
0.0049772467,0.0035530748,atac10k
0.004958855,-0.005330635,atac10k
0.0049778977,0.0017012312,atac10k
0.004965623,0.002463904,atac10k
0.004947265,-0.0039322097,atac10k
0.00494646,-0.0035721876,atac10k
0.0049790596,0.0019837008,atac10k
0.004978621,0.001769859,atac10k
0.004949073,-0.0036571801,atac10k
0.004978172,0.0024639093,atac10k
0.0049468535,-0.004233472,atac10k
0.004964374,-0.00027742915,atac10k
0.0049788468,0.0018419597,atac10k
0.004976529,0.0018389194,atac10k
0.0049782046,0.0023122623,atac10k
0.0049768398,0.004431302,atac10k
0.004947135,-0.005673138,atac10k
0.0049481196,-0.0031597735,atac10k
0.00494726,-0.003867251,atac10k
0.004978255,0.0022720138,atac10k
0.0049786516,0.0018645938,atac10k
0.004977383,0.0034317323,atac10k
0.0049470514,-0.0041361596,atac10k
0.004978671,0.0017996945,atac10k
0.004978789,0.0017388888,atac10k
0.004978682,0.0018797523,atac10k
0.0049774125,0.0032992212,atac10k
0.004977925,0.0029238458,atac10k
0.004977974,0.0026070345,atac10k
0.0049484367,-0.0039755492,atac10k
0.004948541,-0.0052233837,atac10k
0.0049774777,0.0033818479,atac10k
0.0049152705,-0.004218508,atac10k
0.0049780537,0.0023612608,atac10k
0.004949604,-0.004481652,atac10k
0.0049778176,0.0029908163,atac10k
0.004978168,0.002543666,atac10k
0.004978523,0.002225177,atac10k
0.004977414,0.0034055014,atac10k
0.0049497355,-0.004486001,atac10k
0.0049779816,0.0028392808,atac10k
0.0049785534,0.0019477175,atac10k
0.004948751,-0.0039709928,atac10k
0.0049790465,0.0017253218,atac10k
0.004977996,0.0027290792,atac10k
0.0049781282,0.002559772,atac10k
0.0049775704,0.002670884,atac10k
0.004913079,-0.0038270196,atac10k
0.004919396,-0.0035748142,atac10k
0.004994605,0.010749597,atac10k
0.0049768053,-0.00049312616,atac10k
0.0049781925,0.002302724,atac10k
0.0049780607,0.0026468916,atac10k
0.004947459,-0.003118761,atac10k
0.0049634175,-0.0011142438,atac10k
0.0049786065,0.0028106796,atac10k
0.004946999,-0.0030984504,atac10k
0.004946768,-0.003382788,atac10k
0.0049788076,0.0017244321,atac10k
0.0049777427,0.00216283,atac10k
0.0049790223,0.0016575935,atac10k
0.0049456256,-0.002967846,atac10k
0.0049471264,-0.002885905,atac10k
0.004977853,0.0027688856,atac10k
0.0049788677,0.0016183995,atac10k
0.0049465396,-0.0029034202,atac10k
0.0049789953,0.0014715943,atac10k
0.00496054,0.00068595674,atac10k
0.0049779075,0.0028510448,atac10k
0.0049464786,-0.0037748062,atac10k
0.0049779904,0.0027964043,atac10k
0.004977367,0.0035943445,atac10k
0.004978143,0.0025425807,atac10k
0.0049781436,0.001813519,atac10k
0.004978036,0.002393198,atac10k
0.0049469126,-0.004057508,atac10k
0.0049778144,0.002941285,atac10k
0.0049470426,-0.0043198043,atac10k
0.0049771275,0.0022794504,atac10k
0.0049784826,0.002420141,atac10k
0.004977695,0.0029821119,atac10k
0.0049775643,0.002263085,atac10k
0.0049787513,0.001527845,atac10k
0.0049779345,0.002835348,atac10k
0.0049775075,0.0033677127,atac10k
0.004947446,-0.0030154446,atac10k
0.0049786135,0.0016614982,atac10k
0.0049770717,0.0032880357,atac10k
0.004977821,0.0030576978,atac10k
0.0049472307,-0.0022498239,atac10k
0.0049479445,-0.0035234236,atac10k
0.004978893,0.0015115432,atac10k
0.004978384,0.0022236789,atac10k
0.0049470677,-0.0028120335,atac10k
0.00494725,-0.0027806319,atac10k
0.0049779923,0.0023026466,atac10k
0.004977281,0.0039811046,atac10k
0.0049463105,-0.0031690719,atac10k
0.0049648415,0.00041166568,atac10k
0.0049467315,-0.0049656644,atac10k
0.0049784603,0.0016393939,atac10k
0.004977241,0.0035718281,atac10k
0.004946855,-0.004875743,atac10k
0.004978963,0.0015245902,atac10k
0.004978625,0.001979343,atac10k
0.004978361,0.0023479029,atac10k
0.0049779476,0.0028701245,atac10k
0.0049547195,-0.0034837453,atac10k
0.004950221,-0.0039627245,atac10k
0.004976396,0.003082794,atac10k
0.004945638,-0.003282602,atac10k
0.004978415,0.0049456903,atac10k
0.004948372,-0.002359558,atac10k
0.004976976,-0.0005041643,atac10k
0.004978663,0.001873229,atac10k
0.0049542845,0.00339424,atac10k
0.0049470104,-0.003433411,atac10k
0.004977793,0.003080511,atac10k
0.004975819,0.0020228534,atac10k
0.0049471324,-0.0026065486,atac10k
0.004947871,-0.003177606,atac10k
0.004978069,0.0020303756,atac10k
0.004948169,-0.0040151435,atac10k
0.0049466314,-0.004271978,atac10k
0.004948248,-0.0033349576,atac10k
0.0049482286,-0.0027527767,atac10k
0.004977509,0.0032869203,atac10k
0.004976583,0.000115161194,atac10k
0.0049459375,-0.0032843598,atac10k
0.0049562813,-0.0010569792,atac10k
0.0049777045,0.0030267122,atac10k
0.0049783722,0.0020037845,atac10k
0.004978137,0.0026058704,atac10k
0.004976982,0.0035308509,atac10k
0.004913982,-0.0045613004,atac10k
0.004978497,0.002004133,atac10k
0.004978149,0.0023894338,atac10k
0.00497749,0.0023051586,atac10k
0.004978598,0.0016880778,atac10k
0.004978103,0.0026542542,atac10k
0.0049769403,0.0022830549,atac10k
0.004964607,0.0026345355,atac10k
0.0049789124,0.0015164925,atac10k
0.0049136993,-0.0043436796,atac10k
0.004978054,0.0023648248,atac10k
0.004978482,0.0020086106,atac10k
0.004946822,-0.0032103718,atac10k
0.0049789967,0.0014941127,atac10k
0.004978565,0.002208227,atac10k
0.004978251,0.0023962085,atac10k
0.004946798,-0.0034199662,atac10k
0.0049785497,0.0012710654,atac10k
0.0049781906,0.0024662304,atac10k
0.004977978,0.0028002013,atac10k
0.004978557,0.001891589,atac10k
0.0049783564,0.0021033683,atac10k
0.0049479557,-0.0044634044,atac10k
0.0049779913,0.0025950735,atac10k
0.0049793366,0.0015151838,atac10k
0.004914087,-0.004311702,atac10k
0.0049680313,0.0023862298,atac10k
0.0049783066,0.0023406302,atac10k
0.0049136737,-0.004362996,atac10k
0.0049779476,0.0028056796,atac10k
0.0049783443,0.002284725,atac10k
0.0049777282,0.0031497646,atac10k
0.00497843,0.0021873002,atac10k
0.004927901,-0.0038650078,atac10k
0.0049129757,-0.0037815464,atac10k
0.004978355,0.001994566,atac10k
0.0049668695,0.0008529652,atac10k
0.0049473858,-0.004050799,atac10k
0.004948052,-0.0032249836,atac10k
0.004977553,0.003622355,atac10k
0.0049777557,0.003035543,atac10k
0.0049478193,-0.0031218373,atac10k
0.0049489257,-0.0043037124,atac10k
0.004977661,0.0032714114,atac10k
0.004947474,-0.0019812104,atac10k
0.004948135,-0.005571867,atac10k
0.00497877,0.0018189558,atac10k
0.0049783215,0.0023278717,atac10k
0.004975794,0.0028661913,atac10k
0.0049779764,0.0025608924,atac10k
0.004945322,-0.0025568027,atac10k
0.00494687,-0.0028697206,atac10k
0.004973789,0.0018067397,atac10k
0.0049785567,0.0018461079,atac10k
0.0049786344,0.0019216572,atac10k
0.004914322,-0.0042348513,atac10k
0.0049467394,-0.0027359142,atac10k
0.0049137054,-0.004646871,atac10k
0.004948873,-0.0024515854,atac10k
0.0049480605,-0.0027579556,atac10k
0.0049576126,-0.0017183952,atac10k
0.004977626,0.0031109708,atac10k
0.0049774004,0.0035439262,atac10k
0.004978446,0.0020210308,atac10k
0.004946714,-0.0027767366,atac10k
0.0049784184,0.0020511495,atac10k
0.004977452,0.00050211896,atac10k
0.004977687,0.0031038492,atac10k
0.004913819,-0.0039847717,atac10k
0.004949334,-0.000946065,atac10k
0.0049782535,0.0021729039,atac10k
0.004978183,0.0025754285,atac10k
0.0049465536,-0.003702128,atac10k
0.004980184,0.00410631,atac10k
0.0049785394,0.001944024,atac10k
0.004947843,-0.005161914,atac10k
0.004978391,0.0022454662,atac10k
0.004978958,0.0016685585,atac10k
0.004947436,-0.0028161828,atac10k
0.004947251,-0.0038696046,atac10k
0.004978103,0.0026202037,atac10k
0.0049789064,0.0014366788,atac10k
0.0049784426,0.0016811875,atac10k
0.0049771816,0.0037178642,atac10k
0.004949385,-0.0023742295,atac10k
0.004978532,0.002134792,atac10k
0.004955719,-0.0014415368,atac10k
0.004971415,0.0015382933,atac10k
0.004978687,0.0017348937,atac10k
0.004947208,-0.0042736367,atac10k
0.004978727,0.0017187247,atac10k
0.0049756686,0.00232159,atac10k
0.0049465806,-0.0047977054,atac10k
0.004948782,-0.0049648965,atac10k
0.004922637,-0.004117426,atac10k
0.004978456,0.0021950607,atac10k
0.0049498677,-0.003062773,atac10k
0.0049772663,0.0036648696,atac10k
0.0049465587,-0.0029551748,atac10k
0.0049787397,0.0018040591,atac10k
0.0049788314,0.001916371,atac10k
0.0049559935,-0.0044862935,atac10k
0.004977049,0.0017749112,atac10k
0.004947028,-0.0025629322,atac10k
0.0049779722,0.0028454824,atac10k
0.0049778037,0.0029613853,atac10k
0.0049761175,0.0025985474,atac10k
0.004978856,0.0016722414,atac10k
0.0049773133,0.0017682195,atac10k
0.0049487404,-0.0035199493,atac10k
0.0049772575,0.0036746236,atac10k
0.0049785194,0.0018639303,atac10k
0.0049783424,0.00450983,atac10k
0.00491817,-0.0036666044,atac10k
0.0049788295,0.0017132813,atac10k
0.0049772663,0.003913161,atac10k
0.0049488237,-0.004076722,atac10k
0.0049782684,0.00252944,atac10k
0.00497811,0.0024081497,atac10k
0.0049570506,-0.0047693094,atac10k
0.004976285,0.0047090924,atac10k
0.0049786605,0.0016253102,atac10k
0.0049780407,0.0027524112,atac10k
0.004979142,0.0024052672,atac10k
0.004947991,-0.003970268,atac10k
0.004933262,-0.007360417,atac10k
0.0049787792,0.0017074596,atac10k
0.004977338,0.0034814556,atac10k
0.004946772,-0.0029602307,atac10k
0.0049768146,0.0043016435,atac10k
0.00497547,-0.00039402404,atac10k
0.0049479064,-0.005199184,atac10k
0.004978302,0.0023135373,atac10k
0.0049772453,0.003721603,atac10k
0.004978152,0.0021740652,atac10k
0.004978894,0.0017020556,atac10k
0.0049740775,0.0026815876,atac10k
0.004978226,0.0024577244,atac10k
0.0049468367,-0.0031797674,atac10k
0.004947345,-0.0037330617,atac10k
0.004978357,0.0022434823,atac10k
0.0049786395,0.0019385981,atac10k
0.0049786824,0.0017100888,atac10k
0.0049466095,-0.0033301772,atac10k
0.004978763,0.0015525682,atac10k
0.0049611023,-0.00086933543,atac10k
0.004948311,-0.005126062,atac10k
0.0049787513,0.0017165896,atac10k
0.004942576,-0.004432134,atac10k
0.004948743,-0.0029932775,atac10k
0.00497898,0.0014808727,atac10k
0.0049788426,0.0016606799,atac10k
0.0049465597,-0.00468283,atac10k
0.004978032,0.0026891425,atac10k
0.0049784775,0.0016841681,atac10k
0.004977447,0.0032315021,atac10k
0.004948555,-0.0033663851,atac10k
0.004944352,-0.004033451,atac10k
0.0049467073,-0.0036170348,atac10k
0.0049788575,0.0016845624,atac10k
0.0049781855,0.0024695809,atac10k
0.004976949,0.0025405383,atac10k
0.004947683,-0.004189558,atac10k
0.0049788635,0.0018019616,atac10k
0.0049788016,0.0016715598,atac10k
0.004949443,-0.0037799855,atac10k
0.0049474654,-0.0033514313,atac10k
0.004945916,-0.0033147712,atac10k
0.004978248,0.0020356437,atac10k
0.004978808,0.0017223657,atac10k
0.0049714083,0.0013129036,atac10k
0.0049498514,-0.0035302478,atac10k
0.00494845,-0.0013803212,atac10k
0.004978129,0.0025218984,atac10k
0.00497881,0.0016439686,atac10k
0.004949339,-0.0025106422,atac10k
0.0049262317,-0.003932625,atac10k
0.0049341447,-0.0019425646,atac10k
0.004946688,-0.0031227388,atac10k
0.0049464717,-0.0032500057,atac10k
0.004946876,-0.004356923,atac10k
0.004978585,0.0014115036,atac10k
0.004978505,0.0019023028,atac10k
0.004977112,0.0016740577,atac10k
0.0049744844,0.002110815,atac10k
0.004977893,0.00248523,atac10k
0.004975604,-0.00082771754,atac10k
0.004976626,0.0032167966,atac10k
0.004947696,-0.007498493,atac10k
0.004948662,-0.0028445988,atac10k
0.004977164,0.0019094526,atac10k
0.0049471073,-0.0030478048,atac10k
0.0049785874,0.0016919854,atac10k
0.004952317,-0.003488858,atac10k
0.004947909,-0.002292023,atac10k
0.0049780933,0.002615879,atac10k
0.004978427,0.0021409069,atac10k
0.004974402,0.00215808,atac10k
0.004947441,-0.0026906822,atac10k
0.004978304,0.0021294702,atac10k
0.0049132495,-0.0044240155,atac10k
0.0049773594,0.0033944,atac10k
0.0049769143,0.0021473328,atac10k
0.0049449033,-0.0037888112,atac10k
0.004977824,0.0021313112,atac10k
0.0049489215,-0.0040983646,atac10k
0.0049784505,0.0021094582,atac10k
0.0049542864,-0.002175281,atac10k
0.0049784537,0.0020724512,atac10k
0.00497841,0.0024395187,atac10k
0.0049788277,0.001764305,atac10k
0.0049782516,0.0020119129,atac10k
0.004947955,-0.0029004123,atac10k
0.004978252,0.002554787,atac10k
0.0049204975,-0.0035631896,atac10k
0.004948078,-0.0040306803,atac10k
0.0049777,0.0031298008,atac10k
0.0049785976,0.0018628078,atac10k
0.004977267,0.0036977998,atac10k
0.004948593,-0.0035126712,atac10k
0.0049787387,0.0018419506,atac10k
0.004943235,-0.004893393,atac10k
0.004948487,-0.0034925512,atac10k
0.0049779024,0.002640344,atac10k
0.00497763,0.0032382011,atac10k
0.004947913,-0.0041434085,atac10k
0.0049164733,-0.0038918126,atac10k
0.004978393,0.0023620492,atac10k
0.0049787876,0.0016051007,atac10k
0.0049549136,3.5489695e-05,atac10k
0.0049486663,-0.0028730899,atac10k
0.004978717,0.0016455451,atac10k
0.004946887,-0.0032833715,atac10k
0.0049785795,0.0020162254,atac10k
0.00497843,0.003950873,atac10k
0.004950787,-0.0023227893,atac10k
0.0049781394,0.0028162946,atac10k
0.0049472926,-0.0026583967,atac10k
0.004947066,-0.0028494864,atac10k
0.0049789557,0.0014538735,atac10k
0.0049485513,-0.0035364933,atac10k
0.0049486603,-0.0031522487,atac10k
0.0049785795,0.0019374404,atac10k
0.004913555,-0.0042208647,atac10k
0.0049786544,0.0019457409,atac10k
0.004976669,0.00081566744,atac10k
0.0049784477,0.001744747,atac10k
0.004908048,-0.0006360326,atac10k
0.004978053,0.0025482634,atac10k
0.0049775955,0.0019532004,atac10k
0.004978577,0.0019293587,atac10k
0.004951337,-0.0026006757,atac10k
0.0049781557,0.002474082,atac10k
0.0049787615,0.0016667304,atac10k
0.004948361,-0.0033464672,atac10k
0.0049783485,0.0021919084,atac10k
0.004978549,0.0019455581,atac10k
0.004913503,-0.004149331,atac10k
0.0049480074,-0.0036797854,atac10k
0.0049787397,0.003974652,atac10k
0.0049778786,0.0029218232,atac10k
0.004978183,0.002060118,atac10k
0.0049784943,0.0021471386,atac10k
0.0049786037,0.0017937502,atac10k
0.0049779364,0.0029098282,atac10k
0.004977936,0.0044240137,atac10k
0.0049783713,0.002161891,atac10k
0.0049471017,-0.0029398126,atac10k
0.0049766125,0.0014710553,atac10k
0.0049790083,0.0014896463,atac10k
0.0049784766,0.0015012308,atac10k
0.0049470337,-0.0026827855,atac10k
0.0049786535,0.0020177148,atac10k
0.0049777506,0.0030503229,atac10k
0.0049785203,0.0013959378,atac10k
0.0049779806,0.0028333517,atac10k
0.0049475557,-0.0025861838,atac10k
0.0049780337,0.0017894504,atac10k
0.0049466053,-0.0034855173,atac10k
0.004945524,-0.004633327,atac10k
0.0049774884,0.0033219731,atac10k
0.004948325,-0.0052224365,atac10k
0.0049755303,0.0018373076,atac10k
0.004977885,0.0029414147,atac10k
0.0049471534,-0.0028939503,atac10k
0.00497838,0.0018799839,atac10k
0.00494881,-0.004928987,atac10k
0.0049482407,-0.003237791,atac10k
0.0049766973,0.003002211,atac10k
0.004978425,0.001979271,atac10k
0.0049776426,0.0030864428,atac10k
0.0049477634,-0.0041374224,atac10k
0.0049475203,-0.0029701018,atac10k
0.0049780267,0.002434442,atac10k
0.004946861,-0.0031546445,atac10k
0.0049470062,-0.0028979958,atac10k
0.004978779,0.0017279495,atac10k
0.0049311295,-0.0047057513,atac10k
0.0049463795,-0.0034868685,atac10k
0.0049274596,-0.0037081458,atac10k
0.004978467,0.001808382,atac10k
0.004927565,-0.0035419865,atac10k
0.004980118,0.004533847,atac10k
0.004978163,0.0025464373,atac10k
0.00497836,0.0027403242,atac10k
0.0049786614,0.0018104531,atac10k
0.0049785078,0.0019715563,atac10k
0.0049785343,0.0020041391,atac10k
0.0049765375,0.0039386707,atac10k
0.0049794074,0.0028175598,atac10k
0.0049767084,0.0022892472,atac10k
0.0049482766,-0.0026086236,atac10k
0.004979535,0.0022489824,atac10k
0.0049582357,-0.0011470098,atac10k
0.004947987,-0.002783056,atac10k
0.0049786675,0.0019979589,atac10k
0.0049778847,0.00295478,atac10k
0.0049787597,0.0015876219,atac10k
0.0049778335,0.003027822,atac10k
0.004975153,0.0014592678,atac10k
0.0049783075,0.0024695485,atac10k
0.004978393,0.0020261647,atac10k
0.0049761394,0.0028891123,atac10k
0.004978821,0.0016153194,atac10k
0.004978524,0.00162449,atac10k
0.004977538,0.0033446047,atac10k
0.0049785576,0.0016250606,atac10k
0.0049774447,0.003661237,atac10k
0.0049467143,-0.0014295059,atac10k
0.004977494,0.003204107,atac10k
0.0049189036,-0.0049847164,atac10k
0.004978456,0.0020125532,atac10k
0.0049776873,0.0030175364,atac10k
0.004976192,0.0034081847,atac10k
0.004978408,0.001686494,atac10k
0.004977901,0.0025587662,atac10k
0.0049770963,0.0040197927,atac10k
0.0049782144,0.0023933346,atac10k
0.0049561127,-0.003250573,atac10k
0.0049485266,-0.0032128647,atac10k
0.0049482435,-0.003933825,atac10k
0.004978373,0.0021896022,atac10k
0.004915171,-0.0042096884,atac10k
0.0049478924,-0.003104495,atac10k
0.004947501,-0.00314484,atac10k
0.0049734847,0.00033783782,atac10k
0.004947506,-0.0036802143,atac10k
0.0049787643,0.0016852666,atac10k
0.004946568,-0.0033058054,atac10k
0.004944628,-0.004977919,atac10k
0.004947212,-0.0028949422,atac10k
0.004946549,-0.0027478905,atac10k
0.0049777436,0.0030937013,atac10k
0.00497757,0.003053676,atac10k
0.004978649,0.0018230209,atac10k
0.004946904,-0.0030221608,atac10k
0.0049265004,-0.0042031067,atac10k
0.0049778465,0.0019222744,atac10k
0.0049219653,-0.0038177692,atac10k
0.0049748793,0.001799823,atac10k
0.0049148644,-0.004311435,atac10k
0.004915151,-0.004370052,atac10k
0.00494662,-0.0030057041,atac10k
0.004946557,-0.0031099198,atac10k
0.0049775266,0.0032086947,atac10k
0.0049779476,0.00289379,atac10k
0.004928692,-0.003631636,atac10k
0.0049775066,0.0020661126,atac10k
0.0049477527,-0.0039831004,atac10k
0.0049765455,0.0039208606,atac10k
0.0049465518,-0.0032498196,atac10k
0.0049773185,0.0035622625,atac10k
0.004946813,-0.0030192686,atac10k
0.00494881,-0.003985293,atac10k
0.0049785054,0.0020322849,atac10k
0.0049783695,0.0022732802,atac10k
0.00497931,0.003386455,atac10k
0.004974237,0.0020086933,atac10k
0.0049787886,0.0013003789,atac10k
0.0049777348,0.002971375,atac10k
0.004961496,-0.0009774137,atac10k
0.004977763,0.0030565616,atac10k
0.004975356,0.0032726915,atac10k
0.004978683,0.0012593401,atac10k
0.004916623,-0.004302592,atac10k
0.0049736896,-0.0006641045,atac10k
0.004947059,-0.003006976,atac10k
0.004948034,-0.0049401284,atac10k
0.004977872,0.0028520112,atac10k
0.0049781753,0.002276388,atac10k
0.004946407,-0.0028053632,atac10k
0.00495099,-0.00316091,atac10k
0.004978484,0.0013504777,atac10k
0.0049129315,-0.003269817,atac10k
0.0049470165,-0.002822311,atac10k
0.004949764,-0.0045482796,atac10k
0.00494803,-0.0030117992,atac10k
0.0049610995,0.0012325544,atac10k
0.004977597,0.0040095765,atac10k
0.0049785473,0.0020642292,atac10k
0.004975928,0.0019327038,atac10k
0.004947071,-0.0037620307,atac10k
0.0049776006,0.003244127,atac10k
0.004951113,-0.0028522727,atac10k
0.0049465015,-0.0038841818,atac10k
0.0049487264,-0.0032518723,atac10k
0.004978846,0.001724137,atac10k
0.0049554217,-0.001255012,atac10k
0.004913054,-0.0037148453,atac10k
0.0049476023,-0.003335615,atac10k
0.0049779364,0.002660176,atac10k
0.0049773254,0.0039345194,atac10k
0.004976942,0.0023387712,atac10k
0.0049460465,-0.0026825315,atac10k
0.0049784956,0.001911615,atac10k
0.0049783667,0.0022806423,atac10k
0.0049471916,-0.0038737033,atac10k
0.004977457,0.0034494952,atac10k
0.004948025,-0.0041853343,atac10k
0.004925835,-0.005084523,atac10k
0.0049787355,0.0013524769,atac10k
0.004977393,0.0034512815,atac10k
0.004978573,0.0018685125,atac10k
0.0049779206,0.0027443809,atac10k
0.0049476954,-0.00541383,atac10k
0.0049783937,0.001379366,atac10k
0.004978775,0.001627809,atac10k
0.0049786414,0.0019316135,atac10k
0.0049783206,0.0023040676,atac10k
0.0049773264,0.0034934052,atac10k
0.0049785436,0.0019197619,atac10k
0.004977392,0.0016716566,atac10k
0.0049782023,0.0024679212,atac10k
0.0049580387,-0.0012434318,atac10k
0.0049783695,0.0019455696,atac10k
0.004977423,0.0034032252,atac10k
0.004977835,0.002833631,atac10k
0.0049471036,-0.0030801801,atac10k
0.004977641,0.0031980923,atac10k
0.004978295,0.0023377077,atac10k
0.0049496084,-0.0040718983,atac10k
0.00494628,-0.0030904792,atac10k
0.0049469257,-0.0033814774,atac10k
0.0049775895,0.0032879778,atac10k
0.004946333,-0.003195459,atac10k
0.004978708,0.0012377801,atac10k
0.004946893,-0.0028689194,atac10k
0.0049771336,0.0038442465,atac10k
0.004974894,0.0015965306,atac10k
0.0049767704,0.0034993503,atac10k
0.004978803,0.0017353465,atac10k
0.0049776947,0.0030115538,atac10k
0.0049777487,0.0030647754,atac10k
0.004978435,0.00215267,atac10k
0.0049790135,0.0018892541,atac10k
0.004945859,-0.0038018029,atac10k
0.0049773497,0.0036467803,atac10k
0.0049448987,-0.0048102494,atac10k
0.0049773986,0.0017250302,atac10k
0.0049771587,0.0040412648,atac10k
0.0049783974,0.0025167507,atac10k
0.0049767545,0.0023135322,atac10k
0.0049145934,-0.004190018,atac10k
0.0049475324,-0.004266752,atac10k
0.0049773897,0.0035961675,atac10k
0.004948331,-0.0031766521,atac10k
0.0049764216,0.0011556189,atac10k
0.004947185,-0.0029195931,atac10k
0.004978229,0.0024557605,atac10k
0.004977733,0.0029380675,atac10k
0.004913121,-0.004179247,atac10k
0.0049765278,0.0017556894,atac10k
0.004978791,0.0017360139,atac10k
0.0049775,0.0019910675,atac10k
0.004978385,0.0028432338,atac10k
0.004946032,-0.005634947,atac10k
0.0049788454,0.0017724738,atac10k
0.0049477806,-0.0029575613,atac10k
0.0049786703,0.0018861396,atac10k
0.0049485234,-0.0023918166,atac10k
0.0049467436,-0.0026454336,atac10k
0.0049701985,0.0015297781,atac10k
0.004977427,0.0034226829,atac10k
0.00495994,-0.00073377584,atac10k
0.004978546,0.0019127337,atac10k
0.004978181,0.0017744476,atac10k
0.004959653,-0.0011472449,atac10k
0.00497872,0.0016046144,atac10k
0.00494777,-0.003259544,atac10k
0.004971588,-0.00047079983,atac10k
0.0049784095,0.0018988255,atac10k
0.004978308,0.0023093296,atac10k
0.0049788835,0.001599323,atac10k
0.004976887,0.0018378692,atac10k
0.004933545,-0.0037676892,atac10k
0.0049163504,-0.004374213,atac10k
0.004977666,0.0031837197,atac10k
0.004952304,-0.0021865135,atac10k
0.00497257,0.0013893766,atac10k
0.0049787713,0.00172276,atac10k
0.004978314,0.0022984687,atac10k
0.004977268,0.0036167884,atac10k
0.004946678,-0.0026325902,atac10k
0.0049776617,0.0030766379,atac10k
0.0049778926,0.0027713373,atac10k
0.0049135275,-0.00464805,atac10k
0.0049465834,-0.0033108417,atac10k
0.0049481983,-0.00417183,atac10k
0.004976844,0.002397802,atac10k
0.004977656,0.002896047,atac10k
0.00497803,0.002582577,atac10k
0.004978311,0.0022056825,atac10k
0.0049468046,-0.004011949,atac10k
0.004978703,0.0015338137,atac10k
0.004978103,0.0027042334,atac10k
0.0049781604,0.002664801,atac10k
0.004952783,-0.004527191,atac10k
0.0049165008,-0.0038184447,atac10k
0.0049492656,-0.0014700006,atac10k
0.0049769473,0.0020877453,atac10k
0.0049142567,-0.003911965,atac10k
0.0049782693,0.0020998649,atac10k
0.0049210344,-0.0036425847,atac10k
0.004982733,0.002730204,atac10k
0.0049784654,0.001616024,atac10k
0.004976782,0.0018027264,atac10k
0.004946634,-0.0035456053,atac10k
0.0049788733,0.0015926736,atac10k
0.0049786046,0.0018913825,atac10k
0.004977402,0.0034172842,atac10k
0.0049477764,-0.0047682086,atac10k
0.0049786586,0.0016818733,atac10k
0.0049779937,0.0026496039,atac10k
0.004979035,0.0014046978,atac10k
0.0049785483,0.0020764344,atac10k
0.0049464293,-0.0030256365,atac10k
0.0049783327,0.0022904354,atac10k
0.0049774405,0.0034309311,atac10k
0.0049764025,0.0016753735,atac10k
0.0049472963,-0.002744655,atac10k
0.004978629,0.0018830918,atac10k
0.0049780863,0.002577742,atac10k
0.004948143,-0.0028068891,atac10k
0.0049784956,0.002132386,atac10k
0.0049544764,-0.00047688963,atac10k
0.004978856,0.002697669,atac10k
0.0049776444,0.00314324,atac10k
0.0049753315,0.0039505926,atac10k
0.0049775536,0.0021499363,atac10k
0.0049777008,0.0030716595,atac10k
0.0049780277,0.002794353,atac10k
0.0049781636,0.0023821436,atac10k
0.00497858,0.001918355,atac10k
0.004977191,0.002003241,atac10k
0.0049485024,-0.0024899319,atac10k
0.004977976,0.002815948,atac10k
0.004978471,0.0021323108,atac10k
0.0049770507,0.0037661302,atac10k
0.004946356,-0.0029404939,atac10k
0.004978339,0.0020151043,atac10k
0.0049473066,-0.0030784607,atac10k
0.0049475892,-0.0026629139,atac10k
0.004977632,0.0029719484,atac10k
0.004978253,0.0023973535,atac10k
0.0049776547,0.003122593,atac10k
0.004976395,0.0015882929,atac10k
0.0049776677,0.0031372404,atac10k
0.0049560717,-0.0020584033,atac10k
0.0049470016,-0.0040697996,atac10k
0.004978355,0.0021076775,atac10k
0.004946794,-0.0035433879,atac10k
0.004978779,0.0014845541,atac10k
0.004978623,0.0019012317,atac10k
0.0049478905,-0.003253852,atac10k
0.004977694,0.0019498549,atac10k
0.004946528,-0.0029660612,atac10k
0.0049783625,0.0022075241,atac10k
0.004977304,0.003596711,atac10k
0.0049440577,-0.0047428138,atac10k
0.004968009,0.0012925041,atac10k
0.00497844,0.0016364239,atac10k
0.004944409,-0.0046734423,atac10k
0.0049789213,0.0013688618,atac10k
0.004978336,0.0021855128,atac10k
0.004978259,0.0024317026,atac10k
0.0049359603,-0.0024730994,atac10k
0.004977252,0.003829982,atac10k
0.0049141506,-0.0040099467,atac10k
0.0049782977,0.0022978496,atac10k
0.004978798,0.0020381177,atac10k
0.0049473443,-0.004419822,atac10k
0.0049782675,0.0024305629,atac10k
0.004978136,0.0025198516,atac10k
0.0049238666,-0.0036986596,atac10k
0.004946743,-0.0035635815,atac10k
0.004945999,-0.0032828469,atac10k
0.0049787015,0.0016189539,atac10k
0.0049777776,0.0030575658,atac10k
0.0049482477,-0.0035901451,atac10k
0.004977827,0.0021837351,atac10k
0.0049469927,-0.0025395749,atac10k
0.0049785897,0.001990673,atac10k
0.004948983,-0.0041873,atac10k
0.004956677,-0.0013762151,atac10k
0.004977925,0.004813778,atac10k
0.004974807,0.0018622265,atac10k
0.0049785376,0.001804358,atac10k
0.00497845,0.0020651312,atac10k
0.0049779387,0.002947419,atac10k
0.0049789483,0.0012724894,atac10k
0.0049784784,0.0020645172,atac10k
0.004947592,-0.0028492918,atac10k
0.004978604,0.0018657759,atac10k
0.0049780873,0.0025973583,atac10k
0.004978035,0.0023717463,atac10k
0.004945907,-0.0028775425,atac10k
0.0049463892,-0.0041245217,atac10k
0.0049467916,-0.0033218933,atac10k
0.0049358276,-0.0032860825,atac10k
0.0049481606,-0.002827362,atac10k
0.004978014,0.0027336197,atac10k
0.004978492,0.0020239681,atac10k
0.0049767536,0.0019107958,atac10k
0.0049287817,-0.0058720508,atac10k
0.0049467455,-0.0027639745,atac10k
0.0049332594,-0.0043297126,atac10k
0.0049772006,0.005884899,atac10k
0.0049774623,0.0033773119,atac10k
0.0049780807,0.0025908116,atac10k
0.0049789147,0.0016184837,atac10k
0.0049482593,-0.0035615806,atac10k
0.004977958,0.0025640905,atac10k
0.004943127,-0.006490248,atac10k
0.0049543865,-0.0031086018,atac10k
0.0049789646,0.0031600092,atac10k
0.0049538943,-0.0021930875,atac10k
0.0049790083,0.001664087,atac10k
0.0049774935,0.0022397062,atac10k
0.004946875,-0.002992885,atac10k
0.0049760216,0.0022585196,atac10k
0.0049478407,-0.002629558,atac10k
0.004969498,0.00108674,atac10k
0.0049789986,0.0019075229,atac10k
0.0049786493,0.0019022154,atac10k
0.0049275057,-0.0036484557,atac10k
0.0049464507,-0.0038271567,atac10k
0.0049774125,0.0032952866,atac10k
0.004947741,-0.0047570225,atac10k
0.0049467175,-0.0042688497,atac10k
0.004947774,-0.0030724609,atac10k
0.0049477434,-0.0041993647,atac10k
0.0049487166,-0.0044300905,atac10k
0.004976626,0.0016270408,atac10k
0.0049568894,-0.0013032572,atac10k
0.0049488223,-0.0042612697,atac10k
0.0049788407,0.0016823449,atac10k
0.0049782316,0.0018530368,atac10k
0.004977579,0.0030548016,atac10k
0.004977073,0.0039863214,atac10k
0.004952264,-0.0024878657,atac10k
0.004948101,-0.0036684645,atac10k
0.004945751,-0.003533191,atac10k
0.0049785366,0.0017364197,atac10k
0.0049780495,0.0026307697,atac10k
0.00494733,-0.0031223604,atac10k
0.004964322,0.0003570239,atac10k
0.0049782847,0.0025181863,atac10k
0.0049774437,0.0033793948,atac10k
0.004946561,-0.003822523,atac10k
0.0049471124,-0.005575127,atac10k
0.0049470267,-0.0033410443,atac10k
0.004947433,-0.0040562446,atac10k
0.0049785287,0.0019672306,atac10k
0.004978001,0.00240449,atac10k
0.0049779722,0.002782186,atac10k
0.0049468046,-0.003592964,atac10k
0.0049787215,0.001529765,atac10k
0.0049783597,0.0021275163,atac10k
0.004929607,-0.0044845524,atac10k
0.004978797,0.0017434495,atac10k
0.0049477243,-0.0030595413,atac10k
0.00494654,-0.0028398386,atac10k
0.004948403,-0.0036886411,atac10k
0.0049143755,-0.0050335266,atac10k
0.004950203,-0.0039318153,atac10k
0.0049792523,0.008385154,atac10k
0.0049787476,0.0019327519,atac10k
0.004978796,0.0017384797,atac10k
0.004947121,-0.0030968788,atac10k
0.004978124,0.0025087472,atac10k
0.0049466556,-0.002646705,atac10k
0.0049777534,0.002994746,atac10k
0.004977239,0.0034869914,atac10k
0.0049778493,0.002787501,atac10k
0.00497635,0.0025214246,atac10k
0.0049778526,0.0028139348,atac10k
0.004946794,-0.0029579524,atac10k
0.0049787015,0.0016711951,atac10k
0.004928245,-0.0045645377,atac10k
0.004948844,-0.0031194824,atac10k
0.004977824,0.0028982956,atac10k
0.004936904,-0.004572162,atac10k
0.0049785287,0.0020223288,atac10k
0.004978047,0.0026753352,atac10k
0.004978737,0.0018568488,atac10k
0.0049484307,-0.0026163114,atac10k
0.0049786735,0.001326606,atac10k
0.0049790232,0.0014493332,atac10k
0.004948057,-0.0030451876,atac10k
0.004978159,0.0027202812,atac10k
0.0049469755,-0.002886872,atac10k
0.0049784444,0.0019391704,atac10k
0.0049423547,-0.004163265,atac10k
0.0049775555,0.003403158,atac10k
0.004978882,0.0017233914,atac10k
0.0049775373,0.003187736,atac10k
0.0049482426,-0.0043961764,atac10k
0.00494904,-0.004031372,atac10k
0.004946825,-0.0031107431,atac10k
0.004948574,0.002475313,atac10k
0.0049461545,-0.0030272664,atac10k
0.0049466407,-0.0035859316,atac10k
0.0049782433,0.0024354192,atac10k
0.0049779625,0.00274021,atac10k
0.004912976,-0.0037652762,atac10k
0.0049778493,0.0027283463,atac10k
0.004977343,0.0033300344,atac10k
0.004977596,0.0031571835,atac10k
0.0049758744,0.0017094209,atac10k
0.0049744323,0.0050222417,atac10k
0.004978276,0.001986227,atac10k
0.004978621,0.0018406891,atac10k
0.00497826,0.0023094467,atac10k
0.0049492805,-0.0043213745,atac10k
0.0049478225,-0.002399783,atac10k
0.004978703,0.0013161924,atac10k
0.0049784924,0.0018045154,atac10k
0.004953483,-0.0016587724,atac10k
0.0049512903,-0.003492554,atac10k
0.0049787355,0.0017590765,atac10k
0.004978168,0.0024371864,atac10k
0.0049783997,0.0017507595,atac10k
0.004977361,0.0018631428,atac10k
0.004947454,-0.0033558172,atac10k
0.0049789976,0.0016727145,atac10k
0.004978361,0.0021387145,atac10k
0.004977551,0.003286624,atac10k
0.0049483534,-0.004365632,atac10k
0.0049465448,-0.003387565,atac10k
0.0049171154,-0.00447917,atac10k
0.0049778926,0.002877752,atac10k
0.0049786544,0.0014460763,atac10k
0.004949012,-0.00479314,atac10k
0.0049786144,0.0014304097,atac10k
0.004946193,-0.004343857,atac10k
0.004978133,0.0015750972,atac10k
0.0049784863,0.0021204571,atac10k
0.004978339,0.0022043458,atac10k
0.004950967,-0.0039754235,atac10k
0.004947603,-0.005354349,atac10k
0.004977352,0.0031636497,atac10k
0.00494645,-0.0024945114,atac10k
0.0049786842,0.0018106892,atac10k
0.004947304,-0.0029694503,atac10k
0.0049132886,-0.0039744684,atac10k
0.0049784305,0.0020523518,atac10k
0.0049790074,0.0016079738,atac10k
0.0049472544,-0.002843694,atac10k
0.004978984,0.0015589028,atac10k
0.0049787867,0.0016135109,atac10k
0.004978259,0.0024494182,atac10k
0.004978257,0.0014946213,atac10k
0.004913449,-0.0037579043,atac10k
0.004948545,-0.002975033,atac10k
0.00497834,0.0022710813,atac10k
0.004968628,0.0030800318,atac10k
0.004978944,0.0015564348,atac10k
0.0049472596,-0.0025674703,atac10k
0.0049786675,0.0018561869,atac10k
0.0049779247,0.0026215734,atac10k
0.0049780034,0.0025668642,atac10k
0.004977869,0.002980624,atac10k
0.0049766223,0.0017533014,atac10k
0.0049784128,0.001859136,atac10k
0.004978463,0.0016894817,atac10k
0.004977884,0.0027753136,atac10k
0.0049788607,0.0017004655,atac10k
0.0049454216,-0.003107588,atac10k
0.0049733925,0.004832418,atac10k
0.004976886,0.0015348267,atac10k
0.004978437,0.0020264867,atac10k
0.004977806,0.0027934974,atac10k
0.0049788966,0.001374641,atac10k
0.004977819,0.0030096602,atac10k
0.0049183583,-0.003802275,atac10k
0.004978242,0.002516896,atac10k
0.0049466765,-0.0033942035,atac10k
0.004913965,-0.0047877757,atac10k
0.004946823,-0.0032796122,atac10k
0.0049787997,0.0018489646,atac10k
0.004977699,0.0031106304,atac10k
0.004929899,-0.0051728496,atac10k
0.0049460805,-0.0048297616,atac10k
0.004946884,-0.002637496,atac10k
0.0049786037,0.0018860362,atac10k
0.0049125254,-0.0036215538,atac10k
0.004978676,0.0014168124,atac10k
0.0049791173,0.0019197749,atac10k
0.0049666483,0.00070753193,atac10k
0.0049460656,-0.0050398316,atac10k
0.0049772123,0.0020504766,atac10k
0.0049484866,-0.0039751893,atac10k
0.0049787653,0.0019818335,atac10k
0.0049779173,0.0016035264,atac10k
0.0049775625,0.0033166548,atac10k
0.0049481783,-0.0029784678,atac10k
0.004978375,0.002165901,atac10k
0.004958669,-0.00026577746,atac10k
0.00497864,0.0017422264,atac10k
0.0049781846,0.0024409671,atac10k
0.004947214,-0.0030257753,atac10k
0.00497852,0.0021247054,atac10k
0.0049789706,0.0016372722,atac10k
0.0049786055,0.0018323094,atac10k
0.004945789,-0.0029621257,atac10k
0.004946745,-0.0032189088,atac10k
0.004977804,0.0017002663,atac10k
0.0049777087,0.0031112963,atac10k
0.004978712,0.0017369641,atac10k
0.0049778894,0.0025649131,atac10k
0.0049782083,0.0024498834,atac10k
0.0049469164,-0.0038142912,atac10k
0.004946359,-0.0031643573,atac10k
0.004947661,-0.003672401,atac10k
0.0049649193,0.0003827357,atac10k
0.004949893,-0.0020994977,atac10k
0.0049518314,-0.0037551783,atac10k
0.004946324,-0.0036414277,atac10k
0.0049784314,0.0016496121,atac10k
0.0049786195,0.0018877252,atac10k
0.0049726283,0.0015563787,atac10k
0.004947559,-0.002443778,atac10k
0.004946869,-0.0027765378,atac10k
0.004977297,0.003913502,atac10k
0.004978915,0.0016427576,atac10k
0.004976676,0.004029398,atac10k
0.0049773194,0.0035952139,atac10k
0.0049777743,0.0037383994,atac10k
0.004947402,-0.003149233,atac10k
0.0049278224,-0.003938721,atac10k
0.0049132085,-0.0039660544,atac10k
0.0049777087,0.0030200263,atac10k
0.004953197,-0.0036592265,atac10k
0.0049469294,-0.0032204376,atac10k
0.004976586,0.0021100014,atac10k
0.0049215993,-0.0041414103,atac10k
0.004946627,-0.0037296703,atac10k
0.00494754,-0.0027884957,atac10k
0.0049788174,0.0017534588,atac10k
0.0049782665,0.0024248313,atac10k
0.0049775844,0.00324597,atac10k
0.004978471,0.0021358563,atac10k
0.0049789874,0.0015974808,atac10k
0.0049495557,-0.0009895538,atac10k
0.00497896,0.0027100625,atac10k
0.0049125007,-0.0038632236,atac10k
0.004978706,0.0017678856,atac10k
0.0049784463,0.0021628686,atac10k
0.0049787075,0.0019028833,atac10k
0.004946762,-0.0047269883,atac10k
0.004978516,0.0015204357,atac10k
0.004948616,-0.002997928,atac10k
0.0049504936,-0.004020538,atac10k
0.0049486584,-0.004287558,atac10k
0.00497861,0.0015687591,atac10k
0.004978578,0.0019702176,atac10k
0.004914327,-0.004084961,atac10k
0.0049487124,-0.003954159,atac10k
0.0049550757,0.003787008,atac10k
0.004946716,-0.003128193,atac10k
0.004978808,0.001995167,atac10k
0.0049789976,0.0029020326,atac10k
0.0049142893,-0.004123138,atac10k
0.004977594,0.002167097,atac10k
0.004978217,0.0025766827,atac10k
0.004946619,-0.0031823057,atac10k
0.004978157,0.0021876502,atac10k
0.004947016,-0.0038116835,atac10k
0.0049783424,0.0020762149,atac10k
0.0049778214,0.002882451,atac10k
0.00494926,-0.0027732349,atac10k
0.0049749156,0.0021434058,atac10k
0.0049787983,0.0015597712,atac10k
0.0049784356,0.002279938,atac10k
0.004978491,0.0027905775,atac10k
0.0049481923,-0.003669109,atac10k
0.0049465327,-0.0035949633,atac10k
0.0049783327,0.002264422,atac10k
0.0049444693,-0.0052182116,atac10k
0.004947048,-0.0050129076,atac10k
0.0049785725,0.001882391,atac10k
0.004978922,0.0016789564,atac10k
0.0049783993,0.0019471983,atac10k
0.004960184,-0.0006663559,atac10k
0.0049473126,-0.0027463187,atac10k
0.004974045,0.0016213797,atac10k
0.004978637,0.0018240287,atac10k
0.004978297,0.0023921856,atac10k
0.004947678,-0.0033286284,atac10k
0.0049470672,-0.003007144,atac10k
0.004978917,0.0013420477,atac10k
0.0049776956,0.0031492773,atac10k
0.004977427,0.0031559377,atac10k
0.0049767005,0.002776861,atac10k
0.0049770786,0.0030738672,atac10k
0.0049786996,0.0018095309,atac10k
0.0049782502,0.002396517,atac10k
0.004978266,0.002014847,atac10k
0.004978711,0.0018237946,atac10k
0.0049476256,-0.0005320804,atac10k
0.004978269,0.0023036022,atac10k
0.004978562,0.0019616347,atac10k
0.0049137273,-0.004522828,atac10k
0.0049770307,0.0021936821,atac10k
0.0049786353,0.0016944036,atac10k
0.0049787117,0.0017658122,atac10k
0.004947836,-0.0025930195,atac10k
0.004977973,0.002465337,atac10k
0.004912935,-0.0036259915,atac10k
0.004974123,0.001184219,atac10k
0.004976155,0.0022099721,atac10k
0.004978126,0.0021168636,atac10k
0.0049765757,0.0022316696,atac10k
0.004978768,0.0019578524,atac10k
0.0049771443,0.0035876485,atac10k
0.0049783248,0.0023153038,atac10k
0.00497856,0.0015075101,atac10k
0.0049479636,-0.0035274173,atac10k
0.00494786,-0.003075902,atac10k
0.004978615,0.0018551738,atac10k
0.004948387,-0.00493911,atac10k
0.0049788137,0.0016512263,atac10k
0.004978154,0.0025507982,atac10k
0.0049482784,-0.0032157248,atac10k
0.004948471,-0.0038386856,atac10k
0.0049465587,-0.0038351484,atac10k
0.004978725,0.0019103333,atac10k
0.0049642795,-0.0043552243,atac10k
0.0049785962,0.0018894875,atac10k
0.00497876,0.001729976,atac10k
0.0049783415,0.002298081,atac10k
0.0049783643,0.0021570805,atac10k
0.0049468856,-0.0038820796,atac10k
0.0049472954,-0.0036419749,atac10k
0.0049783066,0.0022792572,atac10k
0.0049783913,0.0020029014,atac10k
0.004947708,-0.0044364305,atac10k
0.00494631,-0.003259563,atac10k
0.004948386,-0.0055006803,atac10k
0.0049783024,0.0017704988,atac10k
0.004978151,0.0025743374,atac10k
0.004977501,0.0034485806,atac10k
0.004978428,0.0020574387,atac10k
0.004977888,0.0028651627,atac10k
0.0049785324,0.0018732947,atac10k
0.004978281,0.0023359922,atac10k
0.004947588,-0.0026219473,atac10k
0.0049470593,-0.0053492207,atac10k
0.004977174,0.0040399637,atac10k
0.0049556424,-0.0013035366,atac10k
0.004978127,0.001965467,atac10k
0.0049779536,0.002650194,atac10k
0.004948018,-0.0054933876,atac10k
0.0049784128,0.0022665816,atac10k
0.0049782484,0.0017525732,atac10k
0.0049469667,-0.00410224,atac10k
0.0049784854,0.0021447074,atac10k
0.0049786917,0.0015452668,atac10k
0.0049483646,-0.0025017227,atac10k
0.0049467683,-0.004354841,atac10k
0.0049784686,0.0022243708,atac10k
0.0049785078,0.00203017,atac10k
0.004978755,0.0017086659,atac10k
0.004948058,-0.0031377268,atac10k
0.004945332,-0.004930205,atac10k
0.0049518426,-0.0047314055,atac10k
0.004978671,0.0017416669,atac10k
0.00497751,0.003182786,atac10k
0.0049479646,-0.00277456,atac10k
0.0049783303,0.0021795472,atac10k
0.0049456484,-0.0033424676,atac10k
0.0049466393,-0.003540308,atac10k
0.004978223,0.00252208,atac10k
0.004915413,-0.0031716551,atac10k
0.0049783285,0.002226143,atac10k
0.0049484805,-0.0042014574,atac10k
0.0049785115,0.0019076938,atac10k
0.004978719,0.0015738909,atac10k
0.0049779993,0.0025369036,atac10k
0.0049131922,-0.004262616,atac10k
0.0049480763,-0.004165809,atac10k
0.0049759005,0.0006922669,atac10k
0.004978578,0.0017894884,atac10k
0.004946766,-0.0035634106,atac10k
0.00497799,0.0027427664,atac10k
0.0049466235,-0.0038265355,atac10k
0.0049788593,0.0014905401,atac10k
0.004978312,0.0020751148,atac10k
0.0049776156,0.0032446007,atac10k
0.004947246,-0.0027974206,atac10k
0.004978486,0.0021063597,atac10k
0.004946877,-0.0030211012,atac10k
0.0049784947,0.0022000296,atac10k
0.0049466896,-0.0033476634,atac10k
0.0049577756,-0.0061662747,atac10k
0.004975739,0.0016736799,atac10k
0.004978323,0.0022536146,atac10k
0.004933742,-0.00518175,atac10k
0.0049468605,-0.0035870518,atac10k
0.0049762228,-0.0010191005,atac10k
0.0049482468,-0.0016053364,atac10k
0.004912655,-0.0032654528,atac10k
0.004924362,-0.0041118953,atac10k
0.0049786535,0.0017519261,atac10k
0.004978528,0.0019910901,atac10k
0.0049707387,0.00038505075,atac10k
0.0049498193,-0.0035638511,atac10k
0.0049470533,-0.0043216306,atac10k
0.0049755815,0.0018723266,atac10k
0.004948497,-0.0042508403,atac10k
0.0049137627,-0.004389792,atac10k
0.004977617,0.003230983,atac10k
0.004978426,0.0020950343,atac10k
0.0049789683,0.0014813989,atac10k
0.0049774726,0.0033906843,atac10k
0.0049788766,0.001809343,atac10k
0.0049493588,-0.0039164284,atac10k
0.004978671,0.0017321318,atac10k
0.0049475366,-0.0046515707,atac10k
0.0049507725,-0.0027856452,atac10k
0.0049466407,-0.003697891,atac10k
0.0049788184,0.0016237209,atac10k
0.0049761287,0.0023080478,atac10k
0.004978765,0.0020731795,atac10k
0.0049785073,0.0018368975,atac10k
0.0049788775,0.0014367687,atac10k
0.0049787117,0.0019720888,atac10k
0.004977987,0.0030992713,atac10k
0.004947493,-0.0035809735,atac10k
0.0049528694,-0.00530573,atac10k
0.0049786405,0.0018030525,atac10k
0.004979052,0.0014545468,atac10k
0.0049784323,0.002070744,atac10k
0.0049778335,0.0025518863,atac10k
0.0049484055,-0.003041128,atac10k
0.004977404,0.0056978534,atac10k
0.0049782693,0.002398624,atac10k
0.0049479646,-0.0031126756,atac10k
0.004978611,0.0018232265,atac10k
0.0049453024,-0.0029917874,atac10k
0.004957776,-0.0017001495,atac10k
0.004978827,0.0015542811,atac10k
0.0049783927,0.0018764517,atac10k
0.004946862,-0.002731247,atac10k
0.004978339,0.0022914752,atac10k
0.0049755434,0.0044484115,atac10k
0.004946932,-0.0036449067,atac10k
0.0049786954,0.0017401745,atac10k
0.0049462155,-0.0029573299,atac10k
0.004947421,-0.0028273019,atac10k
0.0049789385,0.0015166303,atac10k
0.004978217,0.001772298,atac10k
0.0049438532,-0.0027851816,atac10k
0.004978492,0.0021259412,atac10k
0.0049164607,-0.0038468305,atac10k
0.004963595,0.0016220585,atac10k
0.0049784803,0.0020077564,atac10k
0.0049781953,0.0025708256,atac10k
0.00495197,-0.0025290668,atac10k
0.0049784435,0.0021021818,atac10k
0.0049278685,-0.0037452197,atac10k
0.004976915,0.003723994,atac10k
0.0049776477,0.0031201355,atac10k
0.0049788873,0.0016389586,atac10k
0.004913482,-0.0042777364,atac10k
0.0049468484,-0.0028333135,atac10k
0.0049784756,0.0016703192,atac10k
0.0049471287,-0.002639896,atac10k
0.004978707,0.0021228963,atac10k
0.0049772104,0.0039303256,atac10k
0.0049776523,0.003041483,atac10k
0.004946312,-0.0032001454,atac10k
0.0049784724,0.0019782598,atac10k
0.0049776738,0.003336702,atac10k
0.004978283,0.0026218165,atac10k
0.0049778544,0.0023050033,atac10k
0.0049464963,-0.003111121,atac10k
0.0049665915,0.0012165074,atac10k
0.004947005,-0.0028854054,atac10k
0.004947352,-0.0030590992,atac10k
0.0049784584,0.0032225028,atac10k
0.0049466775,-0.0035411674,atac10k
0.004944784,-0.004626252,atac10k
0.004978869,0.0018605905,atac10k
0.0049747154,0.0012234554,atac10k
0.00497834,0.001669664,atac10k
0.0049473094,-0.0046966495,atac10k
0.0049464074,-0.0030743731,atac10k
0.0049781078,0.0024109047,atac10k
0.0049485816,-0.0033455852,atac10k
0.0049461834,-0.0034001833,atac10k
0.0049465643,-0.002742956,atac10k
0.004946029,-0.002842963,atac10k
0.00497777,0.0029153717,atac10k
0.0049786246,0.0017854669,atac10k
0.0049469597,-0.003323249,atac10k
0.004978373,0.001837804,atac10k
0.004978711,0.0018807404,atac10k
0.00494691,-0.004225686,atac10k
0.004947511,-0.0016338277,atac10k
0.0049665375,-0.0007114459,atac10k
0.0049490477,-0.0028048435,atac10k
0.004977757,0.0018524762,atac10k
0.0049780514,0.0027611924,atac10k
0.004947673,-0.0029654629,atac10k
0.004946749,-0.0040383674,atac10k
0.004979001,0.0016093449,atac10k
0.0049363454,-0.0037644433,atac10k
0.0049479185,-0.0036907352,atac10k
0.0049469904,-0.002985743,atac10k
0.0049763992,0.0023474626,atac10k
0.0049779704,0.0027530035,atac10k
0.0049786237,0.0018247439,atac10k
0.004978433,0.0021245233,atac10k
0.004977816,0.002529217,atac10k
0.0049785264,0.001906726,atac10k
0.00497864,0.0019257574,atac10k
0.004977698,0.0031418751,atac10k
0.0049478975,-0.003066192,atac10k
0.004978047,0.0026017225,atac10k
0.0049770894,0.0043552583,atac10k
0.0049779955,0.0025974815,atac10k
0.004978183,0.0033825003,atac10k
0.004978898,0.0022352492,atac10k
0.004977738,0.0031070276,atac10k
0.004978788,0.0017277455,atac10k
0.0049790046,0.0014739087,atac10k
0.004978325,0.0019959053,atac10k
0.00497857,0.001693921,atac10k
0.0049788184,0.0016372092,atac10k
0.004948319,-0.0031742435,atac10k
0.0049786605,0.0018799112,atac10k
0.0049790354,0.0014820981,atac10k
0.0049767485,0.0024597226,atac10k
0.0049769017,0.0021011026,atac10k
0.0049481606,-0.0041602324,atac10k
0.0049121594,-0.00402089,atac10k
0.0049133394,-0.004325108,atac10k
0.0049775755,0.003311715,atac10k
0.0049457066,-0.0030504102,atac10k
0.004924193,-0.0033035495,atac10k
0.0049786563,0.002906527,atac10k
0.0049775178,0.0033513561,atac10k
0.004960462,-4.0833198e-05,atac10k
0.004947886,-0.0042282715,atac10k
0.0049787494,0.0019226379,atac10k
0.004948368,-0.0053942148,atac10k
0.0049785576,0.001948213,atac10k
0.0049223397,-0.0033757938,atac10k
0.0049789585,0.0015628259,atac10k
0.004977838,0.0029133272,atac10k
0.004947295,-0.0044715567,atac10k
0.0049450505,-0.0040027155,atac10k
0.004977413,0.0035099327,atac10k
0.004978131,0.0025679276,atac10k
0.0049787057,0.0016201386,atac10k
0.004978709,0.0015326146,atac10k
0.0049780994,0.0023693317,atac10k
0.0049463375,-0.003642184,atac10k
0.0049778786,0.0028962104,atac10k
0.004978576,0.0019159802,atac10k
0.004912937,-0.0040952154,atac10k
0.00494792,-0.0041715982,atac10k
0.0049698036,0.0030421026,atac10k
0.004977627,0.0031215784,atac10k
0.0049785217,0.0017219605,atac10k
0.004978181,0.002665001,atac10k
0.0049785483,0.0021549854,atac10k
0.004977968,0.0020380726,atac10k
0.004914524,-0.00426056,atac10k
0.0049779727,0.0027963324,atac10k
0.0049405685,-0.004847832,atac10k
0.004947981,-0.0025692284,atac10k
0.0049471534,-0.003111076,atac10k
0.0049705803,0.0021424515,atac10k
0.0049777697,0.0029515629,atac10k
0.004978579,0.0018364545,atac10k
0.0049770493,0.003962417,atac10k
0.0049779746,0.0028597487,atac10k
0.004976236,0.0020695592,atac10k
0.0049779722,0.0028466852,atac10k
0.004949072,-0.004098702,atac10k
0.004972683,0.0018357312,atac10k
0.0049777976,0.002946691,atac10k
0.004948072,-0.003109169,atac10k
0.004947248,-0.0036682526,atac10k
0.0049783364,0.0018106265,atac10k
0.004978652,0.0019440611,atac10k
0.0049136765,-0.004609642,atac10k
0.0049787806,0.0013103724,atac10k
0.004973234,0.0020263202,atac10k
0.004978235,0.0023745678,atac10k
0.0049469895,-0.0040984494,atac10k
0.0049782447,0.0021734473,atac10k
0.00494877,-0.0042778295,atac10k
0.0049789506,0.0015180963,atac10k
0.0049787206,0.001739679,atac10k
0.0049780146,0.002654358,atac10k
0.0049465653,-0.012972993,atac10k
0.0049784067,0.0022271136,atac10k
0.0049785236,0.0020271544,atac10k
0.0049786805,0.0018155074,atac10k
0.0049143927,-0.0033203836,atac10k
0.004978843,0.0017943346,atac10k
0.0049782894,0.0023488395,atac10k
0.004978181,0.0023981452,atac10k
0.004977496,0.003164951,atac10k
0.0049771634,0.0024187102,atac10k
0.0049284957,-0.0038702015,atac10k
0.004978002,0.0025490834,atac10k
0.004978525,0.001987948,atac10k
0.004947034,-0.005749532,atac10k
0.004974434,0.0043581594,atac10k
0.004977072,0.0036111595,atac10k
0.0049478337,-0.0050957473,atac10k
0.004978342,0.0027076749,atac10k
0.004947205,-0.0036810983,atac10k
0.00497868,0.0018755445,atac10k
0.0049470146,-0.0029757752,atac10k
0.0049788146,0.0015397373,atac10k
0.004977398,0.0033789994,atac10k
0.0049465303,-0.0026343227,atac10k
0.0049783853,0.0018737023,atac10k
0.0049628094,0.00062816404,atac10k
0.004978724,0.0016212426,atac10k
0.0049776537,0.0031370462,atac10k
0.0049776393,0.003063686,atac10k
0.004947034,-0.0033661432,atac10k
0.0049596736,-0.0010559837,atac10k
0.004978407,0.002112038,atac10k
0.0049774,0.003576068,atac10k
0.0049782875,0.0023475545,atac10k
0.004978334,0.0019983037,atac10k
0.00497769,0.0032169127,atac10k
0.0049783518,0.0023380164,atac10k
0.004948063,-0.0038709536,atac10k
0.0049487622,-0.0042914245,atac10k
0.0049773417,0.0034247488,atac10k
0.0049466784,-0.0029629963,atac10k
0.004978648,0.0019596312,atac10k
0.004978518,0.0019101085,atac10k
0.004977463,0.0033646668,atac10k
0.0049782787,0.0022357223,atac10k
0.004945966,-0.0049142693,atac10k
0.0049776807,0.003044647,atac10k
0.004978578,0.0023277302,atac10k
0.004979015,0.0030635283,atac10k
0.004977626,0.0031290697,atac10k
0.0049480456,-0.0027824477,atac10k
0.0049775597,0.0020430568,atac10k
0.004978345,0.0022274838,atac10k
0.0049468125,-0.0034621814,atac10k
0.004947995,-0.003669607,atac10k
0.0049470053,-0.004434781,atac10k
0.0049783066,0.0022623616,atac10k
0.0049782027,0.0026003388,atac10k
0.004978688,0.0016961063,atac10k
0.0049471096,-0.003336795,atac10k
0.004978381,0.0019525398,atac10k
0.0049775834,0.0033221731,atac10k
0.004978301,0.0022331188,atac10k
0.0049787248,0.0018429244,atac10k
0.0049466304,-0.0034448376,atac10k
0.0049482556,-0.003882551,atac10k
0.004978266,0.0023649961,atac10k
0.004960038,-0.0008609471,atac10k
0.0049787145,0.0012688147,atac10k
0.004914429,-0.004864403,atac10k
0.004948722,-0.004201863,atac10k
0.0049475874,-0.0023156332,atac10k
0.0049785282,0.0017559876,atac10k
0.004974335,0.0018635264,atac10k
0.0049470747,-0.003120309,atac10k
0.004976825,0.0026047612,atac10k
0.004968881,0.003914073,atac10k
0.0049490617,-0.003254584,atac10k
0.0049139676,-0.004381463,atac10k
0.004956067,-0.0022786683,atac10k
0.004978835,0.0018681292,atac10k
0.004946698,-0.003843403,atac10k
0.004947869,-0.0031382123,atac10k
0.0049777105,0.0030983756,atac10k
0.004978092,0.0025708638,atac10k
0.004977316,0.002359013,atac10k
0.004978393,0.0022934554,atac10k
0.00491431,-0.0048536914,atac10k
0.0049596634,-0.0021927091,atac10k
0.004946673,-0.003079534,atac10k
0.0049468544,-0.0034079268,atac10k
0.0049148216,-0.0041559925,atac10k
0.0049781194,0.0025976012,atac10k
0.004977438,0.00210382,atac10k
0.004914355,-0.0045219567,atac10k
0.0049786977,0.0018408364,atac10k
0.004944495,-0.0042209816,atac10k
0.0049788267,0.0017883345,atac10k
0.004913161,-0.004603213,atac10k
0.0049380027,-0.0029812579,atac10k
0.0049781073,0.0025450285,atac10k
0.00491289,-0.0038410025,atac10k
0.004946584,-0.0032994854,atac10k
0.004947697,-0.0029480509,atac10k
0.0049777706,0.0029958808,atac10k
0.004978936,0.0017629415,atac10k
0.004946757,-0.003495406,atac10k
0.0049486705,-0.0010520729,atac10k
0.0049485276,-0.005019168,atac10k
0.0049749175,0.0021740634,atac10k
0.0049492335,-0.0041865665,atac10k
0.0049772966,0.0038390902,atac10k
0.0049481965,-0.002356283,atac10k
0.004914678,-0.0036555666,atac10k
0.0049139056,-0.004632455,atac10k
0.0049757413,-0.00092060014,atac10k
0.004946637,-0.004602367,atac10k
0.0049783317,0.0026032184,atac10k
0.004975036,0.0075989505,atac10k
0.004956036,-0.0013499593,atac10k
0.0049197697,-0.0033556665,atac10k
0.0049131885,-0.0041265553,atac10k
0.0049766456,0.00022163065,atac10k
0.004979201,0.002202797,atac10k
0.004929444,-0.006360428,atac10k
0.00495088,-0.0040462334,atac10k
0.0049789734,0.0029299457,atac10k
0.0049464167,-0.00367675,atac10k
0.0049468977,-0.003041835,atac10k
0.0049771736,0.0020098689,atac10k
0.0049506384,-0.003973201,atac10k
0.004978786,0.002074385,atac10k
0.00497794,0.0027206512,atac10k
0.00497907,0.0015154412,atac10k
0.004946117,-0.0032197766,atac10k
0.0049776365,0.0032884488,atac10k
0.0049487753,-0.0041855965,atac10k
0.0049456838,-0.0028567757,atac10k
0.0049463892,-0.0028256788,atac10k
0.004978458,0.002664771,atac10k
0.0049788468,0.0015520077,atac10k
0.0049128626,-0.0035579293,atac10k
0.004978771,0.0017343407,atac10k
0.004978409,0.0038655861,atac10k
0.0049491134,-0.0033922354,atac10k
0.004978348,0.0021701052,atac10k
0.004978551,0.0025043294,atac10k
0.0049771867,-0.000192423,atac10k
0.004922263,-0.003621947,atac10k
0.004947234,-0.0032293813,atac10k
0.0049485452,-0.0032439425,atac10k
0.0049387407,-0.0033363514,atac10k
0.00497824,0.002341804,atac10k
0.0049775494,0.0032681113,atac10k
0.0049780016,0.0026547567,atac10k
0.004946033,-0.004203844,atac10k
0.0049747606,0.0016976605,atac10k
0.0049765296,0.0021307166,atac10k
0.004977149,-0.0009255928,atac10k
0.0049739736,0.0041271555,atac10k
0.0049777357,0.004536729,atac10k
0.0049783085,0.0022603492,atac10k
0.0049789078,0.0017320268,atac10k
0.0049780356,0.0021950302,atac10k
0.004978446,0.0020153206,atac10k
0.0049484293,-0.003569673,atac10k
0.0049783555,0.0023871276,atac10k
0.004978782,0.001693627,atac10k
0.004946268,-0.003608702,atac10k
0.004977964,0.002768289,atac10k
0.0049776654,0.0031274466,atac10k
0.004947845,-0.0038916832,atac10k
0.0049776607,0.003150297,atac10k
0.004952091,-0.0025825982,atac10k
0.004959138,0.00012486614,atac10k
0.0049322573,-0.004529682,atac10k
0.0049539628,-0.0029130715,atac10k
0.0049793865,0.0044959337,atac10k
0.004977196,0.002001431,atac10k
0.0049787713,0.001743907,atac10k
0.0049466984,-0.003347054,atac10k
0.004977011,0.004131428,atac10k
0.004978132,0.0025278872,atac10k
0.0049778586,0.0028529116,atac10k
0.0049133515,-0.0038773315,atac10k
0.004920581,-0.0038482612,atac10k
0.0049773394,0.0020699303,atac10k
0.0049484163,-0.004328885,atac10k
0.0049234796,-0.003484689,atac10k
0.0049485206,-0.0035300073,atac10k
0.004979071,0.0014689269,atac10k
0.004978698,0.0017108851,atac10k
0.0049776165,0.0029457444,atac10k
0.0049784156,0.002022231,atac10k
0.004978726,0.0017613913,atac10k
0.004948404,-0.003731925,atac10k
0.0049479515,-0.0040299147,atac10k
0.0049145813,-0.0043923897,atac10k
0.0049468228,-0.003546249,atac10k
0.004978679,0.0017688953,atac10k
0.0049782377,0.0024828708,atac10k
0.004950876,-0.0039919442,atac10k
0.004978375,0.0023455415,atac10k
0.0049431743,-0.0048458315,atac10k
0.0049779224,0.001980413,atac10k
0.004968061,0.0007804405,atac10k
0.0049780533,0.0024954411,atac10k
0.0049783266,0.0018417472,atac10k
0.004979065,0.0015910595,atac10k
0.0049466463,-0.0038575707,atac10k
0.0049777203,0.0022069097,atac10k
0.0049774656,0.0034369854,atac10k
0.004977915,0.0028352966,atac10k
0.0049379426,-0.0038357747,atac10k
0.0049466277,-0.0030894685,atac10k
0.004923014,-0.0036496466,atac10k
0.0049779327,0.002968366,atac10k
0.004949056,-0.003031466,atac10k
0.0049776724,0.0031364523,atac10k
0.004978037,0.0019973568,atac10k
0.0049782777,0.00224929,atac10k
0.0049129208,-0.00371274,atac10k
0.0049788416,0.0016496188,atac10k
0.004978462,0.0019883115,atac10k
0.004977632,0.0030958105,atac10k
0.0049774535,0.0034602748,atac10k
0.0049457923,-0.003631236,atac10k
0.0049790405,0.0016372286,atac10k
0.004959137,-0.0012495765,atac10k
0.0049478994,-0.0052847103,atac10k
0.004946962,-0.004751552,atac10k
0.004978391,0.0019099459,atac10k
0.0049469657,-0.0040055667,atac10k
0.004977464,0.003519289,atac10k
0.004921287,-0.0040235245,atac10k
0.0049784803,0.002093033,atac10k
0.004978513,0.002191408,atac10k
0.0049469764,-0.004990651,atac10k
0.0049784635,0.0020043126,atac10k
0.0049767033,0.0028467975,atac10k
0.0049779466,0.002557327,atac10k
0.004946518,-0.0034887334,atac10k
0.004946328,-0.0042429,atac10k
0.0049779,0.0027831923,atac10k
0.0049491874,-0.0030440148,atac10k
0.0049784803,0.0020118312,atac10k
0.004978452,0.0019019666,atac10k
0.004977567,0.0030791224,atac10k
0.0049788514,0.0016714886,atac10k
0.004930941,-0.004264762,atac10k
0.004947278,-0.0029993292,atac10k
0.0049408725,-0.004685289,atac10k
0.004978357,0.002412396,atac10k
0.004947243,-0.0024554834,atac10k
0.0049479078,-0.003949172,atac10k
0.004913569,-0.0039502745,atac10k
0.0049463874,-0.002732418,atac10k
0.00494575,-0.003953891,atac10k
0.0049200533,-0.0036496627,atac10k
0.0049643875,-0.003405126,atac10k
0.00491523,-0.0045079244,atac10k
0.0049247514,-0.0038721734,atac10k
0.004978257,0.0021720985,atac10k
0.0049152183,-0.00420409,atac10k
0.0049780966,0.002158888,atac10k
0.004977871,0.0019420793,atac10k
0.0049690646,0.0034952818,atac10k
0.0049474128,-0.0030240354,atac10k
0.004946935,-0.0038830668,atac10k
0.0049480596,-0.0035433257,atac10k
0.004977832,0.0029446338,atac10k
0.0049784672,0.0014003407,atac10k
0.00497757,0.0033380026,atac10k
0.0049781995,0.0041788784,atac10k
0.0049784295,0.002166301,atac10k
0.004978245,0.0023678313,atac10k
0.0049787313,0.0016181844,atac10k
0.0049775653,0.0027857537,atac10k
0.0049774772,0.0034469864,atac10k
0.004948969,-0.0037909236,atac10k
0.0049134176,-0.0044768364,atac10k
0.0049519986,-0.0026228453,atac10k
0.0049778996,0.0029329509,atac10k
0.004948973,-0.005096549,atac10k
0.0049796253,0.0032693387,atac10k
0.0049785934,0.0020090784,atac10k
0.0049783937,0.0026587616,atac10k
0.0049475785,-0.004087389,atac10k
0.0049779112,0.0028430815,atac10k
0.004973528,0.00086797145,atac10k
0.0049782423,0.0022394196,atac10k
0.004958302,-0.0015648045,atac10k
0.0049753953,0.0019872764,atac10k
0.0049495986,-0.002815228,atac10k
0.0049678325,0.0025051015,atac10k
0.004945983,-0.0051702503,atac10k
0.0049782917,0.0015267263,atac10k
0.0049784817,0.0016736996,atac10k
0.004948504,-0.003475348,atac10k
0.0049487497,-0.004046697,atac10k
0.004947092,-0.004711179,atac10k
0.0049771233,0.004086078,atac10k
0.004978496,0.0018899769,atac10k
0.004977292,0.0036252998,atac10k
0.0049786656,0.0018494278,atac10k
0.004978074,0.0027518172,atac10k
0.0049492023,-0.0045704697,atac10k
0.0049785823,0.0019135082,atac10k
0.0049785776,0.0018983353,atac10k
0.004978645,0.0018552829,atac10k
0.0049752975,0.0020790808,atac10k
0.0049772416,0.003741846,atac10k
0.004945876,-0.0028898686,atac10k
0.0049786223,0.0017198686,atac10k
0.004915721,-0.004454183,atac10k
0.0049149054,-0.004391968,atac10k
0.0049781376,0.0018783968,atac10k
0.0049386066,-0.004351755,atac10k
0.004977188,0.0038463187,atac10k
0.0049772207,0.0036982761,atac10k
0.0049493746,-0.0030285392,atac10k
0.004978487,0.0019240314,atac10k
0.004977659,0.0032477037,atac10k
0.004977432,0.0021934677,atac10k
0.0049788714,0.0016379915,atac10k
0.0049786777,0.0017649654,atac10k
0.004947629,-0.0027136588,atac10k
0.004976963,0.0040123817,atac10k
0.0049781655,0.001498367,atac10k
0.004978766,0.0014766842,atac10k
0.004946432,-0.004413009,atac10k
0.0049786004,0.0020785306,atac10k
0.004946296,-0.0030289488,atac10k
0.004978533,0.00209587,atac10k
0.0049448446,-0.005127215,atac10k
0.004946897,-0.003287377,atac10k
0.004970949,0.0014113495,atac10k
0.0049739154,0.0029097528,atac10k
0.0049775103,0.0012246281,atac10k
0.0049785455,0.0020823423,atac10k
0.0049469317,-0.0031706453,atac10k
0.0049465857,-0.0037771908,atac10k
0.004977771,0.0029737845,atac10k
0.0049775713,0.0032744145,atac10k
0.0049483674,-0.005335652,atac10k
0.004978348,0.0018712443,atac10k
0.0049784635,0.003381743,atac10k
0.004978618,0.0019266683,atac10k
0.0049772975,0.0036006086,atac10k
0.004978157,0.0025016384,atac10k
0.004978552,0.0018930098,atac10k
0.0049785897,0.0018245477,atac10k
0.0049470244,-0.004096901,atac10k
0.0049241423,-0.0039599193,atac10k
0.0049229544,-0.0039504273,atac10k
0.004977277,0.0020408656,atac10k
0.0049788468,0.0014476816,atac10k
0.0049482654,-0.0056508686,atac10k
0.0049783466,0.0022900505,atac10k
0.004978188,0.0024220836,atac10k
0.0049785916,0.0012829942,atac10k
0.004978681,0.0017284568,atac10k
0.0049785366,0.0023533038,atac10k
0.0049775415,0.0032333133,atac10k
0.0049490733,-0.0043103374,atac10k
0.0049786638,0.0039467113,atac10k
0.0049484386,-0.004022604,atac10k
0.004978758,0.0017439021,atac10k
0.00497855,0.0018950994,atac10k
0.004977429,0.0021479393,atac10k
0.004978607,0.0019373713,atac10k
0.0049771448,0.0039785523,atac10k
0.004920519,-0.0038448574,atac10k
0.0049787564,0.0017132782,atac10k
0.0049788705,0.0017792511,atac10k
0.00497743,0.0035264362,atac10k
0.004977742,0.0031890206,atac10k
0.004978099,0.0026551327,atac10k
0.0049785543,0.0013766357,atac10k
0.0049480554,-0.0026864873,atac10k
0.0049787676,0.0016967605,atac10k
0.004978802,0.0017116064,atac10k
0.004978575,0.001988934,atac10k
0.004977301,0.0034652287,atac10k
0.0049641826,0.00035474513,atac10k
0.0049780365,0.002218535,atac10k
0.004946931,-0.004073789,atac10k
0.0049460707,-0.0042157257,atac10k
0.004958207,-0.00076177635,atac10k
0.0049489476,-0.0027541765,atac10k
0.0049450626,-0.0030328906,atac10k
0.0049784333,0.0021018214,atac10k
0.0049781133,0.002367496,atac10k
0.00494945,-0.0031589582,atac10k
0.0049775243,0.0034061598,atac10k
0.0049141403,-0.004724462,atac10k
0.004978359,0.002198984,atac10k
0.0049574627,-0.0067402716,atac10k
0.004965941,0.0032137835,atac10k
0.004978423,0.0020362455,atac10k
0.004913061,-0.0037754884,atac10k
0.0049761436,-0.0019895171,atac10k
0.0049487175,-0.00454823,atac10k
0.0049475185,-0.0050252764,atac10k
0.004946859,-0.0031085175,atac10k
0.004978217,0.00352775,atac10k
0.0049788556,0.0016930957,atac10k
0.004977967,0.0015657799,atac10k
0.00491335,-0.004136962,atac10k
0.0049770274,0.0022947844,atac10k
0.0049484423,-0.0027665228,atac10k
0.0049781105,0.00254171,atac10k
0.0049785124,0.001619324,atac10k
0.0049783657,0.0019099914,atac10k
0.0049154093,-0.0045666182,atac10k
0.0049494607,-0.00438423,atac10k
0.004978581,0.001796074,atac10k
0.0049137236,-0.004235011,atac10k
0.0049780733,0.0026545746,atac10k
0.0049468325,-0.0029211475,atac10k
0.004978108,0.0026296827,atac10k
0.004947003,-0.0032435332,atac10k
0.0049780365,0.0026346757,atac10k
0.00497845,0.0018591814,atac10k
0.0049466686,-0.0033477142,atac10k
0.004947295,-0.0031283062,atac10k
0.004978001,0.0024826105,atac10k
0.0049460577,-0.0027720493,atac10k
0.0049784705,0.0014821352,atac10k
0.0049482486,-0.00465152,atac10k
0.0049755923,-0.0018786642,atac10k
0.0049768076,0.0020124756,atac10k
0.004947638,-0.0026806467,atac10k
0.004947974,-0.004080653,atac10k
0.0049785045,0.002092271,atac10k
0.0049471823,-0.004299169,atac10k
0.004978199,0.0025536548,atac10k
0.0049470947,-0.0054567237,atac10k
0.0049781734,0.0024659524,atac10k
0.004954728,-0.010502807,atac10k
0.004978378,0.0022346354,atac10k
0.0049784295,0.0023928743,atac10k
0.0049784533,0.0021823489,atac10k
0.0049471087,-0.00418213,atac10k
0.004948046,-0.0039916686,atac10k
0.0049466607,-0.0038607942,atac10k
0.004918379,-0.003703421,atac10k
0.0049774,0.0022362096,atac10k
0.0049775806,0.0031433213,atac10k
0.00494614,-0.0019493692,atac10k
0.004917416,-0.0036620602,atac10k
0.0049461797,-0.002688409,atac10k
0.0049782963,0.0024420198,atac10k
0.0049757343,0.0030060313,atac10k
0.0049750726,0.0021869426,atac10k
0.004975066,0.0025440275,atac10k
0.0049244007,-0.0035390581,atac10k
0.004978777,0.0016365792,atac10k
0.0049499404,-0.0037126236,atac10k
0.0049282243,-0.0036485197,atac10k
0.004977637,0.003225622,atac10k
0.0049476996,-0.006829048,atac10k
0.004918543,-0.003654522,atac10k
0.0049467636,-0.0042793015,atac10k
0.0049790083,0.0015846672,atac10k
0.004978434,0.0019659682,atac10k
0.0049142134,-0.004454987,atac10k
0.0049468176,-0.0031441452,atac10k
0.004947054,-0.002865801,atac10k
0.004977718,0.0030808249,atac10k
0.0049466705,-0.0032692833,atac10k
0.0049489276,-0.003663162,atac10k
0.004948575,-0.0039945906,atac10k
0.004928087,-0.0061294287,atac10k
0.004977488,0.0032975078,atac10k
0.004930018,-0.004401993,atac10k
0.004939947,-0.0045111123,atac10k
0.004977411,0.0016286699,atac10k
0.004947379,-0.002884205,atac10k
0.0049776905,0.0031789127,atac10k
0.0049788663,0.0014577706,atac10k
0.0049471427,-0.003120631,atac10k
0.004948596,-0.0035511346,atac10k
0.0049474724,-0.0028105571,atac10k
0.004977684,0.0030875055,atac10k
0.0049234387,-0.0035268862,atac10k
0.004947954,-0.0026511168,atac10k
0.004972779,0.0019574321,atac10k
0.004913136,-0.0041972785,atac10k
0.004947323,-0.0036355676,atac10k
0.0049481653,-0.0029733954,atac10k
0.0049770623,0.0016034616,atac10k
0.0049782796,0.0019012704,atac10k
0.0049716523,0.0016524473,atac10k
0.0049783075,0.0022992436,atac10k
0.0049788994,0.0013251088,atac10k
0.00497853,0.0018492654,atac10k
0.0049510435,0.0013305286,atac10k
0.004941568,-0.002548362,atac10k
0.0049480656,-0.0028712184,atac10k
0.004977832,0.0021769055,atac10k
0.004972583,-0.0026217648,atac10k
0.0049786223,0.0017021293,atac10k
0.0049471227,-0.003177677,atac10k
0.004947541,-0.0029496578,atac10k
0.0049788244,0.0015501925,atac10k
0.004977659,0.0032272355,atac10k
0.0049781553,0.002198036,atac10k
0.0049781636,0.0027266718,atac10k
0.0049790945,0.0016444476,atac10k
0.0049462905,-0.0041056694,atac10k
0.0049780784,0.0024326951,atac10k
0.0049768006,0.00253899,atac10k
0.004978761,0.0016923217,atac10k
0.004977908,0.002926273,atac10k
0.004946667,-0.0032396899,atac10k
0.004977843,0.0027774428,atac10k
0.004922444,-0.003559496,atac10k
0.004978558,0.0017753133,atac10k
0.0049775443,0.0025985322,atac10k
0.0049786116,0.0015021572,atac10k
0.004976925,0.0041793217,atac10k
0.004978685,0.0018021013,atac10k
0.0049789175,0.0015219575,atac10k
0.004948325,-0.0026469452,atac10k
0.004978489,0.0020588406,atac10k
0.004978634,0.0018260094,atac10k
0.0049467036,-0.0028452405,atac10k
0.0049778344,0.0030247977,atac10k
0.004914925,-0.0045621907,atac10k
0.004977595,0.0032432463,atac10k
0.0049777883,0.0022464076,atac10k
0.004977172,0.0022292235,atac10k
0.0049781483,0.0022768197,atac10k
0.0049788584,0.0015154982,atac10k
0.0049779606,0.0028668502,atac10k
0.004977208,0.0035993592,atac10k
0.0049775373,0.003083438,atac10k
0.0049465303,-0.003544197,atac10k
0.004948001,-0.0026588412,atac10k
0.004978183,0.0024201726,atac10k
0.0049778614,0.0028589014,atac10k
0.004977812,0.002140999,atac10k
0.004978508,0.0019283406,atac10k
0.004978829,0.0017086735,atac10k
0.0049471646,-0.0041578836,atac10k
0.0049724733,0.0011199053,atac10k
0.0049777124,0.0029888444,atac10k
0.0049788887,0.00157574,atac10k
0.004932441,-0.003907798,atac10k
0.004977742,0.003044733,atac10k
0.0049293535,-0.0043590893,atac10k
0.0049473667,-0.0054466445,atac10k
0.0049464065,-0.002623632,atac10k
0.004977814,0.00151042,atac10k
0.004977404,0.0033434078,atac10k
0.0049142647,-0.0031427625,atac10k
0.004947104,-0.004380624,atac10k
0.0049776994,0.0030314992,atac10k
0.00497855,0.001881385,atac10k
0.0049768356,0.003654336,atac10k
0.0049781413,0.002662894,atac10k
0.004946621,-0.0037070273,atac10k
0.0049447906,-0.005018518,atac10k
0.004978297,0.0020485427,atac10k
0.004946017,-0.0035327962,atac10k
0.0049785054,0.0016571251,atac10k
0.0049754055,0.0013700421,atac10k
0.004978418,0.0020399187,atac10k
0.004948199,-0.0044424585,atac10k
0.0049487003,-0.002885606,atac10k
0.004947904,-0.0035382507,atac10k
0.0049485187,-0.004030349,atac10k
0.00497794,0.0025848548,atac10k
0.0049784775,0.00091056916,atac10k
0.0049138484,-0.0040805675,atac10k
0.004977813,0.0029153267,atac10k
0.0049468884,-0.0027985277,atac10k
0.004977242,0.0011514806,atac10k
0.004947428,-0.0025644721,atac10k
0.0049189245,-0.004398081,atac10k
0.00497778,0.0030888102,atac10k
0.0049785385,0.0020831362,atac10k
0.0049480405,-0.0038170635,atac10k
0.0049787383,0.0016736707,atac10k
0.0049788984,0.0016415411,atac10k
0.0049784877,0.0021139376,atac10k
0.0049788635,0.0014990107,atac10k
0.0049774144,0.0035456128,atac10k
0.0049471054,-0.0029741174,atac10k
0.0049782414,0.0024878804,atac10k
0.004978499,0.0017606262,atac10k
0.0049471655,-0.00429665,atac10k
0.0049734265,0.0020668425,atac10k
0.00497771,0.0031824906,atac10k
0.004978648,0.0018582677,atac10k
0.004976995,0.002112115,atac10k
0.004978171,0.0025276837,atac10k
0.0049487688,-0.005069907,atac10k
0.0049779145,0.0028137148,atac10k
0.0049788174,0.0013746116,atac10k
0.004978658,0.0017787311,atac10k
0.00497734,0.0034954941,atac10k
0.004946977,-0.0026490064,atac10k
0.004978171,0.002401531,atac10k
0.0049370374,-0.0021766054,atac10k
0.0049579013,-0.0027087783,atac10k
0.004947439,-0.0032854346,atac10k
0.0049221176,-0.0037995812,atac10k
0.004948125,-0.004008392,atac10k
0.004978562,0.0019507827,atac10k
0.0049776216,0.0031621775,atac10k
0.004977998,0.0028221575,atac10k
0.004961637,0.00066516246,atac10k
0.0049462775,-0.0018563714,atac10k
0.004978225,0.002367384,atac10k
0.0049783573,0.0021947937,atac10k
0.0049773525,0.003574905,atac10k
0.004977612,0.0032495162,atac10k
0.0049464293,-0.0035118698,atac10k
0.004958552,-0.0005455649,atac10k
0.0049764463,0.0019212286,atac10k
0.004914118,-0.0042217104,atac10k
0.0049788575,0.0016513502,atac10k
0.0049789203,0.0016398759,atac10k
0.004976629,0.0011039055,atac10k
0.0049784826,0.0014239515,atac10k
0.004947458,-0.0031988744,atac10k
0.0049780495,0.002718398,atac10k
0.0049777636,0.0030992788,atac10k
0.0049784924,0.0020638972,atac10k
0.0049470337,-0.002941961,atac10k
0.0049781725,0.0023705338,atac10k
0.0049789553,0.0014956427,atac10k
0.004978859,0.0019422973,atac10k
0.004974602,0.00090922805,atac10k
0.0049772738,0.0036118736,atac10k
0.004977618,0.0015139009,atac10k
0.004964708,-0.00070809474,atac10k
0.00497881,0.0019379967,atac10k
0.004977873,0.00295018,atac10k
0.0049784943,0.0018881769,atac10k
0.0049735038,0.0021772236,atac10k
0.00497911,0.0015129894,atac10k
0.004950578,-0.003096483,atac10k
0.004922686,-0.0034689596,atac10k
0.0049638655,0.0010649106,atac10k
0.0049454845,-0.004596374,atac10k
0.004946662,-0.0038728265,atac10k
0.0049475296,-0.004597723,atac10k
0.0049744896,0.0012275688,atac10k
0.0049468917,-0.0029433384,atac10k
0.004913233,-0.004035248,atac10k
0.004978018,0.002375876,atac10k
0.004977038,0.0047879564,atac10k
0.0049134735,-0.004315363,atac10k
0.004977779,0.0027273481,atac10k
0.0049785706,0.0020429355,atac10k
0.0049469015,-0.0025685723,atac10k
0.004978563,0.0018923193,atac10k
0.0049774437,0.0033545343,atac10k
0.004977301,0.0016002271,atac10k
0.0049475087,-0.0030342422,atac10k
0.0049466537,-0.0026381633,atac10k
0.0049782796,0.0023075957,atac10k
0.0049761273,0.0022049607,atac10k
0.0049481187,-0.0032732005,atac10k
0.00497793,0.0028488156,atac10k
0.004977077,0.0039510448,atac10k
0.0049466267,-0.0035759895,atac10k
0.0049760877,0.0013601994,atac10k
0.004977849,0.0030853315,atac10k
0.004978658,0.001782335,atac10k
0.004948359,-0.0034721,atac10k
0.00497821,0.0025475395,atac10k
0.004978994,0.0015992235,atac10k
0.00492259,-0.0035655703,atac10k
0.004973797,0.0019466064,atac10k
0.004978401,0.002313352,atac10k
0.004978614,0.0014649803,atac10k
0.004978819,0.0017194361,atac10k
0.0049786386,0.0017968128,atac10k
0.004948578,-0.0037795505,atac10k
0.004977614,0.0021886977,atac10k
0.004978585,0.0018956191,atac10k
0.004947646,-0.004326508,atac10k
0.004977941,0.0024553998,atac10k
0.004948152,-0.003650029,atac10k
0.004972133,0.0014325136,atac10k
0.004977167,-0.00032819988,atac10k
0.0049789567,0.0023081691,atac10k
0.004978291,0.002463995,atac10k
0.0049482128,-0.003337757,atac10k
0.004978094,0.002552634,atac10k
0.0049781725,0.0025836644,atac10k
0.0049777734,0.002895838,atac10k
0.0049781348,0.002256376,atac10k
0.004978601,0.0018939397,atac10k
0.0049476256,-0.0028920237,atac10k
0.0049475157,-0.0024596634,atac10k
0.0049780607,0.0027165203,atac10k
0.0049780644,0.002487139,atac10k
0.0049783783,0.0012242243,atac10k
0.004977566,0.0032608388,atac10k
0.0049784724,0.0021501156,atac10k
0.004977964,0.0028925713,atac10k
0.0049780705,0.0025392512,atac10k
0.0049787173,0.0017856697,atac10k
0.0049763112,0.001075849,atac10k
0.0049776738,0.0029906046,atac10k
0.0049764644,0.0011311532,atac10k
0.0049778814,0.0016586173,atac10k
0.004946255,-0.0030573937,atac10k
0.0049767336,0.0019680245,atac10k
0.0049376334,-0.0055899736,atac10k
0.0049381373,-0.0037778073,atac10k
0.004902144,0.0033060987,atac10k
0.004978564,0.0017999798,atac10k
0.0049169464,-0.0046088267,atac10k
0.0049781427,0.0027448672,atac10k
0.0049485746,-0.004320897,atac10k
0.004978801,0.0016165883,atac10k
0.004978088,0.002650747,atac10k
0.004978532,0.0019557553,atac10k
0.004975066,0.0020006583,atac10k
0.0049780956,0.0024971673,atac10k
0.004978599,0.0018479504,atac10k
0.0049466025,-0.0038544994,atac10k
0.004947966,-0.0038624883,atac10k
0.004978455,0.0019905264,atac10k
0.0049774423,0.0024152002,atac10k
0.004971956,0.0017340714,atac10k
0.0049783285,0.001899892,atac10k
0.004978269,0.002306858,atac10k
0.0049790437,0.0015292948,atac10k
0.0049261544,-0.0036805153,atac10k
0.0049781245,0.0024755988,atac10k
0.004947725,-0.0031626394,atac10k
0.0049775494,0.0032870898,atac10k
0.004948941,-0.0046361075,atac10k
0.004978868,0.001537263,atac10k
0.0049776593,0.0031863295,atac10k
0.0049766605,0.0027195653,atac10k
0.0049780784,0.0025867666,atac10k
0.0049782023,0.002154696,atac10k
0.0049788035,0.0016119247,atac10k
0.004978921,0.0015358222,atac10k
0.004978537,0.0015807443,atac10k
0.0049783844,0.0022136783,atac10k
0.0049781995,0.0019024988,atac10k
0.0049787415,0.0015803556,atac10k
0.0049469895,-0.003743194,atac10k
0.0049712616,0.0018388445,atac10k
0.0049789557,0.0015371916,atac10k
0.0049467525,-0.00322441,atac10k
0.0049469434,-0.0034350064,atac10k
0.004978263,0.00242946,atac10k
0.004977935,0.0025569536,atac10k
0.004959442,-0.00031065496,atac10k
0.004979029,0.001444716,atac10k
0.0049777688,0.0031266476,atac10k
0.004946625,-0.0024042958,atac10k
0.004978218,0.0014629688,atac10k
0.0049474933,-0.0028391131,atac10k
0.004948157,-0.0036922514,atac10k
0.0049467892,-0.0028266245,atac10k
0.0049444814,-0.0037742292,atac10k
0.004913639,-0.00428027,atac10k
0.004978517,0.0019364782,atac10k
0.0049783443,0.0020628946,atac10k
0.004977422,0.0036701444,atac10k
0.004977824,0.0029049213,atac10k
0.0049461694,-0.0038721429,atac10k
0.004977636,0.0032319631,atac10k
0.004979047,0.0024539747,atac10k
0.0049772784,0.0036414631,atac10k
0.004949013,-0.0020586161,atac10k
0.0049785734,0.002028313,atac10k
0.0049775536,0.0017740359,atac10k
0.0049779015,0.0028138044,atac10k
0.004944313,-0.0056447964,atac10k
0.004978465,0.0021245095,atac10k
0.0049784584,0.0019771678,atac10k
0.0049790367,0.0015211336,atac10k
0.0049562636,-0.005185788,atac10k
0.004915179,-0.0042344895,atac10k
0.0049782507,0.002341947,atac10k
0.0049778535,0.002809537,atac10k
0.004947961,-0.0028896572,atac10k
0.004947455,-0.0049414965,atac10k
0.0049785892,0.001769806,atac10k
0.004978773,0.0021631708,atac10k
0.004946569,-0.0035079038,atac10k
0.0049789,0.0015046865,atac10k
0.004947332,-0.0028997362,atac10k
0.0049785064,0.0019044973,atac10k
0.004947024,-0.0037894382,atac10k
0.0049685864,0.00017660843,atac10k
0.0049787117,0.001697094,atac10k
0.0049782274,0.0022391137,atac10k
0.004976773,-0.00014707263,atac10k
0.004977386,0.0026036748,atac10k
0.004978167,0.002486505,atac10k
0.004978441,0.001958583,atac10k
0.004978207,0.0020234757,atac10k
0.0049781217,0.0025727707,atac10k
0.0049779317,0.0027407636,atac10k
0.0049474924,-0.0036289212,atac10k
0.0049786433,0.001626437,atac10k
0.0049512293,-0.004905817,atac10k
0.0049787974,0.0018732303,atac10k
0.004948622,-0.004312385,atac10k
0.0049779112,0.0030139734,atac10k
0.0049644476,0.002453488,atac10k
0.004947748,-0.002835134,atac10k
0.004978336,0.002137533,atac10k
0.0049787723,0.0017903508,atac10k
0.004916609,-0.0042690565,atac10k
0.004949031,-0.0042619896,atac10k
0.0049485867,-0.0043579703,atac10k
0.004978379,0.0021077911,atac10k
0.0049787476,0.0016219121,atac10k
0.0049632085,0.0016338452,atac10k
0.004977645,0.003143946,atac10k
0.0049469187,-0.0028152487,atac10k
0.004947062,-0.003856251,atac10k
0.0049475534,-0.002877728,atac10k
0.0049787844,0.00212016,atac10k
0.00497958,0.002729988,atac10k
0.004929362,-0.0077591427,atac10k
0.0049281777,-0.0037240274,atac10k
0.0049474654,-0.005187595,atac10k
0.004960673,-0.00086767535,atac10k
0.0049780686,0.002470511,atac10k
0.0049475585,-0.0028698079,atac10k
0.004979028,0.0012677346,atac10k
0.004978732,0.0018253906,atac10k
0.004947209,-0.0029481067,atac10k
0.004977809,0.0028170666,atac10k
0.004946564,-0.00355185,atac10k
0.004946771,-0.0037463582,atac10k
0.0049779806,0.0028154238,atac10k
0.004946055,-0.004225083,atac10k
0.004978493,0.0018799121,atac10k
0.0049469103,-0.0034920564,atac10k
0.0049767857,0.0030814079,atac10k
0.0049786344,0.0018947867,atac10k
0.004954203,-0.0014729811,atac10k
0.004961458,-0.0005149973,atac10k
0.0049786074,0.0019172082,atac10k
0.0049484256,-0.0029482308,atac10k
0.004946822,-0.0031683235,atac10k
0.004946626,-0.0025935804,atac10k
0.0049786023,0.0020211695,atac10k
0.0049779424,0.0024573659,atac10k
0.004973363,0.0018572673,atac10k
0.0049465434,-0.0032431795,atac10k
0.00497866,0.0018723337,atac10k
0.0049476856,-0.0030703447,atac10k
0.0049781525,0.0024983815,atac10k
0.004977533,0.0032789959,atac10k
0.0049465564,-0.003462234,atac10k
0.0049781436,0.002496647,atac10k
0.004978631,0.0017050772,atac10k
0.0049786456,0.0017963914,atac10k
0.004979022,0.0017135759,atac10k
0.00494674,-0.0042939885,atac10k
0.0049786526,0.0018209538,atac10k
0.0049782246,0.0023393335,atac10k
0.0049778433,0.0029331415,atac10k
0.0049469243,-0.0037356284,atac10k
0.004978649,0.0020270701,atac10k
0.004978156,0.0022360736,atac10k
0.004977697,0.0030962634,atac10k
0.0049181543,-0.0041867048,atac10k
0.004978612,0.001878776,atac10k
0.0049632876,0.00035843634,atac10k
0.004978565,0.0018321507,atac10k
0.0049495734,-0.0036842427,atac10k
0.004914126,-0.004227097,atac10k
0.0049468325,-0.0038698178,atac10k
0.004978712,0.0018930451,atac10k
0.0049790167,0.0016053012,atac10k
0.0049786754,0.0016768599,atac10k
0.004977578,0.0032242124,atac10k
0.0049676583,0.0012278272,atac10k
0.004978182,0.0025648437,atac10k
0.004947133,-0.0029732883,atac10k
0.004977262,0.0012729772,atac10k
0.0049141934,-0.0041929586,atac10k
0.004913873,-0.004630395,atac10k
0.004923246,-0.004138983,atac10k
0.0049500344,-0.0050195786,atac10k
0.004977962,0.0025826795,atac10k
0.004978677,0.0018817342,atac10k
0.0049779224,0.0028277072,atac10k
0.004947033,-0.0041456926,atac10k
0.004946685,-0.0034706125,atac10k
0.0049787425,0.0019052163,atac10k
0.0049785827,0.001800126,atac10k
0.0049790223,0.0015609155,atac10k
0.004978025,0.0026515843,atac10k
0.0049583716,-0.0011636285,atac10k
0.0049785366,0.0019418623,atac10k
0.0049773795,0.0033408857,atac10k
0.004978825,0.0016673896,atac10k
0.0049797585,0.0038097787,atac10k
0.0049788305,0.0015830406,atac10k
0.004978382,0.0019420706,atac10k
0.0049205893,-0.0042095375,atac10k
0.004924368,-0.004307027,atac10k
0.0049481783,-0.0037893818,atac10k
0.0049774237,0.003387779,atac10k
0.004978749,0.0015239179,atac10k
0.0049737664,0.0013746163,atac10k
0.0049784835,0.0019313736,atac10k
0.00497736,0.0022071227,atac10k
0.0049788654,0.0015330886,atac10k
0.0049768025,0.0026522065,atac10k
0.0049785357,0.0017681773,atac10k
0.004912955,-0.0036243075,atac10k
0.004978267,0.0024781837,atac10k
0.004978037,0.0027133203,atac10k
0.00494794,-0.0032196383,atac10k
0.0049774777,0.0030286103,atac10k
0.0049780235,0.0020140337,atac10k
0.004946768,-0.0027801245,atac10k
0.0049316026,-0.0034462756,atac10k
0.004911062,-0.0031256094,atac10k
0.0049774772,0.0033363074,atac10k
0.004978534,0.0020320837,atac10k
0.004948173,-0.0025768683,atac10k
0.004978288,0.0022062971,atac10k
0.0049788454,0.0014962123,atac10k
0.004946945,-0.004981467,atac10k
0.0049774987,0.0022152252,atac10k
0.0049137976,-0.004123264,atac10k
0.0049780807,0.0025962468,atac10k
0.0049527963,-0.0022408264,atac10k
0.004965567,-9.848805e-05,atac10k
0.004978058,0.0026706776,atac10k
0.0049780323,0.002591553,atac10k
0.0049789124,0.0016166475,atac10k
0.0049486402,-0.0037758513,atac10k
0.004978076,0.0025986047,atac10k
0.004979171,0.0012993356,atac10k
0.004977972,0.0027294531,atac10k
0.004978098,0.0028126403,atac10k
0.0049787434,0.0019124177,atac10k
0.0049471296,-0.0034498952,atac10k
0.0049786842,0.0019119236,atac10k
0.0049446686,-0.0031151806,atac10k
0.004951034,-0.0030375416,atac10k
0.0049503,-0.0038434346,atac10k
0.0049467077,-0.0032849645,atac10k
0.0049776393,0.003023809,atac10k
0.0049787634,0.0017677357,atac10k
0.0049361167,-0.004836232,atac10k
0.0049470877,-0.0034838768,atac10k
0.004955174,-0.001032031,atac10k
0.00497752,0.0034205504,atac10k
0.0049784305,0.0021216199,atac10k
0.004978735,0.0016352296,atac10k
0.0049709715,-0.0010928385,atac10k
0.004977354,0.0016115871,atac10k
0.0049474007,-0.004412639,atac10k
0.0049129263,-0.0038517048,atac10k
0.0049785622,0.0020325382,atac10k
0.004978265,0.002339502,atac10k
0.004977402,0.0034818298,atac10k
0.0049785203,0.0017333474,atac10k
0.0049788943,0.0015851095,atac10k
0.0049149054,-0.0033768907,atac10k
0.0049786693,0.0017105987,atac10k
0.0049784966,0.0019916543,atac10k
0.004948329,-0.003528062,atac10k
0.0049464838,-0.0034848116,atac10k
0.0049493043,-0.004519033,atac10k
0.0049768435,0.0020686507,atac10k
0.004977944,0.0027094486,atac10k
0.004945712,-0.0028995378,atac10k
0.0049468675,-0.0029913331,atac10k
0.00494489,-0.0028045017,atac10k
0.004961393,0.00067407364,atac10k
0.0049789036,0.0016188391,atac10k
0.0049777506,0.0032352821,atac10k
0.004978195,0.0026035453,atac10k
0.0049489858,-0.005126988,atac10k
0.0049778097,0.002972397,atac10k
0.0049467958,-0.0035677126,atac10k
0.0049463366,-0.0027768891,atac10k
0.0049724034,0.0017540762,atac10k
0.0049478454,-0.0031789911,atac10k
0.004977903,0.002839805,atac10k
0.0049773185,0.003535066,atac10k
0.004977397,0.0018264558,atac10k
0.0049669235,0.0007627571,atac10k
0.004978993,0.0014399963,atac10k
0.004977823,0.0029884665,atac10k
0.004960435,-0.0002062185,atac10k
0.00494744,-0.0044840076,atac10k
0.004946033,-0.0030997684,atac10k
0.0049774023,0.0034503643,atac10k
0.0049479813,-0.0041096644,atac10k
0.0049777105,0.0027274007,atac10k
0.004948074,-0.0031521742,atac10k
0.004978578,0.0019126846,atac10k
0.004978571,0.0016684065,atac10k
0.0049775867,0.0032301538,atac10k
0.0049781823,0.0022323176,atac10k
0.0049495925,-0.0028166054,atac10k
0.0049783182,0.0022192262,atac10k
0.004978305,0.0022970086,atac10k
0.004946152,-0.003936381,atac10k
0.0049471306,-0.0033268118,atac10k
0.0049786335,0.0018766465,atac10k
0.0049770516,0.0038725913,atac10k
0.0049789716,0.0016418655,atac10k
0.0049483324,-0.002321066,atac10k
0.004978515,0.0021566525,atac10k
0.0049785334,0.0020115327,atac10k
0.0049786647,0.001843861,atac10k
0.004978169,0.0023562699,atac10k
0.00497801,0.0027516393,atac10k
0.0049476484,-0.0029515224,atac10k
0.0049790065,0.0017230818,atac10k
0.0049777916,0.003069223,atac10k
0.004946561,-0.003439983,atac10k
0.004978386,0.002688635,atac10k
0.004947945,-0.0044432273,atac10k
0.0049186633,-0.0037020296,atac10k
0.004948502,-0.0027584555,atac10k
0.004949573,-0.003912247,atac10k
0.0049788663,0.001530017,atac10k
0.0049772463,0.0037766274,atac10k
0.00494727,-0.0026317001,atac10k
0.0049776435,0.0031909691,atac10k
0.004978355,0.0022425845,atac10k
0.0049134414,-0.0027556608,atac10k
0.0049788216,0.0020619936,atac10k
0.004948722,-0.0029509258,atac10k
0.0049777464,0.0031696786,atac10k
0.0049707475,0.0033359767,atac10k
0.004978803,0.0018591691,atac10k
0.0049470407,-0.0042712353,atac10k
0.004946673,-0.0037926913,atac10k
0.0049789925,0.0016097882,atac10k
0.0049780007,0.0020974781,atac10k
0.0049468586,-0.0032373734,atac10k
0.0049149613,-0.004468421,atac10k
0.0049789418,0.0015327135,atac10k
0.004978047,0.0027442297,atac10k
0.0049221274,-0.0041953255,atac10k
0.0049772076,0.0037508623,atac10k
0.0049499986,0.00023779045,atac10k
0.0049790456,0.0015336553,atac10k
0.0049559996,-0.001778256,atac10k
0.004947369,-0.0024350488,atac10k
0.004978955,0.0014978962,atac10k
0.004913028,-0.0040316777,atac10k
0.0049784053,0.0023888873,atac10k
0.004975591,-0.0010333204,atac10k
0.004978648,0.0019346952,atac10k
0.0049774456,0.0033752741,atac10k
0.0049467026,-0.003682613,atac10k
0.004977982,0.0029346107,atac10k
0.0049786586,0.0016426197,atac10k
0.0049555814,-0.0013555614,atac10k
0.0049783047,0.002403706,atac10k
0.0049471664,-0.003666543,atac10k
0.0049614944,0.0008461804,atac10k
0.004978389,0.0018762872,atac10k
0.004978065,0.0026225145,atac10k
0.004932073,-0.0028850941,atac10k
0.0049477364,-0.0028134452,atac10k
0.004977301,0.001981959,atac10k
0.00497767,0.003097061,atac10k
0.004979036,0.0013528992,atac10k
0.0049771676,0.0037729475,atac10k
0.004978527,0.0019161451,atac10k
0.004978625,0.0016253479,atac10k
0.0049131038,-0.0039733727,atac10k
0.0049787345,0.0019764444,atac10k
0.0049777427,0.002855761,atac10k
0.004978596,0.0015183537,atac10k
0.0049142316,-0.0043148403,atac10k
0.0049665687,-0.0045890077,atac10k
0.004929628,-0.0047026733,atac10k
0.004945838,-0.0030781454,atac10k
0.004947521,-0.002815435,atac10k
0.004978367,0.0017662721,atac10k
0.004978448,0.002044159,atac10k
0.004946346,-0.0036490504,atac10k
0.004976656,0.001577908,atac10k
0.0049715727,0.0016014867,atac10k
0.0049134754,-0.0044153123,atac10k
0.0049465685,-0.003063237,atac10k
0.0049473313,-0.0027571816,atac10k
0.004946743,-0.0035419473,atac10k
0.0049466374,-0.0034811387,atac10k
0.0049781525,0.0020735261,atac10k
0.00491983,-0.004047981,atac10k
0.00494668,-0.0032629485,atac10k
0.0049780076,0.0021594488,atac10k
0.0049783587,0.0021510895,atac10k
0.004916392,-0.0041620783,atac10k
0.0049781483,0.0027664425,atac10k
0.004946909,-0.0034481173,atac10k
0.0049784435,0.002046175,atac10k
0.004946668,-0.0036827908,atac10k
0.0049474947,-0.0027678988,atac10k
0.0049785874,0.0019640645,atac10k
0.0049780016,0.0028199062,atac10k
0.0049530105,-0.0036666715,atac10k
0.0049784435,0.0012005051,atac10k
0.004958196,-0.0019388313,atac10k
0.0049793636,0.0038423375,atac10k
0.00497646,0.0052969176,atac10k
0.0049779573,0.0015810077,atac10k
0.004947991,-0.002874798,atac10k
0.0049467497,-0.0034425298,atac10k
0.004978573,0.0019706276,atac10k
0.0049778856,0.0028803574,atac10k
0.004946057,-0.0029453933,atac10k
0.0049137343,-0.0040856553,atac10k
0.0049784784,0.0020569586,atac10k
0.004978939,0.0013999764,atac10k
0.0049785217,0.0017849097,atac10k
0.0049775173,0.003167597,atac10k
0.00497781,0.0025677516,atac10k
0.004965488,0.00034858633,atac10k
0.0049688737,0.00013543559,atac10k
0.004946762,-0.0038846266,atac10k
0.00497639,0.0025567017,atac10k
0.004948424,-0.003818761,atac10k
0.004947282,-0.002884394,atac10k
0.0049582133,-0.000731103,atac10k
0.004978334,0.0021674675,atac10k
0.004977008,0.0041637854,atac10k
0.0049776076,0.003130878,atac10k
0.0049782693,0.002087871,atac10k
0.0049455836,-0.004316907,atac10k
0.0049783997,0.002103638,atac10k
0.0049664564,-0.0024236566,atac10k
0.0049772914,0.003968822,atac10k
0.0049660006,0.00052924297,atac10k
0.00497845,0.0022880186,atac10k
0.004978534,0.0015702812,atac10k
0.004978261,0.0024744594,atac10k
0.0049770717,0.004069479,atac10k
0.0049618166,-0.0010465889,atac10k
0.0049785133,0.001804452,atac10k
0.004947047,-0.005258928,atac10k
0.004978501,0.0020474372,atac10k
0.004979094,0.0014921847,atac10k
0.004948556,-0.0042090504,atac10k
0.004945268,-0.005047306,atac10k
0.0049777003,0.0030864277,atac10k
0.0049786195,0.0019903544,atac10k
0.0049785646,0.0019012843,atac10k
0.004978528,0.0020527148,atac10k
0.0049691773,0.0017550279,atac10k
0.004933782,-0.0058328505,atac10k
0.004978583,0.0018475155,atac10k
0.0049792347,0.0015277065,atac10k
0.0049790656,0.0015518622,atac10k
0.0049470263,-0.0025189486,atac10k
0.004953955,-0.0013475008,atac10k
0.0049782177,0.0024181227,atac10k
0.0049786647,0.0019307216,atac10k
0.0049782745,0.002439131,atac10k
0.0049764607,0.003910838,atac10k
0.0049478733,-0.0032176205,atac10k
0.0049784314,0.0020255756,atac10k
0.00494571,-0.0044259913,atac10k
0.0049526813,-0.0037752166,atac10k
0.004947571,-0.003666965,atac10k
0.0049790195,0.001576933,atac10k
0.0049788114,0.0016298699,atac10k
0.0049786465,0.0016301469,atac10k
0.0049478593,-0.0027283246,atac10k
0.0049479515,-0.0032392235,atac10k
0.004978108,0.0026706206,atac10k
0.0049465685,-0.0036964507,atac10k
0.0049787993,0.0043506064,atac10k
0.0049723196,0.0006484739,atac10k
0.0049480284,-0.003432029,atac10k
0.0049785674,0.0018539807,atac10k
0.004978267,0.0027894897,atac10k
0.004978363,0.0018255571,atac10k
0.0049482253,-0.0036961334,atac10k
0.0049779913,0.0027756742,atac10k
0.004914437,-0.0045121266,atac10k
0.004977707,0.0030298992,atac10k
0.0049783415,0.0022022342,atac10k
0.0049468717,-0.0039122375,atac10k
0.0049629286,-0.00082237367,atac10k
0.0049776854,0.003140832,atac10k
0.004978682,0.0018069202,atac10k
0.0049782232,0.002306192,atac10k
0.0049780663,0.0026430301,atac10k
0.0049786377,0.0019156083,atac10k
0.004976539,-0.00029946218,atac10k
0.0049779126,0.002721446,atac10k
0.004919313,-0.004693429,atac10k
0.004913564,-0.004426587,atac10k
0.0049776025,0.0031830051,atac10k
0.004948061,-0.0044002417,atac10k
0.0049769823,0.0024922166,atac10k
0.0049485536,-0.0044357013,atac10k
0.0049474267,-0.0029284481,atac10k
0.0049782367,0.0023094665,atac10k
0.0049787797,0.0016193032,atac10k
0.004961577,-0.00050182187,atac10k
0.004978703,0.0017715702,atac10k
0.004978595,0.0019181734,atac10k
0.004946238,-0.0029498772,atac10k
0.0049782447,0.0024591296,atac10k
0.0049785897,0.0020833663,atac10k
0.004947838,-0.0029933038,atac10k
0.0049462537,-0.004291051,atac10k
0.0049785497,0.0019005612,atac10k
0.004979393,0.0017944732,atac10k
0.0049485345,-0.002727424,atac10k
0.0049463464,-0.0034787676,atac10k
0.0049781613,0.0024381946,atac10k
0.0049471385,-0.0039451118,atac10k
0.0049782544,0.0024389843,atac10k
0.004978869,0.0011975962,atac10k
0.004978072,0.0025711046,atac10k
0.0049787234,0.001824477,atac10k
0.004978204,0.0022451521,atac10k
0.0049466887,-0.003799872,atac10k
0.0049517783,-0.0030512516,atac10k
0.0049788915,0.0015268205,atac10k
0.004949154,-0.003989223,atac10k
0.004978828,0.001652291,atac10k
0.004977126,0.0039694766,atac10k
0.0049473858,-0.0028246196,atac10k
0.0049470686,-0.0029427775,atac10k
0.004977775,0.0029968782,atac10k
0.0049787173,0.0017863883,atac10k
0.004978662,0.0030169492,atac10k
0.0049775424,0.0032365923,atac10k
0.004945336,-0.002908762,atac10k
0.0049785045,0.001990231,atac10k
0.0049776887,0.002293266,atac10k
0.0049784114,0.0022407372,atac10k
0.004978971,0.0015508254,atac10k
0.0049477993,-0.003167936,atac10k
0.004977161,0.0037654014,atac10k
0.0049787774,0.0016021825,atac10k
0.004977607,0.0032173854,atac10k
0.004947968,-0.0041860268,atac10k
0.004977493,0.003647668,atac10k
0.0049491515,-0.0040486995,atac10k
0.004977557,0.0033614899,atac10k
0.004978961,0.0019524383,atac10k
0.00497879,0.0019532172,atac10k
0.004978536,0.0018652978,atac10k
0.0049127345,-0.0039351406,atac10k
0.0049475306,-0.0029561094,atac10k
0.0049785357,0.0012517002,atac10k
0.004978173,0.002623297,atac10k
0.004978736,0.0017270192,atac10k
0.004978563,0.0018855254,atac10k
0.0049467217,-0.0025878653,atac10k
0.0049204044,-0.003490512,atac10k
0.004946822,-0.0033014608,atac10k
0.0049487106,-0.0042863446,atac10k
0.004978168,0.002529842,atac10k
0.004977421,0.0033304375,atac10k
0.004962409,-0.00026238334,atac10k
0.0049777916,0.0029718438,atac10k
0.0049775373,0.003361455,atac10k
0.0049476433,-0.0041142236,atac10k
0.0049781576,0.0025827952,atac10k
0.004947297,-0.0025219743,atac10k
0.0049773403,0.0034515471,atac10k
0.004978444,0.0025804758,atac10k
0.0049764374,0.0020491162,atac10k
0.004947959,-0.0039562616,atac10k
0.0049467194,-0.003879654,atac10k
0.0049786535,0.0018981583,atac10k
0.0049476726,-0.0030825674,atac10k
0.0049712462,0.003982467,atac10k
0.0049471534,-0.0034155762,atac10k
0.0049469345,-0.0044433987,atac10k
0.0049512587,-0.0040467526,atac10k
0.004978649,0.0019428703,atac10k
0.0049469043,-0.0028858415,atac10k
0.004950584,-0.0041646874,atac10k
0.004977443,0.0032936684,atac10k
0.0049181394,-0.0037359486,atac10k
0.0049606394,-0.0006858191,atac10k
0.0049467506,-0.0037238747,atac10k
0.0049779406,0.0026186712,atac10k
0.0049786353,0.0020291286,atac10k
0.0049779834,0.0027147187,atac10k
0.0049466165,-0.00430302,atac10k
0.004949053,-0.0033745428,atac10k
0.0049773008,0.0032961417,atac10k
0.0049151517,-0.0045333607,atac10k
0.004978222,0.0013215455,atac10k
0.004978761,0.0017158911,atac10k
0.0049769534,0.004357798,atac10k
0.0049777725,0.0030927963,atac10k
0.004951078,-0.0019328799,atac10k
0.004947487,-0.0029620542,atac10k
0.004972244,0.00016816049,atac10k
0.004978635,0.0017269938,atac10k
0.004977648,0.0017547293,atac10k
0.004914839,-0.0041310247,atac10k
0.004978242,0.002239779,atac10k
0.0049775904,0.0031832173,atac10k
0.0049781245,0.0017506551,atac10k
0.0049466854,-0.0037113493,atac10k
0.0049784356,0.0022037413,atac10k
0.004946667,-0.0027658609,atac10k
0.0049784267,0.0012193875,atac10k
0.00491621,-0.0038757431,atac10k
0.00494788,-0.0031686763,atac10k
0.0049783,0.002258859,atac10k
0.004954014,-0.0041995044,atac10k
0.004951006,-0.002203893,atac10k
0.004948367,-0.003843745,atac10k
0.004945778,-0.0030263439,atac10k
0.004978816,0.0017169615,atac10k
0.00494668,-0.003405786,atac10k
0.004977991,0.0027670655,atac10k
0.0049487427,-0.0028984258,atac10k
0.0049785487,0.002157233,atac10k
0.004978107,0.0028180873,atac10k
0.00497772,0.0029922773,atac10k
0.004947497,-0.0030697554,atac10k
0.0049462123,-0.003753698,atac10k
0.004946848,-0.0036978666,atac10k
0.00497835,0.0020831325,atac10k
0.004978231,0.0022992557,atac10k
0.0049753287,0.0014264993,atac10k
0.0049786256,0.001811491,atac10k
0.0049765133,0.0034075186,atac10k
0.004946906,-0.0025515435,atac10k
0.004977076,0.0037827617,atac10k
0.004978726,0.0014252809,atac10k
0.004977878,0.0029395844,atac10k
0.004978221,0.0023434325,atac10k
0.0049779364,0.0028012714,atac10k
0.0049785296,0.0018524413,atac10k
0.004977877,0.0027968402,atac10k
0.0049784444,0.0020876545,atac10k
0.004978574,0.0018031592,atac10k
0.0049732076,0.00152994,atac10k
0.0049462905,-0.0026340273,atac10k
0.0049780128,0.0025911988,atac10k
0.004978385,0.0018148447,atac10k
0.004947946,-0.0046955836,atac10k
0.0049782502,0.002386154,atac10k
0.0049781543,0.002557955,atac10k
0.0049782936,0.002647126,atac10k
0.004946762,-0.002824112,atac10k
0.004946699,-0.003420342,atac10k
0.0049774544,0.001619737,atac10k
0.0049783094,0.001603781,atac10k
0.004946528,-0.002655244,atac10k
0.0049225995,-0.0036457235,atac10k
0.004978955,0.0013639557,atac10k
0.004953467,-0.004135207,atac10k
0.004946897,-0.0031050695,atac10k
0.004978483,0.0016995023,atac10k
0.004975578,0.002522437,atac10k
0.004977375,0.0021432252,atac10k
0.004977803,0.0017734313,atac10k
0.0049133296,-0.00396466,atac10k
0.004978425,0.0021992417,atac10k
0.004949271,-0.003962321,atac10k
0.004960926,-0.0005523344,atac10k
0.0049776197,0.0032656665,atac10k
0.004978628,0.0020090325,atac10k
0.004977766,0.0029690873,atac10k
0.004978888,0.0015761623,atac10k
0.004978021,0.0027860624,atac10k
0.0049455543,-0.00501787,atac10k
0.0049477476,-0.0038692954,atac10k
0.004978448,0.0021143996,atac10k
0.0049785757,0.0017790039,atac10k
0.0049778824,0.0040322626,atac10k
0.0049771173,0.004233022,atac10k
0.0049609295,-0.0007511421,atac10k
0.0049465075,-0.002785528,atac10k
0.0049473443,-0.003143009,atac10k
0.0049774293,0.0033966438,atac10k
0.0049776537,0.0030921253,atac10k
0.004978626,0.001819274,atac10k
0.0049777804,0.0030831795,atac10k
0.0049498095,-0.0041270084,atac10k
0.0049471254,-0.0040702336,atac10k
0.004977209,0.0039522722,atac10k
0.0049571344,-0.004895023,atac10k
0.0049776086,0.0031657016,atac10k
0.0049677053,-1.3991876e-05,atac10k
0.0049787136,0.0017977554,atac10k
0.00497842,0.0018683261,atac10k
0.00497849,0.001987067,atac10k
0.004945898,-0.004217935,atac10k
0.0049789087,0.0016556083,atac10k
0.00494795,-0.004332355,atac10k
0.0049781846,0.0025228916,atac10k
0.004946485,-0.0026678755,atac10k
0.0049748677,0.0018476527,atac10k
0.00497824,0.00243012,atac10k
0.0049469424,-0.003241452,atac10k
0.004977473,0.0032980333,atac10k
0.004978676,0.0018913391,atac10k
0.0049779476,0.002647542,atac10k
0.0049782875,0.0024475614,atac10k
0.004978401,0.0021991453,atac10k
0.004927997,-0.0040601813,atac10k
0.0049463627,-0.0037919874,atac10k
0.004948696,-0.0023363787,atac10k
0.0049771913,0.0036576746,atac10k
0.0049783355,0.0021546304,atac10k
0.0049784156,0.001995595,atac10k
0.0049776314,0.003073068,atac10k
0.0049782316,0.0025362913,atac10k
0.004947109,-0.0030391675,atac10k
0.0049781464,0.0026020883,atac10k
0.0049320217,-0.002978484,atac10k
0.0049746693,0.0019518493,atac10k
0.0049457317,-0.0038930622,atac10k
0.004946976,-0.002879473,atac10k
0.0049456,-0.0029967653,atac10k
0.0049773324,0.001120455,atac10k
0.0049470845,-0.0041240924,atac10k
0.0049781576,0.002583838,atac10k
0.004978864,0.0017128168,atac10k
0.00497614,0.0019887553,atac10k
0.004976186,-0.00049718644,atac10k
0.004948675,-0.0034150628,atac10k
0.004978339,0.0020526105,atac10k
0.0049480875,-0.004431749,atac10k
0.00494696,-0.0031995217,atac10k
0.004978416,0.0021172413,atac10k
0.0049165506,-0.0046917764,atac10k
0.004947018,-0.0025755411,atac10k
0.0049475646,-0.00374598,atac10k
0.0049763033,0.0024580152,atac10k
0.004913977,-0.004726772,atac10k
0.0049607125,-8.567381e-05,atac10k
0.0049472167,-0.002941716,atac10k
0.004947752,-0.004592599,atac10k
0.004959968,0.00015010049,atac10k
0.0049778046,0.0029180176,atac10k
0.0049780137,0.0027347507,atac10k
0.0049776034,0.003125955,atac10k
0.004978732,0.0019137381,atac10k
0.0049466537,-0.004911045,atac10k
0.0049139895,-0.0046629086,atac10k
0.0049468717,-0.0024000094,atac10k
0.004947063,-0.0030101377,atac10k
0.004977878,0.0026303357,atac10k
0.004978935,0.0015233541,atac10k
0.0049783895,0.0021836276,atac10k
0.004946993,-0.0026510658,atac10k
0.004977819,0.0029059516,atac10k
0.0049781404,0.0024728419,atac10k
0.0049782544,0.0023841693,atac10k
0.0049457666,-0.0046343743,atac10k
0.004977622,0.0018255493,atac10k
0.0049784877,0.0018351867,atac10k
0.004977499,0.003275756,atac10k
0.004946859,-0.0038111298,atac10k
0.004978197,0.0021006223,atac10k
0.0049473257,-0.0033447524,atac10k
0.004978493,0.0018427306,atac10k
0.004978076,0.0020009875,atac10k
0.004978438,0.001966154,atac10k
0.0049776873,0.0031870594,atac10k
0.00494732,-0.0028350782,atac10k
0.0049470277,-0.0033061863,atac10k
0.0049764086,0.001956084,atac10k
0.004978406,0.0022167002,atac10k
0.004946568,-0.00381285,atac10k
0.0049481248,-0.003004446,atac10k
0.0049776873,0.0014208083,atac10k
0.0049137557,-0.0043411804,atac10k
0.0049782903,0.0022289802,atac10k
0.004978401,0.0020009852,atac10k
0.004945918,-0.0044714794,atac10k
0.0049482305,-0.003362883,atac10k
0.0049501252,-0.003831494,atac10k
0.0049527995,-0.0034350827,atac10k
0.004913494,-0.003000975,atac10k
0.0049781576,0.0029214872,atac10k
0.0049786777,0.0022578833,atac10k
0.0049781487,0.0046228967,atac10k
0.004913257,-0.003949027,atac10k
0.004978084,0.0025834544,atac10k
0.004978873,0.0018532253,atac10k
