x,y,dataset
0.02368404,0.022349687,rna3k
0.03437592,0.0026075768,rna3k
-0.035326358,0.024900278,rna3k
-0.0031575402,0.0065170084,rna3k
-0.02822962,-0.029359534,rna3k
-0.014357142,-0.013146564,rna3k
0.040324476,0.0057142605,rna3k
-0.019534187,-0.037830636,rna3k
-0.0058708536,0.0052004587,rna3k
0.024562158,-0.0024214827,rna3k
0.032542605,-0.02932551,rna3k
-0.018688176,-0.03815019,rna3k
-0.014561117,0.0026187073,rna3k
0.028082313,-0.02471392,rna3k
0.012806537,0.014658976,rna3k
0.0024439485,-0.028462471,rna3k
0.016353492,0.0006585873,rna3k
0.003591257,0.0018701471,rna3k
0.01333761,-0.0032327948,rna3k
0.0043115644,-0.0024138826,rna3k
0.0047567524,0.012485075,rna3k
0.00069567905,-0.0023182689,rna3k
-0.032720592,0.011695473,rna3k
-0.0044516274,-0.01984382,rna3k
-0.03016742,-0.018213652,rna3k
0.007307505,0.0036706098,rna3k
0.039043065,-0.0034897127,rna3k
-0.00032745567,-0.015469774,rna3k
-0.002575242,0.0030512256,rna3k
-0.0049829152,0.0076932195,rna3k
0.021075372,0.0212184,rna3k
0.0066293827,0.027615713,rna3k
-0.011872656,-0.014576594,rna3k
0.020017553,-0.025654549,rna3k
0.008856718,0.008522738,rna3k
-0.0021399297,-0.0025409346,rna3k
0.030837052,-0.030631483,rna3k
-0.015715767,-0.027964244,rna3k
-0.003385317,0.01234749,rna3k
-0.021697797,-0.002861913,rna3k
0.010067432,0.032812823,rna3k
0.014037949,-0.032219194,rna3k
0.0115288505,-0.035298795,rna3k
-0.008775049,0.015483062,rna3k
0.054567564,0.0019461585,rna3k
0.008255659,-0.031179726,rna3k
0.016581465,0.009406962,rna3k
-0.015040974,0.026144322,rna3k
-0.03478373,0.02923034,rna3k
0.008053991,0.0065386947,rna3k
0.0025861945,0.0087452885,rna3k
-0.0008269824,-0.00921343,rna3k
0.029022066,-0.034912426,rna3k
0.006973538,-0.0015777355,rna3k
-0.008647393,0.049345233,rna3k
-0.01125605,0.024452323,rna3k
-0.0038996378,-0.01636753,rna3k
-0.047262155,0.0010770638,rna3k
0.0028737385,-0.030994225,rna3k
-0.020375626,0.009737127,rna3k
-0.0065371017,-0.012717568,rna3k
-0.0017947629,0.012539416,rna3k
-0.006530481,0.007416555,rna3k
0.009693168,0.0337075,rna3k
0.012518279,0.0039095785,rna3k
0.008583535,-0.0014392405,rna3k
0.01973331,0.005273052,rna3k
-0.020886116,-0.044065233,rna3k
0.015686415,0.004164407,rna3k
0.0090989815,-0.0326183,rna3k
-0.020401884,0.00800734,rna3k
-0.008010272,-0.026492953,rna3k
-0.000916242,-0.0018027825,rna3k
0.004708856,0.013076782,rna3k
0.0037853143,-0.0138288215,rna3k
-0.017812233,-0.013711485,rna3k
0.03297828,-0.005387206,rna3k
0.0018495823,0.0124410065,rna3k
0.002270226,0.009868403,rna3k
-0.00015878808,-0.008368777,rna3k
0.01071013,-0.038910713,rna3k
0.02718483,0.014108445,rna3k
-0.015194873,-0.0070934533,rna3k
-0.005190704,0.01799195,rna3k
-0.04749654,0.02172671,rna3k
-0.030569367,0.025228221,rna3k
-0.010065294,0.0033121742,rna3k
0.012621607,0.011799196,rna3k
0.0058539454,-0.038100023,rna3k
-0.0030541513,0.016754754,rna3k
-0.017132552,0.004181162,rna3k
0.009353093,-0.003886716,rna3k
-0.003294455,0.01334344,rna3k
0.033553343,-0.018093852,rna3k
-0.003819118,0.008808733,rna3k
-0.008769066,-0.019894524,rna3k
0.0011147959,-0.0058000577,rna3k
-0.0057691457,-0.033863895,rna3k
0.04595394,0.004586409,rna3k
-0.0055078203,0.02771044,rna3k
0.006849427,-0.04126387,rna3k
0.03036749,-0.0011085089,rna3k
0.046783905,0.002399757,rna3k
-0.039940577,0.04948555,rna3k
-0.0267436,-0.0055748266,rna3k
-0.005754325,0.02159114,rna3k
0.0016777959,-0.0056889234,rna3k
0.04140916,-0.013060708,rna3k
0.021807702,-0.020243023,rna3k
-0.0019069827,0.00356908,rna3k
0.015613232,-0.0054987473,rna3k
-0.039721537,-0.03310998,rna3k
-0.015044962,-0.023372209,rna3k
0.02429307,0.0020244962,rna3k
0.0055284193,-0.004592544,rna3k
0.010975907,0.0014336299,rna3k
0.008412045,-0.020673253,rna3k
-0.015152227,-0.025436822,rna3k
-0.003901462,0.011832831,rna3k
0.011111193,-0.014103555,rna3k
0.0021155952,-0.005180911,rna3k
-0.009892869,0.012115841,rna3k
-0.011993837,-0.0017753765,rna3k
-0.01753417,-0.0011542377,rna3k
-0.019018212,-0.02519411,rna3k
-0.028843699,0.019271506,rna3k
-0.023228033,0.017907709,rna3k
-0.025278302,-0.040615205,rna3k
0.012116712,-0.019320387,rna3k
0.0056008617,0.0028625736,rna3k
-0.01839262,-0.008953475,rna3k
0.018892206,-0.016451163,rna3k
-0.004810732,-0.014925033,rna3k
-0.008592535,-0.035525825,rna3k
-0.0023681128,-0.017657677,rna3k
0.001876359,-0.011563187,rna3k
0.015292662,0.0015043196,rna3k
-0.010314753,0.023417598,rna3k
0.0044197966,-0.007963454,rna3k
-0.012961943,0.01569042,rna3k
0.023549607,0.014271123,rna3k
-0.0033078585,-0.03358217,rna3k
-0.010755767,0.004628913,rna3k
0.02282296,-0.013576593,rna3k
1.49089865e-05,0.017274555,rna3k
-0.041834727,-0.03662925,rna3k
0.032270268,0.009200395,rna3k
-0.025982957,0.011440871,rna3k
0.008399124,-0.0016257525,rna3k
-0.0038331423,0.00799866,rna3k
-0.013345764,-0.00044196934,rna3k
0.010874415,0.003784478,rna3k
-0.03331955,0.026146086,rna3k
-0.011386805,0.013187269,rna3k
-0.025227036,-0.029223025,rna3k
-0.02407027,-0.05438073,rna3k
0.023842268,-0.012797351,rna3k
-0.002231938,0.019811874,rna3k
0.01752724,0.018968223,rna3k
-0.012001688,0.04173492,rna3k
-0.0012384508,-0.018555291,rna3k
0.027920745,-0.019413289,rna3k
0.03204181,-0.00598254,rna3k
-0.0044142837,-0.010384485,rna3k
0.022176987,0.014561865,rna3k
-0.0025374207,-0.00791689,rna3k
-0.0037207103,-0.008923693,rna3k
-0.0404543,-0.036952905,rna3k
0.017477436,0.009172682,rna3k
0.015112926,-0.020929787,rna3k
0.006245545,-0.012225011,rna3k
-0.05509961,0.024482641,rna3k
0.0048571043,0.003961388,rna3k
0.022166645,-0.03007907,rna3k
-0.058067996,0.00889983,rna3k
0.02050318,-0.005053687,rna3k
-0.0036032528,-0.0023245388,rna3k
0.03373968,-0.026888032,rna3k
-0.037655354,0.0009537031,rna3k
-0.010366896,3.2902044e-05,rna3k
0.032557957,-0.022911593,rna3k
0.007812136,0.021043923,rna3k
-0.0056341277,0.0084820585,rna3k
0.0113445185,-0.013644261,rna3k
-0.026823923,-0.0018067153,rna3k
-0.0673679,0.0010070066,rna3k
-0.012816476,0.0011565945,rna3k
-0.012208729,0.034915183,rna3k
-0.026656618,-0.0026514973,rna3k
0.013969639,0.020462153,rna3k
0.0023455655,-0.019911116,rna3k
-0.011143154,0.05815102,rna3k
0.01927945,-0.0056673465,rna3k
-0.004285766,0.0012060289,rna3k
-0.025981518,-0.060447484,rna3k
-0.026564233,-0.0023690672,rna3k
-0.0328204,0.0004295996,rna3k
0.0143258935,-0.018452896,rna3k
0.036606967,0.0016740694,rna3k
0.023579676,-0.020587146,rna3k
-0.008407732,0.032534182,rna3k
0.02457465,0.010399412,rna3k
-0.006611413,-0.020938559,rna3k
0.010796057,0.000724182,rna3k
0.0017367078,-0.021814676,rna3k
0.010638754,0.0067456863,rna3k
0.0048459386,0.035155315,rna3k
-0.021566065,-0.034232143,rna3k
0.0042819693,0.016485645,rna3k
-0.0011067231,-0.015471471,rna3k
0.0050742067,0.0021047476,rna3k
-0.00033985358,-0.02573303,rna3k
-0.021970684,-0.044211995,rna3k
-0.0047250465,0.007423232,rna3k
-0.011603102,-0.026315706,rna3k
0.016407976,0.008551056,rna3k
-0.009735976,-0.0072770547,rna3k
0.0061796997,-0.028449826,rna3k
0.02779083,-0.023621581,rna3k
0.018871713,-0.01131426,rna3k
0.016863333,0.03939863,rna3k
0.013798805,0.016483217,rna3k
0.013544969,-0.00950754,rna3k
-0.03347496,-0.011966279,rna3k
0.0045176237,-0.0032486182,rna3k
0.0033329322,-0.0284061,rna3k
0.023961453,-0.017166564,rna3k
0.018863851,0.0120185185,rna3k
0.0019670704,0.036905568,rna3k
0.006971821,0.010021889,rna3k
0.0030410616,0.020852659,rna3k
0.01943932,0.0304684,rna3k
-0.0033256402,-0.017142968,rna3k
-0.019984586,-0.002954299,rna3k
0.0019167035,0.005149339,rna3k
0.0022215177,0.046622507,rna3k
0.011390289,0.012261069,rna3k
-0.02815768,0.017245226,rna3k
-0.02121334,-0.035815112,rna3k
-0.0133298,0.002128931,rna3k
0.04171628,-0.012017144,rna3k
0.02464253,-0.023256654,rna3k
0.022790208,0.03477143,rna3k
-0.02375299,0.014030766,rna3k
0.005409833,-0.01254883,rna3k
0.011318497,0.031990103,rna3k
0.002167578,0.0057317037,rna3k
-0.034873046,0.020981684,rna3k
0.028401233,0.0043225503,rna3k
-0.008731335,0.0060158633,rna3k
-0.0017445404,-0.011993098,rna3k
0.005892844,-0.025805,rna3k
-0.008465712,-0.0020587586,rna3k
0.0034124248,-0.026758036,rna3k
0.0014833354,0.012333469,rna3k
0.0036983055,-0.017127512,rna3k
-0.0064930925,0.007320531,rna3k
0.011369515,-0.012609678,rna3k
-0.004607667,0.004284147,rna3k
0.0066885864,0.0011166503,rna3k
0.0014705227,0.02706592,rna3k
-0.04914974,0.021998543,rna3k
-1.2067186e-05,-0.011406522,rna3k
0.025951702,-0.01406054,rna3k
-0.006071785,-0.008285893,rna3k
0.0054784217,-0.028779905,rna3k
-0.038653526,-0.0057350644,rna3k
-0.012196193,-0.011960905,rna3k
-0.025617104,0.031919166,rna3k
0.015154441,-0.011935286,rna3k
-0.021776639,-0.014015606,rna3k
0.016555462,0.006391291,rna3k
0.006537274,0.009554288,rna3k
-0.0048392336,-0.028594432,rna3k
0.0049674446,0.020947391,rna3k
0.004142848,-0.015298498,rna3k
-0.0033272586,0.0122247785,rna3k
-0.0031252461,0.013618042,rna3k
0.0074796514,0.011206648,rna3k
0.045669477,0.0011425678,rna3k
-0.015632043,-0.00022308665,rna3k
0.010515664,0.012248922,rna3k
0.005480568,-0.025161715,rna3k
0.0022110858,0.017203266,rna3k
-0.01920505,0.01793459,rna3k
-0.032273192,0.0064588543,rna3k
0.0038241833,0.021731205,rna3k
0.019361561,0.034314483,rna3k
-0.020000244,0.021077443,rna3k
0.03583639,-0.022836741,rna3k
0.037358306,0.00024887372,rna3k
0.016728135,0.0036054046,rna3k
-0.0123257125,0.030528542,rna3k
0.03540649,-0.029692046,rna3k
0.007881983,-0.027444523,rna3k
0.00022491613,0.011133369,rna3k
0.016525013,0.023819992,rna3k
0.028324535,0.016516544,rna3k
0.009342958,0.0016746732,rna3k
-0.009186811,-0.011661261,rna3k
0.035368018,-0.019843945,rna3k
0.020808574,0.0068401033,rna3k
0.0071583856,-0.03375681,rna3k
0.0027460617,-0.0011109457,rna3k
-0.0055314275,-0.031200932,rna3k
-0.0062217535,-0.018217493,rna3k
-0.0037396946,-0.02832281,rna3k
0.032934915,-0.013360879,rna3k
0.010902136,0.023237461,rna3k
-0.00147247,0.007992856,rna3k
-0.009045493,-0.015403578,rna3k
-0.024468347,-0.0030038091,rna3k
0.00351084,-0.015942564,rna3k
-0.010901414,-0.003233477,rna3k
0.030424457,0.012876978,rna3k
-0.033055592,0.027555399,rna3k
-0.009901137,-0.0027087408,rna3k
-0.022175362,-0.03296542,rna3k
-0.019659769,-0.04755247,rna3k
-0.03374753,0.018844986,rna3k
0.0014061383,-0.009989684,rna3k
-0.009206996,-0.024854613,rna3k
0.03804295,-0.025883336,rna3k
0.020745127,0.009349213,rna3k
0.037482668,0.007046085,rna3k
0.018341118,-0.011943744,rna3k
0.017023254,-0.021094792,rna3k
0.026971582,-0.011734011,rna3k
0.008858444,-0.020818723,rna3k
0.028313838,-0.031890705,rna3k
-0.05200886,0.041123174,rna3k
0.0139381,0.03262308,rna3k
-0.009716057,-0.016823467,rna3k
-0.0077392464,0.010711968,rna3k
0.013391325,0.02049263,rna3k
0.008696049,0.013170224,rna3k
-0.017428897,-0.0044139284,rna3k
-0.0006244832,-0.013077811,rna3k
0.018494606,-0.0019503109,rna3k
-0.023481455,0.0024238313,rna3k
0.04662212,-0.011688348,rna3k
0.001817424,0.009928641,rna3k
0.013569599,0.008466014,rna3k
-0.009547991,-0.0066188397,rna3k
-0.0014112274,-0.01793989,rna3k
0.0069043026,-0.021819502,rna3k
0.0017806825,-0.025917824,rna3k
0.024714643,0.0061528953,rna3k
0.044702414,0.008618824,rna3k
-0.01429725,-0.028659316,rna3k
0.002518623,-0.012800802,rna3k
-0.022599593,0.04817791,rna3k
0.0033853485,0.026358036,rna3k
0.007784649,0.011163485,rna3k
-0.013233989,-0.021295898,rna3k
-0.008448505,-0.022871323,rna3k
0.007491321,0.01649953,rna3k
-0.01676252,-0.007951944,rna3k
-0.012863237,-0.028821351,rna3k
-0.0019686008,-0.0046462356,rna3k
0.0157094,-0.021749387,rna3k
0.007954222,0.010947301,rna3k
-0.008078482,0.02188354,rna3k
-0.017844744,-0.024439855,rna3k
0.01050663,0.0025983718,rna3k
-0.0107404655,0.020834653,rna3k
-0.011410084,-0.020440591,rna3k
0.003570627,0.013890951,rna3k
0.0031887207,-0.0123404665,rna3k
-0.019004142,-0.006840555,rna3k
0.010413944,0.032018483,rna3k
-0.021512318,0.0128623815,rna3k
-0.007659049,-0.0050063725,rna3k
0.0008894254,0.009824272,rna3k
-0.004166308,0.028046602,rna3k
0.012182051,-0.008877578,rna3k
-0.03491323,-0.021032793,rna3k
-0.01567955,-0.018755551,rna3k
0.026121685,-0.01979245,rna3k
-0.01931405,0.011369841,rna3k
0.009668951,-0.004585595,rna3k
-0.046241388,0.03187015,rna3k
-0.00467224,-0.0018844855,rna3k
0.04107765,-0.020776408,rna3k
-0.0006325396,0.009356683,rna3k
0.026609875,0.0082901465,rna3k
-0.047511805,-0.025639923,rna3k
0.002828623,-0.012159936,rna3k
-0.013649284,0.013821005,rna3k
-0.043582745,0.017515082,rna3k
0.007233025,-0.0039761965,rna3k
-0.011595316,0.018538503,rna3k
0.034119662,0.011406684,rna3k
0.006672114,-0.015463509,rna3k
0.006853489,0.0013275861,rna3k
-0.022185171,-0.020178374,rna3k
-0.008456935,0.0022085242,rna3k
-0.019491628,0.020897673,rna3k
-0.014905019,-0.019571831,rna3k
-0.0075584394,0.014243641,rna3k
0.008598352,-0.0009233324,rna3k
0.006838446,0.0068697203,rna3k
-0.01135862,-0.015823001,rna3k
-0.015003217,0.03237811,rna3k
0.00674436,-0.017342526,rna3k
0.002112654,-0.013356585,rna3k
0.015938314,0.03235072,rna3k
-0.020694492,0.0035024476,rna3k
0.019985931,0.0057670125,rna3k
-0.020731336,-0.005327554,rna3k
-0.018936386,-0.020036848,rna3k
-0.022393433,-0.021765701,rna3k
-0.005432067,-0.018063035,rna3k
-0.016396228,0.011928493,rna3k
-2.935927e-05,0.016350003,rna3k
-0.017633729,0.004991586,rna3k
-0.005443116,0.0046337442,rna3k
0.018887097,0.0023556787,rna3k
0.002868523,0.024125848,rna3k
-0.02758327,0.01191479,rna3k
0.022664018,0.014381622,rna3k
0.019520383,0.026655002,rna3k
0.037494443,-0.016444966,rna3k
0.009408601,0.05546581,rna3k
-0.012617415,-0.04531053,rna3k
-0.009483902,-0.011998367,rna3k
-0.017904941,0.008952871,rna3k
-0.0041410625,0.008549307,rna3k
-0.027804594,0.014649038,rna3k
-0.01707858,-0.03466581,rna3k
0.03296318,-0.012769712,rna3k
-0.040700007,0.012407247,rna3k
0.0071676834,0.026245868,rna3k
0.006136975,-0.0064447927,rna3k
-0.0048784944,-0.013597133,rna3k
0.008101871,-0.020754188,rna3k
0.008021994,-0.009846911,rna3k
0.009580781,-0.034308422,rna3k
-0.01179677,-0.036253344,rna3k
-0.020311935,-0.023115247,rna3k
0.0069487807,-0.028045215,rna3k
0.015327986,-0.027465336,rna3k
0.017767083,-0.004576485,rna3k
0.05297343,0.019086102,rna3k
-0.0057763583,-0.031626657,rna3k
0.020535173,-0.019774929,rna3k
-0.015568035,0.017337438,rna3k
-0.01212302,0.01990062,rna3k
0.014067308,-0.0028874592,rna3k
0.000253273,-0.00027038608,rna3k
-0.027105376,-0.036681622,rna3k
-0.02882734,0.027753785,rna3k
-0.003983979,0.0075902026,rna3k
-0.0072095525,0.0074885446,rna3k
0.04427615,0.0038149282,rna3k
-0.003755106,0.009755437,rna3k
-0.027499598,0.024878565,rna3k
0.004846298,0.001975329,rna3k
0.0012349022,0.0031573093,rna3k
0.0002262058,-0.007933996,rna3k
-0.00999575,0.016553018,rna3k
0.0018013647,-0.000640673,rna3k
0.008654212,0.012593523,rna3k
-0.028561791,-0.033138707,rna3k
-0.050342225,0.01526999,rna3k
0.017839726,0.014898803,rna3k
0.0009528251,0.00082278706,rna3k
0.002244733,0.01341651,rna3k
0.03144072,0.013599505,rna3k
0.046349093,-0.009088818,rna3k
0.01800105,0.0058128564,rna3k
-0.0027976953,-0.021117387,rna3k
-0.00032204515,0.0208284,rna3k
0.010611712,0.028642524,rna3k
0.0069640917,-0.00969744,rna3k
-0.020405466,0.015854241,rna3k
-0.008647059,-0.017788578,rna3k
0.014693737,-0.0012075508,rna3k
-0.010106448,-0.010745173,rna3k
-0.0027453755,-0.013900235,rna3k
0.020185886,0.010045355,rna3k
0.006885018,-0.010416069,rna3k
-0.025153566,-0.012415901,rna3k
0.016520048,0.0028767553,rna3k
-0.02247666,0.010361272,rna3k
-0.013100219,-0.0012302708,rna3k
0.033895995,-0.006041841,rna3k
-0.029096212,0.016078096,rna3k
-0.032808434,0.018099355,rna3k
-0.019074287,0.03288009,rna3k
2.5465677e-05,-0.007283157,rna3k
0.011195224,0.024191724,rna3k
-0.020382078,0.009546899,rna3k
-0.006817068,-0.008760927,rna3k
-0.0006704639,0.03452218,rna3k
-0.012481622,-0.007005008,rna3k
0.023939356,-0.0040421686,rna3k
0.040084805,-0.007085755,rna3k
-0.008910179,0.01985927,rna3k
0.046457678,-0.0014760444,rna3k
0.00843519,0.040936254,rna3k
-0.03717195,0.053858437,rna3k
0.008494022,0.030878186,rna3k
0.004625407,0.0015884023,rna3k
0.01891218,-0.004370322,rna3k
-0.016619483,-0.04139113,rna3k
-0.04616173,0.012068651,rna3k
-0.044192016,0.012505056,rna3k
-0.00043123655,0.01741699,rna3k
-0.008777906,-0.018583253,rna3k
-0.0020599742,0.02863789,rna3k
0.0012403249,0.00063909934,rna3k
0.012111035,0.021399366,rna3k
0.0003305382,-0.0040520136,rna3k
0.018129312,-0.00013455607,rna3k
-0.033074748,0.022007994,rna3k
-0.014506952,-0.004865292,rna3k
-0.034872703,-0.03558143,rna3k
0.008511082,-0.011258947,rna3k
-0.024186004,-0.0037875753,rna3k
0.005258309,-0.022275398,rna3k
0.017237153,-0.028975388,rna3k
-0.006063716,-0.007584625,rna3k
0.009406735,0.0060453606,rna3k
-0.0059073386,0.007778783,rna3k
-0.020241428,-0.000896542,rna3k
-0.015713489,-0.014692074,rna3k
-0.0074499175,-0.015769333,rna3k
0.011145476,-0.0048280833,rna3k
0.024332883,0.025643595,rna3k
0.03030073,-0.0059782336,rna3k
-0.035190467,0.013553305,rna3k
-0.0070172665,0.009383937,rna3k
-0.04587194,0.034363396,rna3k
0.009341585,0.0009824272,rna3k
-0.0035496796,0.022161398,rna3k
0.013983019,0.020167625,rna3k
-0.011804891,0.01702667,rna3k
-0.0029627269,0.008392726,rna3k
-0.014677588,0.01817964,rna3k
-0.0017235206,0.014386101,rna3k
-0.018866766,0.005458727,rna3k
0.0002766066,0.004943663,rna3k
-0.03191485,0.010326663,rna3k
0.013760197,-0.013114152,rna3k
0.010847932,0.0315528,rna3k
-0.016281398,0.011907782,rna3k
-0.01667942,-0.027294075,rna3k
-0.0025483794,0.014879995,rna3k
0.0065622334,-0.012099432,rna3k
-0.020569813,0.025076473,rna3k
-0.0058713756,0.025494032,rna3k
0.035664115,-0.008587522,rna3k
-0.00058853603,-0.0176081,rna3k
-0.03419121,-0.009411004,rna3k
-0.009199457,-0.011978261,rna3k
-0.002724126,0.015069279,rna3k
-0.0025620242,-0.0112206,rna3k
0.021016689,0.024576431,rna3k
0.03413742,-0.015026823,rna3k
0.0048343753,0.0032363026,rna3k
0.00021414671,-0.00969525,rna3k
0.021762112,0.022183673,rna3k
-0.023345698,0.010113274,rna3k
-0.017883241,-0.02578383,rna3k
-0.0034504456,0.008816808,rna3k
-0.010469218,0.025315857,rna3k
-0.004846376,-0.017737778,rna3k
-0.0020645952,-0.004712863,rna3k
0.0017382086,-0.005465798,rna3k
-0.00876861,0.015431662,rna3k
0.028831173,-0.012053897,rna3k
-0.0046777003,-0.009036759,rna3k
0.006334927,-0.0022554563,rna3k
-0.012897362,-0.0025986682,rna3k
-0.024508959,-0.029188624,rna3k
0.015349874,0.03540156,rna3k
-0.011073048,-0.00717404,rna3k
-0.02301224,0.03496323,rna3k
0.032308225,-0.0067634527,rna3k
-0.018568028,-0.024749866,rna3k
-0.014250328,0.0037052871,rna3k
-0.0070296926,-0.0064942306,rna3k
-0.010173732,0.026426157,rna3k
0.0422059,-0.017441783,rna3k
0.011069907,-0.0008813073,rna3k
-0.012010135,0.02434549,rna3k
0.008697207,0.02210422,rna3k
0.0054813167,-0.03553114,rna3k
-0.0015888703,0.0045023947,rna3k
0.0006889416,-0.013304281,rna3k
0.0023330231,0.033506375,rna3k
-0.0014114173,-0.019106891,rna3k
-0.009178779,0.0089505175,rna3k
0.03976493,-0.016374165,rna3k
0.010903528,-0.02120382,rna3k
-0.0067665917,-0.005462128,rna3k
0.010721645,-0.01951255,rna3k
-0.023903314,-0.039007697,rna3k
-0.031882748,0.01676194,rna3k
0.0046288725,-0.004679485,rna3k
0.011090371,-0.0076867635,rna3k
0.030842142,-0.016924059,rna3k
0.0049028457,0.006437667,rna3k
-0.024332952,0.032632623,rna3k
-0.01770405,-0.011526073,rna3k
0.0056998543,-0.0074181953,rna3k
-0.015145404,-0.05210329,rna3k
0.00816666,-0.008639982,rna3k
0.020388309,0.0142029505,rna3k
0.0002101762,0.0025185135,rna3k
0.004829232,-0.0024381648,rna3k
-0.010377379,0.024769833,rna3k
-0.015085162,-0.02153081,rna3k
-0.009074665,-0.015993247,rna3k
0.033384033,-0.021809539,rna3k
-0.009118531,0.00584735,rna3k
-0.015298782,0.02796262,rna3k
-0.01680398,0.0013178013,rna3k
0.0047583976,-0.0040574474,rna3k
0.0050781453,-0.008974477,rna3k
-0.010417034,0.002679161,rna3k
-0.019257499,-0.010281788,rna3k
0.00096062483,0.016810829,rna3k
0.009441011,-0.0424912,rna3k
0.001051532,-0.0012793033,rna3k
-0.03885032,0.030270271,rna3k
0.0043125562,0.0033335888,rna3k
-0.007228259,-0.037344817,rna3k
-0.009675055,-0.0039319163,rna3k
0.004718209,-0.017754002,rna3k
-0.00355141,0.007072655,rna3k
0.0007365966,0.026039332,rna3k
0.0047028856,-0.018890643,rna3k
-0.018375754,-0.013078247,rna3k
-0.024934826,0.016524144,rna3k
-0.014822467,0.027252588,rna3k
-0.014653961,-0.008485597,rna3k
-0.027718473,-0.013123821,rna3k
0.022160271,-0.026062867,rna3k
0.0011906503,0.015075925,rna3k
-0.019241828,-0.0085691465,rna3k
0.018575374,-0.015777549,rna3k
-0.022397036,0.009677185,rna3k
-0.0043228506,0.010871157,rna3k
0.008726797,0.0021641352,rna3k
-0.011986409,0.011846492,rna3k
0.0029807806,-0.015337108,rna3k
-0.038967703,0.027445285,rna3k
-0.010985023,-0.019938618,rna3k
0.033262227,0.006479211,rna3k
-0.016224666,0.014374852,rna3k
-0.000123541,0.009750311,rna3k
-0.02512592,-0.017025542,rna3k
0.013468257,-0.021131936,rna3k
0.004098039,0.034866326,rna3k
-0.0051897853,-0.016404454,rna3k
0.0015267516,-0.008828219,rna3k
0.002656174,0.013552,rna3k
-0.0007242407,-0.030273812,rna3k
0.017383866,-0.0054326393,rna3k
-0.0048911055,0.02230985,rna3k
0.0041492926,0.004456725,rna3k
-0.012075896,-0.04205753,rna3k
-0.009430485,-0.0113045275,rna3k
-0.003977431,-0.012172488,rna3k
-0.0176184,-0.020303935,rna3k
0.0008251348,0.013521583,rna3k
-0.010382636,0.014808982,rna3k
-0.015251105,0.00917975,rna3k
0.00914649,-0.0142532475,rna3k
-0.032906353,0.0026608557,rna3k
-0.0046183956,-0.0020607505,rna3k
0.004422289,0.015551557,rna3k
-0.005856231,0.008429911,rna3k
-0.008648161,0.0055229017,rna3k
0.014460607,-0.01966672,rna3k
-0.0020819274,0.01607428,rna3k
0.008375361,0.017196896,rna3k
0.039587077,-0.021133404,rna3k
-0.017082669,0.0015848106,rna3k
-0.016620696,-0.008779255,rna3k
0.023570996,-0.019522969,rna3k
-0.022450985,0.012543312,rna3k
-0.013792644,0.011982162,rna3k
-0.0055118245,-0.030362155,rna3k
0.016478788,0.0016522323,rna3k
0.028404405,0.018895514,rna3k
-0.001648021,0.014530574,rna3k
-0.03820231,-0.011161344,rna3k
0.014083608,0.009024191,rna3k
0.010984472,0.053091384,rna3k
0.0007145599,0.025334666,rna3k
-0.0041389246,-0.006004073,rna3k
0.007952664,-0.014245965,rna3k
-0.0011838624,0.0035193663,rna3k
0.010748293,0.0062491014,rna3k
0.012175103,-0.019890606,rna3k
-0.025956664,-0.03646939,rna3k
-0.0052632205,0.003046178,rna3k
0.021625686,-0.015049702,rna3k
-0.012742621,0.0028243982,rna3k
0.051316895,-0.0009190575,rna3k
0.012294325,0.013326465,rna3k
0.006891888,-0.005926303,rna3k
0.03522318,-0.009021779,rna3k
0.005544723,-0.005110714,rna3k
-0.015929548,0.022613555,rna3k
-0.0008873752,-0.010581417,rna3k
-0.004739347,-0.011180862,rna3k
-0.031901654,-0.029123977,rna3k
-0.01397154,0.016148077,rna3k
-0.018819556,0.019253135,rna3k
0.00636192,0.0012612251,rna3k
0.00452626,0.012134306,rna3k
0.04604265,0.0015946502,rna3k
0.014699015,-0.020238994,rna3k
0.003251374,-0.00059801055,rna3k
0.027265795,-0.00975864,rna3k
0.019109411,-0.0060833655,rna3k
0.004322223,0.024829902,rna3k
-0.009501546,0.019589946,rna3k
0.01467625,-0.025106253,rna3k
0.0052480134,0.03023982,rna3k
-0.014401837,0.014736669,rna3k
0.006911095,-0.008299135,rna3k
-0.004554716,0.040614847,rna3k
0.0055023544,-0.020537874,rna3k
0.0010718167,0.0045353975,rna3k
-0.009975899,-0.00044140327,rna3k
-0.026106428,0.0038371356,rna3k
-0.0045985747,0.005537772,rna3k
0.0005387281,-0.034714773,rna3k
-0.0034274878,-0.038761526,rna3k
0.00038013392,-0.014606586,rna3k
0.014139905,0.019669086,rna3k
0.022713104,0.019090746,rna3k
-0.018269287,-0.053510953,rna3k
-0.023983223,0.010482859,rna3k
-0.020776132,0.015076818,rna3k
0.004876652,-0.010318903,rna3k
-0.023872536,-0.029654581,rna3k
-0.013003879,-0.038745992,rna3k
-0.034324612,-0.034383193,rna3k
-0.0031831632,-0.022072906,rna3k
0.016586317,0.037406728,rna3k
0.02331925,0.030633625,rna3k
0.017183036,-0.007943442,rna3k
-0.0017089775,-0.029397411,rna3k
-0.0027175138,0.039689366,rna3k
-0.0016556169,0.046410657,rna3k
0.008784768,-0.018057358,rna3k
0.033620145,0.033457097,rna3k
0.008018283,0.0012881594,rna3k
-0.02738102,0.017736722,rna3k
-0.0070936065,-0.0015129814,rna3k
-0.006770194,-0.028865373,rna3k
-0.026806483,-0.01897869,rna3k
0.0007846194,0.025566656,rna3k
0.0196759,-0.0026916184,rna3k
-0.024374269,-0.0033783198,rna3k
-0.0070813,-0.005335688,rna3k
-0.0165696,0.0133628445,rna3k
-0.02654521,-0.01452398,rna3k
-0.00020105009,-0.023656258,rna3k
0.0046274867,-0.021282898,rna3k
-0.0129378475,-0.010552578,rna3k
-0.035072573,-0.00036005114,rna3k
-0.030916886,-0.018141001,rna3k
0.002150543,-0.019102387,rna3k
0.036552493,-0.014009158,rna3k
0.015094423,0.015783083,rna3k
-0.00873544,-0.021408783,rna3k
0.004479104,0.02326207,rna3k
0.015197898,0.002983548,rna3k
0.013875641,0.012764988,rna3k
-0.016360909,0.0046785213,rna3k
-0.013954329,0.019302934,rna3k
0.04597103,0.011618342,rna3k
0.047649577,-0.0020203895,rna3k
0.009952957,-0.029338999,rna3k
0.03483562,0.015061739,rna3k
0.012414588,0.015931962,rna3k
-0.042515084,0.0119616585,rna3k
0.025879575,-0.0017169189,rna3k
-0.020622011,0.0037986017,rna3k
0.01919477,0.0029477587,rna3k
-0.003577061,0.0033047467,rna3k
-0.012620286,0.0079168985,rna3k
0.0010327584,0.012880538,rna3k
0.020512406,-0.0061494387,rna3k
-0.016130708,-0.023796815,rna3k
-0.017228222,-0.028856775,rna3k
-0.035303377,0.0004851262,rna3k
0.015911816,-0.013745571,rna3k
0.004730012,0.016279789,rna3k
-0.029530497,-0.043472923,rna3k
-0.0055105453,-0.008611988,rna3k
0.024127826,0.010427983,rna3k
-0.00894604,-0.0151293855,rna3k
0.012769698,0.017541073,rna3k
0.00997149,0.00020239204,rna3k
-0.009138154,-0.04394117,rna3k
0.017346336,-0.024605358,rna3k
-0.0006704325,0.011057169,rna3k
0.021662824,0.0043548304,rna3k
0.021803567,-0.009574469,rna3k
-0.031103346,-0.0356335,rna3k
0.014654446,0.0105571905,rna3k
0.009399421,-0.009118442,rna3k
0.0164165,-0.0021297326,rna3k
0.0023604126,-0.0037943248,rna3k
-0.0033411947,0.02261435,rna3k
-0.00045465608,-0.038543522,rna3k
-0.024306804,-0.017715855,rna3k
0.031333994,-0.012572804,rna3k
0.003991409,0.00046894106,rna3k
0.026455186,-0.0054392437,rna3k
0.009333818,0.04408592,rna3k
0.041659836,-0.0046953186,rna3k
0.024267681,-0.007178239,rna3k
0.0036724783,-0.007527416,rna3k
0.00038817892,0.027446,rna3k
0.034822125,-8.7940396e-05,rna3k
0.014209986,0.021968752,rna3k
0.040050138,-0.01235169,rna3k
-0.007840923,-0.020507874,rna3k
0.00040836018,0.017549358,rna3k
-0.0022216567,-0.016675407,rna3k
0.027719757,-0.015089407,rna3k
-0.025800819,0.01129641,rna3k
0.02121195,0.005603297,rna3k
0.008751249,0.011995912,rna3k
-0.01232508,-0.002557403,rna3k
-0.0052362396,0.0037789552,rna3k
0.0013761972,-0.0029326577,rna3k
0.004825153,-0.0023791227,rna3k
-0.0247543,-0.0069126626,rna3k
0.0010852723,-0.011937916,rna3k
-0.046005785,0.022661598,rna3k
-0.049448006,0.018427078,rna3k
-0.015629698,0.017593,rna3k
0.020222262,0.018902589,rna3k
-0.010116238,0.016128998,rna3k
-0.033511017,-0.0023694162,rna3k
-0.004656351,0.018026132,rna3k
0.014031733,0.0064590313,rna3k
-0.009807692,0.017465468,rna3k
0.022269228,-0.014531915,rna3k
0.014086226,-0.019661574,rna3k
-0.007078919,-0.035030607,rna3k
-0.0008265106,0.00036706685,rna3k
0.0071365577,-0.007604292,rna3k
0.03169191,-0.0011330999,rna3k
-0.020355131,-0.021939343,rna3k
-0.009301379,-0.02000265,rna3k
-0.026600443,-0.032690257,rna3k
-0.04285119,0.02013619,rna3k
0.028022243,-0.01748247,rna3k
0.048536543,0.013055538,rna3k
-0.0031753296,-0.01980337,rna3k
0.0056460463,-0.004738022,rna3k
0.021704642,-0.01836701,rna3k
0.009832046,0.017307645,rna3k
0.026176017,-0.014992935,rna3k
0.024392348,-0.0033992531,rna3k
-0.03945846,0.012881382,rna3k
0.0154017275,0.038848747,rna3k
0.0009591831,-0.019683994,rna3k
0.017664827,0.0031140177,rna3k
0.008049158,0.028438594,rna3k
-0.0059768013,-0.0100380005,rna3k
0.0010816822,0.0056513217,rna3k
-0.0069340006,-0.031865664,rna3k
-0.0073914486,-0.0035557174,rna3k
-0.025021575,0.011467714,rna3k
0.020794041,-0.012643443,rna3k
0.024662012,0.015505276,rna3k
-0.011057951,0.009430641,rna3k
-0.0021006654,-0.0036613955,rna3k
-0.002731859,-0.011937227,rna3k
-0.025018614,-0.03541045,rna3k
0.005867757,0.008857945,rna3k
0.020088261,0.026890123,rna3k
0.009678771,-0.00057523727,rna3k
-0.011983469,-0.022757294,rna3k
-0.0029075316,-0.028402673,rna3k
-0.033909984,-0.0073646377,rna3k
0.008660974,0.025602946,rna3k
-0.0036049958,0.0008488143,rna3k
0.0004602023,-0.013691911,rna3k
0.046017643,-0.031538192,rna3k
-0.004709927,0.018020995,rna3k
-0.00036017213,-0.02341998,rna3k
-0.011740282,0.03538073,rna3k
0.009761697,-0.020446694,rna3k
0.016565684,-0.028375935,rna3k
-0.0011121857,-0.046949994,rna3k
0.019473873,0.012547824,rna3k
0.007682137,0.013915585,rna3k
-0.0064506815,-0.008426568,rna3k
0.01884505,0.0059049157,rna3k
-0.024600174,0.019003322,rna3k
-0.0019359075,-0.008186741,rna3k
-0.014769908,-0.0022170516,rna3k
6.0014067e-05,0.007604994,rna3k
0.019642433,-0.011581723,rna3k
0.0012680255,-0.0115870815,rna3k
-0.0022053116,0.002257484,rna3k
0.012784678,0.013510799,rna3k
-0.009535151,-0.021156674,rna3k
-0.039725263,0.035288263,rna3k
0.004208674,0.0430863,rna3k
-0.016576044,-0.019857937,rna3k
0.04278754,-0.014153675,rna3k
0.015531,0.026921753,rna3k
-0.00435407,-0.026538739,rna3k
-0.01692127,0.011258107,rna3k
-0.0011865401,-0.0036974042,rna3k
0.007252759,-0.014496085,rna3k
0.012678994,0.026775112,rna3k
-0.027893221,0.008954786,rna3k
0.027747633,0.0013205649,rna3k
-0.0024112277,-0.012042908,rna3k
0.0045720628,0.0030533099,rna3k
-0.006814604,-0.042170186,rna3k
0.030348936,-0.028841961,rna3k
0.0060808416,0.011585758,rna3k
0.0006224386,0.0013503464,rna3k
0.014209383,-0.0021427576,rna3k
0.037887357,-0.012264544,rna3k
-0.010019271,-0.029186575,rna3k
-0.0029562302,0.0026409866,rna3k
-0.010115377,0.010899933,rna3k
-0.0054529347,-0.018241782,rna3k
-0.0014542916,0.013923302,rna3k
-0.0091835745,-0.017939625,rna3k
-0.0045968564,-0.024606375,rna3k
-0.011705643,-0.025022358,rna3k
-0.0067046755,0.013876278,rna3k
-0.022722116,0.025357222,rna3k
0.0060931076,0.027156515,rna3k
-0.03470044,0.0286121,rna3k
0.0029687358,-0.023172198,rna3k
0.006945188,-0.0038472489,rna3k
-0.026198374,-0.013830813,rna3k
0.021513684,-0.011831117,rna3k
-0.010063185,0.022737755,rna3k
0.02830505,0.016422074,rna3k
0.017433228,0.006801113,rna3k
-0.0076784273,0.0038741198,rna3k
0.01978811,-0.008244053,rna3k
-0.002341186,-0.0317967,rna3k
0.023072656,-0.014907134,rna3k
0.0130986655,0.019373022,rna3k
0.03000646,0.020493016,rna3k
-0.009046965,0.022759855,rna3k
-0.0077203503,0.012349971,rna3k
0.013249918,0.019318236,rna3k
-0.015664669,-0.009512611,rna3k
0.02939171,-0.003935296,rna3k
-0.056043047,-0.038264874,rna3k
0.029985601,-0.022677898,rna3k
-0.008413959,-0.024242496,rna3k
-0.02677864,-0.03089113,rna3k
0.013129667,-0.00034594256,rna3k
0.019555144,0.016195325,rna3k
0.04265045,0.0010520545,rna3k
-0.004900471,-0.009823868,rna3k
0.002382175,-0.03983257,rna3k
0.026080528,-0.014414464,rna3k
-0.0057672807,0.00089430506,rna3k
0.034802403,0.0046694684,rna3k
-0.005083324,0.017954135,rna3k
0.00079618674,0.0023436977,rna3k
-0.0004969575,-0.014365305,rna3k
0.0051077525,-0.00584478,rna3k
0.026085157,-0.015340737,rna3k
0.01976221,0.029074658,rna3k
0.010021566,0.0058317133,rna3k
-0.00061215856,0.015046663,rna3k
-0.015195822,-0.0029132965,rna3k
-0.057566635,0.004971416,rna3k
0.0024936576,-0.019599732,rna3k
0.010978476,-0.0073202,rna3k
-0.036190495,0.039706144,rna3k
-0.001904838,0.0031781367,rna3k
0.017766153,-0.021873754,rna3k
0.00018049529,-0.030048184,rna3k
-0.007252609,-0.011578222,rna3k
-0.021617834,-0.048807677,rna3k
0.013576946,-0.022681719,rna3k
-0.034267373,0.03265523,rna3k
-0.013215031,-0.031935044,rna3k
0.021799356,-0.0022723689,rna3k
0.02452292,-0.027166385,rna3k
0.010015789,-0.014112729,rna3k
0.015692545,0.010051331,rna3k
-0.023032852,-0.027376309,rna3k
-0.01839824,-0.031263743,rna3k
0.005355693,0.010545221,rna3k
0.018120736,0.023269048,rna3k
-0.0033950328,-0.012987308,rna3k
0.0014444115,-0.008417298,rna3k
-0.0203269,-0.008534568,rna3k
-0.02436607,0.013488244,rna3k
-0.02035899,-0.031247655,rna3k
-0.025289908,-0.01243411,rna3k
-0.03708172,0.030908987,rna3k
0.0010586248,0.014470708,rna3k
0.003677164,-0.0145039745,rna3k
0.022861993,-0.007949847,rna3k
-0.039512742,0.008182962,rna3k
-0.0030448942,-0.012151216,rna3k
-0.0058925385,-0.00972973,rna3k
0.009043562,0.008667611,rna3k
0.011085206,-0.0037781263,rna3k
-0.00012781186,0.04374716,rna3k
-0.033254303,-0.046119466,rna3k
0.0093815,-0.0038085375,rna3k
0.03236465,0.020082066,rna3k
0.030162733,0.024733422,rna3k
-0.0038749678,-0.018820342,rna3k
0.0077399677,0.005844276,rna3k
-0.0031227393,-0.035299037,rna3k
0.009745863,-0.002097907,rna3k
0.0013756236,0.015932482,rna3k
-0.019385718,0.016846683,rna3k
-0.022875678,-0.02982963,rna3k
-0.010607072,0.020826198,rna3k
0.013947368,-0.020172132,rna3k
0.0052371784,-0.01728341,rna3k
0.03475943,0.03960357,rna3k
0.014824722,-0.009574998,rna3k
-0.0021636772,0.010006739,rna3k
-0.002551975,-0.015732616,rna3k
-0.012055835,0.011390989,rna3k
-0.015435631,0.0064008953,rna3k
-0.018842863,-0.028738314,rna3k
0.0055062138,0.010805685,rna3k
-0.007474226,-0.01583668,rna3k
0.0050351517,0.0447713,rna3k
-0.005764821,1.8736608e-05,rna3k
0.0153328795,0.034731127,rna3k
0.009261056,-0.022048006,rna3k
-0.0420397,-0.009179273,rna3k
-0.002500571,-0.012966708,rna3k
-0.0036639369,0.007962202,rna3k
0.007342372,0.024518756,rna3k
0.031761672,0.010802835,rna3k
0.020284163,0.008293157,rna3k
-0.00065155234,-0.029428992,rna3k
-0.00013582142,-0.010483334,rna3k
0.0038113042,-0.025116133,rna3k
0.010438845,0.021358425,rna3k
-0.0029060815,-0.018326484,rna3k
0.0007229499,0.0061412803,rna3k
0.009252399,0.0005188779,rna3k
0.0030622222,0.0011898582,rna3k
-0.018462641,-0.036179475,rna3k
0.0004949175,0.00082178507,rna3k
-0.014903206,0.0040936414,rna3k
0.022878908,-0.029058678,rna3k
0.005903679,-0.013879547,rna3k
-0.007831907,-0.0078069395,rna3k
0.0035330742,-0.008967089,rna3k
-0.006104597,0.016014416,rna3k
0.0073493444,0.013728117,rna3k
0.036783054,-0.0107700545,rna3k
-0.01765834,-0.015433626,rna3k
-0.017563473,0.026960675,rna3k
-0.03285398,-0.014600604,rna3k
0.010415488,0.008187909,rna3k
-0.0019899618,-0.0017229943,rna3k
0.02023665,-0.0033952154,rna3k
0.021473747,0.024917115,rna3k
0.016557528,-0.007233695,rna3k
0.0122674275,-0.0061031133,rna3k
0.009153414,0.027047863,rna3k
0.023491511,0.0020031442,rna3k
0.00036743403,0.0040420177,rna3k
0.02416808,-0.019666234,rna3k
0.019028805,0.007106627,rna3k
-0.024750818,0.028764047,rna3k
-0.00937562,0.012472007,rna3k
0.015465351,0.012337,rna3k
-0.0028694393,0.0033633262,rna3k
-0.02698538,0.016122673,rna3k
0.0095081655,-0.007612008,rna3k
0.027171887,-0.009289255,rna3k
0.024584744,-0.0066536777,rna3k
-0.0049064313,0.020359172,rna3k
-0.035276655,0.0040758112,rna3k
0.019396303,-0.01114196,rna3k
0.003892485,-0.0017700068,rna3k
0.015578384,-0.003007476,rna3k
-0.006633077,-0.009663786,rna3k
0.024485882,0.002979659,rna3k
-0.015004221,-0.011717044,rna3k
-0.0255215,0.021374078,rna3k
-0.0045060087,-0.027315473,rna3k
-0.0031590445,-0.0024683536,rna3k
0.002010227,-0.027776856,rna3k
0.00817749,-0.016515907,rna3k
-0.005796839,-0.0028071818,rna3k
0.011015828,0.007918828,rna3k
0.02017003,0.003782906,rna3k
-0.006504114,-0.040564466,rna3k
0.037333522,-0.013193978,rna3k
-0.07125803,0.020060701,rna3k
-0.018911265,-0.023094097,rna3k
0.017431227,0.013280045,rna3k
0.017286172,0.0046490557,rna3k
0.0084802145,-0.02156534,rna3k
-0.0029006915,-0.027326347,rna3k
-0.0019955446,-0.003959369,rna3k
-0.025621703,-0.008569113,rna3k
-0.002888771,-0.009714598,rna3k
0.006911842,-0.02306205,rna3k
-0.020766063,-0.022443999,rna3k
-0.0025786813,0.03442966,rna3k
0.016693115,-0.02779983,rna3k
-0.03002122,-0.01542024,rna3k
0.027089885,0.0042116405,rna3k
-0.037235275,0.029083885,rna3k
0.002057672,-0.0011983857,rna3k
-0.007994877,0.0062947334,rna3k
-0.010129733,-0.005271658,rna3k
0.0034283246,0.004257256,rna3k
0.025346959,0.010765914,rna3k
-0.015293464,-0.037268035,rna3k
-0.0550923,0.022885049,rna3k
-0.044794198,-0.016882475,rna3k
0.008185645,-0.029540127,rna3k
-0.001881004,0.018616986,rna3k
-0.0032895862,-0.0011774814,rna3k
0.0014929299,0.006865036,rna3k
0.007319023,-0.0054341382,rna3k
0.019080454,0.011546479,rna3k
0.0007810117,0.035274524,rna3k
-0.0098319445,0.007279885,rna3k
-0.011858264,0.023897728,rna3k
-0.010050269,0.041181058,rna3k
-0.0037259175,0.010593958,rna3k
0.02883082,0.008941762,rna3k
-0.013217244,0.03654885,rna3k
-0.004674044,-0.013338295,rna3k
-0.018032517,0.014563129,rna3k
-0.007791349,-0.014643425,rna3k
0.003116406,-0.0145674525,rna3k
0.019207174,-0.015625274,rna3k
0.019038016,0.02196092,rna3k
0.0045539355,0.024620598,rna3k
0.00036134748,-0.031228207,rna3k
0.0070545045,0.018358713,rna3k
0.03261103,-0.013902073,rna3k
-0.00785656,0.0015598673,rna3k
-0.022710923,-0.025926689,rna3k
0.0034108441,0.02305881,rna3k
0.010624113,0.017007723,rna3k
-0.0030069826,-0.017538674,rna3k
0.0049396176,0.020775927,rna3k
-0.00636663,-0.011180937,rna3k
-0.0042927475,0.008498119,rna3k
0.003244085,-0.014903584,rna3k
0.024480198,-0.009488669,rna3k
0.008802454,0.0050639203,rna3k
0.0035447895,0.011484358,rna3k
0.008721082,-0.00640807,rna3k
0.04931273,-0.007663859,rna3k
-0.00542031,-0.024069149,rna3k
0.03549824,0.039086156,rna3k
-0.02261504,-0.037926026,rna3k
-0.0006092953,0.0033735665,rna3k
-0.00060859136,-0.021251673,rna3k
0.023681795,0.0020898562,rna3k
-0.033664152,-0.0035468324,rna3k
0.017209144,-0.029677127,rna3k
-0.020495456,-0.013387251,rna3k
-0.0058891363,-0.0042749024,rna3k
-0.0060937037,0.025184847,rna3k
-0.016373923,0.009068715,rna3k
0.049007896,-0.022808392,rna3k
0.009857509,0.02073724,rna3k
0.008329863,0.0015824024,rna3k
0.009777014,-0.0003761123,rna3k
0.012543856,-0.000334789,rna3k
0.0057427743,0.047030684,rna3k
0.01310638,0.005071228,rna3k
0.007422957,-0.014934327,rna3k
0.0016836576,0.015522711,rna3k
-0.013637465,-5.9809594e-05,rna3k
0.0027734162,-0.017856715,rna3k
-0.021413265,-0.006777255,rna3k
-0.016105846,-0.009479565,rna3k
0.0047970153,-0.019906227,rna3k
0.034045774,-0.022837749,rna3k
0.009473628,0.00090999174,rna3k
-0.0058764196,0.011948654,rna3k
0.03790737,0.010355323,rna3k
0.009826753,-0.0043642116,rna3k
-0.03293405,0.02020818,rna3k
0.0018499051,0.015499825,rna3k
-0.020643773,-0.012902385,rna3k
0.037646223,-0.0037916112,rna3k
-0.0019616159,0.0051869894,rna3k
-0.004484031,0.014631037,rna3k
-0.012014222,-0.026295105,rna3k
-0.011971931,0.01594727,rna3k
-0.0032181158,-0.020600516,rna3k
-0.0028223312,-0.020748487,rna3k
-0.0054317447,0.014839801,rna3k
-0.005289889,-0.009801949,rna3k
0.014103812,0.0062619974,rna3k
-0.014897929,0.020914812,rna3k
0.003889509,-0.0140838325,rna3k
0.019687092,0.014759733,rna3k
0.020772038,0.048836753,rna3k
0.007413067,0.010374302,rna3k
0.011294997,0.02144737,rna3k
-0.0074680853,-0.009215833,rna3k
0.024448473,-4.0416984e-05,rna3k
-0.025855632,0.016787011,rna3k
-0.00066465203,0.00426324,rna3k
-0.009583226,0.0054218457,rna3k
-0.009764087,0.0012556873,rna3k
-0.0024554995,-0.010160183,rna3k
-0.018663755,0.012143056,rna3k
-0.041452624,0.027043028,rna3k
0.0020248953,0.02304949,rna3k
0.035440557,-0.0074985805,rna3k
-0.010357038,-0.00683418,rna3k
0.01791565,0.0031199313,rna3k
0.00980244,-0.021354744,rna3k
0.010164767,-6.438138e-05,rna3k
-0.0062594158,-0.018919496,rna3k
-0.029555595,0.008633271,rna3k
0.029026143,0.0028226217,rna3k
-0.009873291,-0.023857215,rna3k
0.007744999,0.018951152,rna3k
-0.021687938,-0.032901,rna3k
-0.00043008756,-0.027741924,rna3k
-0.011074519,0.0039775004,rna3k
0.013547063,-0.013243401,rna3k
0.030662842,-0.021289693,rna3k
-0.030102687,-0.027657263,rna3k
0.003385794,-0.024689762,rna3k
-0.003880105,0.006659414,rna3k
0.02751154,-0.009445778,rna3k
0.008016425,-0.02299765,rna3k
0.0070172027,-0.0052560326,rna3k
0.01018477,0.0035510783,rna3k
-0.021853138,0.0013799544,rna3k
-0.00079514046,-0.03440639,rna3k
-0.005408152,-0.013316905,rna3k
-0.003009474,0.030974217,rna3k
-0.011090784,0.008253941,rna3k
-0.023163138,0.03671588,rna3k
-0.0044066804,-0.0016340201,rna3k
-0.0075802444,0.0019288721,rna3k
-0.0020383135,-0.024417141,rna3k
-0.00067326945,0.011898166,rna3k
0.032803353,0.008017869,rna3k
-0.04310066,-0.0055348636,rna3k
-0.03106386,0.021437164,rna3k
-0.009039666,0.01836598,rna3k
-0.019467026,-0.0077437195,rna3k
-0.027338963,-0.032165103,rna3k
-0.032362733,0.048275877,rna3k
0.0017403093,0.011408732,rna3k
0.017430661,-0.0037492998,rna3k
-0.0049080937,0.011102516,rna3k
0.031336643,0.006649981,rna3k
-0.002601819,-0.015884744,rna3k
-0.0438515,-0.0037128818,rna3k
-0.005949776,-0.0015327296,rna3k
0.005078699,0.009415263,rna3k
-0.013889933,-0.007936606,rna3k
0.018596847,0.024469186,rna3k
0.027637737,0.027110515,rna3k
-0.027255122,-0.014834265,rna3k
0.0115212705,-0.020793928,rna3k
0.041879643,-0.011173219,rna3k
-0.034114104,0.032591086,rna3k
-0.030435713,0.023482872,rna3k
0.0046479004,-0.00030641266,rna3k
0.011041156,0.006364292,rna3k
-0.026858497,0.026213216,rna3k
0.005762412,0.0025582446,rna3k
0.004604142,-0.012237359,rna3k
0.01754032,0.008139017,rna3k
-0.0032197388,0.008446788,rna3k
0.0024432833,0.018801242,rna3k
-0.018935975,0.056163013,rna3k
0.020486288,0.04029416,rna3k
-0.003215296,-0.015320464,rna3k
-0.02678422,0.027820956,rna3k
-0.0057508037,-0.027090961,rna3k
-0.026126694,-0.03921218,rna3k
0.005270214,0.0034820926,rna3k
0.044656098,-0.00016139813,rna3k
0.002518943,0.00015675394,rna3k
-0.005032456,-0.009615188,rna3k
0.0051403986,0.032008942,rna3k
-0.008502726,-0.015942821,rna3k
0.022303237,0.019575832,rna3k
0.004811245,-0.017105322,rna3k
-0.0005478944,0.0033088964,rna3k
-0.019642826,-0.023251416,rna3k
-0.015978588,0.012220257,rna3k
-0.042762596,0.03173263,rna3k
-0.004527633,0.0021421588,rna3k
-0.0027618816,0.0036671786,rna3k
-0.0034034944,-0.017554667,rna3k
-0.0025764059,-0.015152003,rna3k
-0.005700594,-0.003224002,rna3k
-0.016996339,-0.015360043,rna3k
-0.006909309,-0.0019590415,rna3k
-0.01935725,-0.022727678,rna3k
-0.0024874527,-0.0072280206,rna3k
-0.008201512,0.01828375,rna3k
0.005184674,0.013865501,rna3k
-0.012331816,-0.0061126063,rna3k
-0.008810989,0.0060996893,rna3k
-0.0119308885,-0.030439291,rna3k
0.022198746,0.011123809,rna3k
0.011102865,-0.004475657,rna3k
-0.008316483,-0.0072517726,rna3k
0.013568592,-0.018013129,rna3k
-0.022228,-0.025525145,rna3k
0.00040755369,0.0068108565,rna3k
-0.0009568634,-0.02663581,rna3k
0.023764724,-0.011194193,rna3k
0.01553197,0.041032325,rna3k
0.013574098,-0.0054211193,rna3k
-0.0009894428,-0.00040614675,rna3k
-0.023699628,-0.0035452785,rna3k
-0.039280172,0.008415624,rna3k
0.04653454,0.018244566,rna3k
-0.0022282393,-0.011659343,rna3k
0.040959124,-0.010597273,rna3k
0.0248791,0.014625906,rna3k
-0.0075441184,-0.023474222,rna3k
-0.00062312157,0.010872021,rna3k
-0.014449596,0.006522806,rna3k
0.017193273,-0.022659723,rna3k
-0.001062996,0.024405867,rna3k
0.033115275,0.0063943253,rna3k
0.011106647,0.023836875,rna3k
0.02448843,-0.0032084247,rna3k
0.00041207272,-0.012119276,rna3k
-0.04081543,-0.014525062,rna3k
-0.006248464,-0.0020669254,rna3k
0.0017143994,-0.021739282,rna3k
-0.025052518,-0.028970437,rna3k
0.028036546,0.036091737,rna3k
0.011231955,0.0044473805,rna3k
-0.0072025573,-0.002721813,rna3k
0.019791426,-0.020570127,rna3k
-0.0012591111,-0.005002474,rna3k
-8.6130356e-05,-0.021450797,rna3k
0.00869898,-0.0018161315,rna3k
-0.030063868,-0.038679324,rna3k
-0.012270744,0.017495405,rna3k
-0.022933422,-0.017240953,rna3k
-0.04923596,0.022180557,rna3k
-0.0040550446,-0.017961456,rna3k
-0.014556834,0.007291134,rna3k
0.00890535,-0.01099561,rna3k
0.0017724716,-0.0177801,rna3k
-0.0023044026,-0.015934376,rna3k
-0.014415607,-0.028501779,rna3k
0.00023295896,-0.012780866,rna3k
-0.004328581,-0.034784444,rna3k
-0.013258843,0.0094067305,rna3k
-0.056099,0.021467313,rna3k
0.011394057,0.02709281,rna3k
0.010301911,0.023108032,rna3k
0.015648736,0.042721234,rna3k
0.00028345286,-0.0075896666,rna3k
-0.037327126,-0.0126255965,rna3k
-0.019226274,-0.023002282,rna3k
-0.022778977,-0.015766414,rna3k
-0.022829179,0.015088649,rna3k
-0.015677996,0.0014661246,rna3k
5.0160157e-05,-0.0016628387,rna3k
-0.0034808018,-0.0024636881,rna3k
-0.029625636,-0.026970891,rna3k
-0.012280511,0.0137387365,rna3k
0.031305045,-0.006285433,rna3k
-0.019191539,-0.013340605,rna3k
-0.010232198,0.013871873,rna3k
0.0025987045,0.035328742,rna3k
-0.01194104,-0.02338602,rna3k
0.034130283,-0.009975968,rna3k
0.03514456,0.009057873,rna3k
0.0032943147,0.0009780137,rna3k
0.03133155,-0.008970476,rna3k
0.024879986,0.03776204,rna3k
0.027195761,0.0050221314,rna3k
-0.009229706,0.0017273389,rna3k
0.0021799842,-0.0004568403,rna3k
0.029900955,-0.0065364433,rna3k
-0.0062061,-0.026909124,rna3k
0.004054991,-0.009931808,rna3k
0.026993,0.01863711,rna3k
0.0013386521,0.0053874208,rna3k
-0.017829409,-0.019696204,rna3k
-0.0152073605,-0.011283829,rna3k
-0.04055075,0.008792935,rna3k
0.005197334,-0.0007630357,rna3k
-0.010012193,-0.014040419,rna3k
0.00922804,0.0019134952,rna3k
0.010950164,0.010019068,rna3k
0.01079303,0.022817792,rna3k
-0.023608211,0.021656793,rna3k
-0.012405666,0.016150728,rna3k
0.012953868,0.015785819,rna3k
0.018953338,0.01724516,rna3k
-0.045750353,0.0092779575,rna3k
-0.00557945,0.004819961,rna3k
0.015312793,-0.030992063,rna3k
-0.010906598,-0.029228134,rna3k
0.0076142615,0.031062257,rna3k
0.0123981815,-0.013184827,rna3k
-0.0021460461,-0.007341331,rna3k
-0.012275434,0.010549472,rna3k
0.0016497143,0.0014597543,rna3k
-0.0024499125,0.018534316,rna3k
0.014115116,0.05093279,rna3k
0.0004626815,0.012330101,rna3k
-0.007101707,0.01206923,rna3k
0.009267209,-0.0154016,rna3k
0.011278238,0.00904844,rna3k
-0.0083896,0.0027481243,rna3k
-0.009836608,0.014833756,rna3k
-0.02562797,0.0151721025,rna3k
0.032353647,0.016046831,rna3k
0.0055255704,-0.016817467,rna3k
0.026181681,0.0060539288,rna3k
0.0037567988,-0.018479994,rna3k
-0.035492625,0.006506714,rna3k
0.014441354,0.013496275,rna3k
-0.011318906,0.02569943,rna3k
-0.0052909567,-0.016923336,rna3k
0.021385282,0.002623549,rna3k
0.006807602,0.012558565,rna3k
0.020317063,0.005786507,rna3k
-0.01716247,-0.001125863,rna3k
-0.013958942,0.0013864373,rna3k
0.0015404227,0.0053595137,rna3k
0.006634078,0.03491554,rna3k
-0.012636357,-0.008392131,rna3k
-0.0060773217,-0.007716436,rna3k
0.002258151,0.007698284,rna3k
-0.0014020419,-0.0076294015,rna3k
0.029790148,-0.0097973095,rna3k
-0.010681986,0.014073261,rna3k
0.027556058,0.047117084,rna3k
0.006144722,-0.040131453,rna3k
0.029052975,0.009148933,rna3k
0.0027976846,-0.0010087565,rna3k
-0.00435407,0.002947865,rna3k
0.015377762,0.015176561,rna3k
-0.021075588,-0.013710439,rna3k
0.05150974,-0.00681906,rna3k
-0.025221922,0.009209293,rna3k
0.044006065,-0.019831888,rna3k
-0.015117886,0.020794943,rna3k
-0.0010471785,0.028768852,rna3k
0.026952155,-0.0066947476,rna3k
0.006770883,-0.019659787,rna3k
-0.009806942,-0.021655025,rna3k
0.016009275,0.030843675,rna3k
0.013316985,-0.0019676273,rna3k
-0.02901549,0.03096815,rna3k
0.0051891506,0.01511444,rna3k
-0.00731535,-0.0057832343,rna3k
0.0047142296,0.010887912,rna3k
-0.012664353,-0.0054261927,rna3k
-0.0121652745,-0.01519947,rna3k
-0.0020571272,0.008180975,rna3k
-0.03189316,0.00547685,rna3k
-0.0033670082,0.009118283,rna3k
0.0029813165,-0.02347515,rna3k
0.021253884,-0.028524369,rna3k
-0.011023737,-0.011660564,rna3k
-0.0030079337,0.015517927,rna3k
-0.001205066,-0.0026375016,rna3k
0.028285552,-0.0013415708,rna3k
-0.010699873,0.012104384,rna3k
0.02865544,0.013616358,rna3k
-0.021770619,-0.016913524,rna3k
-0.017029107,0.003967446,rna3k
-0.040418,0.015533874,rna3k
0.018941365,-0.017963335,rna3k
0.007449231,0.007977272,rna3k
-0.00592838,0.026139382,rna3k
0.0067536705,0.020884892,rna3k
-0.0020765557,0.0010352484,rna3k
0.018243916,0.014895848,rna3k
-0.014945536,-0.0033586023,rna3k
0.010581877,-0.01577691,rna3k
-0.0020407732,0.008734641,rna3k
0.008759475,0.011323718,rna3k
0.0087024225,-0.004787526,rna3k
-0.029196741,0.011061929,rna3k
0.0062096,0.007829806,rna3k
0.010728437,0.00023107875,rna3k
0.004562176,-0.022147544,rna3k
0.038273454,-0.00963934,rna3k
-0.036657035,0.013964583,rna3k
0.022213766,0.008774524,rna3k
0.009604125,0.015767746,rna3k
0.010957556,-0.01590097,rna3k
-0.012025503,0.016480273,rna3k
0.03837044,0.030193506,rna3k
-0.007124438,0.017009659,rna3k
-0.02243086,-0.010284637,rna3k
0.008747609,0.027186623,rna3k
-0.01387338,0.00091867265,rna3k
-0.042971924,0.044213306,rna3k
0.02415465,-0.031072143,rna3k
-0.028704567,0.023323346,rna3k
0.010273092,0.012939951,rna3k
0.0047207866,0.011100317,rna3k
0.035786845,-0.019306492,rna3k
0.010723043,0.0022361528,rna3k
-0.018187307,0.008583826,rna3k
0.0059002275,-0.0138049405,rna3k
0.010573259,0.008333681,rna3k
0.034025665,0.007795506,rna3k
-0.020795917,-0.0014810722,rna3k
0.01661071,0.03357911,rna3k
0.039281305,0.023861997,rna3k
0.0084383525,-0.006570194,rna3k
0.016772965,0.023322504,rna3k
0.0050732424,0.016122105,rna3k
-0.03468616,0.015002121,rna3k
-0.014429586,-0.012910627,rna3k
0.022002932,0.014272964,rna3k
-0.021789372,0.031694297,rna3k
-0.0021205933,0.01738932,rna3k
-0.028844528,-0.0021539936,rna3k
0.0051843324,-0.003326803,rna3k
-0.002495339,0.04315223,rna3k
-0.017289076,0.032627698,rna3k
0.005139279,-0.02824202,rna3k
0.015455596,-0.005797756,rna3k
-0.0038574121,-0.00081355014,rna3k
-0.016859168,0.021359354,rna3k
-0.02806543,-0.025917076,rna3k
-0.016627947,-0.008511072,rna3k
-0.008453001,0.0015902171,rna3k
-0.0002653958,-0.01808489,rna3k
0.051145725,-0.011589343,rna3k
0.0118522765,0.0014557284,rna3k
-0.03760461,0.0063522197,rna3k
0.013686875,0.00104123,rna3k
-0.005214556,-0.02000044,rna3k
-0.002834057,0.00849014,rna3k
-0.013693969,-0.01823169,rna3k
0.018686378,0.031275656,rna3k
-0.013005405,-0.01964713,rna3k
0.0076942747,0.0032987052,rna3k
0.03052237,-0.0031865274,rna3k
0.0154322,-0.003937124,rna3k
0.02575624,0.012305633,rna3k
-0.010103734,-0.0033496483,rna3k
0.02135297,-0.007989567,rna3k
-0.012824745,-0.028292522,rna3k
-0.004841253,-0.016427338,rna3k
-0.046036825,0.02321674,rna3k
-0.0060113394,-0.0060837422,rna3k
-0.005779599,-0.020364884,rna3k
-0.00084542145,-0.011804473,rna3k
0.036667477,-0.011625117,rna3k
0.012336657,-0.011926197,rna3k
-0.025568036,-0.028983966,rna3k
0.009663261,0.011792841,rna3k
0.003030002,-0.041652214,rna3k
-0.0081087975,0.008700735,rna3k
0.0009808136,-0.005334189,rna3k
0.016584452,0.02766313,rna3k
-0.0143044675,0.01510617,rna3k
0.02288852,-0.028321814,rna3k
0.005305943,-0.022156226,rna3k
0.0062217447,0.014046517,rna3k
-0.04422114,-0.0026480705,rna3k
0.006551054,0.02910594,rna3k
-0.028563684,0.0011583617,rna3k
0.016098954,-0.014303112,rna3k
0.0009621644,-0.027042711,rna3k
0.018468145,-0.012202367,rna3k
-0.004111203,0.013715574,rna3k
0.011663987,0.025821097,rna3k
-3.5364796e-05,-0.0020142694,rna3k
-0.0028496135,-0.0070462395,rna3k
-0.012496726,0.010147235,rna3k
0.004487388,0.01985229,rna3k
0.01998695,0.01065526,rna3k
-0.020675017,0.03443439,rna3k
-0.02738182,-0.021258658,rna3k
-0.014444437,-0.002689252,rna3k
-0.022370558,-0.009164841,rna3k
-0.003847308,-0.009111703,rna3k
0.03947217,-0.017291961,rna3k
0.007234541,-0.000367042,rna3k
-0.015524853,-0.031757034,rna3k
0.04806846,-0.028506463,rna3k
0.018432276,-0.024461275,rna3k
-0.02273602,-0.008971222,rna3k
0.03837513,0.000906493,rna3k
-0.01309698,-0.032278296,rna3k
-0.0120292315,0.024291184,rna3k
0.01118461,0.013450078,rna3k
-0.0069194897,0.010780451,rna3k
-0.008764947,0.018100554,rna3k
-0.025073064,0.023110108,rna3k
-0.014382008,0.003765746,rna3k
-0.019558502,-0.014461572,rna3k
0.0003914833,0.04845877,rna3k
-0.011709616,-0.022822538,rna3k
-0.013900288,-0.005721935,rna3k
0.01497755,-0.00042410116,rna3k
0.0037166278,-0.014096885,rna3k
0.01927936,0.0022518644,rna3k
0.025326565,-0.007437108,rna3k
-0.017174628,-0.006705037,rna3k
-0.0057097627,-0.013288098,rna3k
-0.027997984,0.030753253,rna3k
0.0007513809,-0.022079166,rna3k
0.008747686,-0.012632257,rna3k
-0.00049527985,-0.026592657,rna3k
0.004308836,-0.01051008,rna3k
0.013669036,-0.00018520972,rna3k
-0.0074136727,-0.00770071,rna3k
0.041119847,-0.002392983,rna3k
-0.019620603,0.027339181,rna3k
-0.004831116,0.01118049,rna3k
-0.006028306,0.002708649,rna3k
0.024604935,-0.012367329,rna3k
-0.020002294,0.0038466577,rna3k
0.0013364785,-0.010927367,rna3k
-0.009408684,0.005155594,rna3k
0.007881345,-0.014740615,rna3k
0.016649611,0.0119143585,rna3k
0.008896367,0.031643588,rna3k
0.0005492137,-0.00032838868,rna3k
-0.0041134628,0.0186055,rna3k
0.0015829514,-0.01445345,rna3k
0.037064414,0.044296697,rna3k
-0.020956835,0.016616259,rna3k
0.0092912745,0.027058067,rna3k
0.019047268,-0.03390069,rna3k
-0.04523,0.03039739,rna3k
0.001723535,0.0018151341,rna3k
-0.025686262,-0.009141366,rna3k
-0.005938597,0.01215867,rna3k
-0.042532276,0.010703358,rna3k
0.006106736,-0.02208798,rna3k
0.0168912,-0.0031850664,rna3k
-0.0046617114,-0.017610718,rna3k
0.021857891,-0.015050989,rna3k
0.003528015,-0.004819064,rna3k
0.0048006116,-0.008183761,rna3k
0.01745653,0.014375167,rna3k
-0.0050366293,0.005930518,rna3k
-0.0373405,-0.001837862,rna3k
-0.03857317,-0.035181664,rna3k
0.00019562774,-0.0009789048,rna3k
0.007287082,-0.028166937,rna3k
0.012600466,0.031253435,rna3k
-0.013129528,-0.025257235,rna3k
0.013306222,-0.010815183,rna3k
-0.014784553,0.006797616,rna3k
0.025552982,0.016700942,rna3k
0.028546365,0.026644722,rna3k
-0.012165628,-0.016198443,rna3k
-0.025790187,0.004165076,rna3k
0.004492379,-0.004478282,rna3k
-0.021630757,0.005767686,rna3k
-0.020923771,-0.017230634,rna3k
-0.003513814,0.0038712327,rna3k
0.008191486,0.012642145,rna3k
-0.0005763756,0.01858199,rna3k
-0.040520642,0.022763636,rna3k
0.027085224,-0.012710544,rna3k
0.01029654,0.015792636,rna3k
-0.022364097,0.008121527,rna3k
-0.014031623,-0.033207078,rna3k
-0.0018384696,-0.0288509,rna3k
0.028118653,-0.0011579493,rna3k
-0.017042104,0.039036274,rna3k
-0.011533937,0.012905247,rna3k
-0.016532212,-0.022536073,rna3k
0.012472499,0.016214244,rna3k
0.022004604,0.0009391643,rna3k
-0.010099111,-0.019109588,rna3k
-0.008922262,-0.0034564708,rna3k
-0.015771164,0.031398557,rna3k
0.009294055,-0.0042722,rna3k
0.007080492,-0.016417602,rna3k
0.01737396,0.014741618,rna3k
0.0008982176,-0.023490593,rna3k
-0.008630871,-0.01473985,rna3k
-0.0024917622,-0.02336021,rna3k
0.020724336,0.01933486,rna3k
0.00356098,-0.021833228,rna3k
0.0151250595,0.02717808,rna3k
0.0022558337,0.0017748005,rna3k
-0.01342629,0.010401153,rna3k
0.0020746957,-0.004003373,rna3k
-0.023165116,-0.052393403,rna3k
0.02659129,0.008422749,rna3k
-0.00786477,-0.02251673,rna3k
-0.0007502166,0.016475579,rna3k
-0.024944881,-0.0120287165,rna3k
0.015592662,0.054529153,rna3k
0.030772699,0.020069638,rna3k
-0.0041180346,0.017201668,rna3k
0.0015992153,0.008210918,rna3k
-0.008776525,0.0060068844,rna3k
0.007525857,-0.011388821,rna3k
-0.016498988,-0.021636505,rna3k
0.006545031,0.007929509,rna3k
0.013746934,0.030610193,rna3k
0.0024958246,0.0049368828,rna3k
-0.0030181766,-0.013392742,rna3k
-0.0065102982,-0.016352577,rna3k
-0.011184411,-0.024525493,rna3k
0.0009861116,0.012829296,rna3k
-0.019089548,0.023353118,rna3k
-0.023716396,-0.03198688,rna3k
-0.010138055,-0.002960639,rna3k
0.0048281965,0.013796657,rna3k
0.011366931,-0.0015678736,rna3k
-0.01518916,0.019699104,rna3k
0.006749937,0.018446647,rna3k
0.013928632,0.0051895063,rna3k
0.021805715,-0.015550277,rna3k
-0.023618922,-0.032999735,rna3k
-0.01915639,-0.031050982,rna3k
-0.011633484,0.00015669294,rna3k
0.0021578667,-0.012131792,rna3k
0.0033729956,-0.00480507,rna3k
0.015782058,0.009067881,rna3k
0.031100184,-0.0030993095,rna3k
0.0513952,-0.0060151797,rna3k
-0.013342984,-0.0015026125,rna3k
0.023031382,-0.0057678223,rna3k
-0.00749249,-0.0040405006,rna3k
-0.013962668,0.010847135,rna3k
-0.0075570676,0.0053268163,rna3k
-0.00414218,-0.0026483585,rna3k
0.0075177527,0.047533162,rna3k
0.015708461,0.0030885208,rna3k
-0.039703347,0.014059113,rna3k
-0.0018491793,0.01416699,rna3k
-0.042190272,0.0044532246,rna3k
0.005189237,-0.009544538,rna3k
0.0076919855,-0.02119314,rna3k
-0.01435064,0.0027535793,rna3k
-0.016294532,-0.011741112,rna3k
-0.012665855,-0.019517306,rna3k
-0.024935031,0.012324998,rna3k
0.034397107,-0.015076797,rna3k
0.011604727,0.029146602,rna3k
-0.005263268,0.007844129,rna3k
0.011641317,-0.008562345,rna3k
-0.004057817,0.001303932,rna3k
0.00072853867,0.014633221,rna3k
-0.018533558,-0.01497823,rna3k
-0.0030458444,-0.006282949,rna3k
0.016576951,-0.009792291,rna3k
0.030099133,0.042484775,rna3k
0.00011533154,0.016365279,rna3k
-0.043786366,0.014515353,rna3k
-0.00039921034,-0.007152474,rna3k
-0.0063550957,-0.008787221,rna3k
0.013535023,0.012097465,rna3k
0.018663952,-0.0011769452,rna3k
0.011383515,0.028544681,rna3k
-0.021859083,-0.022890631,rna3k
-0.023576407,0.02016957,rna3k
0.01296973,0.026173346,rna3k
0.0069141416,0.015282208,rna3k
-0.005610878,-0.008646195,rna3k
0.0059601413,0.014365706,rna3k
0.0049008983,-0.0020849102,rna3k
-0.011208667,0.013636396,rna3k
0.024683494,0.0053852107,rna3k
3.5893576e-05,-0.02151869,rna3k
0.010668073,-0.005418958,rna3k
-0.026837157,0.018927425,rna3k
-0.0017769256,0.008326942,rna3k
0.027756881,0.009562786,rna3k
0.020224204,-0.009059723,rna3k
-0.0024926888,-0.0067133005,rna3k
-0.015085728,0.025695551,rna3k
0.003046902,0.0051430245,rna3k
0.01072943,0.02978526,rna3k
0.013830311,0.016113441,rna3k
-0.009388892,-0.020955611,rna3k
0.006024768,-0.015206658,rna3k
0.004219941,0.036330488,rna3k
-0.028396934,0.000326247,rna3k
0.025862318,-0.014911103,rna3k
0.0061103934,-0.02134808,rna3k
-0.013448149,-0.0017930149,rna3k
-0.03386538,-0.039921407,rna3k
0.020494591,-0.026235314,rna3k
0.018201262,-0.013757848,rna3k
0.00047471374,0.025771283,rna3k
0.022543572,-0.003807846,rna3k
-0.049836062,-0.03548145,rna3k
-0.01008637,-0.033155996,rna3k
-0.007307435,-0.021005534,rna3k
-0.0032433115,-0.009565548,rna3k
-0.005950782,0.022494584,rna3k
0.009736367,0.04883291,rna3k
-0.02646952,0.02145322,rna3k
-0.013552553,0.02851036,rna3k
0.019070521,0.009687539,rna3k
0.008582243,0.033494428,rna3k
0.0026430003,0.02557152,rna3k
0.008022841,0.018830338,rna3k
-0.034741264,-0.023063151,rna3k
-0.0048590535,-0.034056827,rna3k
-0.01663596,0.005817012,rna3k
0.005994442,0.0031768684,rna3k
0.010341136,0.020526158,rna3k
0.04778388,0.020193698,rna3k
0.016167883,0.004484447,rna3k
-0.02152365,-0.033559814,rna3k
-0.032283798,-0.037484016,rna3k
-0.02909917,-0.00043698848,rna3k
-0.0006393306,-0.024968535,rna3k
-0.010708528,0.024380792,rna3k
0.008912424,0.0016449132,rna3k
-0.0045405636,0.032892145,rna3k
-0.0014888993,0.01075166,rna3k
0.0037453305,0.008051316,rna3k
0.006050079,0.024021436,rna3k
-0.015151338,5.1393265e-05,rna3k
0.03823565,0.01692331,rna3k
-0.001368842,0.000989936,rna3k
-0.012362628,-0.008496251,rna3k
-0.009100146,0.029676406,rna3k
-0.032967318,-0.045343544,rna3k
-0.026550572,0.026762307,rna3k
0.017689422,0.014630307,rna3k
0.003406523,0.008212921,rna3k
-0.013351767,-0.0032071415,rna3k
0.00066341145,-0.0034522219,rna3k
-0.013479231,0.023662305,rna3k
-0.004705502,0.0070019593,rna3k
0.015715327,-0.015567084,rna3k
-0.010725483,0.0072449786,rna3k
-0.014730695,0.010453912,rna3k
-0.030687416,0.023570191,rna3k
0.016060865,0.0199166,rna3k
-0.0053776708,0.009817607,rna3k
0.016728153,0.025474153,rna3k
0.0005759493,-0.011909447,rna3k
0.031929784,-0.005786437,rna3k
0.016693667,-0.026579788,rna3k
-0.0007993723,0.017483803,rna3k
-0.021070102,-0.029204773,rna3k
0.023310414,0.0020460235,rna3k
-0.017822186,0.027464151,rna3k
0.00860206,0.03748775,rna3k
-0.0173867,0.005336894,rna3k
-0.010172984,0.03129111,rna3k
-0.00406937,0.009427237,rna3k
-0.018887226,0.025892613,rna3k
0.028396873,0.0056674494,rna3k
0.043415252,-0.01368782,rna3k
-0.020068787,0.04333617,rna3k
0.03281916,-0.015118945,rna3k
-0.04378128,0.032772876,rna3k
0.016099596,-0.0036537773,rna3k
-0.0107568065,-0.031722102,rna3k
-0.010216523,-0.0027614678,rna3k
-0.004865129,-0.03087434,rna3k
-0.005476996,-0.026018614,rna3k
0.0068268892,0.012270107,rna3k
0.010197401,-0.00958793,rna3k
0.033551037,0.013767964,rna3k
-0.008720182,-0.02758251,rna3k
-0.013659504,-0.008716577,rna3k
-0.00047873793,0.0093566645,rna3k
-0.017779268,0.011196473,rna3k
-0.022304634,-0.029260568,rna3k
0.0061291135,-0.0015834923,rna3k
-0.010529744,-0.022219311,rna3k
0.022260802,0.019810593,rna3k
-0.024232335,0.017510211,rna3k
-0.0023700905,0.014505933,rna3k
-0.026055967,0.0016817229,rna3k
-0.013498006,-0.022243315,rna3k
0.02190544,-0.018655032,rna3k
0.025099756,-0.0036248032,rna3k
0.015476023,0.0021884239,rna3k
-0.0041691214,0.008240645,rna3k
-0.015908215,-0.014765068,rna3k
0.022592168,0.0012964815,rna3k
0.008560502,-0.010437112,rna3k
0.0035920127,-0.0038956515,rna3k
0.024101354,-0.009220681,rna3k
0.006961246,0.02181352,rna3k
0.016518135,0.016014626,rna3k
-0.0006417719,-0.02498961,rna3k
-0.0017450283,-0.023163024,rna3k
-0.005639827,-0.019551488,rna3k
-0.005991007,0.0039229076,rna3k
0.0044192136,-0.00055496057,rna3k
0.061887383,0.009839859,rna3k
0.013661934,-0.00013011663,rna3k
0.023722434,0.033386007,rna3k
-0.048508316,0.013550648,rna3k
-0.0040660333,0.0038562662,rna3k
0.0018731769,0.0026705945,rna3k
0.01305542,-0.0015110029,rna3k
0.028736467,0.022635536,rna3k
-0.015201831,-0.0017581691,rna3k
0.00039308035,0.05184254,rna3k
0.0044805445,0.0066774883,rna3k
0.016600251,-0.018414844,rna3k
-0.012050818,-0.011945527,rna3k
-0.00095450954,-0.00888603,rna3k
0.0039301515,-0.015903937,rna3k
-0.031760257,-0.014481732,rna3k
-0.02813619,0.03173728,rna3k
-0.041201994,0.0072389413,rna3k
-0.04359159,0.029036837,rna3k
-0.007995408,-0.0033790844,rna3k
-0.004900521,0.013735783,rna3k
-0.03484165,-0.020156799,rna3k
0.011398546,0.030339936,rna3k
-0.03604283,0.061720748,rna3k
-0.0035175255,0.015612023,rna3k
0.004847975,0.01110936,rna3k
0.022041216,0.02743624,rna3k
-0.0074545485,0.015754487,rna3k
-0.008571319,0.009233464,rna3k
-0.025474792,0.028803382,rna3k
0.020752171,0.013673768,rna3k
0.013436072,-0.0053003104,rna3k
-0.023309907,-0.012027362,rna3k
-0.010135527,-0.009956172,rna3k
-0.01695595,-0.014483213,rna3k
-0.007938411,-0.027327865,rna3k
0.018539358,-0.005251697,rna3k
0.00469232,-0.017728167,rna3k
0.0076038963,0.0006016269,rna3k
0.008488518,0.0005093872,rna3k
0.013762923,0.022433313,rna3k
-0.006350975,-0.0015743331,rna3k
-0.019340629,0.0005862846,rna3k
-0.017152322,-0.001982838,rna3k
-0.039441295,0.017464412,rna3k
0.011634623,0.010369552,rna3k
0.013565123,-0.0129667325,rna3k
-0.017585453,-0.027954334,rna3k
0.039187532,-0.023821803,rna3k
-0.006998262,0.007390883,rna3k
0.019232506,0.02160088,rna3k
-0.0062144552,0.019889802,rna3k
0.0004515315,-0.015148987,rna3k
0.043102138,-0.0017647153,rna3k
0.009938262,0.010316528,rna3k
0.030793767,-0.019779596,rna3k
-0.01940572,-0.022304013,rna3k
-0.006288576,-0.014705612,rna3k
-0.0072202543,-0.01539937,rna3k
0.009253287,-0.0051622274,rna3k
-0.011154257,-0.025010092,rna3k
-0.024539365,0.027057238,rna3k
0.014081679,0.022494726,rna3k
0.005767354,0.016389867,rna3k
0.04552587,-0.01250448,rna3k
0.005989019,-0.028423691,rna3k
0.01890791,0.010044191,rna3k
-0.01126379,-0.0043963417,rna3k
0.0068935445,-0.0037701456,rna3k
-0.0138528645,0.00022562851,rna3k
0.0057228,0.004759288,rna3k
0.030559633,0.013656241,rna3k
0.019276032,-0.0031724994,rna3k
-0.016401526,-0.0007017778,rna3k
-0.010115559,-0.010377835,rna3k
-0.029580621,0.022216458,rna3k
-0.017704545,-0.0004987411,rna3k
0.011096559,0.047395673,rna3k
-0.013367708,0.025110845,rna3k
0.0048171314,0.024515055,rna3k
0.008581377,0.030113004,rna3k
0.020283109,0.030370707,rna3k
0.0041190838,-0.0026054299,rna3k
0.0075574205,0.012302255,rna3k
0.015036665,-0.0011034403,rna3k
-0.010750947,0.0046235914,rna3k
0.01909936,-0.015237429,rna3k
-0.034930438,0.029916815,rna3k
0.007444858,0.02273075,rna3k
0.035536546,0.0006002583,rna3k
0.0067785806,0.011605465,rna3k
0.0051088175,-0.008911167,rna3k
0.03002157,-0.0077910465,rna3k
-0.009538832,-0.021111095,rna3k
-0.022370819,0.010133356,rna3k
-0.0013228,-0.022470891,rna3k
0.027354207,-0.01366924,rna3k
0.02417606,-0.0063395184,rna3k
0.011782548,-0.008297462,rna3k
0.006972874,0.021749143,rna3k
0.00086778466,0.039475817,rna3k
0.0070425966,-0.043590657,rna3k
0.01713297,0.0069752336,rna3k
0.023620917,0.0049068974,rna3k
-0.04358627,0.006920062,rna3k
-0.025967859,0.009987281,rna3k
-0.032558836,0.011194812,rna3k
0.036620565,-0.015235109,rna3k
-0.015825255,0.0108314175,rna3k
-0.027884908,0.038001273,rna3k
-0.0025840164,0.012644,rna3k
0.0032991674,-0.024090009,rna3k
0.0015571126,0.012016099,rna3k
-0.005584918,0.02068841,rna3k
0.014576427,-0.0017951792,rna3k
0.050624162,-0.01457638,rna3k
-0.015019111,0.0011348298,rna3k
0.00021996396,0.0028910898,rna3k
0.019326009,-0.009433498,rna3k
0.01995542,-0.009686062,rna3k
0.036333308,-0.0047752513,rna3k
-0.018878646,-0.0363978,rna3k
0.014067452,-0.0015563449,rna3k
-0.021919493,-0.010010261,rna3k
-0.013495102,-0.032270305,rna3k
0.012904062,-0.031420376,rna3k
-0.018046536,-0.018046599,rna3k
-0.045862637,0.036142904,rna3k
0.002405437,-0.024572805,rna3k
0.015997797,0.009968964,rna3k
-0.0026932643,0.039975185,rna3k
-0.009633995,-0.014356501,rna3k
0.017867537,0.0070246398,rna3k
-0.017903455,-0.008843826,rna3k
0.003133342,-0.012689591,rna3k
-0.005579592,-0.011471271,rna3k
0.019390222,0.02503585,rna3k
-0.0026744881,-0.0033751186,rna3k
0.016198648,-0.0047394126,rna3k
0.018178895,0.0037122762,rna3k
0.0014357598,0.018601838,rna3k
0.015343108,-0.00037386603,rna3k
-0.012905466,-0.015668457,rna3k
0.0016721449,0.019222418,rna3k
-0.0033391404,-0.0149302045,rna3k
-0.0011499934,0.016784642,rna3k
-0.012723805,0.01776906,rna3k
-0.0116806915,0.02501804,rna3k
-0.017436147,0.013716343,rna3k
0.023935322,0.007351072,rna3k
0.009007961,0.010984175,rna3k
0.0010293833,0.036040187,rna3k
-0.02027819,0.008180316,rna3k
0.0013277999,0.020842196,rna3k
0.00072782347,0.015168767,rna3k
-0.020384146,0.027255164,rna3k
0.003771413,-0.0017343152,rna3k
-0.008663684,-0.0136676105,rna3k
0.0046349005,0.013167891,rna3k
0.023144543,-0.023742175,rna3k
0.0023497122,-0.003028855,rna3k
-0.0027216214,0.027968494,rna3k
-0.0067300126,-0.011164487,rna3k
-0.00099929,-0.003154612,rna3k
0.01424351,0.012591889,rna3k
-0.0011904807,-0.008770805,rna3k
0.0015661055,-0.00042137198,rna3k
-0.02642398,-0.030176569,rna3k
0.0038404504,-0.01384142,rna3k
0.00044810981,0.0073966384,rna3k
0.016277397,-0.009141658,rna3k
-0.011575652,-0.011856376,rna3k
0.030011239,0.01296817,rna3k
0.029949335,-0.015490081,rna3k
0.032361478,-0.0172026,rna3k
0.013061058,0.029701589,rna3k
-0.03209522,-0.0064768414,rna3k
-0.049909577,0.012742083,rna3k
0.007485953,0.0006484016,rna3k
-0.011466385,-0.0101684425,rna3k
-0.025087377,0.005811217,rna3k
-0.014331318,0.011416775,rna3k
-0.026191892,0.00079995464,rna3k
0.030163048,-0.014883754,rna3k
-0.011682189,0.00085334526,rna3k
-0.013225777,-0.022601655,rna3k
0.009668044,-0.001994737,rna3k
-0.014085158,0.0017633409,rna3k
-0.0075083156,-0.021136992,rna3k
-0.0055895085,-0.01502691,rna3k
0.05472191,-0.010532625,rna3k
-0.0030498009,-0.009929831,rna3k
0.021199374,0.03083994,rna3k
0.0067365873,-0.023419742,rna3k
0.011118249,-0.013427999,rna3k
-0.015645744,0.02802384,rna3k
0.015164047,0.010164744,rna3k
0.009286299,-0.0043873596,rna3k
0.018927101,-0.032400806,rna3k
-0.009355411,0.021015264,rna3k
-0.0028875282,0.013085968,rna3k
0.011219184,0.01453915,rna3k
0.011302713,0.02751758,rna3k
0.0140770385,0.0057699834,rna3k
-0.020367252,0.016659478,rna3k
-0.008830785,0.012503494,rna3k
-0.006433153,-0.017697163,rna3k
0.014464485,0.00777688,rna3k
-0.0049505513,-0.00176413,rna3k
0.0032139646,-0.014644896,rna3k
0.006132559,0.022411527,rna3k
-0.0052523506,-0.012886994,rna3k
0.014695815,0.017604172,rna3k
-0.008642452,-0.0072336155,rna3k
0.028849313,0.00594151,rna3k
0.013575986,0.04317978,rna3k
-0.0028801053,0.007902916,rna3k
-0.00015053482,-0.009807467,rna3k
0.0018599923,0.028845437,rna3k
0.009286138,0.01655396,rna3k
-0.0075627584,0.019507656,rna3k
-0.023599733,-0.0103371935,rna3k
0.025794648,0.020082919,rna3k
0.03192348,0.024651144,rna3k
-0.0025953995,-0.023950633,rna3k
-0.013458656,0.010893766,rna3k
-0.028183337,-0.018226646,rna3k
0.01549182,-0.028540427,rna3k
-0.012454922,0.00968414,rna3k
-0.014538007,-0.027381316,rna3k
0.017998386,0.009449522,rna3k
-0.008591105,-0.014073215,rna3k
0.012889969,-0.013576786,rna3k
-0.028131662,0.016086735,rna3k
0.058811016,0.0042452817,rna3k
-0.024744533,0.017572334,rna3k
-0.012310868,0.0034472048,rna3k
-0.015452356,0.013729464,rna3k
-0.009034493,0.00995235,rna3k
-0.0015801449,0.015970878,rna3k
0.0010883642,0.009772706,rna3k
0.010800126,-0.038843643,rna3k
0.030965546,-0.0076202787,rna3k
0.01653504,0.03904369,rna3k
0.03402026,0.004053638,rna3k
0.0025708415,0.027391108,rna3k
0.01595806,-0.017435707,rna3k
-0.0040643103,-0.0018973674,rna3k
0.044255957,0.010739593,rna3k
0.029957838,0.03451814,rna3k
0.028075114,-0.0007651642,rna3k
-0.02105565,0.007554878,rna3k
0.011187695,0.02648239,rna3k
0.02421116,-0.012327133,rna3k
-0.0027649514,0.007501386,rna3k
-0.019603884,-0.018346881,rna3k
0.027453719,-0.008728499,rna3k
0.010471383,-0.03155573,rna3k
-0.019193554,0.029971486,rna3k
0.0120624,0.013681657,rna3k
0.010138134,0.029673658,rna3k
0.012994555,0.014889844,rna3k
0.020820748,0.014456057,rna3k
0.037364893,-0.024710018,rna3k
-0.0031396719,-0.009701381,rna3k
0.018366048,0.022518858,rna3k
-0.0060235104,0.017496664,rna3k
0.025861172,0.0041862805,rna3k
0.005594337,-0.011893008,rna3k
0.014578773,-0.0081076175,rna3k
-0.0043817647,0.018570257,rna3k
-0.0029188758,0.006063475,rna3k
0.005493437,0.014458694,rna3k
0.011577572,0.017063059,rna3k
-0.003758276,0.013996971,rna3k
-0.019329129,0.00072231935,rna3k
-0.0037038769,0.03630323,rna3k
-0.021245888,0.016095113,rna3k
-0.017766334,-0.019535195,rna3k
0.008439044,0.0076019545,rna3k
0.013917732,-0.006241225,rna3k
-0.035538174,0.03569736,rna3k
0.015152523,-0.00797865,rna3k
0.007880305,-0.002924365,rna3k
-0.0038124474,-0.023445187,rna3k
0.035227705,-0.007910238,rna3k
-0.0063366834,-0.045094892,rna3k
0.031903863,0.021785885,rna3k
0.024177847,-0.005468823,rna3k
0.023504933,0.026146697,rna3k
-0.018267151,-0.023182737,rna3k
-0.014378171,-0.0027983228,rna3k
0.020424638,0.008453281,rna3k
0.026358949,0.04689679,rna3k
0.006644706,0.0002209726,rna3k
-0.03026869,0.02323369,rna3k
-0.0032911338,0.020153316,rna3k
0.0029193012,-0.00042427683,rna3k
-0.00087571004,-0.008236485,rna3k
-0.025072755,0.01846147,rna3k
-0.018581957,0.011437777,rna3k
-0.013377274,-0.004554973,rna3k
-0.0087756505,-0.010347851,rna3k
-0.011857061,-0.017513324,rna3k
-0.013991551,-0.011837297,rna3k
-0.018810138,0.0046469113,rna3k
-0.039874904,-0.018562438,rna3k
-0.0063474127,-0.021051878,rna3k
0.033644438,-0.03669151,rna3k
-0.010732631,0.023240304,rna3k
0.036896974,-0.017885985,rna3k
-0.031652424,-0.0015477358,rna3k
0.0105845835,-0.004775073,rna3k
0.009690441,0.0032220325,rna3k
-0.011891972,-0.0016864728,rna3k
0.009228386,0.007957889,rna3k
-0.0003343235,-0.012350774,rna3k
0.061380055,0.005506913,rna3k
0.008533328,-0.028453138,rna3k
-0.024368826,0.019099992,rna3k
0.01852577,-0.016580936,rna3k
-0.0022660063,-0.022056675,rna3k
-0.006065087,-0.022853658,rna3k
-0.019909313,0.007608347,rna3k
-0.00076547806,-0.024760285,rna3k
0.036018975,-0.0024997257,rna3k
-0.023817472,-0.04575943,rna3k
0.030911947,0.020184929,rna3k
-0.004881603,-0.032085042,rna3k
-0.0018165803,0.01853619,rna3k
-0.03798711,0.0032665373,rna3k
-0.0009071362,0.01630123,rna3k
-0.02371586,0.019364033,rna3k
0.012024599,0.044267528,rna3k
0.028510623,-0.013601692,rna3k
-0.024694204,0.005240148,rna3k
-0.00017734536,-0.002614302,rna3k
-0.007949197,-0.004408779,rna3k
-0.0036873692,-0.016204152,rna3k
0.0020629375,0.023785692,rna3k
0.03161823,-0.0010325487,rna3k
-0.022481734,0.0053867046,rna3k
0.0042523122,-0.017782688,rna3k
0.0034392863,0.010285442,rna3k
-0.0017361733,-0.0128198825,rna3k
0.012172686,0.051215623,rna3k
0.017519481,0.0027324406,rna3k
0.012713505,-0.01833733,rna3k
0.009254369,0.007552145,rna3k
0.022234518,0.00013473352,rna3k
-0.026369808,0.03507816,rna3k
0.019765614,-0.0024040896,rna3k
0.024170998,-0.043279205,rna3k
0.019897273,0.03264763,rna3k
-0.04017373,0.013210426,rna3k
-0.035500754,0.007898847,rna3k
-0.016530177,0.0029820874,rna3k
0.0014880189,0.04344321,rna3k
-0.03862764,0.028712636,rna3k
0.032774776,0.020395806,rna3k
-0.0042834994,-0.023306698,rna3k
0.004924091,0.036311585,rna3k
0.015620667,-0.0060996595,rna3k
-0.011545209,-0.01810031,rna3k
0.014716574,0.02885792,rna3k
0.013391479,-0.013276724,rna3k
0.010582209,0.019706013,rna3k
0.014929869,-0.0019456068,rna3k
0.017511928,0.010372346,rna3k
0.00033517132,-0.010384962,rna3k
0.017210498,-0.0013168928,rna3k
-0.01310714,0.016476935,rna3k
0.0047719483,-0.0013758271,rna3k
-0.028362423,-0.021909794,rna3k
-0.002353729,0.0008397398,rna3k
0.0015233636,0.0004387531,rna3k
0.0056435787,0.036178667,rna3k
-0.010381759,0.020679364,rna3k
0.00096834294,0.010047692,rna3k
-0.008295141,0.009739335,rna3k
-0.038127147,-0.00205828,rna3k
0.011813626,0.032517277,rna3k
0.007765372,-0.023298206,rna3k
-0.009582517,-0.00072932156,rna3k
0.019001074,0.02389802,rna3k
-0.02624967,0.020666737,rna3k
0.021110112,-0.015744196,rna3k
0.01736346,-0.00046369893,rna3k
0.0111168185,-0.003562123,rna3k
-0.017484363,0.0003309784,rna3k
0.018688895,0.011943587,rna3k
-0.021976002,0.020345682,rna3k
-0.011367649,0.0024607135,rna3k
-0.04112042,-0.004662733,rna3k
0.016409326,0.023456033,rna3k
0.008569801,0.028654005,rna3k
-0.013452804,-0.011055135,rna3k
-0.012408575,0.00495858,rna3k
-0.01674025,0.010231559,rna3k
-0.0129873315,0.004349443,rna3k
0.008840878,-0.0367181,rna3k
0.009661929,0.0048452676,rna3k
0.025941199,-0.0170721,rna3k
0.019132337,0.025409924,rna3k
0.00012530758,0.00781259,rna3k
-0.027081128,0.02224644,rna3k
-0.033529546,-0.030571328,rna3k
0.021545984,0.034875207,rna3k
-0.0050053843,0.008072491,rna3k
-0.020099495,0.029076895,rna3k
-0.0075295176,0.020574737,rna3k
0.0026657511,0.013871472,rna3k
0.010280891,0.006057336,rna3k
-0.01983889,-0.027598532,rna3k
0.03543822,-0.005864566,rna3k
0.014788869,0.007020773,rna3k
0.020420438,-0.00850097,rna3k
0.0044400096,0.02153447,rna3k
0.023456227,0.0068176975,rna3k
0.0022378892,0.010931807,rna3k
0.026917225,0.027731089,rna3k
0.018896202,0.038537946,rna3k
-0.01803891,0.012038778,rna3k
-0.031347826,-0.02710232,rna3k
-0.020045467,-0.015332045,rna3k
0.028078303,-0.021926437,rna3k
0.0017916125,0.0028786939,rna3k
-0.0212785,-0.016951319,rna3k
0.0037136655,-0.015206836,rna3k
-0.021871934,-0.039127488,rna3k
-0.012682706,-0.027939746,rna3k
-0.004535354,0.0181757,rna3k
-0.0059059295,0.009422676,rna3k
0.0034127978,0.007506128,rna3k
-0.004107959,-0.0013328741,rna3k
0.002008516,-0.0013510985,rna3k
-0.01703971,-0.034438536,rna3k
-0.0054705823,-0.014794511,rna3k
0.034065466,-0.010462342,rna3k
-0.010130191,-0.0056804717,rna3k
-0.0076431264,0.01883586,rna3k
-0.011864409,-0.009287397,rna3k
0.0032717544,0.017112762,rna3k
0.008862847,-0.011561334,rna3k
-0.0018019048,-0.025239067,rna3k
-0.00043815642,-0.029332535,rna3k
-0.019717919,-0.019399501,rna3k
0.0023948164,-0.004944721,rna3k
0.0059079565,0.02842462,rna3k
-0.021265678,0.014261537,rna3k
-0.001478736,0.0023989726,rna3k
0.024218418,0.024018848,rna3k
-0.025124846,-0.015010793,rna3k
-0.032236632,0.017565882,rna3k
-0.035046738,0.03158691,rna3k
-0.017197218,-0.022210384,rna3k
0.055093,-0.025642678,rna3k
-0.012341937,-0.0016703318,rna3k
-0.0154662365,0.020359797,rna3k
0.029091092,0.0075373203,rna3k
0.009746211,0.008836732,rna3k
0.02808054,0.010239696,rna3k
-0.0047964803,-0.014707114,rna3k
0.0026763824,-0.044152662,rna3k
0.0072589596,0.008939471,rna3k
-0.00016277615,-0.01859621,rna3k
-0.003584003,0.02199092,rna3k
0.014699333,0.0065808953,rna3k
-0.009622912,5.3879612e-05,rna3k
-0.012615563,-0.011081059,rna3k
-0.0039736303,-0.013099764,rna3k
0.003887683,0.006344155,rna3k
-0.001491777,0.01579271,rna3k
0.027683908,-0.027638484,rna3k
-0.0017180152,0.00020131735,rna3k
0.024906866,0.011584342,rna3k
-0.0116664795,-0.021552887,rna3k
-0.006558418,0.032247074,rna3k
0.0040843715,-0.020084478,rna3k
0.010231138,0.038509175,rna3k
0.03047386,0.010350202,rna3k
-0.008608937,-0.0393999,rna3k
0.021249078,-0.010269955,rna3k
0.016129393,-0.024360076,rna3k
-0.03547631,-0.05803056,rna3k
0.0034044925,-0.020159397,rna3k
0.015947353,-0.017705953,rna3k
-0.021374322,0.011585179,rna3k
-0.0013420699,0.013476542,rna3k
0.018433876,0.018389953,rna3k
-0.035612956,-0.021143977,rna3k
0.0070637916,0.025966108,rna3k
0.009606986,-0.015532481,rna3k
0.005004807,-0.01650374,rna3k
-0.003869728,-0.032999814,rna3k
0.024586836,-0.023898799,rna3k
0.014750839,-0.022277253,rna3k
-0.037301537,0.0064782114,rna3k
-0.004223268,-0.024642553,rna3k
0.0031352064,0.0049020015,rna3k
0.00566967,0.00025331372,rna3k
-0.037091777,0.02152755,rna3k
-0.0031394279,0.00082371203,rna3k
0.016030366,0.020397514,rna3k
0.004429144,-0.004925045,rna3k
0.01464422,0.02629863,rna3k
-0.017060217,0.03841589,rna3k
-0.005467801,-0.03965055,rna3k
0.022144862,0.0074180793,rna3k
0.007290208,0.021376725,rna3k
0.019764733,-0.019359067,rna3k
-0.0048985765,-0.018290462,rna3k
0.004912998,-0.018616423,rna3k
-0.008951639,-0.007128842,rna3k
0.010121954,-0.015347725,rna3k
-0.02360958,0.028358003,rna3k
-0.035965845,-0.024280166,rna3k
-0.01756176,-0.039600942,rna3k
-0.027821848,-0.015131591,rna3k
-0.024497824,-0.03537466,rna3k
-0.031068005,0.004861493,rna3k
0.0031267721,0.00298634,rna3k
-0.041725516,-0.020188974,rna3k
-0.015424004,0.0036349986,rna3k
0.0003685822,0.025417197,rna3k
0.016068647,-0.014155236,rna3k
0.014872205,0.0048731216,rna3k
0.028541762,0.044223472,rna3k
-0.0012468158,0.028173083,rna3k
0.0081026545,-0.02848743,rna3k
-0.026834872,-0.013903193,rna3k
0.00360267,-0.0050307955,rna3k
-0.02536422,-0.0015868556,rna3k
-0.010559755,-0.011692325,rna3k
-0.01864021,-0.03318261,rna3k
1.6249942e-05,-0.00861004,rna3k
-0.009778016,-0.030349106,rna3k
-0.022118077,-0.01745934,rna3k
0.005919516,-0.025208313,rna3k
0.023560192,-0.00038730787,rna3k
3.117053e-05,-0.0010466947,rna3k
0.009099257,0.022509377,rna3k
0.003231125,-0.0058558746,rna3k
0.028421052,-0.016585637,rna3k
0.010059422,0.014616452,rna3k
-0.0148321,0.012515282,rna3k
0.0081654405,0.034470983,rna3k
-0.0072324243,0.018971834,rna3k
0.0057914066,0.002680003,rna3k
-0.0052631404,-0.0036760857,rna3k
-0.019181814,0.0042200005,rna3k
0.016383858,-0.0140277725,rna3k
-0.0059853788,-0.0023716588,rna3k
-0.012599733,-0.01196565,rna3k
-0.0050672567,-0.024880989,rna3k
0.0051017664,-0.023023844,rna3k
0.033955418,0.030182218,rna3k
0.014100011,0.019400647,rna3k
0.011493064,-0.001881304,rna3k
-0.012309847,0.010500059,rna3k
0.010748928,-0.013254675,rna3k
0.002542203,-0.013767022,rna3k
0.044251308,-0.02171381,rna3k
0.012074088,-0.0014263556,rna3k
0.026029613,-0.029078111,rna3k
-0.011507041,-0.01602779,rna3k
0.010805731,0.02847347,rna3k
-0.044274952,0.015279628,rna3k
0.02271848,0.013384714,rna3k
0.0069022137,-0.017731989,rna3k
0.005038047,0.016211957,rna3k
-0.045886252,0.022956213,rna3k
0.005287272,0.014122947,rna3k
0.017973686,-0.0029119735,rna3k
0.023030022,0.040025767,rna3k
-0.0023119305,0.012019705,rna3k
0.0020119927,0.0017008277,rna3k
-0.036551695,-0.018946689,rna3k
-0.008429428,-0.007706266,rna3k
-0.029804217,-0.0028151667,rna3k
-0.05718605,0.017968483,rna3k
-0.00041787254,-0.010520939,rna3k
0.009430709,-0.013679446,rna3k
0.01959186,0.001523505,rna3k
0.026031226,0.01384467,rna3k
-0.005634133,-0.008793481,rna3k
0.029938685,-0.010560841,rna3k
-0.012435047,-0.018094212,rna3k
0.016866894,0.0019671256,rna3k
-0.009147856,-0.008654544,rna3k
0.0146726435,-0.01259972,rna3k
0.018964589,0.015856218,rna3k
-0.0054554604,0.0067452607,rna3k
-0.011646928,0.043434914,rna3k
0.020309502,-0.013695564,rna3k
0.01832421,-0.0067440975,rna3k
0.0029430978,0.038558904,rna3k
-0.0060347114,-0.0069372295,rna3k
9.58953e-05,-0.01677368,rna3k
0.055697165,0.003357056,rna3k
-0.0032739947,-0.0035284716,rna3k
0.0052526044,0.007127528,rna3k
0.025050027,-0.0034336564,rna3k
0.004862412,-0.007756912,rna3k
-0.008310784,-0.009924418,rna3k
-0.010251229,-0.003928025,rna3k
-0.0024902856,-0.01751813,rna3k
0.030838298,0.0037387968,rna3k
0.0065671406,0.0029290414,rna3k
-0.033208545,0.00078586506,rna3k
0.012394665,0.0049786554,rna3k
-0.005109812,0.008799499,rna3k
0.035048492,-0.012785342,rna3k
0.011539402,-0.01747466,rna3k
-0.013960677,-0.008499139,rna3k
0.013927935,-0.023679184,rna3k
-0.008047736,-0.040179767,rna3k
0.010358219,-0.018445542,rna3k
-0.009233944,0.023667034,rna3k
-3.3445576e-05,0.004358536,rna3k
-0.023540711,0.01720136,rna3k
0.021301601,-0.0029019082,rna3k
0.023135846,0.02932923,rna3k
-0.017075019,-0.022189545,rna3k
0.02606998,0.026852237,rna3k
0.019202828,-0.016477736,rna3k
0.002473913,0.012550564,rna3k
0.008043164,-0.013791331,rna3k
-0.02571813,0.016855055,rna3k
-0.00669852,-0.0048626196,rna3k
-0.018666705,-0.0084405495,rna3k
-0.010376347,0.003626865,rna3k
-0.016123455,0.014063404,rna3k
0.0065133623,-0.042027272,rna3k
-0.020024005,0.007907046,rna3k
-0.00027894578,-0.03279537,rna3k
0.034273986,-0.010598936,rna3k
-0.02018461,0.013871491,rna3k
-0.0019337104,-0.04194929,rna3k
0.02352936,-0.0029048696,rna3k
-0.023653433,0.00016760374,rna3k
-0.02086266,-0.03064114,rna3k
-0.016818743,-0.030907381,rna3k
-0.008730091,0.0038066164,rna3k
-0.009674741,0.010285102,rna3k
0.003567716,-5.428731e-05,rna3k
-0.0011513638,-0.014451923,rna3k
0.00196666,0.0048647216,rna3k
-0.023877637,0.029213903,rna3k
-0.0011035568,0.016446237,rna3k
0.029386956,0.007166997,rna3k
0.020035971,0.008332763,rna3k
-0.025348797,0.031672485,rna3k
0.0040001343,0.022961168,rna3k
-0.02438958,-0.014815275,rna3k
-0.022200562,0.018126464,rna3k
-0.019049793,0.001715994,rna3k
-0.009782845,0.01884718,rna3k
0.00041376552,0.013453329,rna3k
-0.01810525,-0.032266863,rna3k
0.009086528,-0.0067988047,rna3k
0.04282812,-0.0082215555,rna3k
-0.00069044187,-0.017603505,rna3k
0.010084907,0.014158939,rna3k
-0.019545987,-0.02048817,rna3k
-0.02044185,0.022490352,rna3k
0.003026532,0.00456516,rna3k
-0.009260674,0.0152474,rna3k
0.046815522,-0.0235005,rna3k
0.015137026,-0.024917312,rna3k
-0.007598657,-0.01145575,rna3k
-0.035807986,0.0021645238,rna3k
-0.0100086415,-0.030669848,rna3k
0.0037656846,0.0138103105,rna3k
0.025111556,-0.012430389,rna3k
-0.002121288,0.0023674553,rna3k
-0.022295225,0.005072479,rna3k
-0.03968702,-0.007797699,rna3k
0.0058832555,0.018838767,rna3k
-0.0155726485,-0.0008058378,rna3k
0.007323172,0.03412106,rna3k
0.0038173273,0.00021436394,rna3k
0.028958416,-0.020748548,rna3k
-0.023087863,-0.0005879313,rna3k
-0.0093705505,-0.031474266,rna3k
0.007419052,0.033322785,rna3k
0.0014813988,0.013979247,rna3k
-0.0015659685,-0.023989808,rna3k
-0.021214243,-0.03712262,rna3k
0.0057642744,-0.0054946495,rna3k
0.00712532,0.0014397678,rna3k
0.0009442254,-0.02395098,rna3k
0.012260283,0.004927649,rna3k
0.021901477,0.0094486615,rna3k
0.014179611,0.013572749,rna3k
0.00013599613,0.0131242685,rna3k
0.01485815,-0.018782027,rna3k
0.0042442237,0.014902995,rna3k
-0.021946123,0.00086507254,rna3k
-0.012542748,-0.021835461,rna3k
-0.02207593,0.026512636,rna3k
0.010486597,0.0240938,rna3k
0.00027089712,0.010328148,rna3k
-0.001175812,0.015132751,rna3k
0.006267559,-0.033439297,rna3k
0.0020748798,0.01682806,rna3k
-0.0034285763,0.03369465,rna3k
-0.0018680877,0.023343576,rna3k
0.001365188,0.002825154,rna3k
-0.036235504,0.026799798,rna3k
0.016690629,0.0077489554,rna3k
0.0034638527,-0.00781318,rna3k
-0.0011960457,0.00644815,rna3k
0.045938984,-0.007444887,rna3k
-0.0108292345,0.023465589,rna3k
0.007643005,0.022193015,rna3k
0.0012279912,0.026813462,rna3k
0.003162518,-0.005291021,rna3k
0.017611392,-0.0009822244,rna3k
-0.032085452,0.0019816454,rna3k
-0.029854935,-0.02969086,rna3k
-0.021663843,-0.02305073,rna3k
0.03252825,0.005788449,rna3k
-0.008537082,-0.017226566,rna3k
0.010628897,0.03125454,rna3k
-0.0026454972,-0.007938669,rna3k
-0.008757121,-0.014254156,rna3k
0.02399139,-0.0071685757,rna3k
0.011398087,-0.0037797703,rna3k
-0.04663182,0.014058745,rna3k
-0.009848945,0.005432273,rna3k
-0.011925375,-0.01565587,rna3k
-0.0059629413,-0.0033492264,rna3k
-0.021512983,0.0009867337,rna3k
-0.014154625,-0.031084897,rna3k
-0.0069009536,0.0041530603,rna3k
0.0026112783,-0.01609788,rna3k
-0.010166988,0.006875526,rna3k
0.013423503,0.045990102,rna3k
-0.04459054,0.029395023,rna3k
-0.004941888,-0.0027141222,rna3k
-0.0007641507,-0.009741223,rna3k
-0.013255853,-0.00568336,rna3k
-0.035015866,0.011977278,rna3k
0.016447932,-0.007996647,rna3k
0.033911865,-0.0039339014,rna3k
-0.038950775,-0.014530134,rna3k
0.014383203,-0.009828241,rna3k
0.06530545,-0.0010710487,rna3k
-0.012949007,-0.025998794,rna3k
0.046069577,-0.005439488,rna3k
0.0036966235,-0.006816253,rna3k
-0.015359688,-0.022494737,rna3k
-0.0009066005,-0.043521237,rna3k
0.005043911,0.018647145,rna3k
-0.0021350137,-0.017849246,rna3k
-0.009052398,-0.02351601,rna3k
-0.018628769,0.015808308,rna3k
0.017486263,0.00083642226,rna3k
0.0021081679,-0.015928274,rna3k
-0.016667988,0.009071813,rna3k
-0.0034564375,-0.029864457,rna3k
0.004598042,-0.014856525,rna3k
-0.016946346,-0.04665586,rna3k
0.017692752,0.0058631366,rna3k
-0.0017273213,0.027367814,rna3k
-0.010385256,0.023448106,rna3k
0.011298171,-0.009684811,rna3k
0.010348342,-0.0042935987,rna3k
-0.019261248,-0.01097683,rna3k
-0.018824488,-0.012494161,rna3k
0.026363771,-0.008721039,rna3k
-0.04507266,0.008471872,rna3k
0.01627269,0.005529688,rna3k
-0.011385941,-0.010361868,rna3k
-0.024798127,0.042755075,rna3k
0.015827378,0.009267898,rna3k
0.009707238,0.03546573,rna3k
-0.018952053,0.0016835415,rna3k
0.025161425,-0.014716363,rna3k
-0.0052523194,-0.016335474,rna3k
-0.012198314,-0.012854007,rna3k
0.013179604,0.028270688,rna3k
-0.017768795,-0.0126692215,rna3k
-0.028161244,-0.021672454,rna3k
0.0043605394,-0.0120760705,rna3k
0.011754737,-0.019036483,rna3k
0.012537961,0.031780336,rna3k
-0.006661379,-0.0048540025,rna3k
0.0035880103,-0.031353243,rna3k
0.017479846,0.036335066,rna3k
0.009061309,-0.0035417161,rna3k
0.0196363,0.020246958,rna3k
-0.011087717,-0.019608842,rna3k
0.002913086,0.011090881,atac3k
-0.0052108504,-0.013096017,atac3k
-0.0050298767,-0.011837585,atac3k
0.0036061795,0.010323887,atac3k
0.004143377,0.012076484,atac3k
0.0028170748,0.0086297635,atac3k
-0.0010490195,0.0036219992,atac3k
-0.0052415347,-0.013923362,atac3k
0.0034311793,0.010651436,atac3k
0.0035662907,0.010493472,atac3k
-0.006765582,-0.01301406,atac3k
-0.00830686,-0.01634317,atac3k
0.0011007412,0.0064591053,atac3k
-0.0052261963,-0.012841851,atac3k
0.0030176088,0.010419753,atac3k
-0.005017223,-0.011676205,atac3k
-0.0053403513,-0.012253261,atac3k
-0.0054053334,-0.009482879,atac3k
0.0033023255,0.00989662,atac3k
-0.004753851,-0.011023692,atac3k
0.001765191,0.0088539645,atac3k
0.0037214258,0.012179373,atac3k
-0.004506754,-0.010480674,atac3k
0.0016613937,0.0067735277,atac3k
0.0038465492,0.010227861,atac3k
-0.0050490317,-0.012763887,atac3k
-0.00541481,-0.014026542,atac3k
-0.003472986,-0.007196843,atac3k
0.00348048,0.010132008,atac3k
-0.0010155109,0.0036431004,atac3k
0.003521883,0.009202985,atac3k
-0.0030880799,-0.007928422,atac3k
0.003203564,0.010200941,atac3k
-0.005353482,-0.016686367,atac3k
0.004179964,0.010449399,atac3k
0.0034783254,0.010865765,atac3k
-0.005316764,-0.012993238,atac3k
0.0024617126,0.0077644936,atac3k
0.00016783783,0.0034684348,atac3k
-0.006351352,-0.011836962,atac3k
0.0040723835,0.0107109435,atac3k
-0.0054403604,-0.014339203,atac3k
-0.00528614,-0.01318359,atac3k
-0.0018823764,0.0028041187,atac3k
-0.005422505,-0.01379317,atac3k
0.003309537,0.008997458,atac3k
0.002791459,0.01009605,atac3k
-0.005262166,-0.01264176,atac3k
0.0025246046,0.008994582,atac3k
-0.0049655857,-0.011404656,atac3k
0.0032442496,0.010904926,atac3k
0.002876812,0.008493316,atac3k
-0.005740534,-0.014295438,atac3k
0.003073895,0.010215519,atac3k
0.0034822202,0.01029718,atac3k
-0.0057443716,-0.012981807,atac3k
0.0028303014,0.008542857,atac3k
-0.0050918628,-0.0124262115,atac3k
-0.005349121,-0.015179285,atac3k
-0.0050346837,-0.01197542,atac3k
0.0034142907,0.011577338,atac3k
0.0034327523,0.011962084,atac3k
0.003720824,0.011316527,atac3k
0.0033615264,0.010150461,atac3k
0.004117974,0.011349135,atac3k
0.0037391167,0.010855721,atac3k
-0.004984081,-0.011791555,atac3k
0.0038554727,0.010928085,atac3k
-0.005164913,-0.0121386545,atac3k
-0.0054820566,-0.009400858,atac3k
-0.004755911,-0.0105557125,atac3k
-0.0006057329,0.0041944883,atac3k
0.0035124037,0.011001566,atac3k
0.0041227913,0.011463813,atac3k
-0.0052263597,-0.012452823,atac3k
-0.0053051817,-0.01312721,atac3k
-0.0053140027,-0.013296419,atac3k
0.0036118976,0.011214281,atac3k
0.0029812364,0.010903184,atac3k
0.0034631798,0.011016745,atac3k
-0.005205919,-0.012230759,atac3k
0.0023945407,0.0076764263,atac3k
0.002371542,0.009216057,atac3k
0.0025833002,0.009553359,atac3k
-0.0049386527,-0.012003757,atac3k
0.0032689339,0.010153681,atac3k
0.0033288803,0.008726558,atac3k
0.0037138585,0.011016821,atac3k
-0.0031959892,-0.006483364,atac3k
-0.002241313,-0.0031466598,atac3k
0.002969407,0.009108546,atac3k
-0.001816728,0.0030827655,atac3k
-0.005148337,-0.012371171,atac3k
-0.0051180585,-0.012069988,atac3k
0.003229451,0.010825355,atac3k
0.0032555833,0.008965108,atac3k
0.0037231606,0.010100366,atac3k
-0.005166258,-0.012456286,atac3k
-0.0047208215,-0.011083767,atac3k
0.0041606054,0.010952088,atac3k
0.011256068,-0.022061761,atac3k
-0.00506908,-0.012172215,atac3k
0.0029754373,0.008213739,atac3k
-0.004690102,-0.011012761,atac3k
0.0036805798,0.012159715,atac3k
-0.004588837,-0.009552106,atac3k
0.0039058868,0.010302257,atac3k
-0.005067098,-0.011022466,atac3k
0.00335605,0.009190604,atac3k
0.0029224646,0.008660134,atac3k
0.003084515,0.009449385,atac3k
0.0037347488,0.011863846,atac3k
0.0025337012,-0.003080588,atac3k
0.0023817234,0.0077400687,atac3k
-0.0053418134,-0.014307713,atac3k
0.0024338816,0.007640462,atac3k
0.00042391254,0.0041779126,atac3k
0.003504398,0.009860153,atac3k
0.0034671067,0.011637471,atac3k
-0.0020475194,-0.0019711012,atac3k
0.0031739406,0.011243328,atac3k
-0.0050960444,-0.0116225,atac3k
-0.004866026,-0.010450144,atac3k
-0.0006512377,-0.007419332,atac3k
0.003602797,0.009851848,atac3k
-0.005194457,-0.01271252,atac3k
-0.00530554,-0.013166373,atac3k
-0.0023495564,-0.0027197218,atac3k
0.003238026,0.009569556,atac3k
1.8459936e-05,0.004803846,atac3k
-0.0051835813,-0.012770254,atac3k
-0.0053292364,-0.014754743,atac3k
0.012062494,-0.024308464,atac3k
-0.005161967,-0.012403255,atac3k
-0.0011286665,0.0038727364,atac3k
0.003898767,0.010234353,atac3k
-0.006371031,-0.013168748,atac3k
-0.004885294,-0.011067423,atac3k
0.0013427333,0.006257557,atac3k
-0.0052279728,-0.012891734,atac3k
-0.0050563966,-0.011787587,atac3k
0.00067138183,0.005566119,atac3k
0.002681684,0.009739585,atac3k
-0.0051597804,-0.011876902,atac3k
0.010246568,-0.021574538,atac3k
0.0041259583,0.010779313,atac3k
-0.0053526056,-0.01231698,atac3k
-0.0049468745,-0.011624895,atac3k
0.0014136786,0.0068304404,atac3k
0.003843895,0.012006532,atac3k
0.0034406313,0.011522456,atac3k
0.0040247906,0.010891138,atac3k
-0.005233599,-0.012695688,atac3k
0.003995537,0.010381794,atac3k
0.0039555924,0.010091348,atac3k
0.0018125144,0.00721751,atac3k
0.00042725506,0.005517198,atac3k
-0.0015944757,0.0032487013,atac3k
0.0039046502,0.011363442,atac3k
-0.005324729,-0.013285996,atac3k
0.0037729428,0.011812544,atac3k
-0.005344652,-0.0142216915,atac3k
-0.004995886,-0.01235304,atac3k
0.0012491172,0.006377696,atac3k
-0.0051605687,-0.01302805,atac3k
0.0023639074,0.007711269,atac3k
0.0032753448,0.00934636,atac3k
0.004077408,0.010692042,atac3k
-0.0005066873,-0.0011450595,atac3k
0.003951845,0.011284355,atac3k
0.010646959,-0.021953693,atac3k
-0.004377912,-0.010266622,atac3k
-0.0052990997,-0.012524106,atac3k
-0.0048731277,-0.0105818845,atac3k
0.010095117,-0.02136319,atac3k
0.0009837743,0.005921885,atac3k
-0.0049800826,-0.011261287,atac3k
-0.005027746,-0.012250565,atac3k
0.0038958327,0.011180923,atac3k
0.003968718,0.010922851,atac3k
-0.005858438,-0.012465307,atac3k
0.0006841231,0.0055249245,atac3k
6.521561e-05,0.0056301667,atac3k
-0.0053596534,-0.013634096,atac3k
-0.005318514,-0.013430362,atac3k
-0.0042692195,-0.009899873,atac3k
0.0042900555,0.011687053,atac3k
-0.0050282567,-0.011487658,atac3k
0.003385414,0.009531236,atac3k
0.003691825,0.009527658,atac3k
0.0013441158,0.0067910263,atac3k
0.0033114727,0.010049565,atac3k
0.003787214,0.010297814,atac3k
0.003562397,0.009854682,atac3k
0.0005535559,0.006832354,atac3k
0.009430184,-0.020929504,atac3k
-0.004402398,-0.008810381,atac3k
-0.005391159,-0.013796812,atac3k
-0.005151451,-0.012952775,atac3k
-0.0052602757,-0.013868994,atac3k
-0.004402165,-0.009693717,atac3k
-0.005017675,-0.011684414,atac3k
0.0036664498,0.010154548,atac3k
-0.0008770101,0.00045718288,atac3k
0.0016194847,0.00768551,atac3k
-0.0015184584,-0.0031764915,atac3k
0.0037276307,0.010431839,atac3k
-0.0038771406,-0.0086931465,atac3k
-0.005148957,-0.012230225,atac3k
0.0027676467,0.008550703,atac3k
0.0036104454,0.010235702,atac3k
-0.0054219845,-0.0138853695,atac3k
-0.004279639,-0.013491843,atac3k
0.003586658,0.011115533,atac3k
0.0017858108,0.007913781,atac3k
0.0022721237,0.009281828,atac3k
-0.001744116,0.003629176,atac3k
0.002908173,0.008755671,atac3k
-0.005244019,-0.012589209,atac3k
-0.0051779407,-0.012783067,atac3k
0.002677285,0.008140536,atac3k
-0.0034091922,-0.008038522,atac3k
0.00037626488,0.005321427,atac3k
-0.0051624025,-0.012024341,atac3k
-0.0020191693,-0.00328795,atac3k
0.0037683106,0.011210179,atac3k
0.0024686893,0.0077280253,atac3k
0.0040009124,0.010110464,atac3k
0.010371518,-0.022002904,atac3k
-0.0016498514,0.001243749,atac3k
0.0034001304,0.0113652125,atac3k
0.0069113737,0.006966277,atac3k
0.0023474114,0.007654851,atac3k
-0.005345108,-0.014247941,atac3k
0.0035201118,0.010797341,atac3k
-0.004350428,-0.010766885,atac3k
0.0034156777,0.009905209,atac3k
-0.0052811056,-0.012392739,atac3k
-0.005296369,-0.013352845,atac3k
-0.0050548203,-0.011779888,atac3k
-0.005126608,-0.012425145,atac3k
-0.0050620358,-0.01169851,atac3k
0.0040408336,0.012425477,atac3k
-0.005691159,-0.01301299,atac3k
0.0025905408,0.009711792,atac3k
0.0035172037,0.011172185,atac3k
0.002448447,0.0077980524,atac3k
-0.0052762195,-0.013338439,atac3k
-0.005028592,-0.012721833,atac3k
0.0030784367,0.0105617745,atac3k
0.0034777275,0.010860116,atac3k
-0.00491311,-0.011009382,atac3k
0.0008974554,0.0047097085,atac3k
-0.0016866201,-0.003844424,atac3k
0.002896799,0.010182765,atac3k
0.0017518664,0.0068633086,atac3k
-0.00062729296,-0.0052687135,atac3k
-0.00072040927,0.004084165,atac3k
0.0031830498,0.008993627,atac3k
-0.004425667,-0.012730148,atac3k
0.0031432405,0.010408117,atac3k
-0.004073087,-0.008825669,atac3k
-0.006931252,-0.011006057,atac3k
-0.0048532593,-0.010840135,atac3k
0.0033105663,0.0096542165,atac3k
0.0037355425,0.009886013,atac3k
-0.0015588857,0.004194816,atac3k
-0.005224624,-0.012627524,atac3k
-0.0054069716,-0.013986646,atac3k
0.0037352645,0.010920881,atac3k
0.0024541786,0.007744927,atac3k
0.003711085,0.010680629,atac3k
0.0028134198,0.010361048,atac3k
0.0035753984,0.0119332615,atac3k
-0.00030056085,0.0048746825,atac3k
-0.005216018,-0.012867285,atac3k
0.0034900974,0.010073817,atac3k
0.0019560421,0.0070051514,atac3k
-0.010539723,-0.0085739205,atac3k
-0.005080678,-0.012278799,atac3k
-0.0008842593,0.0038663542,atac3k
0.0038215467,0.010719269,atac3k
-0.005190112,-0.012787986,atac3k
0.0032551594,0.011005769,atac3k
-0.0038690576,-0.011772398,atac3k
-0.0049576005,-0.011652776,atac3k
0.0037466132,0.011659795,atac3k
0.003907513,0.010305904,atac3k
-0.0050233337,-0.011675759,atac3k
-0.0050393054,-0.012365939,atac3k
-0.005276782,-0.014233468,atac3k
0.0035580704,0.0119972555,atac3k
0.011004959,-0.022541685,atac3k
-0.006431171,-0.011262926,atac3k
0.0035413767,0.010365787,atac3k
-0.00118319,0.0038599577,atac3k
0.003659365,0.011371215,atac3k
0.0038329225,0.011536739,atac3k
0.0027604403,0.010198921,atac3k
0.0028842217,0.008194715,atac3k
-0.005321156,-0.014094344,atac3k
0.0003203482,0.0030274142,atac3k
-0.0051250416,-0.013031588,atac3k
-0.00037469057,0.004469874,atac3k
-0.006645019,-0.010967047,atac3k
0.0040928237,0.01120645,atac3k
-0.003280875,-0.013565286,atac3k
-0.005229388,-0.013732003,atac3k
0.0034639675,0.010859553,atac3k
0.0019039102,0.008130804,atac3k
-0.00511186,-0.011967004,atac3k
-0.0072782463,-0.013210124,atac3k
0.00037341012,0.0051466655,atac3k
0.003555317,0.010495873,atac3k
-0.0049713855,-0.012108525,atac3k
-0.0052418318,-0.012767926,atac3k
0.008855512,-0.02086901,atac3k
0.0044149607,0.011433459,atac3k
0.0040754373,0.011463395,atac3k
-0.0051512155,-0.011960313,atac3k
0.01081557,-0.022478012,atac3k
0.0025628693,0.010437984,atac3k
-0.005185937,-0.012170941,atac3k
0.0039296662,0.011701837,atac3k
-0.0044950275,-0.010282848,atac3k
0.0037590363,0.011873831,atac3k
-0.00534335,-0.013335894,atac3k
-0.005183621,-0.012699812,atac3k
-0.007885648,-0.015151896,atac3k
-0.005203458,-0.012842838,atac3k
-0.0051472913,-0.011764,atac3k
0.0039215693,0.010548456,atac3k
0.0024376786,0.007547824,atac3k
0.003978643,0.0107198795,atac3k
0.0038348185,0.011243791,atac3k
-0.0015844454,0.0031545558,atac3k
-0.004439359,-0.009320311,atac3k
0.0029764534,0.009187852,atac3k
-0.004837804,-0.011057082,atac3k
0.0014602303,0.0065115695,atac3k
-0.005110564,-0.012134178,atac3k
0.0035999771,0.010995314,atac3k
0.0039575673,0.010643843,atac3k
0.0006969904,0.006304552,atac3k
0.00779422,0.010951024,atac3k
-0.00047420966,0.005859794,atac3k
-0.0050858543,-0.011534855,atac3k
0.004263825,0.010859692,atac3k
-0.0048675886,-0.010966448,atac3k
0.0025730066,-0.00047932888,atac3k
0.002920571,0.010317839,atac3k
-0.0043841666,-0.0102140615,atac3k
0.003495448,0.011315541,atac3k
-0.0030940596,-0.005983937,atac3k
0.0037120387,0.011728524,atac3k
0.00082452846,0.00570314,atac3k
-0.0057150894,-0.012345386,atac3k
-0.0041969656,-0.010646071,atac3k
-0.0011334457,-0.018033167,atac3k
-0.0012222809,-0.005271804,atac3k
-0.0050555035,-0.012148134,atac3k
0.0033189065,0.008970066,atac3k
-0.0051297476,-0.012480349,atac3k
-0.003898175,-0.010413871,atac3k
0.0029506872,0.009070886,atac3k
-0.005000286,-0.011470509,atac3k
0.004045972,0.0104234805,atac3k
0.0036033792,0.011518314,atac3k
0.0028357327,0.008505123,atac3k
0.0061008683,-0.018989177,atac3k
0.0028926053,0.008662599,atac3k
-0.00559333,-0.012881285,atac3k
0.0024821188,0.0076090056,atac3k
0.0035991117,0.012215204,atac3k
0.0019646678,0.0069942763,atac3k
0.0034509273,0.010599215,atac3k
-0.004078862,-0.013297335,atac3k
-0.0051772567,-0.013388939,atac3k
-0.005269122,-0.013259,atac3k
-0.005211634,-0.012394204,atac3k
0.0029867715,0.008982249,atac3k
-0.0035465749,-0.014220532,atac3k
-0.0052084015,-0.012200726,atac3k
-0.0052863625,-0.013620297,atac3k
-0.0052115857,-0.013276521,atac3k
0.003331482,0.009305498,atac3k
0.010325701,-0.023820492,atac3k
-0.0051371194,-0.012360559,atac3k
-0.0053124046,-0.013188407,atac3k
-0.0050421343,-0.012346383,atac3k
-0.004872862,-0.011126689,atac3k
-0.0052930443,-0.01412521,atac3k
-0.0052319444,-0.013133953,atac3k
0.0029498916,0.008235373,atac3k
0.003617113,0.010068136,atac3k
0.0033797482,0.011456034,atac3k
0.003930007,0.011559699,atac3k
-0.0049780942,-0.011535664,atac3k
0.0038112188,0.009973129,atac3k
-0.0050315517,-0.011804271,atac3k
0.003743642,0.010872871,atac3k
0.0003188758,0.005147854,atac3k
0.003903694,0.012314586,atac3k
0.003803942,0.011532242,atac3k
0.0034361705,0.010091321,atac3k
0.0025120857,0.0078248065,atac3k
0.0032104733,0.009559671,atac3k
0.0012087935,0.006167387,atac3k
0.0006977265,0.00484615,atac3k
0.0027864329,0.009923866,atac3k
0.003447766,0.011802528,atac3k
0.0025994238,0.007896835,atac3k
0.0014245901,0.0064848023,atac3k
0.003655574,0.010145727,atac3k
-0.0045799674,-0.010272623,atac3k
-0.005118286,-0.011954491,atac3k
0.002891805,0.009024788,atac3k
0.0031405634,0.009125919,atac3k
0.003524814,0.00991606,atac3k
-0.0046077822,-0.010994366,atac3k
0.0027088542,0.000284153,atac3k
0.0006349654,0.0057159434,atac3k
-0.0053291894,-0.013284133,atac3k
0.0007861404,0.0057682204,atac3k
0.00374734,0.011123398,atac3k
0.0035934432,0.009753368,atac3k
-0.0013759346,-0.015470122,atac3k
0.0026040068,0.007982482,atac3k
-0.004674128,-0.009836483,atac3k
0.0028156547,0.010770564,atac3k
-0.0052864007,-0.012227759,atac3k
-0.0051406883,-0.012068537,atac3k
-0.005274788,-0.013093785,atac3k
0.0038313514,0.011334988,atac3k
0.0017074727,0.0066202474,atac3k
-0.0006709491,0.0043057487,atac3k
0.0034000685,0.009211171,atac3k
-0.005319932,-0.013414182,atac3k
-0.0051100533,-0.012429521,atac3k
-0.0051210355,-0.014802285,atac3k
-0.00535069,-0.013918374,atac3k
-0.005517754,-0.014563056,atac3k
0.003524649,0.010494231,atac3k
-0.0051773936,-0.012485865,atac3k
-0.0051378002,-0.012034935,atac3k
-0.0047283024,-0.012526123,atac3k
0.0022851273,0.009230888,atac3k
-0.005568765,-0.014236072,atac3k
0.0034254836,0.0102046095,atac3k
0.0030638992,0.008690809,atac3k
0.004019454,0.011266137,atac3k
0.013648693,-0.023718657,atac3k
0.0038695422,0.011687132,atac3k
-0.00538499,-0.012417292,atac3k
-0.0051297974,-0.012133626,atac3k
0.0018583186,0.0067897043,atac3k
-0.0050433264,-0.011236147,atac3k
0.00279581,0.008452577,atac3k
0.003582492,0.01102767,atac3k
-0.00517406,-0.012960726,atac3k
-0.004480256,-0.010699122,atac3k
0.0038596354,0.0109350905,atac3k
-0.004969708,-0.012025478,atac3k
0.0035296218,0.011671871,atac3k
-0.005015232,-0.011958737,atac3k
0.00056849245,0.0054333345,atac3k
0.0033993993,0.011470921,atac3k
0.0036572996,0.010182616,atac3k
-0.00477155,-0.010913136,atac3k
-0.0049391915,-0.011146897,atac3k
0.00028560247,0.005260554,atac3k
0.0034211415,0.011430226,atac3k
-0.002192687,-0.0054722573,atac3k
-0.0009785057,-1.4548642e-05,atac3k
0.003843419,0.00999272,atac3k
0.00032465084,0.005216359,atac3k
0.004198519,0.011014605,atac3k
-0.005755517,-0.013905784,atac3k
0.0036611697,0.010498188,atac3k
0.0035969787,0.01112326,atac3k
0.002743343,0.009859278,atac3k
0.0034735359,0.010498146,atac3k
0.000623046,-0.0048406436,atac3k
-0.005051867,-0.011575824,atac3k
-0.005362705,-0.013277667,atac3k
0.0020343326,0.0078371735,atac3k
0.0037265583,0.011828946,atac3k
-0.005088394,-0.012715665,atac3k
-0.004570698,-0.010627419,atac3k
-0.0051912568,-0.012771505,atac3k
9.734841e-05,0.0050836247,atac3k
0.0038862685,0.011561169,atac3k
-0.0053274035,-0.014766605,atac3k
0.0034537436,0.009950924,atac3k
0.0031428298,0.008932925,atac3k
0.00075248757,0.005965253,atac3k
0.0033033174,0.0106258765,atac3k
-0.0045141526,-0.012697063,atac3k
-0.005391914,-0.016074277,atac3k
-0.005078222,-0.011738406,atac3k
-0.0044690594,-0.008712895,atac3k
-0.0050769197,-0.011489429,atac3k
0.0032026954,0.010405108,atac3k
0.0037064205,0.011293459,atac3k
0.0038413054,0.011121906,atac3k
0.003865288,0.010938743,atac3k
-0.005113356,-0.012643912,atac3k
-0.005129504,-0.011627264,atac3k
0.002963359,0.01062774,atac3k
0.0031476107,0.008692057,atac3k
0.0036299068,0.010463781,atac3k
-0.0003767908,0.004483648,atac3k
0.00047705247,0.005503092,atac3k
0.0011721619,0.00740299,atac3k
-0.005119376,-0.012427405,atac3k
-0.0036669616,-0.008104205,atac3k
-0.005376995,-0.013224141,atac3k
0.0033304647,0.0113520175,atac3k
-0.0051348675,-0.012089077,atac3k
-0.0050834185,-0.0129326,atac3k
0.0008142408,0.005401179,atac3k
-0.004979386,-0.012294609,atac3k
0.009730504,-0.021393893,atac3k
0.0025941818,0.007939381,atac3k
0.0040947394,0.011854508,atac3k
0.0017765171,0.008072096,atac3k
-0.004970005,-0.011425764,atac3k
0.003671764,0.011952925,atac3k
0.0035092484,0.009731879,atac3k
0.0022136886,0.007253242,atac3k
0.0023363542,0.0074101714,atac3k
-0.0054007573,-0.013512643,atac3k
0.0038318185,0.00996143,atac3k
-0.004908776,-0.011131525,atac3k
0.003578356,0.009353088,atac3k
0.0071707726,-0.020152835,atac3k
0.002751706,0.009962906,atac3k
0.0036773877,0.011704947,atac3k
0.00069228065,0.0048756953,atac3k
-0.0055205985,-0.0153095685,atac3k
-0.0010916365,-0.0014680447,atac3k
0.003472646,0.009646805,atac3k
0.0038442148,0.010693256,atac3k
-0.004649196,-0.010280711,atac3k
0.0032759754,0.009287498,atac3k
0.0033525925,0.010522452,atac3k
0.0029892363,0.010645158,atac3k
0.010572435,-0.022035081,atac3k
-0.0012499065,0.0037717142,atac3k
0.00062121457,0.00538868,atac3k
-0.0051610167,-0.013238647,atac3k
0.0037026003,0.01058318,atac3k
-0.005068585,-0.012042747,atac3k
-0.0014078123,-0.0012647643,atac3k
-0.005208477,-0.013644104,atac3k
0.0037797254,0.011212283,atac3k
-0.00496682,-0.012047539,atac3k
0.0039552106,0.010964361,atac3k
0.0035347994,0.009920193,atac3k
-0.0054182266,-0.015131974,atac3k
0.0037629206,0.01048671,atac3k
0.003602146,0.010870609,atac3k
-0.0016995912,-0.017087312,atac3k
-0.0053032786,-0.013523366,atac3k
0.0038149613,0.012403643,atac3k
0.0037305485,0.010774598,atac3k
0.0038368204,0.011278571,atac3k
-0.0051562297,-0.012111766,atac3k
-0.00055689854,0.0009804008,atac3k
-0.0015948673,0.0035644718,atac3k
0.0036476315,0.0108689945,atac3k
-0.0051833866,-0.012608703,atac3k
-0.005176614,-0.0126086855,atac3k
0.0022745251,0.0077707507,atac3k
0.002635255,0.008034376,atac3k
0.00017730387,0.0032782783,atac3k
-0.0027066953,-0.0035226822,atac3k
0.0033190916,0.011628484,atac3k
-0.0052833566,-0.014301234,atac3k
-0.004864425,-0.010932132,atac3k
-0.00017077784,0.005218488,atac3k
0.002758243,0.008101788,atac3k
0.003294421,0.010650081,atac3k
0.0037096571,0.011528809,atac3k
-0.005181628,-0.012170671,atac3k
0.0029377262,0.008875243,atac3k
-0.0050124675,-0.012636739,atac3k
0.002951548,0.010969184,atac3k
-0.0051716547,-0.012079517,atac3k
-0.0012521119,-0.0008030917,atac3k
0.002749215,0.008183207,atac3k
0.0033500106,0.011178298,atac3k
0.0032241165,0.010667356,atac3k
0.003376761,0.0004441945,atac3k
-0.005166483,-0.012273457,atac3k
-0.005033195,-0.011801232,atac3k
-0.0019275472,0.0028798473,atac3k
-0.0052429824,-0.013537465,atac3k
0.0015280708,0.006526945,atac3k
-0.0061340467,-0.012365029,atac3k
0.003213233,0.009726812,atac3k
0.003828832,0.011076023,atac3k
-0.0041805254,-0.012968029,atac3k
0.003986037,0.010119369,atac3k
-0.0051221214,-0.012616717,atac3k
0.003709889,0.009734424,atac3k
0.003231326,0.009846454,atac3k
-0.0065308586,-0.012686763,atac3k
-0.0054055485,-0.0132432515,atac3k
0.0038956022,0.011323224,atac3k
-0.00237563,-0.0023072432,atac3k
-0.0017180407,0.0029487011,atac3k
-0.005131816,-0.012051423,atac3k
0.003482311,0.011121496,atac3k
0.0039419173,0.010877198,atac3k
-0.0050187754,-0.012080063,atac3k
0.003412467,0.010994191,atac3k
-0.005148511,-0.012032824,atac3k
0.0038406616,0.009616734,atac3k
0.0035358113,0.010182014,atac3k
0.0037576156,0.010948277,atac3k
0.0006811477,0.005754612,atac3k
0.0002635301,0.0023799336,atac3k
0.003913147,0.010119962,atac3k
-0.0011809551,0.004736855,atac3k
0.0032789058,0.009600142,atac3k
-0.0052771536,-0.013315056,atac3k
-0.005616809,-0.011449052,atac3k
0.0044801543,0.011689402,atac3k
0.003562067,0.0104437135,atac3k
-0.0050978875,-0.013905249,atac3k
-0.0052137156,-0.012942149,atac3k
0.0035526063,0.011224372,atac3k
0.0036838802,0.010172531,atac3k
0.0013142509,0.007847853,atac3k
-0.0049776146,-0.011642358,atac3k
-0.004928339,-0.010744208,atac3k
-0.0005906928,0.004200515,atac3k
-0.0052752355,-0.013011995,atac3k
0.009991456,-0.021432351,atac3k
0.003975929,0.011692395,atac3k
-0.0050117685,-0.010507012,atac3k
-0.004904181,-0.013070914,atac3k
-0.0050960886,-0.011673558,atac3k
0.0033801277,0.011183711,atac3k
-0.0073277866,-0.014836464,atac3k
0.002458856,-0.016169062,atac3k
-0.0037503303,-0.011891032,atac3k
-0.0052992105,-0.013066277,atac3k
0.0008671945,0.0059600244,atac3k
-0.0063579534,-0.013042284,atac3k
-0.0049647857,-0.011441229,atac3k
-0.00249086,-0.006631951,atac3k
0.0043618013,0.011116425,atac3k
0.004348049,0.011737294,atac3k
0.003236962,0.01056667,atac3k
0.0020013107,0.008451654,atac3k
0.0034353244,0.011124085,atac3k
-0.006553018,-0.011645781,atac3k
-0.0026153773,-0.009674246,atac3k
-0.0039712745,-0.011029272,atac3k
0.002218497,0.008766713,atac3k
0.0038092888,0.011454425,atac3k
0.0016453133,0.010448302,atac3k
-0.005209033,-0.012779545,atac3k
0.0029662757,0.008938259,atac3k
-0.005601893,-0.012857133,atac3k
0.0033914698,0.011209387,atac3k
0.0026466788,0.009580792,atac3k
-0.00504022,-0.012332234,atac3k
-0.006845525,-0.012908808,atac3k
-0.005247045,-0.012584854,atac3k
-0.0046265437,-0.011962621,atac3k
0.011487656,-0.024315795,atac3k
0.0031915037,0.008777264,atac3k
0.011580018,-0.022678116,atac3k
0.0020555775,0.007241982,atac3k
0.0034460153,0.009838608,atac3k
0.0035364951,0.011255375,atac3k
-0.0052874098,-0.012774318,atac3k
-0.0050553307,-0.011955902,atac3k
-0.0050280755,-0.01122707,atac3k
0.003919491,0.011391416,atac3k
-0.0051027853,-0.011579843,atac3k
-0.0021702491,0.002713964,atac3k
-0.00064964907,-0.006951625,atac3k
0.0031232531,0.010542141,atac3k
0.00090977945,0.0045651956,atac3k
0.0035250722,0.010642713,atac3k
0.0034878512,0.010469393,atac3k
0.0030537085,0.010854932,atac3k
-0.0023374462,0.002309365,atac3k
0.010480687,-0.021531234,atac3k
0.00023565926,-0.006442173,atac3k
-0.005215684,-0.012756272,atac3k
-0.005198471,-0.012537605,atac3k
0.0033963777,0.009865191,atac3k
-0.005386468,-0.013660254,atac3k
0.0037951192,0.009969908,atac3k
0.0008674369,0.0044819796,atac3k
0.002617982,0.010312066,atac3k
-0.0002261026,0.0046678414,atac3k
-0.0049434747,-0.013925165,atac3k
0.0014050924,0.006555513,atac3k
-0.0049795364,-0.011694877,atac3k
0.007735206,-0.021094603,atac3k
0.003732594,0.011699329,atac3k
0.002331676,0.007729722,atac3k
0.0034099584,0.0112504335,atac3k
0.003709434,0.010378189,atac3k
0.0020130705,0.008161876,atac3k
0.0033646578,0.00920919,atac3k
-0.005002398,-0.011792736,atac3k
0.0027904056,0.008252461,atac3k
0.0041094576,0.011771169,atac3k
0.0040329252,0.012018477,atac3k
0.0033336983,0.009977095,atac3k
-0.0016513892,0.0028870215,atac3k
-0.005216622,-0.013034422,atac3k
-0.0054692407,-0.012218941,atac3k
-0.0049346513,-0.012426527,atac3k
0.0034467143,0.009628614,atac3k
-0.0057286858,-0.013022508,atac3k
-0.00072802365,0.00338852,atac3k
0.0013202913,0.006360238,atac3k
0.0030517643,0.009144185,atac3k
-0.012980567,-0.0052903057,atac3k
-0.003792637,-0.013068811,atac3k
0.0033210164,0.009939132,atac3k
0.0001771983,0.0049766162,atac3k
-0.005250169,-0.013528748,atac3k
0.000834588,0.00829912,atac3k
0.0031906764,0.011389885,atac3k
0.003429133,0.009830119,atac3k
-0.0051572663,-0.012932625,atac3k
-0.000477646,0.0041643158,atac3k
-0.004891408,-0.011680838,atac3k
0.0033682508,0.010410289,atac3k
-0.005083862,-0.011570898,atac3k
-0.004983102,-0.011786332,atac3k
0.0036821205,0.0100492295,atac3k
0.0036510571,0.011157756,atac3k
-0.005400387,-0.013453079,atac3k
0.00356438,0.011149389,atac3k
-0.0054042763,-0.012146451,atac3k
0.0035203055,0.010013143,atac3k
0.0035567142,0.010648193,atac3k
-0.0050787684,-0.011889417,atac3k
0.0034574,0.010039142,atac3k
-0.005066283,-0.011494507,atac3k
0.0018203346,0.0070613534,atac3k
-0.005166906,-0.011965586,atac3k
0.0026494348,0.008029071,atac3k
-0.0009193542,-0.00058112474,atac3k
-0.005401154,-0.014166508,atac3k
-0.004591834,-0.012817665,atac3k
0.0032546362,0.009434714,atac3k
0.0035669955,0.0103797885,atac3k
0.0018641843,0.008081565,atac3k
0.002958311,0.00919015,atac3k
-0.0051940875,-0.014078268,atac3k
-0.004862989,-0.010993371,atac3k
-0.005180646,-0.012154395,atac3k
0.0036540162,0.010073994,atac3k
-0.0046341307,-0.01008938,atac3k
0.00341865,0.011609477,atac3k
0.00366503,0.010379041,atac3k
-0.0050823824,-0.0119660655,atac3k
-0.0052200784,-0.01265238,atac3k
0.0030184332,0.009080312,atac3k
0.0035108263,0.010882704,atac3k
0.0025106291,0.010057416,atac3k
0.0039625103,0.0119907465,atac3k
-0.0069632097,-0.017106054,atac3k
-0.0049484153,-0.011583548,atac3k
-0.006761811,-0.014230857,atac3k
-0.0063506244,-0.014798622,atac3k
0.0020221951,0.008494871,atac3k
-0.005175102,-0.012772281,atac3k
-0.005180389,-0.012139704,atac3k
0.0036980037,0.010996643,atac3k
-0.0037117298,-0.0076125604,atac3k
0.0035834033,0.012192732,atac3k
-0.00533569,-0.013594982,atac3k
-0.0052619427,-0.0140107535,atac3k
-0.0053151753,-0.014269404,atac3k
0.0025594141,0.009923967,atac3k
0.0034000846,0.010110066,atac3k
0.0006359131,-0.019719215,atac3k
-0.0016378778,-0.015146689,atac3k
-0.005343935,-0.015423992,atac3k
-0.0005974054,0.0014696359,atac3k
0.003764386,0.010466444,atac3k
-0.005108756,-0.012523199,atac3k
-0.005224261,-0.013455715,atac3k
0.002791826,0.010342768,atac3k
0.00063679996,0.0066318996,atac3k
-0.0038659112,-0.011488492,atac3k
0.002686045,0.010478593,atac3k
0.003788623,0.009975573,atac3k
0.003601669,0.011655261,atac3k
0.0033651807,0.010304225,atac3k
0.0032839866,0.009549822,atac3k
-0.005281241,-0.013121133,atac3k
-0.0051355744,-0.012238925,atac3k
0.0037622259,0.010687385,atac3k
-0.0052976958,-0.013258949,atac3k
0.003780847,0.011080374,atac3k
0.0023059451,0.009385124,atac3k
0.0035630565,0.010448604,atac3k
0.0014522919,0.007377204,atac3k
0.0008595736,0.005629558,atac3k
0.0007915587,0.0061462787,atac3k
-0.0049409904,-0.01519754,atac3k
0.003881157,0.010681106,atac3k
-0.005192128,-0.012960903,atac3k
0.0035192384,0.010039363,atac3k
-0.005519464,-0.013477769,atac3k
0.0030860056,0.009408447,atac3k
0.009083251,-0.020974545,atac3k
-0.004372266,-0.009230251,atac3k
0.0004132806,0.0053033736,atac3k
0.003723585,0.01063309,atac3k
-0.005209131,-0.012728717,atac3k
0.0035162244,0.009590397,atac3k
-0.0051648123,-0.012538865,atac3k
0.0035937503,0.010358896,atac3k
0.0037328394,0.010946404,atac3k
0.0023915425,0.00792674,atac3k
0.009845584,-0.021236535,atac3k
-0.0051336503,-0.012585744,atac3k
0.0038245015,0.010649362,atac3k
-0.00048179645,0.0041864603,atac3k
0.003668118,0.011485,atac3k
0.0028691282,0.008476802,atac3k
-0.0008317175,0.00040557666,atac3k
-0.004675666,-0.010134938,atac3k
0.0038140134,0.009806106,atac3k
0.0037928547,0.010227047,atac3k
-0.00462542,-0.011365314,atac3k
-0.0030322124,-0.005704315,atac3k
-0.005629405,-0.011799625,atac3k
0.0032052177,0.011390206,atac3k
0.013002121,-0.023673438,atac3k
-0.0050884816,-0.011962199,atac3k
0.003660421,0.011056563,atac3k
0.0022006324,0.0076238825,atac3k
0.0039703203,0.010125967,atac3k
-0.005123331,-0.011607726,atac3k
-0.006024589,-0.012320043,atac3k
-4.5661676e-05,0.0024031105,atac3k
0.0037730185,0.011410424,atac3k
0.0033454583,0.010010899,atac3k
0.0032696892,0.011112941,atac3k
0.0025581021,0.008391793,atac3k
0.0031797043,0.010686859,atac3k
0.0037309693,0.011764136,atac3k
-0.0050281025,-0.011422801,atac3k
-0.0054340144,-0.014728428,atac3k
-0.0026023637,-0.0060318424,atac3k
0.0035803942,0.011481528,atac3k
0.0030994776,0.009471287,atac3k
-0.005352513,-0.014350068,atac3k
0.009935317,-0.021490023,atac3k
-0.0051558595,-0.012927278,atac3k
-0.00533994,-0.013711766,atac3k
-0.0057196054,-0.013544545,atac3k
0.0036906642,0.01115457,atac3k
0.0022252072,0.0073208823,atac3k
-0.0049875383,-0.011751305,atac3k
0.004047678,0.010291168,atac3k
0.0034057565,0.009430796,atac3k
-0.00047592635,0.0042737247,atac3k
0.010881117,-0.02218634,atac3k
0.0035831437,0.011451389,atac3k
0.0035592814,0.009884369,atac3k
-0.0047692084,-0.01071258,atac3k
0.0038440865,0.011007023,atac3k
0.0033573788,0.011008774,atac3k
-0.0053120037,-0.014035802,atac3k
0.0029370617,0.008704616,atac3k
0.004480708,0.011779917,atac3k
0.0032682633,0.0097046355,atac3k
0.003958285,0.010989707,atac3k
-0.00518059,-0.012930153,atac3k
0.0034268221,0.011162611,atac3k
0.0024403536,0.008378236,atac3k
-0.0063685915,-0.011195046,atac3k
0.0038874364,0.011383833,atac3k
0.0034667838,0.01063842,atac3k
-0.005747197,-0.011709104,atac3k
-0.003469228,-0.013957875,atac3k
0.0038211246,0.011284291,atac3k
0.0006987842,0.0054755025,atac3k
-0.00591462,-0.014434803,atac3k
0.0028262604,0.009082957,atac3k
-0.0052426653,-0.014125765,atac3k
0.0018029419,0.007666886,atac3k
0.0031329645,0.0090611465,atac3k
0.0017201611,0.0076639852,atac3k
0.00311838,0.008756788,atac3k
0.0035974104,0.010924244,atac3k
0.0038855192,0.010699509,atac3k
0.008727453,-0.02087665,atac3k
0.0022826523,0.007826042,atac3k
-0.0011837833,0.0036374629,atac3k
0.0033185421,0.010016225,atac3k
0.001072111,0.0059059965,atac3k
-0.0021973262,0.0023314129,atac3k
0.0022815708,0.0097390935,atac3k
-0.00056349795,0.0043408563,atac3k
-0.0053486796,-0.013627557,atac3k
0.0040023928,0.011708645,atac3k
0.003958012,0.010806164,atac3k
-0.004403383,-0.009573667,atac3k
0.0034420844,0.0111937905,atac3k
0.012835139,-0.023071703,atac3k
0.0037604638,0.00981446,atac3k
0.0039318674,0.011075005,atac3k
0.002685235,-0.0024115783,atac3k
0.0031447983,0.0092672035,atac3k
-0.004594873,-0.012510119,atac3k
0.001715995,0.0069328626,atac3k
0.0023519662,0.007673635,atac3k
-0.0046955296,-0.010322097,atac3k
0.0026715184,0.008192672,atac3k
-0.0058204886,-0.0136796115,atac3k
0.0028380076,0.008515702,atac3k
0.0032100116,0.009413751,atac3k
0.00057973125,0.0054835086,atac3k
-0.0051609664,-0.012549434,atac3k
-0.0056618117,-0.01262402,atac3k
0.0011635519,0.0062523163,atac3k
0.003960209,0.0102955345,atac3k
0.0033316277,0.009770811,atac3k
0.010255335,-0.022243882,atac3k
0.0036701134,0.0122162895,atac3k
0.003312688,0.008811359,atac3k
0.004095009,0.01056908,atac3k
0.0031572168,0.010491982,atac3k
-0.0046225684,-0.011009627,atac3k
0.003335389,0.011291815,atac3k
-0.0049365317,-0.011193431,atac3k
-0.0051143323,-0.01286591,atac3k
0.0018662751,0.0070500574,atac3k
0.0036481638,0.011792307,atac3k
-0.005102471,-0.011590118,atac3k
-0.0052613937,-0.013039517,atac3k
0.00090021617,0.0049204757,atac3k
0.0037729514,0.011226592,atac3k
0.0027552966,0.008500918,atac3k
0.00021699058,0.008793083,atac3k
0.0034694108,0.011583898,atac3k
0.0037697935,0.011103868,atac3k
0.003450735,0.01167657,atac3k
0.0037699218,0.011430179,atac3k
-0.005309388,-0.012396517,atac3k
-0.0058416356,-0.0121422345,atac3k
-0.0010143751,0.0031950953,atac3k
0.0028780322,0.008687987,atac3k
0.0026034464,0.007940239,atac3k
0.003526324,0.011208793,atac3k
-0.00420235,-0.012997355,atac3k
0.003381097,0.009876522,atac3k
0.0025376861,0.007903368,atac3k
0.0036960093,0.009665863,atac3k
0.0037582738,0.010923456,atac3k
0.0037628643,0.011170377,atac3k
0.0024869596,0.009574904,atac3k
-0.0053053414,-0.01395436,atac3k
-0.005018719,-0.011231999,atac3k
-7.983361e-06,0.0051231524,atac3k
-0.0052116485,-0.013101736,atac3k
0.004058117,0.010164574,atac3k
-0.00510489,-0.0117451055,atac3k
-0.005203455,-0.016060663,atac3k
-0.005241233,-0.01307767,atac3k
-0.0054602274,-0.0112497285,atac3k
0.001592898,0.0072807535,atac3k
0.00037787677,0.002042747,atac3k
0.0037699642,0.0110986,atac3k
0.0035970674,0.011540836,atac3k
-0.005248193,-0.012751463,atac3k
0.0035673222,0.0096864905,atac3k
0.0032266097,0.009471152,atac3k
-0.0042970893,-0.009520807,atac3k
0.0032281547,0.010127151,atac3k
-0.0053724595,-0.013542414,atac3k
0.0031129972,0.009475548,atac3k
0.0038755815,0.010158295,atac3k
0.0037593695,0.01244216,atac3k
0.004071867,0.010822798,atac3k
-0.0049468703,-0.011138306,atac3k
0.0027177227,0.010217567,atac3k
0.0041812803,0.010858287,atac3k
-0.005526827,-0.012931514,atac3k
-0.0050683836,-0.012114288,atac3k
0.00030442234,0.0056008766,atac3k
0.0033905522,0.010640789,atac3k
0.0013558788,0.007462484,atac3k
0.0032692512,0.01197666,atac3k
0.003397866,0.010634261,atac3k
0.0026975968,0.010154128,atac3k
0.0025290677,0.00811573,atac3k
0.0025547713,0.008140371,atac3k
-0.005308068,-0.013154453,atac3k
0.0037918477,0.01067446,atac3k
0.0040481887,0.012009366,atac3k
-0.0050171227,-0.012547729,atac3k
0.0038277784,0.010031043,atac3k
-0.004976051,-0.011371703,atac3k
0.010738606,-0.021701997,atac3k
-0.005063528,-0.0120645985,atac3k
0.0034209876,0.00917169,atac3k
0.00053622667,0.006085465,atac3k
0.0035150098,0.011921553,atac3k
0.0028182555,0.008209186,atac3k
0.012203911,-0.023335183,atac3k
0.0002828946,0.0056141196,atac3k
-0.004506859,-0.009959697,atac3k
-0.0050952896,-0.013337876,atac3k
0.0035855933,0.010923647,atac3k
-0.0051653483,-0.011856239,atac3k
0.0043132175,0.011720611,atac3k
-0.005243242,-0.013415563,atac3k
-0.0062168287,-0.012559815,atac3k
0.0032538613,0.010808034,atac3k
0.0028376586,0.009695497,atac3k
0.0025608556,0.007875797,atac3k
0.0031355324,0.008881835,atac3k
0.003916511,0.0115072215,atac3k
-0.005097018,-0.0119762365,atac3k
0.0039708787,0.010904032,atac3k
-0.004973135,-0.012094386,atac3k
-0.0052201976,-0.0118306335,atac3k
0.001039996,0.005813072,atac3k
0.0027160267,0.008501657,atac3k
-0.0051265787,-0.0117232725,atac3k
0.0035427567,0.009805468,atac3k
-0.0006951641,0.0006919492,atac3k
0.0033540425,0.011490281,atac3k
-0.005091147,-0.011711321,atac3k
-0.0018059813,-0.0027909214,atac3k
0.0025634689,0.00803251,atac3k
0.003610065,0.009360001,atac3k
-0.0055039064,-0.0123560615,atac3k
0.0037114257,0.012013449,atac3k
-0.0051835766,-0.012570112,atac3k
0.0035493188,0.011085446,atac3k
0.004156498,0.010543852,atac3k
0.0042678937,0.011366671,atac3k
0.003063496,0.010453672,atac3k
0.003734033,0.011333284,atac3k
0.003022617,0.010379552,atac3k
-0.0053130426,-0.013821164,atac3k
-0.0051150178,-0.012567506,atac3k
0.0029606747,0.008504859,atac3k
0.0032158224,0.00890697,atac3k
-0.0052433433,-0.0125622,atac3k
0.0030614615,0.011164945,atac3k
0.010128353,-0.021732163,atac3k
-0.0004349367,0.0041597504,atac3k
-0.0049419524,-0.011236385,atac3k
0.0043345955,0.011076365,atac3k
0.0031772265,0.009047731,atac3k
-0.007242328,-0.0138819795,atac3k
-0.0050557083,-0.012194038,atac3k
0.0031354562,0.0091317985,atac3k
-0.0052612135,-0.012941625,atac3k
-0.0053579104,-0.0133149205,atac3k
-0.0050152787,-0.011792088,atac3k
-0.0050985115,-0.0122398175,atac3k
0.0038175879,0.0119724395,atac3k
-0.005590199,-0.017187657,atac3k
-0.0049737175,-0.011014937,atac3k
-0.0019603474,-0.003488229,atac3k
0.0007389339,0.005315603,atac3k
0.00010474793,0.006407113,atac3k
0.0034480195,0.011224668,atac3k
0.0035422128,0.010945992,atac3k
0.0007378303,0.005551657,atac3k
0.00035844493,-0.016004084,atac3k
0.00085138454,0.004976545,atac3k
0.0035321612,0.009983398,atac3k
0.0021832008,0.0074921926,atac3k
0.003801508,0.010637389,atac3k
-0.0046319067,-0.014012505,atac3k
-0.005163787,-0.012810279,atac3k
0.003266569,0.009700227,atac3k
-0.0051784506,-0.012814863,atac3k
-0.005388852,-0.013925064,atac3k
-0.0050763846,-0.01171198,atac3k
-0.0051731355,-0.012498888,atac3k
0.0021933564,0.007365222,atac3k
-0.00072732405,0.00030793855,atac3k
0.0032678791,0.008725087,atac3k
0.0007976591,0.0057833917,atac3k
0.008324444,-0.020606475,atac3k
0.0031095308,0.008455958,atac3k
-0.005323147,-0.0138146235,atac3k
0.003159325,0.00906225,atac3k
0.0037396534,0.010270744,atac3k
0.003178336,0.011183271,atac3k
0.0037806265,0.0113102095,atac3k
0.003572467,0.009299376,atac3k
0.0013126076,0.006822638,atac3k
-0.005253543,-0.013553101,atac3k
-0.0071275136,-0.013114762,atac3k
-0.0052787946,-0.014672799,atac3k
0.011430508,-0.022134133,atac3k
0.010210014,-0.021423416,atac3k
0.0043224636,0.011150392,atac3k
0.0034086225,0.011021988,atac3k
-0.005080472,-0.012729652,atac3k
0.0027142863,0.0096782325,atac3k
0.0036172757,0.010696352,atac3k
-0.0008149163,0.004268308,atac3k
0.003825391,0.01006973,atac3k
-0.004737351,-0.010433473,atac3k
0.0035959857,0.010499508,atac3k
-0.0019340881,-0.0037517196,atac3k
-0.0053022956,-0.013263674,atac3k
0.0035474424,0.009179187,atac3k
0.0028219512,0.008698089,atac3k
-0.004906536,-0.011126692,atac3k
0.0036663846,0.009382513,atac3k
-0.008138116,-0.012207735,atac3k
0.002478459,0.008119865,atac3k
-0.000282071,-0.004615567,atac3k
-0.0050432347,-0.011505577,atac3k
0.0032313315,0.0113112135,atac3k
-0.0049487143,-0.010866853,atac3k
-0.0046867607,-0.010762531,atac3k
0.003255608,0.009218519,atac3k
0.00948993,-0.021377003,atac3k
-0.0021881517,-0.0036757602,atac3k
-0.0050307834,-0.011196637,atac3k
0.0009807425,0.0078983,atac3k
-0.0048391153,-0.009218163,atac3k
0.0035648847,0.011361331,atac3k
0.0033990105,0.008854121,atac3k
-0.0054469123,-0.012477627,atac3k
0.0002470326,0.0056509357,atac3k
0.0040997504,0.011004317,atac3k
-0.0044376454,-0.009232619,atac3k
-0.0051628742,-0.012209663,atac3k
-0.0051020863,-0.013735032,atac3k
0.011430395,-0.02255411,atac3k
0.0050015883,0.0018322836,atac3k
0.003537138,0.010629537,atac3k
-0.0055460013,-0.013031097,atac3k
-0.0046572974,-0.010397511,atac3k
0.0021305697,0.007368662,atac3k
0.00332137,0.009199561,atac3k
-0.0052462686,-0.012860191,atac3k
-0.0061529763,-0.013362661,atac3k
-0.005549797,-0.012361471,atac3k
0.0032056451,0.011168529,atac3k
0.0037832882,0.011090064,atac3k
0.003944006,0.012149307,atac3k
0.008601214,-0.021024715,atac3k
-0.0050336365,-0.011316479,atac3k
-0.0053490335,-0.013466281,atac3k
0.0024416663,-0.0030863597,atac3k
-0.005124402,-0.011802204,atac3k
-0.0051347124,-0.012253071,atac3k
0.012086787,-0.025634736,atac3k
0.002829644,-0.01919783,atac3k
0.011317101,-0.022181923,atac3k
-0.0050532976,-0.011439112,atac3k
0.003987424,0.011511289,atac3k
0.0037753475,0.010891466,atac3k
0.0040125935,0.011380164,atac3k
0.0024544026,0.007821846,atac3k
0.0037642021,0.01102438,atac3k
-0.0050888234,-0.011930427,atac3k
-0.005306631,-0.012899962,atac3k
-0.0052061565,-0.01297614,atac3k
-0.005284189,-0.013064754,atac3k
-0.0053016944,-0.011024254,atac3k
0.0034795234,0.01199806,atac3k
0.003795484,0.009923908,atac3k
-0.004843287,-0.011209303,atac3k
0.0037399544,0.010878605,atac3k
-0.0007564514,0.006046627,atac3k
0.0022696573,0.007433286,atac3k
-0.0018060508,-0.004506498,atac3k
0.0038086895,0.0122571215,atac3k
0.002572102,0.008382379,atac3k
0.0035471444,0.010386614,atac3k
0.0035481201,0.0109807225,atac3k
-0.0052777636,-0.013009345,atac3k
-0.00034587382,0.004722737,atac3k
-0.005145212,-0.012747028,atac3k
0.0025598302,0.008075656,atac3k
0.0016882679,0.006689023,atac3k
0.009849293,-0.021507472,atac3k
-0.002313263,0.0028132962,atac3k
-0.005207393,-0.012620744,atac3k
0.002955306,0.01119665,atac3k
-0.0051427316,-0.01259661,atac3k
-0.005071763,-0.011470111,atac3k
0.0001007488,0.0050868043,atac3k
0.0023535383,0.007816311,atac3k
-0.00504536,-0.011465264,atac3k
-0.0050605694,-0.012049383,atac3k
0.011521505,-0.023862699,atac3k
0.003948111,0.011966302,atac3k
-0.0050607966,-0.011541975,atac3k
0.00731699,-0.020096835,atac3k
0.0037859739,0.009684455,atac3k
-0.003337562,-0.0057280893,atac3k
0.0005897209,0.005867984,atac3k
0.0036397092,0.0100144725,atac3k
0.003427796,0.010141557,atac3k
0.003465416,0.009610542,atac3k
-0.0028589356,-0.0037873434,atac3k
0.0030319095,0.009110788,atac3k
0.0033699556,0.010185041,atac3k
0.0036050018,0.011334675,atac3k
0.00362773,0.012050135,atac3k
-0.0050563295,-0.011991639,atac3k
-0.0055349455,-0.015420738,atac3k
0.0032481642,0.011053368,atac3k
0.003347052,0.011122706,atac3k
0.00087205326,0.0057300422,atac3k
0.0033497699,0.011199283,atac3k
-0.0057070917,-0.01085433,atac3k
-0.0037228141,-0.008032676,atac3k
-0.0051805517,-0.012761696,atac3k
0.0035032437,0.010279152,atac3k
0.0033200092,0.009045089,atac3k
-0.005259668,-0.013413668,atac3k
-0.0049245562,-0.011141684,atac3k
-0.007965554,-0.014482248,atac3k
-0.0068019247,-0.015297933,atac3k
-0.004975166,-0.01143133,atac3k
-0.005488196,-0.013707913,atac3k
0.0013184267,0.006142169,atac3k
0.0037370804,0.009837032,atac3k
0.0037726094,0.011599815,atac3k
-0.0012195784,-0.0027899528,atac3k
0.0012015717,0.006335575,atac3k
-0.0055322205,-0.012959929,atac3k
-0.005246717,-0.013152203,atac3k
0.00032794013,0.006926404,atac3k
0.0032735744,0.009369848,atac3k
0.0034765073,0.010737381,atac3k
0.0034116055,0.0098616285,atac3k
-0.0036240579,-0.007916215,atac3k
0.003510886,0.009215034,atac3k
0.003481252,0.011833613,atac3k
-0.0052732495,-0.013195531,atac3k
0.002813335,0.008917163,atac3k
-5.0290077e-05,0.0051651406,atac3k
0.0028660493,0.010657709,atac3k
0.0037040662,0.011201048,atac3k
-0.004825262,-0.0116783045,atac3k
0.0043022274,0.010923245,atac3k
0.0039756056,0.010384488,atac3k
-0.0055634114,-0.012362145,atac3k
-0.00017387702,0.0050273687,atac3k
0.0015013476,-0.016568322,atac3k
-0.0050937436,-0.012336393,atac3k
-0.0050544403,-0.012113108,atac3k
0.0036200925,0.009948875,atac3k
-0.005230576,-0.012815981,atac3k
0.003953942,0.011261215,atac3k
-0.0011014284,-0.00028864195,atac3k
0.002914805,0.010620695,atac3k
0.0040151514,0.01134185,atac3k
0.0032367646,0.010880643,atac3k
0.0038329943,0.009826077,atac3k
-0.008931682,-0.012091252,atac3k
-0.0052265557,-0.012797364,atac3k
-0.0057165087,-0.0059845145,atac3k
0.0039322046,0.011194549,atac3k
0.0009548804,-0.016010983,atac3k
0.012892851,-0.024239784,atac3k
-0.0080853,-0.017158842,atac3k
-0.0050269603,-0.0122995265,atac3k
-0.0050142286,-0.012456647,atac3k
-0.0053075706,-0.013766617,atac3k
-0.0047244076,-0.011906383,atac3k
-0.0042380076,-0.008676239,atac3k
-0.004278727,-0.007550282,atac3k
-0.0038987366,-0.009737016,atac3k
-0.005245106,-0.013174058,atac3k
0.009649649,-0.021484483,atac3k
-0.00027098248,0.004417015,atac3k
-0.0069698156,-0.012911536,atac3k
-0.0019730416,-0.013224781,atac3k
-0.0031678393,-0.006472864,atac3k
-0.005162282,-0.012644452,atac3k
0.0035469625,0.011945574,atac3k
0.0027223416,0.008528093,atac3k
-0.0048301,-0.010942441,atac3k
-0.0037249788,-0.008581591,atac3k
0.00441577,0.011419824,atac3k
0.0011204057,0.0061269593,atac3k
-0.004311224,-0.00873754,atac3k
0.003742843,0.009934227,atac3k
0.0037957474,0.010831991,atac3k
0.003223083,0.009427426,atac3k
0.0009515454,0.0055825845,atac3k
-0.006353833,-0.012838232,atac3k
0.012312796,-0.023327282,atac3k
0.003225998,0.008753819,atac3k
0.004122781,0.011329517,atac3k
-0.0050628595,-0.012563313,atac3k
-0.004781069,-0.011212402,atac3k
0.010887098,-0.02183772,atac3k
0.0025919117,0.007956355,atac3k
-0.0052820602,-0.0131579535,atac3k
0.0035439625,0.011130394,atac3k
0.003722021,-0.017962918,atac3k
0.004083988,0.011171115,atac3k
-0.005199497,-0.014543512,atac3k
0.003771066,0.010832428,atac3k
0.00078583934,0.0057820766,atac3k
-0.0022872353,-0.0053499565,atac3k
-0.005125296,-0.012136695,atac3k
0.0011017042,0.007415976,atac3k
0.003679897,0.010451446,atac3k
0.003245207,0.010448086,atac3k
-0.0053525832,-0.014005065,atac3k
-0.004644653,-0.010910033,atac3k
0.0009773705,0.005762224,atac3k
0.010244896,-0.021277802,atac3k
0.0017612623,0.0069071697,atac3k
0.0035170764,0.010250931,atac3k
0.0035909587,0.010424229,atac3k
-0.0051189954,-0.012682948,atac3k
0.00071603316,0.0053412,atac3k
0.009127822,-0.02177372,atac3k
0.0039980565,0.0111572035,atac3k
0.00038960265,-0.0038388213,atac3k
-0.0052813157,-0.013175689,atac3k
-0.0050909375,-0.011863212,atac3k
0.00093975296,0.00744182,atac3k
-0.004557425,-0.010235972,atac3k
-0.00506138,-0.011517399,atac3k
-0.00407835,-0.010812648,atac3k
0.0036623061,0.010142954,atac3k
0.0019316495,0.0089019835,atac3k
-0.005354439,-0.01331705,atac3k
0.0035371322,0.010729102,atac3k
-0.0053002755,-0.013177249,atac3k
0.012468805,-0.023652978,atac3k
0.0040333723,0.01163282,atac3k
0.0008496056,0.005736731,atac3k
0.0040144217,0.01159346,atac3k
0.0011811415,-0.016711175,atac3k
0.0037832789,0.011550406,atac3k
0.0027932099,0.010538336,atac3k
0.00010747456,0.0042529623,atac3k
0.0040342854,0.011885722,atac3k
-0.0054903748,-0.015092715,atac3k
-0.005136046,-0.0118615795,atac3k
0.0029191973,0.009129296,atac3k
0.00413234,0.011896097,atac3k
0.0036613094,0.011485697,atac3k
0.001086228,0.005945177,atac3k
0.0037336946,0.009730729,atac3k
0.0042649517,0.01104769,atac3k
-0.0048354664,-0.011035129,atac3k
0.0006653387,0.0053497264,atac3k
0.0037286384,0.0115763545,atac3k
0.003566078,0.0122259,atac3k
-0.00029733678,0.005307046,atac3k
-0.00113981,-0.0013489695,atac3k
-0.004952865,-0.011293268,atac3k
0.0012731275,0.006489104,atac3k
0.0041786786,0.011601764,atac3k
0.00356279,0.009910557,atac3k
-0.0053499476,-0.013358955,atac3k
0.0031640765,0.00923049,atac3k
-0.00023949165,0.0043797027,atac3k
0.0038521828,0.010862567,atac3k
0.003016587,0.010944149,atac3k
-0.0055925003,-0.012051893,atac3k
0.0016477811,0.0067732404,atac3k
0.0036071746,0.009612429,atac3k
-0.004902095,-0.01233047,atac3k
-0.005093006,-0.012012222,atac3k
0.0035315205,0.010173983,atac3k
-0.00013997096,0.004641691,atac3k
0.003929739,0.010103267,atac3k
-0.0052521327,-0.012933832,atac3k
-0.0052248286,-0.013120399,atac3k
0.0025017129,0.007824088,atac3k
0.0031166165,0.012306086,atac3k
0.0017524703,0.006779177,atac3k
0.0030898964,0.009027332,atac3k
-0.005135629,-0.012314462,atac3k
-0.003855541,-0.0074453233,atac3k
0.0024953813,0.0091046905,atac3k
-0.0053700334,-0.012339438,atac3k
0.0042713126,0.011865947,atac3k
-0.0052889935,-0.013028207,atac3k
0.0023939656,0.007792647,atac3k
0.003558895,0.011196592,atac3k
-0.0051870123,-0.012930877,atac3k
0.0033632491,0.00929482,atac3k
-0.004993537,-0.012275791,atac3k
0.010000534,-0.022178955,atac3k
0.003904511,0.011370658,atac3k
0.004119288,0.01210379,atac3k
0.0032870304,0.008760444,atac3k
-0.005247762,-0.012909188,atac3k
0.0031029726,0.010803703,atac3k
-0.0011059005,0.003633369,atac3k
0.0034528272,0.010160138,atac3k
-0.0050348435,-0.011586476,atac3k
0.0024757048,0.008295432,atac3k
-0.004682951,-0.00976488,atac3k
-0.0049371435,-0.01131774,atac3k
0.003860942,0.010841794,atac3k
0.0038470777,0.01142994,atac3k
0.0127103515,-0.022801377,atac3k
0.0026047286,0.00840723,atac3k
-0.005202466,-0.012524041,atac3k
-0.0051067905,-0.016171014,atac3k
0.003643328,0.011509818,atac3k
-0.0040222486,-0.007741597,atac3k
0.00034067163,0.0062769493,atac3k
-0.0048512826,-0.010895802,atac3k
0.0034845215,0.0090869805,atac3k
0.0034850053,0.011005719,atac3k
0.0037473699,0.009906434,atac3k
-0.005226044,-0.014326479,atac3k
0.0035730414,0.011254578,atac3k
0.0020358553,0.008697176,atac3k
-0.0051389476,-0.01572246,atac3k
0.0037748015,0.011313172,atac3k
0.0033110774,0.01091007,atac3k
0.0036916367,0.009889853,atac3k
-0.0050359876,-0.012050674,atac3k
0.0027705783,0.009912207,atac3k
0.0013478566,-0.0016941057,atac3k
0.003428364,0.010399979,atac3k
-0.0052687433,-0.014286454,atac3k
0.0034034806,0.009217538,atac3k
0.0027037975,0.009629922,atac3k
0.0038394297,0.012240913,atac3k
-0.005147833,-0.011894156,atac3k
0.0028510164,0.008427065,atac3k
-0.0053920313,-0.007197306,atac3k
0.0021598565,0.0076663177,atac3k
-0.0052740313,-0.012768729,atac3k
-0.005371912,-0.0141285565,atac3k
0.0018320698,0.0070794728,atac3k
0.0032688389,0.010710262,atac3k
-0.0051070666,-0.011703201,atac3k
-0.005103431,-0.0118668545,atac3k
0.0038625426,0.011571013,atac3k
-0.0053712316,-0.013492434,atac3k
-0.0070123128,-0.013315488,atac3k
0.0028863107,0.011069044,atac3k
0.003855965,0.011678638,atac3k
-0.001105391,0.0033870887,atac3k
0.0018578972,0.0071519595,atac3k
0.0030502246,0.008529391,atac3k
0.004075175,0.010592618,atac3k
-0.0046847914,-0.010865535,atac3k
-0.0059591727,-0.014807552,atac3k
0.0051308866,-0.018694289,atac3k
-0.006758275,-0.012259927,atac3k
0.0036005126,0.01200167,atac3k
0.003934099,0.011008467,atac3k
0.0035103513,0.01045614,atac3k
0.0036834702,0.009454846,atac3k
0.003774517,0.010071428,atac3k
0.004335104,0.011495271,atac3k
-0.005350625,-0.013445278,atac3k
-0.0044226013,-0.00953466,atac3k
-0.005833151,-0.010631065,atac3k
-0.0046544373,-0.01004522,atac3k
0.003994393,0.010824138,atac3k
0.00052412716,0.0052302126,atac3k
-0.005184567,-0.014450263,atac3k
0.003907864,0.011004166,atac3k
0.0065596784,0.0067047947,atac3k
0.00435026,0.011329315,atac3k
0.0035663303,0.01175846,atac3k
-0.0052356864,-0.012621627,atac3k
0.0038614883,0.011649913,atac3k
0.004198327,0.011682565,atac3k
0.004060675,0.01130619,atac3k
-0.0049504787,-0.0119449645,atac3k
0.0034838528,0.011752599,atac3k
0.0025418487,0.009468088,atac3k
0.0036224762,0.011746506,atac3k
0.0031033596,0.009094488,atac3k
-0.005160444,-0.0126225,atac3k
-0.00522409,-0.01312324,atac3k
0.003403653,0.00922775,atac3k
0.0038284839,0.01104035,atac3k
0.001981519,0.009029419,atac3k
-0.0049701836,-0.011790474,atac3k
-0.0014745813,0.003777911,atac3k
0.0011553058,0.0061304183,atac3k
-0.0051839114,-0.012930281,atac3k
0.0033810772,0.011011686,atac3k
0.0037320221,0.011012288,atac3k
0.0026145682,0.007990442,atac3k
-0.0048464374,-0.010847615,atac3k
0.003150488,0.00950346,atac3k
0.0024685834,0.009286864,atac3k
0.0023356467,0.007588919,atac3k
-0.0054147863,-0.013641296,atac3k
-0.005339969,-0.01300502,atac3k
0.0042090714,0.011128212,atac3k
0.0031873975,0.009556445,atac3k
-0.0052077943,-0.012912225,atac3k
0.0035012627,0.010720225,atac3k
0.003394883,0.009544306,atac3k
0.00045106615,0.0040333425,atac3k
0.003296697,0.009374307,atac3k
-0.0027147704,-0.0060990825,atac3k
0.0029073772,-0.017485611,atac3k
0.009246198,-0.020734204,atac3k
-0.006333106,-0.015325871,atac3k
-0.004979887,-0.011791908,atac3k
0.0036695905,0.010355049,atac3k
0.0037009139,0.011250347,atac3k
-0.0048353113,-0.012600069,atac3k
0.0034848915,0.011436307,atac3k
-0.0052937237,-0.012770595,atac3k
-0.005237032,-0.014884259,atac3k
-0.002930267,-0.0075379116,atac3k
0.0042757182,0.011953414,atac3k
-0.005143536,-0.01255339,atac3k
0.003972072,0.0106858825,atac3k
0.0041551143,0.010428418,atac3k
-0.0052857082,-0.013002542,atac3k
0.0040360712,0.011693911,atac3k
0.0004865755,0.007767396,atac3k
-0.0052135405,-0.0123985745,atac3k
-0.00074734405,0.003929794,atac3k
-0.0009765663,-0.015276067,atac3k
-0.0071719247,-0.01372826,atac3k
0.0032265426,0.011287748,atac3k
-0.0052399198,-0.012346045,atac3k
0.003296775,0.008802962,atac3k
-0.0049609984,-0.0120185,atac3k
-0.005016449,-0.013286659,atac3k
0.0033847834,0.0094688395,atac3k
-0.005083992,-0.0115663605,atac3k
0.0039728787,0.0007153428,atac3k
-0.005278961,-0.012943307,atac3k
0.0013012151,0.0061335713,atac3k
0.0026570153,0.008174067,atac3k
0.0031966853,0.00941398,atac3k
0.0030234663,0.00921985,atac3k
-0.005134818,-0.01282263,atac3k
0.003949872,0.011335251,atac3k
-0.005256595,-0.013105741,atac3k
0.0035350479,0.009926136,atac3k
0.0034193948,0.009129914,atac3k
-0.0023134549,0.0027585602,atac3k
-0.0015649241,0.0032899447,atac3k
0.0013467518,0.0068452875,atac3k
0.0031272478,0.010561511,atac3k
-0.00021579818,0.004659159,atac3k
-0.004732813,-0.010508054,atac3k
0.004019402,0.010623983,atac3k
0.0030901853,0.009364651,atac3k
-0.004815165,-0.01060117,atac3k
0.00093508407,0.0067175967,atac3k
-0.0053481697,-0.0152727645,atac3k
0.0021768992,0.0074489927,atac3k
-0.004863347,-0.0118684,atac3k
0.0029515272,0.010523749,atac3k
0.00024092145,0.0031524447,atac3k
0.008875906,-0.020975856,atac3k
-0.0026801527,-0.013001547,atac3k
-0.005148368,-0.0123736,atac3k
-0.0010433296,0.0035045512,atac3k
0.0034430407,0.0095555065,atac3k
0.003034518,0.009236154,atac3k
0.0012096683,0.005811809,atac3k
-0.0048141405,-0.0114210835,atac3k
0.0031833642,0.008960329,atac3k
0.0034514004,0.009988114,atac3k
-0.005146919,-0.0121019995,atac3k
0.0029413616,0.008385944,atac3k
0.0034474868,0.010670604,atac3k
-0.0066171438,-0.01080285,atac3k
0.0031837588,0.010803979,atac3k
-0.0050956723,-0.01253509,atac3k
-0.0049767485,-0.011812088,atac3k
0.0025620142,0.007903954,atac3k
-0.005178441,-0.012240503,atac3k
0.0011932354,0.0063439338,atac3k
0.0036255133,0.010854795,atac3k
0.0035089469,0.009986334,atac3k
0.0036958521,0.009764379,atac3k
-0.0051552975,-0.012077983,atac3k
-0.0062860553,-0.011761272,atac3k
-0.0044618263,-0.01123864,atac3k
-0.005315206,-0.012913075,atac3k
0.0037930533,0.011281325,atac3k
-0.0050584045,-0.01173738,atac3k
-0.005123587,-0.012694592,atac3k
-0.0054005794,-0.014240982,atac3k
-0.005022918,-0.011858475,atac3k
0.0028772037,0.008713265,atac3k
0.0042559626,0.011642979,atac3k
-0.005183014,-0.012123647,atac3k
-0.005192327,-0.012341924,atac3k
0.0027412062,0.008394039,atac3k
-0.005203382,-0.012236604,atac3k
0.0019026377,0.00765671,atac3k
0.00318605,0.008675365,atac3k
0.0038330664,0.011805497,atac3k
-0.0014860994,0.0033393677,atac3k
-0.0051047807,-0.011970117,atac3k
-0.0056492994,-0.014267243,atac3k
-0.005033927,-0.011633049,atac3k
0.004217512,0.011168734,atac3k
-0.00020157405,0.005181276,atac3k
-0.0037554028,-0.010667747,atac3k
0.0030803739,0.008977104,atac3k
-0.0050273445,-0.011739434,atac3k
0.003204257,0.011109038,atac3k
-0.009310391,-0.0103479205,atac3k
-0.0053224047,-0.013431684,atac3k
0.001251287,0.00817458,atac3k
0.0038488372,0.010774096,atac3k
-0.005086708,-0.011452897,atac3k
0.0034922322,0.010656497,atac3k
0.0026464798,0.008021838,atac3k
-0.0051246556,-0.012660856,atac3k
0.0037961549,0.011248186,atac3k
0.003029804,0.008547848,atac3k
-0.005365867,-0.013686917,atac3k
-0.0050950632,-0.011728344,atac3k
-0.0049557877,-0.0112205,atac3k
-0.004942596,-0.011259865,atac3k
-0.0049463646,-0.0113935415,atac3k
0.002524547,0.009034895,atac3k
-0.0052134576,-0.012559462,atac3k
-0.002731541,-0.0052284943,atac3k
-0.005552888,-0.0126048,atac3k
0.0014971929,0.0065958635,atac3k
-0.004386514,-0.01798871,atac3k
-0.008331854,-0.011223272,atac3k
0.0124578,-0.024231939,atac3k
0.0039085858,0.010991966,atac3k
0.008538749,-0.020400325,atac3k
0.0041397084,0.011104393,atac3k
0.0025423015,0.009499822,atac3k
0.0036899273,0.011016926,atac3k
-0.0051602633,-0.012671987,atac3k
-0.0044746604,-0.010593497,atac3k
0.0027720316,0.010122781,atac3k
0.0027547618,0.008485719,atac3k
0.00069571997,0.0056230123,atac3k
0.0031231341,0.010110012,atac3k
-0.00531564,-0.013972986,atac3k
0.0031413317,0.008876778,atac3k
-0.00399699,-0.011012765,atac3k
-0.0045645214,-0.012783656,atac3k
-0.0051320326,-0.012167475,atac3k
0.0036649662,0.009912071,atac3k
0.0034998332,0.00961335,atac3k
-0.0065563424,-0.011947451,atac3k
-0.005028844,-0.011625166,atac3k
0.0036395784,0.012275596,atac3k
0.0034171853,0.010008002,atac3k
-0.0052065575,-0.012997903,atac3k
0.0035311219,0.010779748,atac3k
0.0026494667,0.0084295245,atac3k
-0.0050664917,-0.0118426345,atac3k
-0.005115483,-0.012177338,atac3k
0.0036571885,0.012310574,atac3k
0.0041436516,0.011620604,atac3k
-0.00016523132,0.008067515,atac3k
-0.0037185957,-0.0020764677,atac3k
-0.0013583262,0.001296223,atac3k
-0.0049292888,-0.012871633,atac3k
-0.0052710827,-0.015225307,atac3k
0.0013193889,0.006438383,atac3k
0.0037838393,0.009998785,atac3k
0.0036046526,0.011129003,atac3k
-0.006698294,-0.0125683695,atac3k
-0.0052370764,-0.0128646325,atac3k
0.003685581,0.010101057,atac3k
-0.005144883,-0.012611662,atac3k
0.003498935,0.010788963,atac3k
-0.0056667146,-0.013975198,atac3k
-0.005745122,-0.011935433,atac3k
-0.005012726,-0.0110880565,atac3k
0.0035780922,-0.017838543,atac3k
0.0031480836,0.009105051,atac3k
0.0030798323,0.008493341,atac3k
-0.003230083,-0.006511276,atac3k
0.0036875466,0.011035938,atac3k
0.0031042183,0.008776989,atac3k
-0.0012853978,-0.014432575,atac3k
0.003825252,0.010104938,atac3k
-0.0038274536,-0.00916649,atac3k
0.0027083212,0.008047067,atac3k
0.0014852284,0.0063951444,atac3k
0.0037483743,0.012085794,atac3k
-0.0049516335,-0.011988528,atac3k
-0.0050237235,-0.012315129,atac3k
0.003564618,0.010136524,atac3k
-0.0051491717,-0.012034985,atac3k
-0.0053884475,-0.013874265,atac3k
0.0023993198,0.007898344,atac3k
0.0014980175,0.006438488,atac3k
0.0033307425,0.010895565,atac3k
-0.0050498075,-0.01222062,atac3k
0.00404304,0.0112447785,atac3k
0.0031091073,0.009535698,atac3k
0.002701902,0.0081659695,atac3k
0.0056353263,-0.019077988,atac3k
0.0011552306,0.006580674,atac3k
0.0037276805,0.010121137,atac3k
-0.0051984712,-0.012685193,atac3k
0.0037685002,0.010591326,atac3k
0.009016059,-0.02200956,atac3k
-0.0019279285,-0.012466456,atac3k
-0.0036521773,-0.013781081,atac3k
0.003846808,0.010709705,atac3k
0.00015252407,0.0048566116,atac3k
0.0022557524,0.0077112764,atac3k
0.0026685775,0.008037208,atac3k
0.0035437222,0.010650646,atac3k
-0.0050781006,-0.011762795,atac3k
-0.00498639,-0.011869045,atac3k
0.0035098833,0.010506706,atac3k
0.000834912,-0.016001537,atac3k
0.0041572996,0.011388907,atac3k
0.0034009216,0.00954664,atac3k
-0.0050554927,-0.011470752,atac3k
0.0026290577,0.0100275185,atac3k
-0.0005554271,-0.0004397481,atac3k
-0.0049789352,-0.013241892,atac3k
0.0038792659,0.0100214565,atac3k
0.004051935,0.010310572,atac3k
0.0026665379,0.010157279,atac3k
0.0031805108,0.010729531,atac3k
0.0035811542,0.0102433935,atac3k
-0.0054694084,-0.013212287,atac3k
-0.004279406,-0.009395315,atac3k
-0.005101123,-0.011874099,atac3k
-0.0013698018,0.0032369616,atac3k
0.0103059085,-0.022073235,atac3k
0.0022018356,0.0072782473,atac3k
-0.0049788025,-0.01167542,atac3k
0.0033520733,0.010037001,atac3k
0.0019637246,0.0072096726,atac3k
-0.0024448014,0.0023191916,atac3k
0.0037007758,0.011065023,atac3k
-0.0050522345,-0.011694545,atac3k
0.0040266477,0.0110634575,atac3k
-0.0048412,-0.010363145,atac3k
-0.0052868533,-0.013089551,atac3k
-0.005545989,-0.013279829,atac3k
0.0038625712,0.009968348,atac3k
-4.9856815e-05,0.0045289,atac3k
0.003816987,0.011417109,atac3k
-0.0052629886,-0.0135586085,atac3k
-0.0051215705,-0.012209353,atac3k
0.012324573,-0.023165813,atac3k
0.0028324258,0.0085673,atac3k
-0.011002505,-0.0093434295,atac3k
0.0028892518,0.008750437,atac3k
0.0025455826,0.008198849,atac3k
0.0013604203,0.0069695543,atac3k
0.003880775,0.0112608755,atac3k
-0.004995085,-0.012259145,atac3k
-0.0012998577,-0.0016475176,atac3k
-0.008226232,-0.01668565,atac3k
-0.005023686,-0.011129527,atac3k
0.0032184015,0.011069918,atac3k
0.0014816682,0.006597893,atac3k
0.002634274,0.008313982,atac3k
0.002330706,0.007815554,atac3k
0.00028423767,0.0049921307,atac3k
0.0038719987,0.010102412,atac3k
-0.0048212656,-0.012361053,atac3k
0.0040396093,0.010851541,atac3k
0.0027573141,0.009811259,atac3k
0.0031546936,0.009039941,atac3k
0.0038435091,0.011846523,atac3k
-0.0048147123,-0.010847926,atac3k
0.0037873092,0.009947047,atac3k
0.0029059802,0.008373488,atac3k
0.0006682699,0.005499494,atac3k
0.0028943985,0.008863604,atac3k
-0.005067244,-0.011673118,atac3k
0.0028563389,0.008267114,atac3k
-0.005152362,-0.012872508,atac3k
-0.0052311607,-0.013594442,atac3k
0.0038390323,0.010505081,atac3k
0.00378042,0.0118,atac3k
-0.004521746,-0.009018352,atac3k
-0.0052426257,-0.012333542,atac3k
-0.0055922084,-0.014558569,atac3k
-0.004864189,-0.010883022,atac3k
0.010202674,-0.021588333,atac3k
0.0019051068,0.006953607,atac3k
-0.0053620012,-0.013699734,atac3k
-0.0054905224,-0.012116204,atac3k
0.0033731807,0.010313603,atac3k
-0.0052386923,-0.013049082,atac3k
0.0037991079,0.011237419,atac3k
0.00330231,0.010703626,atac3k
-0.0055116243,-0.014050585,atac3k
0.013293037,-0.0233038,atac3k
-0.007919199,-0.016825879,atac3k
0.003528853,0.009231159,atac3k
0.0030603004,0.009170219,atac3k
0.0031826417,0.009782751,atac3k
0.0042071813,0.011393393,atac3k
-0.0007646138,0.004699678,atac3k
0.0035588879,0.009727682,atac3k
-0.004757056,-0.008968654,atac3k
-0.0049060294,-0.0109055545,atac3k
0.0030367267,0.0088026095,atac3k
-0.0009501097,0.0036349602,atac3k
0.0036192823,0.010629181,atac3k
0.0029817326,0.008564319,atac3k
-0.0008092422,-0.00041719503,atac3k
-0.005035702,-0.011886035,atac3k
-0.0048315316,-0.0117099555,atac3k
0.0036823475,0.010221588,atac3k
0.00267182,0.007857071,atac3k
-0.0052084844,-0.01259731,atac3k
-0.005184674,-0.012188339,atac3k
0.0021728794,0.008777143,atac3k
-0.0006295091,0.0042022457,atac3k
-0.005123061,-0.011945478,atac3k
0.002798629,0.008638438,atac3k
0.0059324047,0.011585543,atac3k
0.0040278025,0.011552471,atac3k
-0.004758411,-0.010526597,atac3k
6.681846e-05,0.0031946716,atac3k
0.00055953994,0.0052491403,atac3k
0.003806269,0.011234187,atac3k
0.0031169695,0.010894662,atac3k
-0.004353806,-0.013234901,atac3k
0.00064923736,0.0059556593,atac3k
0.0031771408,0.009113033,atac3k
-0.005060902,-0.011548743,atac3k
-0.0051724296,-0.011960616,atac3k
0.0034238012,0.010361656,atac3k
0.0020219723,0.008893319,atac3k
-0.001843761,-0.002579796,atac3k
-0.006950148,-0.012159061,atac3k
-0.0024595666,-0.0042588306,atac3k
-0.0050243074,-0.011274465,atac3k
-0.00062846084,0.0040578777,atac3k
-0.0048933406,-0.011434834,atac3k
-0.005286529,-0.012934212,atac3k
-0.005124221,-0.011505467,atac3k
-0.0051925583,-0.012645254,atac3k
-0.00038481932,0.0046352856,atac3k
0.0034692308,0.010859254,atac3k
-0.0061663557,-0.013226423,atac3k
0.003575198,0.011251224,atac3k
-0.005036175,-0.01208972,atac3k
-0.005241708,-0.012976815,atac3k
0.005667887,0.0059425556,atac3k
-0.0038953184,-0.0064534685,atac3k
-0.0048543764,-0.011052913,atac3k
-0.00194926,0.0030275683,atac3k
0.0009052229,0.0060817436,atac3k
0.0025491745,0.007564965,atac3k
0.003218672,0.008797421,atac3k
0.0035388328,0.009351466,atac3k
-0.005221141,-0.013636304,atac3k
-0.0050424477,-0.011366387,atac3k
-0.004770427,-0.011421354,atac3k
-0.005169105,-0.012600605,atac3k
-0.005193736,-0.012855516,atac3k
-0.0054916483,-0.011942407,atac3k
0.0019504222,0.00709482,atac3k
0.0031366174,0.009403968,atac3k
0.0032067616,0.008555166,atac3k
-0.00033084786,0.004289285,atac3k
-0.0046783425,-0.01035098,atac3k
0.0029477966,0.008435867,atac3k
0.0032376691,0.009176983,atac3k
0.003679087,0.00962327,atac3k
0.0026736367,0.008230439,atac3k
-0.0056374855,-0.016046818,atac3k
0.0034227856,0.009403905,atac3k
-0.0050895247,-0.013016408,atac3k
0.0031881437,0.00928918,atac3k
0.0038590678,0.01000668,atac3k
0.0034523194,0.010238696,atac3k
0.0005298946,0.005385622,atac3k
-0.0050527286,-0.012205763,atac3k
0.0037187927,0.011488184,atac3k
0.0040610055,0.010694077,atac3k
0.0026622424,0.008068089,atac3k
0.0035959308,0.011261013,atac3k
-0.005189531,-0.013053757,atac3k
0.002413362,0.008200321,atac3k
-0.0052397777,-0.013740195,atac3k
0.0040019196,0.011310389,atac3k
0.0040996466,0.011020591,atac3k
0.001498444,0.0064420537,atac3k
0.0031042846,0.010752628,atac3k
-0.005195014,-0.012540898,atac3k
0.004106262,0.011324764,atac3k
-0.0020366702,0.0027158337,atac3k
0.0036658915,0.0117360605,atac3k
0.0037775892,0.009860678,atac3k
0.0028138233,0.008744031,atac3k
0.0032549235,0.009347044,atac3k
-0.0002161539,0.0043745735,atac3k
-0.0051254537,-0.012098384,atac3k
-0.0052207923,-0.013096453,atac3k
0.0034068455,0.010942242,atac3k
-0.0053996015,-0.013509184,atac3k
0.0030672455,0.009115522,atac3k
0.002834387,0.0105602,atac3k
0.0029826334,0.006379043,atac3k
0.0042647384,0.010735748,atac3k
0.001370203,0.0004092939,atac3k
-0.0011216461,-0.013022372,atac3k
0.0023457978,0.0089331,atac3k
0.0031671626,0.009875544,atac3k
0.0032889973,0.010885123,atac3k
0.002822842,0.008723288,atac3k
0.0033588174,0.009777186,atac3k
-0.005106791,-0.012150335,atac3k
-0.005163805,-0.013846733,atac3k
-0.005190818,-0.012580696,atac3k
-0.0041181543,-0.009557541,atac3k
0.0035514315,0.011463973,atac3k
0.0037937094,0.009832992,atac3k
0.0035313505,0.011081209,atac3k
0.0029556851,0.009135782,atac3k
-0.0051214057,-0.01208584,atac3k
0.0036255757,0.011015687,atac3k
0.003975539,0.012044505,atac3k
0.0035619002,0.011446262,atac3k
-0.0009627035,-0.00037671186,atac3k
0.0036759512,0.010919225,atac3k
-0.0053376993,-0.013300508,atac3k
0.003961048,0.010259282,atac3k
-0.0012334202,0.003750995,atac3k
-0.003023018,-0.014704866,atac3k
0.0012703852,0.0062336745,atac3k
-0.0050434493,-0.011355048,atac3k
-0.0046545137,-0.012359773,atac3k
0.0036475463,0.010331993,atac3k
0.003519146,0.010268054,atac3k
0.0014926885,0.0065549165,atac3k
0.0031210936,0.008825855,atac3k
0.0036045157,0.011205659,atac3k
0.002970817,0.008906943,atac3k
-0.0051227943,-0.012275815,atac3k
0.003136931,0.010615894,atac3k
0.012731665,-0.023008574,atac3k
3.383054e-05,0.0025574756,atac3k
-0.005235135,-0.013780191,atac3k
-0.0007476126,0.0049039936,atac3k
-0.005165354,-0.012299344,atac3k
0.0035416146,0.011198251,atac3k
0.003576193,0.010572368,atac3k
0.003558247,0.010405627,atac3k
-0.0045338124,-0.012583067,atac3k
-0.005119769,-0.012728538,atac3k
0.0023813637,0.0076020295,atac3k
-0.005289739,-0.012550888,atac3k
0.0036904097,0.010896835,atac3k
0.00019103133,0.00534069,atac3k
0.00028697666,0.005422007,atac3k
0.004141346,0.011583866,atac3k
0.0041589043,0.011602274,atac3k
-0.0071594324,-0.014156799,atac3k
0.0014196329,0.006846832,atac3k
0.001242808,0.006197389,atac3k
-0.005480508,-0.013665181,atac3k
0.0033635697,0.0093521895,atac3k
-0.0065650106,-0.01034975,atac3k
-0.0051636733,-0.012036026,atac3k
-0.0044344906,-0.0102113355,atac3k
-0.00085384323,-0.013567891,atac3k
0.0007859244,0.0048133717,atac3k
0.0038104907,0.0106819365,atac3k
-0.001140048,-0.01241579,atac3k
-0.0055993954,-0.008494425,atac3k
0.003348689,0.011199649,atac3k
-0.0052441233,-0.012619227,atac3k
-0.0051285326,-0.012361702,atac3k
0.004090538,0.011056849,atac3k
-0.0049835676,-0.011429273,atac3k
0.0031849325,0.009582736,atac3k
0.0022194698,0.008609862,atac3k
0.0035744251,0.010360562,atac3k
0.0027051712,0.007979237,atac3k
0.0006907561,0.0045734113,atac3k
0.0034766411,0.009419266,atac3k
0.00020397209,0.0055365534,atac3k
-0.00616356,-0.011677666,atac3k
0.010187151,-0.021240396,atac3k
0.0031373303,0.010660742,atac3k
0.0035224613,0.010615214,atac3k
0.0037739642,0.0111657055,atac3k
0.0032952195,0.009483609,atac3k
-0.00522109,-0.012649986,atac3k
0.0024817535,0.009614001,atac3k
-0.0050353217,-0.012396027,atac3k
0.0030942182,0.009112041,atac3k
-0.0053543835,-0.013466627,atac3k
-0.0009893879,-0.00024176438,atac3k
-0.004863303,-0.010984006,atac3k
0.0028148522,0.008121488,atac3k
0.003429293,0.010344877,atac3k
0.010773132,-0.021942202,atac3k
-0.005104447,-0.011727038,atac3k
0.003245586,0.010194821,atac3k
-0.004726758,-0.010258913,atac3k
0.0036995735,0.010652246,atac3k
-0.0049660145,-0.012016371,atac3k
-0.005242388,-0.012314756,atac3k
-0.0053018527,-0.014031285,atac3k
-0.0048363386,-0.010698327,atac3k
0.004269981,0.011188095,atac3k
0.0034879784,0.011106896,atac3k
0.010251915,-0.021655105,atac3k
-0.005184229,-0.011650566,atac3k
-0.005315851,-0.013451043,atac3k
-0.0056497217,-0.01283425,atac3k
-0.004859133,-0.011697899,atac3k
-0.0052738157,-0.012833098,atac3k
-0.0051231794,-0.011972692,atac3k
-0.005145758,-0.012279444,atac3k
-0.0052162437,-0.013426717,atac3k
-0.00050407776,0.004662965,atac3k
-0.00514927,-0.011883905,atac3k
-0.0053805844,-0.013436821,atac3k
0.003869964,0.010192969,atac3k
-0.005246165,-0.012990026,atac3k
0.0004987537,0.004507699,atac3k
-0.0051681544,-0.012786691,atac3k
0.0011297947,0.006444433,atac3k
0.0028380542,0.01034977,atac3k
0.0036689187,0.009575295,atac3k
-0.0051283115,-0.013015258,atac3k
0.0028473316,0.010221685,atac3k
-0.0050496445,-0.011824394,atac3k
0.0033453163,0.01001112,atac3k
-0.0010494682,0.003683706,atac3k
-0.0039600395,-0.0098809935,atac3k
0.0027861972,0.008315316,atac3k
0.010555912,-0.02169523,atac3k
-0.0060631707,-0.011929419,atac3k
-0.004978698,-0.012401148,atac3k
0.0036108752,0.012455929,atac3k
0.004096001,0.010991877,atac3k
0.0038347335,0.010477259,atac3k
-0.004877257,-0.0109083615,atac3k
0.0013402101,0.0069045285,atac3k
0.0040269024,0.011369298,atac3k
5.3372918e-05,0.004870481,atac3k
-0.005128707,-0.011914772,atac3k
0.002645688,0.009936772,atac3k
0.0017052834,0.007561293,atac3k
-0.0037338363,-0.010160691,atac3k
-0.005111272,-0.013985495,atac3k
-0.0014398996,0.003520007,atac3k
0.003727921,0.0109073,atac3k
-0.00495705,-0.011097746,atac3k
0.0013971633,0.006270153,atac3k
0.00409051,0.010649242,atac3k
-0.00042408353,0.00066704233,atac3k
-0.0053352523,-0.014016564,atac3k
0.0034146307,0.009072391,atac3k
0.00805274,-0.020458905,atac3k
-0.0053162165,-0.013339597,atac3k
0.0041725743,-0.019593196,atac3k
0.0035102444,0.009931093,atac3k
0.0031184873,0.009064091,atac3k
-0.005070045,-0.01210033,atac3k
-0.0050924444,-0.01185435,atac3k
0.0036533345,0.010076767,atac3k
0.004212935,0.010950044,atac3k
-0.0046186433,-0.010639966,atac3k
-0.0027886317,0.0019485472,atac3k
0.0041870847,0.011475763,atac3k
-0.0051686806,-0.012329894,atac3k
-0.005189485,-0.01211868,atac3k
0.0032207088,0.00931953,atac3k
-0.0050532045,-0.0136238905,atac3k
-0.005136328,-0.011809437,atac3k
0.003300736,0.011049941,atac3k
0.0032483423,0.011146963,atac3k
0.003912273,0.011485183,atac3k
0.0030560903,0.010771842,atac3k
-0.005028361,-0.011214302,atac3k
-0.0052203746,-0.0131455595,atac3k
0.0005636149,0.005467803,atac3k
0.00379741,0.011540746,atac3k
-0.0039969864,-0.008436704,atac3k
7.778544e-05,0.007694334,atac3k
0.0025375285,0.008181026,atac3k
-0.0050811167,-0.012359952,atac3k
-0.004983528,-0.011693624,atac3k
0.0008512984,0.0077606686,atac3k
0.00020338953,0.0030878924,atac3k
-0.0054507605,-0.0136875855,atac3k
0.002592289,0.008186637,atac3k
-0.005134422,-0.013145209,atac3k
0.0024570224,0.0077301706,atac3k
0.0011752076,0.0065169414,atac3k
-0.0051114983,-0.012296866,atac3k
0.0003077925,0.008210732,atac3k
0.0037640696,0.01154489,atac3k
0.0028236792,0.0003526296,atac3k
0.0035883794,0.010759526,atac3k
0.0031163322,0.010582953,atac3k
-0.0029842057,-0.013523793,atac3k
-0.0054922537,-0.012980291,atac3k
0.0038134423,0.012087228,atac3k
-0.00562603,-0.013000742,atac3k
0.000702465,0.005526495,atac3k
0.00424002,0.011337536,atac3k
0.0006031168,0.008881185,atac3k
0.0040133204,0.010714894,atac3k
0.0042793737,-0.019787475,atac3k
0.0033053886,0.009879679,atac3k
0.0031921647,0.009188107,atac3k
0.0007559705,-0.005493323,atac3k
0.002619615,0.0076606,atac3k
0.0031229218,0.011004539,atac3k
-0.005820663,-0.010005074,atac3k
0.0035993522,0.010480864,atac3k
0.003118158,0.009196733,atac3k
-0.005027927,-0.012282539,atac3k
0.0041081537,0.011515862,atac3k
0.002993824,0.008593861,atac3k
0.0036291,0.011775029,atac3k
0.0038477338,0.01098418,atac3k
-0.0024077122,-0.0044183587,atac3k
-0.005308249,-0.01338585,atac3k
-0.0002471925,0.004488618,atac3k
0.0038251497,0.009998655,atac3k
-0.006961212,-0.011412147,atac3k
0.0035428258,0.009272454,atac3k
-0.0018522328,-0.0022976347,atac3k
-0.0051966696,-0.01265328,atac3k
-0.004921958,-0.01135099,atac3k
-0.0052600643,-0.013015856,atac3k
0.0036997215,0.010111611,atac3k
-0.000791678,0.007815104,atac3k
0.0036087055,0.01065462,atac3k
0.003638464,0.0109045375,atac3k
-0.004570995,-0.012816529,atac3k
0.0029922,0.009349805,atac3k
-0.0054554865,-0.012504425,atac3k
0.003348606,0.010269678,atac3k
-0.005814807,-0.015182788,atac3k
0.003688121,0.010706637,atac3k
-0.0051621418,-0.012313324,atac3k
0.0029028608,0.008665208,atac3k
-0.0051429356,-0.012311022,atac3k
0.0026901513,0.00992872,atac3k
0.0038713366,0.011638806,atac3k
-0.005081301,-0.012897079,atac3k
0.003720873,0.011257523,atac3k
0.003651047,0.010766092,atac3k
0.0029204637,0.010172508,atac3k
0.003652524,0.01163295,atac3k
0.0035406037,0.011060117,atac3k
-0.004804558,-0.010530063,atac3k
0.002044376,0.008279592,atac3k
0.0038626988,0.011273739,atac3k
0.0034139154,0.011669104,atac3k
0.0035231537,0.0101049645,atac3k
-0.0050364174,-0.011700182,atac3k
-0.0049863188,-0.011132005,atac3k
0.0028388929,0.008314726,atac3k
0.0027735583,0.008387104,atac3k
0.0019221266,0.007084998,atac3k
0.003942771,0.01088983,atac3k
-0.0048195915,-0.016520772,atac3k
-0.004989625,-0.012332219,atac3k
-0.0050900397,-0.01217787,atac3k
0.0037364764,0.011198769,atac3k
-0.0010652749,0.0044488185,atac3k
0.0013041071,0.0064704996,atac3k
0.003285743,0.00899607,atac3k
0.0027744116,0.010353373,atac3k
0.0033382901,0.0115587665,atac3k
0.0126683535,-0.023002012,atac3k
0.0028685348,0.010678137,atac3k
0.0040493268,0.011985,atac3k
0.00327448,0.0094655305,atac3k
-0.005041324,-0.011428215,atac3k
0.0002714011,0.0053429063,atac3k
0.0039058512,0.01037493,atac3k
0.002728435,0.008225561,atac3k
-0.005141339,-0.013623432,atac3k
-0.0052052857,-0.012850942,atac3k
-0.0050850604,-0.0116314385,atac3k
0.0024092584,0.007885484,atac3k
0.0032500927,0.011181074,atac3k
0.0016850891,0.0070191114,atac3k
0.002212296,0.0075837425,atac3k
-0.0020096793,-0.0031036804,atac3k
0.0039014947,0.010634684,atac3k
0.002935229,0.010283003,atac3k
-0.005321167,-0.013414626,atac3k
-0.004649232,-0.010537812,atac3k
-0.005182108,-0.012464136,atac3k
0.012554297,-0.023961946,atac3k
-0.00416144,-0.008808775,atac3k
0.004026016,-0.018189775,atac3k
0.010234749,-0.021631809,atac3k
-0.00546751,-0.014203076,atac3k
0.0033819606,0.009569701,atac3k
-0.00081797474,0.0044976766,atac3k
-0.0062969388,-0.011784973,atac3k
0.003510278,0.011297706,atac3k
0.0032886877,0.010946423,atac3k
-0.0053016474,-0.012528171,atac3k
0.0020738873,0.007148831,atac3k
-0.0050935713,-0.013073432,atac3k
-0.004761692,-0.011362626,atac3k
-0.0032973823,-0.0069575845,atac3k
0.0029108701,0.010325379,atac3k
0.0030153813,0.0110390475,atac3k
-0.00512874,-0.012051126,atac3k
0.0034013581,0.011457672,atac3k
-0.0052049793,-0.012092482,atac3k
-0.007018664,-0.0136340475,atac3k
-0.0053049405,-0.013876433,atac3k
0.002838578,0.008746318,atac3k
0.003826625,0.011800996,atac3k
0.00077896897,0.0057158386,atac3k
0.0037529499,0.01016162,atac3k
0.0034070606,0.009803969,atac3k
-0.0047499244,-0.016959175,atac3k
0.003455887,0.010343519,atac3k
0.0023799792,0.007766034,atac3k
0.003909233,0.011855851,atac3k
8.05983e-05,0.0050767707,atac3k
-0.0051457244,-0.013035069,atac3k
-0.0035840725,-0.008859716,atac3k
-0.0049737957,-0.0110065965,atac3k
0.0034155366,0.009864006,atac3k
-0.0054079336,-0.014324726,atac3k
0.003112658,0.010698195,atac3k
-0.00066744536,0.004482509,atac3k
0.0025728133,0.008026442,atac3k
0.0042673056,0.011904485,atac3k
0.0031888338,0.010959029,atac3k
-0.0050522103,-0.012042363,atac3k
-0.0039843973,-0.0077631203,atac3k
-0.0049995105,-0.011721342,atac3k
0.0039729816,0.01089959,atac3k
-0.0014145758,0.0032004993,atac3k
0.0032361245,0.01135004,atac3k
0.0040151617,0.0100378925,atac3k
0.0035990325,0.009651342,atac3k
0.0032599228,0.008948048,atac3k
-0.005161837,-0.012578809,atac3k
-0.005543145,-0.014082002,atac3k
-0.0050889365,-0.0116071375,atac3k
-0.005450168,-0.01432772,atac3k
0.0035552243,0.009440839,atac3k
-0.0051190294,-0.012483274,atac3k
-0.0051442166,-0.012422595,atac3k
-0.0054139714,-0.012273987,atac3k
-0.0056058634,-0.011199887,atac3k
-0.0051396405,-0.012063366,atac3k
-0.005103397,-0.012656115,atac3k
0.003863207,0.0121639175,atac3k
-2.2284112e-05,-0.004315179,atac3k
0.0030653484,0.008570486,atac3k
0.0008780711,0.0060052755,atac3k
0.0031723545,0.0110444,atac3k
0.002661054,0.008460872,atac3k
-0.0038878398,-0.0060831755,atac3k
0.0015829137,0.0065638805,atac3k
0.0033638347,0.011142604,atac3k
-0.0049918583,-0.012455186,atac3k
0.0034322878,0.010789712,atac3k
0.0039511193,0.009926758,atac3k
0.002808935,0.008644393,atac3k
0.0035214955,0.011767507,atac3k
0.0041427286,0.011672752,atac3k
-0.0051752646,-0.012364233,atac3k
0.0029251343,0.010876809,atac3k
-0.0051194346,-0.011970324,atac3k
0.002568552,-0.004258296,atac3k
0.0021059315,0.0074036843,atac3k
-0.0051951287,-0.012205292,atac3k
-0.00088319683,0.0064489967,atac3k
-0.005368676,-0.013752982,atac3k
0.00089859084,0.0058033373,atac3k
0.0031209176,0.010348738,atac3k
-0.005351286,-0.013325838,atac3k
-0.0051946393,-0.012644069,atac3k
-0.003908864,-0.00855095,atac3k
-0.0006802426,0.0040426305,atac3k
0.002471194,0.007839142,atac3k
-0.00091776234,-4.3944106e-05,atac3k
-0.0051309248,-0.012783169,atac3k
-0.004195928,-0.010410776,atac3k
-0.0052007954,-0.013131411,atac3k
0.0031646492,0.010430438,atac3k
0.002878248,0.010574237,atac3k
0.00079410494,-0.0032630619,atac3k
0.0037915306,0.011350802,atac3k
0.0015347499,0.008430373,atac3k
0.004369339,-0.019889021,atac3k
-0.0057535884,-0.01447321,atac3k
-0.0070471475,-0.017545227,atac3k
-0.005020624,-0.011506392,atac3k
-0.006293451,-0.010038833,atac3k
0.0027383368,0.009925262,atac3k
-0.0050858697,-0.011872298,atac3k
0.0036066151,0.009984589,atac3k
0.0041042995,0.011752836,atac3k
0.0037593134,0.010057889,atac3k
0.00042520894,0.005267369,atac3k
0.0030214875,0.008999385,atac3k
0.002427872,0.00921599,atac3k
0.0036244213,0.011288249,atac3k
0.003166413,0.009479209,atac3k
-0.0051867994,-0.012894391,atac3k
-0.005745301,-0.011945589,atac3k
-0.005392375,-0.013727375,atac3k
-0.0051870034,-0.013467967,atac3k
-0.0053707906,-0.01357925,atac3k
0.0032756056,0.009745733,atac3k
-0.007838005,-0.015311158,atac3k
0.0032905815,0.009964044,atac3k
-0.005037368,-0.01171098,atac3k
0.0030335467,0.008644937,atac3k
0.0029279727,0.008481402,atac3k
-0.005094661,-0.014966346,atac3k
0.003328444,0.008976281,atac3k
-0.0026612068,-0.0058831307,atac3k
0.0036361914,0.009939929,atac3k
0.0038198351,0.009761345,atac3k
0.0030308333,0.008738902,atac3k
-0.00085816626,0.0040520434,atac3k
0.0030310724,0.010205595,atac3k
-0.0023455233,-0.0045427904,atac3k
0.0031200412,0.009040194,atac3k
0.0024396195,0.008006387,atac3k
0.0034628294,0.01110126,atac3k
0.0041591865,0.011053879,atac3k
-0.0048492975,-0.010685239,atac3k
0.003214071,0.011013487,atac3k
-0.0050300844,-0.012288713,atac3k
0.0036280607,0.012386719,atac3k
0.003831719,0.011093622,atac3k
0.0033691295,0.010288201,atac3k
0.0025387113,0.008058841,atac3k
0.0036131763,0.011545924,atac3k
0.0023096795,0.008010561,atac3k
0.0037181347,0.011394047,atac3k
0.003661381,0.0124808885,atac3k
0.0030157368,0.010775242,atac3k
0.0031947829,0.011272631,atac3k
0.003905163,0.011157786,atac3k
0.0037740697,0.011009523,atac3k
-0.0050219772,-0.011835448,atac3k
-0.0050184256,-0.011145487,atac3k
-0.005426326,-0.016365673,atac3k
-0.006161126,-0.0114416145,atac3k
0.0014195098,0.006296903,atac3k
0.0038592932,0.0114469845,atac3k
-0.005045273,-0.011931253,atac3k
0.0039383303,0.009906209,atac3k
0.004092331,0.011033831,atac3k
0.0037095596,0.010391563,atac3k
0.0030121556,0.009154919,atac3k
0.003036575,0.008915016,atac3k
0.0035784477,0.01171097,atac3k
0.003126236,0.010896559,atac3k
0.0037955393,0.010723664,atac3k
-0.001219339,0.0038224536,atac3k
0.0034624413,0.010499356,atac3k
0.0035109862,0.009467114,atac3k
-0.005266727,-0.01244312,atac3k
0.003181469,0.008673582,atac3k
-0.0077315704,-0.01472787,atac3k
0.0017087962,0.006944892,atac3k
0.0034337465,0.0104209045,atac3k
0.0039109373,0.011401777,atac3k
-0.007803667,-0.009813456,atac3k
-0.005301474,-0.013898877,atac3k
0.01110551,-0.022697227,atac3k
0.0035551551,0.012190589,atac3k
0.0031771946,0.008919119,atac3k
-0.005228015,-0.012756583,atac3k
0.0028115534,0.008968561,atac3k
0.0038068749,0.011411303,atac3k
0.00226568,-0.0010625871,atac3k
-0.005298094,-0.012952225,atac3k
-0.0052670534,-0.013644493,atac3k
-0.0014352011,0.0033884104,atac3k
0.0033062822,0.010006495,atac3k
0.0039732093,0.010348267,atac3k
0.0029686065,0.010933095,atac3k
0.011105088,-0.022360804,atac3k
0.010304509,-0.021815473,atac3k
0.0030173045,0.008836187,atac3k
-0.0049345423,-0.0109804785,atac3k
0.00304888,0.009116667,atac3k
-0.004901963,-0.01150176,atac3k
-0.0062234034,-0.012109271,atac3k
-0.0014620882,-0.0016775633,atac3k
0.0032934526,0.010563058,atac3k
-0.0038631037,-0.008935707,atac3k
0.0012980613,0.006076272,atac3k
-0.0016702546,0.0034072849,atac3k
0.0022846288,0.0078041265,atac3k
0.0029674259,0.010422039,atac3k
-0.0058192504,-0.012317136,atac3k
-0.0046008863,-0.008528487,atac3k
-0.0051025897,-0.0116106,atac3k
0.0016680154,0.0071282545,atac3k
-0.005137894,-0.012161551,atac3k
-0.005935042,-0.0126813,atac3k
-0.004961214,-0.012793797,atac3k
0.0039512063,0.010934759,atac3k
-0.0050598253,-0.012725869,atac3k
-0.005082125,-0.011845041,atac3k
0.0036535624,0.009534453,atac3k
0.0037917665,0.011221263,atac3k
-0.004928436,-0.0112985885,atac3k
0.0012509633,0.006205995,atac3k
-0.0051571173,-0.01242575,atac3k
0.0029303897,0.009267411,atac3k
0.0039363545,0.010210311,atac3k
-0.0053308588,-0.013668496,atac3k
0.003218237,0.010826879,atac3k
0.0018847346,0.008137654,atac3k
0.0031959848,0.008690226,atac3k
0.0034287637,0.011740352,atac3k
-0.007046182,-0.011645597,atac3k
-0.005253752,-0.012922962,atac3k
0.003460355,0.009174635,atac3k
0.002943826,0.008480242,atac3k
0.0035654528,0.010979773,atac3k
0.0034201236,0.011062372,atac3k
-0.0047985385,-0.008036256,atac3k
-0.0037718632,-0.005881877,atac3k
0.0038687484,0.010404076,atac3k
0.0042638443,0.010909704,atac3k
0.0033588416,0.011129278,atac3k
-0.005163243,-0.015410851,atac3k
0.0043401383,0.011382267,atac3k
0.0035051086,0.011350134,atac3k
0.0037512365,0.009971282,atac3k
-0.005203403,-0.012609691,atac3k
0.0019851641,0.008630674,atac3k
-0.0050754785,-0.012315637,atac3k
0.0027822214,0.009873616,atac3k
-0.0024174969,-0.016683241,atac3k
-0.005469695,-0.012634634,atac3k
0.0034264345,0.010985858,atac3k
0.0015563451,0.008177093,atac3k
0.0035741185,0.009809354,atac3k
-0.0054031457,-0.013853465,atac3k
0.0031782219,0.010714398,atac3k
0.0024507323,0.008041347,atac3k
0.0007311532,0.00859992,atac3k
0.004075662,0.011931678,atac3k
0.004800275,0.0034464402,atac3k
-0.0022591914,-0.0062023243,atac3k
0.0035108884,0.010492785,atac3k
-0.0051841973,-0.011690424,atac3k
0.0036699944,0.009887348,atac3k
-0.0071737547,-0.011475942,atac3k
0.003962931,0.01110812,atac3k
-0.0050247456,-0.011701848,atac3k
0.00400497,0.011133382,atac3k
0.0033849205,0.01092552,atac3k
-0.0048738546,-0.01096179,atac3k
0.004008164,0.010162045,atac3k
-0.005445578,-0.013200047,atac3k
0.0038602075,0.010596698,atac3k
-0.0050252895,-0.011346791,atac3k
-0.0051543834,-0.00969638,atac3k
-0.004998113,-0.0111814635,atac3k
0.003510551,0.011494776,atac3k
0.0026241853,0.009839308,atac3k
0.0027930487,0.009880112,atac3k
-0.0049445536,-0.011347504,atac3k
0.0036780548,0.011892554,atac3k
-0.005250317,-0.013308442,atac3k
-0.0062600896,-0.013678422,atac3k
-0.005156991,-0.012274372,atac3k
-0.0051342407,-0.011992125,atac3k
0.0017598676,0.0075441212,atac3k
-0.0051766047,-0.011986254,atac3k
-0.0051811556,-0.014591056,atac3k
-0.005226368,-0.013206551,atac3k
-0.0068632746,-0.013303825,atac3k
0.0103007415,-0.02143388,atac3k
0.0035697494,0.010019273,atac3k
-0.0052033914,-0.013148417,atac3k
0.0003053217,0.0055563673,atac3k
0.002399192,0.007929549,atac3k
-0.004143947,-0.009295325,atac3k
-0.005267975,-0.0136325415,atac3k
-0.006394771,-0.011828654,atac3k
0.0037304268,0.011058482,atac3k
0.0034567027,0.011295211,atac3k
0.0039538816,0.010459136,atac3k
-0.005383604,-0.012587662,atac3k
0.0032870113,0.01046688,atac3k
8.968021e-05,0.0049876054,atac3k
-0.005154963,-0.012660541,atac3k
0.003317087,0.009836939,atac3k
0.0026817003,0.0085798865,atac3k
0.0037584912,0.010053205,atac3k
0.0031023228,0.008708743,atac3k
-0.004880466,-0.010876927,atac3k
0.0030306191,0.009040543,atac3k
0.00053477864,0.0055280263,atac3k
-0.0057090074,-0.014272815,atac3k
0.0015936013,-0.017565861,atac3k
-0.0027676555,-0.0130616985,atac3k
0.0025997837,0.007912886,atac3k
0.0018734221,0.007844418,atac3k
-0.0050890287,-0.012113647,atac3k
0.0038719191,0.010115611,atac3k
0.0038876308,0.011141146,atac3k
0.0024699282,0.008957316,atac3k
0.0029482406,0.008876765,atac3k
-0.005086745,-0.012158712,atac3k
0.0041690525,0.011178597,atac3k
0.0036594567,0.010738733,atac3k
0.0035567556,0.011305029,atac3k
0.0029314503,0.010161826,atac3k
0.0014169767,0.006581157,atac3k
0.0034432246,0.009665142,atac3k
0.0035801954,0.009553331,atac3k
-0.005270444,-0.013109503,atac3k
-0.005141072,-0.012224986,atac3k
-0.0053325403,-0.015227527,atac3k
-0.004753251,-0.01169992,atac3k
-0.0048833033,-0.01084137,atac3k
-0.0050161057,-0.013072324,atac3k
-0.0059016445,-0.01254765,atac3k
-0.010128651,-0.00898606,atac3k
-0.005013709,-0.011272458,atac3k
0.0034962837,0.00933176,atac3k
0.0039756713,0.01143075,atac3k
-0.005334265,-0.017350625,atac3k
-0.0037660277,-0.0097697945,atac3k
0.0034784172,0.009911169,atac3k
0.00024378845,0.004918687,atac3k
0.0022116525,0.00726548,atac3k
0.0033979549,0.0098816035,atac3k
0.0031237649,0.0104973,atac3k
-0.004781697,-0.01097205,atac3k
0.0033438723,0.011029208,atac3k
-0.005231193,-0.012545195,atac3k
0.0036540863,0.01004069,atac3k
0.009545172,-0.020988418,atac3k
0.0040529715,0.011088899,atac3k
-0.009515944,-0.018580554,atac3k
0.0036643718,0.009699043,atac3k
0.003829798,0.010565145,atac3k
-0.004718793,-0.010576485,atac3k
0.008562319,-0.020708144,atac3k
0.011084012,-0.02195262,atac3k
0.003082084,0.0087731145,atac3k
-0.0011115437,-0.0010234549,atac3k
0.0040582726,0.011493558,atac3k
-0.005255332,-0.012850061,atac3k
0.0032298397,0.009956741,atac3k
0.003449298,0.010339434,atac3k
0.0033192516,0.010899513,atac3k
-0.0051517338,-0.011891229,atac3k
0.0035344933,0.01141105,atac3k
-0.0049851206,-0.011168246,atac3k
0.009377598,-0.021070264,atac3k
-0.004501085,-0.013159743,atac3k
0.002358791,0.009487516,atac3k
0.002972518,0.008491716,atac3k
0.0009988821,0.005979544,atac3k
0.0039042176,0.011007667,atac3k
-0.0048819673,-0.010777071,atac3k
-0.0004548542,0.0014115875,atac3k
0.002419258,0.00808003,atac3k
-0.0051897354,-0.012940215,atac3k
-0.00505498,-0.011707045,atac3k
0.0022541538,0.0076122535,atac3k
-0.0011949297,-0.02002814,atac3k
-0.0026458893,-0.005471753,atac3k
-0.005303403,-0.013080228,atac3k
-0.0051558656,-0.012841901,atac3k
0.0031682507,0.009075805,atac3k
0.0040440587,0.011368791,atac3k
0.008634816,-0.020833295,atac3k
0.0109245805,-0.02188625,atac3k
0.002868761,-0.017359957,atac3k
0.00027652108,0.0054454957,atac3k
-0.00504608,-0.015152175,atac3k
-0.005149352,-0.012721546,atac3k
0.0022997279,0.0075915256,atac3k
-0.0051936805,-0.012873741,atac3k
0.0034861115,0.010145688,atac3k
0.0034528757,0.011107084,atac3k
-0.004643257,-0.012687492,atac3k
0.0012803847,0.006482793,atac3k
-0.0049569895,-0.011671568,atac3k
0.0037796185,0.009620829,atac3k
-0.005173276,-0.0126852365,atac3k
0.0032061904,0.008512231,atac3k
0.0024724593,0.009043007,atac3k
-0.005009368,-0.011701344,atac3k
-0.009095393,-0.011679897,atac3k
0.0031073743,0.008473232,atac3k
0.0034693629,0.009629043,atac3k
0.0030487687,0.010522652,atac3k
0.003669175,0.009899081,atac3k
-0.0052476185,-0.013043907,atac3k
0.0026569362,0.009752011,atac3k
0.0022057719,0.0075305873,atac3k
0.0032921233,0.011600536,atac3k
-0.005067986,-0.012695642,atac3k
9.851316e-05,0.004754047,atac3k
-0.007566457,-0.015296555,atac3k
0.011148039,0.006487948,atac3k
0.0038584943,0.011521996,atac3k
0.0039082184,0.012069077,atac3k
0.0033037388,0.01001369,atac3k
0.0036610272,0.009302305,atac3k
0.0019702618,0.007948743,atac3k
-0.0051914873,-0.013563881,atac3k
0.0037452362,0.010235091,atac3k
0.0025003452,0.0080207875,atac3k
-0.004847074,-0.010764922,atac3k
-0.004943898,-0.011851233,atac3k
0.0029205405,0.010878668,atac3k
0.004246464,0.011130659,atac3k
-0.0046328474,-0.011004745,atac3k
0.007548532,-0.020216497,atac3k
0.0032357865,0.009669394,atac3k
-0.005048103,-0.011516513,atac3k
-0.00513879,-0.012241522,atac3k
0.0026322932,0.0077345287,atac3k
0.0029774872,0.00893327,atac3k
-0.0073051928,-0.018040545,atac3k
-8.700835e-05,0.005266275,atac3k
0.003926291,0.010879816,atac3k
-0.004617209,-0.010723324,atac3k
0.002748304,0.008241674,atac3k
0.0036151446,0.011020702,atac3k
0.000976996,0.0064015137,atac3k
-0.005105324,-0.011573187,atac3k
-0.0051325844,-0.012021322,atac3k
-0.0051559187,-0.0121222995,atac3k
0.0032242364,0.009400369,atac3k
0.0038786235,0.011287862,atac3k
-0.0050659827,-0.011752737,atac3k
0.0033850025,0.011323301,atac3k
-0.0050774645,-0.011762697,atac3k
0.003884575,0.011382297,atac3k
0.0023357868,0.007693226,atac3k
-0.0053732935,-0.01496683,atac3k
0.0031882655,0.0104655735,atac3k
0.003034317,0.009048558,atac3k
0.0039851596,0.011957424,atac3k
0.0036689139,0.010854873,atac3k
-0.0053824256,-0.01325079,atac3k
-0.005464452,-0.015523652,atac3k
-0.0049892673,-0.0114373835,atac3k
0.0031627638,0.010920387,atac3k
-0.0051242355,-0.0127042085,atac3k
0.0013403103,0.007032605,atac3k
0.0036319399,0.010051669,atac3k
-0.0039465064,-0.008059222,atac3k
-0.005084231,-0.017684726,atac3k
-0.005079573,-0.01157895,atac3k
0.003235556,0.009034444,atac3k
0.003152786,0.009108689,atac3k
-0.004820693,-0.010729616,atac3k
-0.0050032185,-0.012421013,atac3k
-0.0052696685,-0.01215079,atac3k
0.0035095585,0.011763647,atac3k
-0.0052287336,-0.0134952385,atac3k
-0.0052299914,-0.012910513,atac3k
-0.0012927008,-0.007605074,atac3k
0.0038344425,0.010754847,atac3k
-0.004841585,-0.01099292,atac3k
-0.0050469497,-0.012074387,atac3k
0.0037666343,0.010816599,atac3k
0.0034369533,0.011310626,atac3k
0.0028050132,0.008605351,atac3k
0.0019000833,0.007094072,atac3k
0.0037589325,0.009934063,atac3k
-0.0051396126,-0.012067224,atac3k
-0.0054057166,-0.013387176,atac3k
0.0039711786,0.010149652,atac3k
0.0030187306,0.010525299,atac3k
0.00085519685,0.005859846,atac3k
0.00202523,0.008316157,atac3k
0.0037404972,0.011647216,atac3k
0.0035861088,0.01019845,atac3k
0.0029374855,0.010388751,atac3k
0.0005072997,0.00086000096,rna6k
0.041406646,-0.019885957,rna6k
-0.0037002398,-0.004032957,rna6k
-0.00274795,0.013359094,rna6k
0.007114318,0.006359227,rna6k
0.0023381955,0.0040672217,rna6k
0.003248026,0.011686493,rna6k
0.0011958381,-3.5913057e-05,rna6k
0.008577438,-0.0002991044,rna6k
0.011074476,0.008472748,rna6k
0.0031152344,0.009831503,rna6k
-0.0006691649,-0.0014728376,rna6k
-0.03174294,0.037480112,rna6k
0.018135339,-0.008987274,rna6k
-0.007685957,0.01592041,rna6k
-0.0014277613,-0.0045049367,rna6k
0.0075622187,0.0035887235,rna6k
0.003397473,0.00393535,rna6k
0.0020336302,0.0035701394,rna6k
0.00087408384,0.00051892,rna6k
-0.0008506596,-0.0021042444,rna6k
-0.0061017973,0.0037547008,rna6k
0.017238453,-0.010751968,rna6k
-0.00043010467,-0.00043350575,rna6k
0.002768634,0.0054929373,rna6k
0.0026887807,0.009663053,rna6k
0.0018304187,0.0046877568,rna6k
-0.037057683,0.015966758,rna6k
0.007968211,-0.0020457422,rna6k
-0.026349543,-0.025259199,rna6k
0.0037733994,0.004457292,rna6k
-0.0018781143,-0.006008088,rna6k
-0.0004639049,7.266641e-05,rna6k
0.0018599827,0.0054671685,rna6k
-0.0017425356,0.00895268,rna6k
-0.035981357,0.015011703,rna6k
-0.0013713391,-0.006611538,rna6k
-0.00071209687,-0.0036756324,rna6k
0.0037077991,-0.00056020654,rna6k
-0.006132575,-0.012228314,rna6k
0.0017652105,0.002196275,rna6k
0.009697945,0.0012813767,rna6k
-0.016663458,-0.01808197,rna6k
0.037756596,-0.015766574,rna6k
0.0042313104,0.01350742,rna6k
0.00071094994,-0.00013156523,rna6k
-0.035225637,-0.05357759,rna6k
0.00043683796,-0.0011416292,rna6k
-0.026216779,-0.033793435,rna6k
0.011575427,0.0070147044,rna6k
0.007179927,0.00091876264,rna6k
-0.002368704,-0.014274425,rna6k
0.004687563,3.6373724e-05,rna6k
0.0325423,-0.014983841,rna6k
0.0003111265,-0.0014541863,rna6k
-0.011661103,-0.007537363,rna6k
-0.011137105,-0.020437226,rna6k
-0.02834906,0.011730547,rna6k
0.0018684636,0.00445042,rna6k
0.013830224,0.010357504,rna6k
0.00057698344,0.0008837547,rna6k
-0.04102184,0.017752059,rna6k
-0.03611495,-0.05443569,rna6k
0.02432909,-0.016098054,rna6k
-0.0024925077,-0.00781268,rna6k
-0.030848842,0.0135538485,rna6k
-0.020925252,0.0023831867,rna6k
0.0013128049,0.0022111398,rna6k
0.0017259518,0.004115166,rna6k
0.0020003943,0.0003500228,rna6k
0.03544428,-0.011771112,rna6k
-0.0007693723,-0.00095008075,rna6k
0.001502617,0.0029263503,rna6k
-0.0014162787,-0.004330057,rna6k
0.001804185,0.003450552,rna6k
0.037533473,-0.018581731,rna6k
-0.021573909,0.0024447981,rna6k
0.007145565,0.0042413073,rna6k
0.0024905703,-0.0034986774,rna6k
-0.040060177,0.018577415,rna6k
-0.010116853,0.02893243,rna6k
0.0013772468,0.003373019,rna6k
-0.037616935,0.015590653,rna6k
0.010765049,0.012444442,rna6k
-0.0373002,0.005967529,rna6k
-0.0015929528,-0.006337197,rna6k
-0.05101154,0.023085546,rna6k
-0.03609869,0.015830874,rna6k
0.009069774,0.015896471,rna6k
0.03642932,-0.01725944,rna6k
0.011645529,0.012555051,rna6k
0.0067203105,-0.000528584,rna6k
0.0027849467,-0.0025316381,rna6k
0.0026062147,-0.0078047863,rna6k
0.0033818425,-0.0063447775,rna6k
0.002111144,0.004166544,rna6k
0.0014280449,0.0025495104,rna6k
-0.004267372,-0.007396367,rna6k
0.014272335,0.009766479,rna6k
0.010934596,0.0078100567,rna6k
0.024171583,-0.011770141,rna6k
0.01366346,0.010933453,rna6k
-0.02940118,0.010983035,rna6k
0.007236562,0.011738739,rna6k
0.0006783054,0.001350456,rna6k
-0.004157394,0.0011953609,rna6k
0.009233503,0.006198296,rna6k
0.008148404,0.002011942,rna6k
0.0010308668,0.0010262331,rna6k
0.011756083,0.010491526,rna6k
0.0037528316,0.0101432605,rna6k
0.007143701,0.007277935,rna6k
-0.019623272,-0.018858647,rna6k
-0.01813527,0.024726033,rna6k
0.0037692194,0.008175063,rna6k
0.009229515,0.011774077,rna6k
0.006968111,0.009879246,rna6k
-0.01682257,0.0080404105,rna6k
-0.002654735,-0.010805722,rna6k
0.010793894,0.007975449,rna6k
-0.0031255588,-0.012269987,rna6k
0.0017691061,0.006130254,rna6k
0.011906261,-0.011622976,rna6k
0.04429798,-0.019438684,rna6k
0.019574795,0.02938024,rna6k
-0.0062491926,0.016445922,rna6k
0.0027912362,0.008168676,rna6k
-0.022079805,0.009670843,rna6k
0.010842401,-0.008395306,rna6k
-0.024686107,0.011142073,rna6k
-0.0067360066,-0.001653114,rna6k
0.0012299935,0.0032970668,rna6k
-0.017652795,0.027313162,rna6k
0.028056197,-0.010690272,rna6k
0.0042194948,-0.0066356827,rna6k
-0.007862794,-0.0008089696,rna6k
0.006118761,0.0018276011,rna6k
0.040235754,-0.016151503,rna6k
0.002394199,0.002253043,rna6k
0.0023311747,0.0084621655,rna6k
-0.0032312577,-0.013342105,rna6k
0.00820217,0.007885605,rna6k
0.004703667,0.009864825,rna6k
-0.046295978,0.020838428,rna6k
0.0046572164,0.013523032,rna6k
0.04511576,-0.017015925,rna6k
0.020457521,-0.035996024,rna6k
-0.016597636,0.00386929,rna6k
0.0030541725,0.005764591,rna6k
0.012050237,-0.010402312,rna6k
0.04360081,-0.018077683,rna6k
0.0018037118,0.004401741,rna6k
0.043903694,-0.018267483,rna6k
0.00039047026,0.00042253532,rna6k
-0.027429804,0.002621993,rna6k
-0.005128913,0.015358835,rna6k
-0.017047927,0.0045935856,rna6k
0.002928249,0.0039902674,rna6k
-0.02872841,-0.036879368,rna6k
0.008147653,0.0044363877,rna6k
0.002769545,0.00919517,rna6k
0.0024393296,0.006740133,rna6k
0.0017246313,0.0061864443,rna6k
3.589745e-05,-0.0014246951,rna6k
0.033180397,-0.015124975,rna6k
0.01219804,-0.0076043983,rna6k
0.030245617,-0.015156209,rna6k
0.0013572127,0.0036461328,rna6k
-0.029382406,0.005956183,rna6k
0.008202989,0.008253527,rna6k
-0.014223878,0.00071247923,rna6k
0.0025055637,0.008197426,rna6k
0.009641125,-0.0066467207,rna6k
-0.027561022,0.02706584,rna6k
0.013858061,0.013276244,rna6k
0.008171402,0.006175385,rna6k
0.007679401,0.002813221,rna6k
0.036390442,-0.015664043,rna6k
0.02035762,0.029927002,rna6k
-0.018090583,-0.026016248,rna6k
0.0009149756,0.0014912161,rna6k
-0.04647816,0.020370388,rna6k
-0.001844119,-0.0069627226,rna6k
0.0010439932,0.0025797586,rna6k
-0.036740206,0.016697306,rna6k
0.00012942703,-0.0013826287,rna6k
-0.0012453963,0.014173517,rna6k
-0.03441618,-0.028058508,rna6k
0.017790847,-0.012682993,rna6k
0.010135705,0.010430459,rna6k
0.0029968387,0.011146594,rna6k
0.0060314788,0.00451003,rna6k
0.0014720615,0.0015308107,rna6k
0.0003293738,0.0015160937,rna6k
-0.035336055,0.014135523,rna6k
0.00018583474,0.011811728,rna6k
-0.005363612,-0.01583552,rna6k
0.020151682,0.029251961,rna6k
-0.012006221,-0.018848505,rna6k
0.010545997,0.0056455038,rna6k
-0.03222756,0.013098152,rna6k
-0.02592749,-0.026605064,rna6k
0.0022554034,0.0035399937,rna6k
0.0045166574,0.0066616735,rna6k
0.0128790215,0.029257128,rna6k
-0.03293717,-0.040897373,rna6k
-0.039207883,0.017256,rna6k
0.0018205779,0.005650051,rna6k
0.00035773971,-0.0010292099,rna6k
0.0022701167,0.0036422957,rna6k
-0.024689676,-0.039702646,rna6k
0.014078816,-0.008192033,rna6k
0.013167255,0.00961645,rna6k
-0.002684026,-0.008655255,rna6k
0.037837524,-0.021228528,rna6k
-0.010853273,-0.00054576766,rna6k
0.0071651726,-0.007771723,rna6k
0.0015292525,0.0024826936,rna6k
0.0059243203,0.0028993539,rna6k
-0.04994797,0.022321375,rna6k
0.00075597485,-0.00066099764,rna6k
0.000119571814,-0.0019280326,rna6k
0.0022316892,0.010907801,rna6k
-0.025337132,0.032755427,rna6k
0.015590885,0.0088361055,rna6k
-0.03747979,0.0160381,rna6k
0.0034408204,0.00672495,rna6k
0.0032248877,0.008710198,rna6k
-0.008825658,0.013784579,rna6k
0.01443052,0.009694377,rna6k
-0.03342382,0.006023393,rna6k
-0.040766757,0.018856125,rna6k
-0.023686323,0.007838706,rna6k
-0.025536232,0.002809559,rna6k
0.0011356046,7.274069e-06,rna6k
0.0025029976,0.00597425,rna6k
-0.00095911074,-0.0054761004,rna6k
0.006217379,-0.00871389,rna6k
0.0007405508,0.0016134996,rna6k
0.0045058867,0.0077073057,rna6k
0.014788877,0.024911309,rna6k
-0.02030673,-0.00085226604,rna6k
0.0018222386,0.0048862416,rna6k
0.0001674037,-0.00080266973,rna6k
0.0061716186,0.012871566,rna6k
0.004361758,0.011291009,rna6k
-0.0026716047,0.0131442305,rna6k
0.0007005199,-0.00048715266,rna6k
-0.022132233,0.006597883,rna6k
0.035621244,-0.015646232,rna6k
0.042925056,-0.019492563,rna6k
0.008218548,0.011095341,rna6k
-0.025837386,-0.028676119,rna6k
-0.028887851,0.004631814,rna6k
-0.000275973,0.00025758462,rna6k
-0.00027414947,-0.0059341993,rna6k
-0.037728596,0.03237411,rna6k
-0.014011275,-0.019706203,rna6k
-0.0027819877,-0.010373482,rna6k
-0.029032001,-0.027518878,rna6k
0.0005179109,-0.0042709545,rna6k
-0.020908378,-4.1295592e-05,rna6k
0.0010159442,0.00346579,rna6k
-0.010126822,-0.0023283137,rna6k
0.0070429975,0.012034971,rna6k
0.0015741237,0.0016338724,rna6k
0.0044634244,0.01193282,rna6k
0.04602705,-0.021176957,rna6k
0.01267963,0.012726402,rna6k
0.0011127832,-0.0029667835,rna6k
-0.0007782218,-0.0016814257,rna6k
0.0064638346,-2.2011902e-05,rna6k
0.012325198,0.010011272,rna6k
-0.000858547,-0.0018623788,rna6k
0.029816108,-0.01607221,rna6k
0.001450133,0.0048156646,rna6k
0.020726526,-0.009601904,rna6k
-0.028852489,0.012996987,rna6k
0.0007582271,-2.7934351e-05,rna6k
0.012105556,0.00874983,rna6k
-0.027503055,-0.0279943,rna6k
-0.00078319845,-0.0021226252,rna6k
0.04018373,-0.022141185,rna6k
0.0011883389,0.0037452173,rna6k
-0.017599614,0.023951769,rna6k
0.011238508,0.0064957626,rna6k
0.015455608,0.01252006,rna6k
0.04011119,-0.016800115,rna6k
-0.03326126,0.014689788,rna6k
0.024820928,-0.013456759,rna6k
0.010155486,0.008266004,rna6k
0.0009769407,-0.00030349666,rna6k
0.02510483,-0.014733242,rna6k
0.0036857773,0.0020136503,rna6k
-0.0003717637,-0.0043809507,rna6k
0.0015813615,-0.010615532,rna6k
-0.022703797,-0.0257256,rna6k
-0.0012761739,-0.0022833017,rna6k
0.0036663793,0.0009813987,rna6k
-0.024988206,-0.03106958,rna6k
0.02280304,0.031668562,rna6k
0.001810961,-0.0007355621,rna6k
0.043560635,-0.018869989,rna6k
-0.010430358,0.0032474874,rna6k
0.00040070407,0.0007937195,rna6k
0.0022598715,0.00694316,rna6k
-0.0006530011,-0.005338223,rna6k
0.013024356,0.008759577,rna6k
-0.009911165,-0.004578547,rna6k
0.011343841,0.012458461,rna6k
-0.045841876,0.020885402,rna6k
0.002678682,0.009055193,rna6k
0.00086047244,-0.00028046407,rna6k
-0.012047178,0.004391602,rna6k
0.0032323983,0.010787746,rna6k
-0.026100134,0.033158787,rna6k
0.034220327,-0.015496442,rna6k
-0.019396711,0.008340511,rna6k
0.0033820693,0.008171454,rna6k
-0.03526783,0.02182107,rna6k
0.011125876,0.007232762,rna6k
0.008905038,-0.0030949302,rna6k
0.000995849,0.001626541,rna6k
0.0046743792,0.004548424,rna6k
-0.026295114,-0.02268879,rna6k
-0.019493924,0.005210473,rna6k
-0.010427878,-0.021907257,rna6k
3.7507485e-05,-0.0033910798,rna6k
0.008073046,0.010768432,rna6k
0.002484417,0.0053645065,rna6k
-0.0016594562,0.015159511,rna6k
-0.0052297157,0.003929039,rna6k
0.04712583,-0.021095691,rna6k
0.00031139964,-0.0004506933,rna6k
0.0081735505,-0.00043917232,rna6k
0.012265257,0.011061765,rna6k
0.0017835113,0.006112387,rna6k
0.0019846295,0.0038029896,rna6k
0.026936792,-0.008622806,rna6k
-0.023634017,-0.022633998,rna6k
0.038745422,-0.017077856,rna6k
0.0034785466,-0.003365164,rna6k
-0.0006611058,0.009041379,rna6k
-0.002251653,-0.008865943,rna6k
0.01859312,0.0287618,rna6k
0.001524532,0.0055616735,rna6k
-0.00086925697,-0.00634123,rna6k
0.00041654758,0.0002177439,rna6k
-0.002374104,0.016384449,rna6k
0.00062358927,0.00032657763,rna6k
0.0030546112,0.01173458,rna6k
0.02193766,-0.01216535,rna6k
0.0028798215,0.0043715495,rna6k
-0.005306529,-0.0012106127,rna6k
0.0042230515,0.008089038,rna6k
0.009375194,0.013639128,rna6k
-0.0028364053,-0.0046868757,rna6k
-0.004786704,-0.010255525,rna6k
-0.026692515,0.012635225,rna6k
0.035488732,-0.018775925,rna6k
0.004989709,0.0066247243,rna6k
0.00056103396,-0.0011459596,rna6k
-0.010263198,-0.00010589868,rna6k
0.010214056,0.005718115,rna6k
0.0020877384,0.0066043674,rna6k
-0.001294472,-0.0037510965,rna6k
-0.0061494624,-0.009827624,rna6k
0.002525987,0.008337331,rna6k
-0.0013978293,-0.005660592,rna6k
-0.026270518,-0.02730727,rna6k
-0.0010822535,-0.002849492,rna6k
-0.0007404398,-0.0064367284,rna6k
-4.671406e-05,0.008911335,rna6k
0.039077222,-0.016700067,rna6k
0.0012348559,0.0018833743,rna6k
-0.03032202,-0.045263104,rna6k
-0.02426481,0.010300249,rna6k
0.0018682515,0.0035084935,rna6k
0.009704824,-0.008542005,rna6k
0.026299478,-0.015872737,rna6k
-0.026826346,0.011683545,rna6k
-0.011780078,0.021995753,rna6k
0.0052345553,0.015308883,rna6k
-0.011597504,-0.01766804,rna6k
0.045123823,-0.02006393,rna6k
-0.0046882564,-0.0013037213,rna6k
-0.027866267,-0.031187657,rna6k
-0.017985838,0.024430087,rna6k
0.0032838199,0.005497551,rna6k
0.0015728062,-0.007470056,rna6k
0.0027564997,0.008287444,rna6k
0.0016284474,0.0042885677,rna6k
-0.0012110727,-0.025925161,rna6k
0.00045146883,0.005633694,rna6k
0.015429977,0.0111942375,rna6k
-0.03666945,0.015254757,rna6k
-0.0027269737,-0.010549452,rna6k
-0.014929214,-0.012121088,rna6k
0.03446697,-0.047712293,rna6k
-0.023932684,0.010396678,rna6k
0.0012137826,0.00025409943,rna6k
0.04760192,-0.021603106,rna6k
0.024036817,-0.0111575425,rna6k
-0.012105589,0.0036081402,rna6k
-0.013051954,0.004591579,rna6k
-0.0030803557,-0.0090863705,rna6k
0.010766681,0.0075684907,rna6k
0.02831507,-0.013592994,rna6k
0.0015990819,0.005098301,rna6k
0.0015543784,-0.0019415582,rna6k
0.0019621735,0.0040066084,rna6k
-0.005080585,-0.011543949,rna6k
-0.0219144,0.030482586,rna6k
0.0067389477,0.0073173707,rna6k
-0.024062824,0.032683045,rna6k
0.0021389327,0.008973812,rna6k
0.009667018,0.008058221,rna6k
0.006958187,0.013279021,rna6k
3.0715698e-06,6.121209e-05,rna6k
-0.030907463,0.014228061,rna6k
-0.03218324,0.012554661,rna6k
-0.027742375,0.01154496,rna6k
0.0024850538,0.0055956263,rna6k
-0.011588005,0.0062347064,rna6k
-0.024377234,0.016972559,rna6k
0.0061732684,0.0036891287,rna6k
-0.01181308,-0.018645829,rna6k
0.012761161,0.012555901,rna6k
-0.002380449,-0.0100153955,rna6k
0.012920693,0.010696182,rna6k
0.0024244708,0.004798867,rna6k
0.0021592758,0.008608195,rna6k
0.04075702,-0.017939912,rna6k
0.002896665,0.008451327,rna6k
-0.03729294,0.03041264,rna6k
-0.0027770407,-0.009263438,rna6k
0.0056691,0.006744107,rna6k
0.04068834,-0.017534753,rna6k
0.042265292,-0.019551888,rna6k
0.0010592771,0.003207439,rna6k
0.028686514,-0.016038438,rna6k
0.00088918273,0.003660399,rna6k
0.019837866,0.029828062,rna6k
0.013526936,0.009909557,rna6k
-0.019884648,-0.024832921,rna6k
-0.0035364432,-0.013446161,rna6k
0.004120964,0.010268654,rna6k
-0.034378808,0.006478628,rna6k
0.045486692,-0.020667428,rna6k
0.012099556,0.01174011,rna6k
0.015938928,0.0100356685,rna6k
0.014107523,0.009361831,rna6k
0.030559901,-0.011613595,rna6k
-0.010378257,-0.02026183,rna6k
0.016219534,0.01235877,rna6k
0.002800437,0.006841169,rna6k
0.00043665315,-0.0024258657,rna6k
0.002074186,0.007359593,rna6k
-0.013849344,0.01905794,rna6k
-0.023727594,0.0065776263,rna6k
0.013657346,0.011167263,rna6k
-0.035389863,-0.050074726,rna6k
0.011099394,0.007284196,rna6k
-0.0037356697,-0.010340164,rna6k
0.008956424,0.00823145,rna6k
0.0065623713,0.0039896537,rna6k
-0.0024078563,-0.008641156,rna6k
0.02971851,-0.013018275,rna6k
0.003116464,0.0107060885,rna6k
0.009612584,0.007498642,rna6k
-0.0026456441,-0.006768476,rna6k
-0.014824124,-0.026811978,rna6k
-0.0076509463,-0.004923301,rna6k
0.01357854,0.023332426,rna6k
-0.024201863,-0.024382465,rna6k
0.037947863,-0.012568373,rna6k
-0.013133118,0.019582031,rna6k
5.2163698e-05,-0.00014868505,rna6k
0.018424597,0.02826375,rna6k
-0.025829807,-0.024848992,rna6k
-0.043572593,0.019346347,rna6k
0.024739565,-0.014729064,rna6k
0.0126645155,0.021236444,rna6k
0.014510954,0.0096877115,rna6k
0.0022747335,0.0038124481,rna6k
-0.00041834178,-0.00052104145,rna6k
0.0022636924,0.0042863996,rna6k
0.045477994,-0.021046272,rna6k
-0.0147483945,0.0063640517,rna6k
-0.0012173395,-0.0032204343,rna6k
-0.013762037,0.00066011766,rna6k
0.0016322109,0.00025203847,rna6k
-0.030289674,0.013281008,rna6k
0.006998043,0.0013012133,rna6k
0.028835155,-0.013049455,rna6k
-0.0025939974,-0.011430533,rna6k
0.029982269,-0.014823778,rna6k
0.015105164,0.009918703,rna6k
0.00048631857,-0.003174016,rna6k
-0.0036970375,-0.0057929778,rna6k
-0.002974084,-0.011542399,rna6k
-0.034343556,-0.04847549,rna6k
0.03383632,-0.017018795,rna6k
0.008995399,0.0055876127,rna6k
0.02795304,-0.013138322,rna6k
0.001525184,0.0024081008,rna6k
0.02061472,0.030236268,rna6k
0.0069232285,0.001803933,rna6k
0.0017038435,0.0070197484,rna6k
0.0057108835,0.010924722,rna6k
0.0028870818,0.011283403,rna6k
0.00228778,0.00048533958,rna6k
-0.029708633,0.011635495,rna6k
0.0023825266,0.0076381173,rna6k
0.000292583,-0.005793278,rna6k
0.01796816,0.028229697,rna6k
0.001325993,0.0020855977,rna6k
-0.0025684724,-0.0040158373,rna6k
0.0218486,0.034580704,rna6k
-0.022382373,-0.024615848,rna6k
0.023429481,-0.015301426,rna6k
-0.020678638,0.006377299,rna6k
0.0148046035,0.012343625,rna6k
0.0034450411,0.011917444,rna6k
-0.02362147,0.0012632428,rna6k
-0.02547429,0.00930593,rna6k
0.0016454003,0.0042383205,rna6k
0.0008368257,0.0010934981,rna6k
0.0026615162,0.007362398,rna6k
0.0012719258,-0.0033618798,rna6k
0.020823939,-0.01567681,rna6k
-0.01003208,5.162107e-05,rna6k
0.0013467859,-0.009472474,rna6k
0.00089691166,0.0028757534,rna6k
-0.0009737924,-0.0024358241,rna6k
-0.039513286,0.01800425,rna6k
-0.005564159,-0.01317522,rna6k
-0.029599376,-0.03128838,rna6k
0.014951835,-0.008816878,rna6k
-0.005677258,-0.0122857895,rna6k
0.008721479,0.007108012,rna6k
0.025289912,0.03568835,rna6k
0.01442351,0.009245805,rna6k
-0.0010788256,-0.0040334677,rna6k
0.046544265,-0.020387877,rna6k
0.0046593407,0.008731488,rna6k
-0.008823824,-0.013206196,rna6k
-0.0015528352,-0.007696523,rna6k
0.008938102,0.006160884,rna6k
0.002938943,0.009328103,rna6k
0.027741872,-0.014430907,rna6k
-0.027755948,0.0034765024,rna6k
0.002167643,0.007907001,rna6k
0.01197312,0.008523296,rna6k
-0.012229336,0.017350202,rna6k
0.01662795,0.025662487,rna6k
-0.031150037,0.011855278,rna6k
0.012493888,0.00089060253,rna6k
0.0019998758,0.006743452,rna6k
0.011599233,0.008690784,rna6k
-0.003070146,-0.011012897,rna6k
-0.021677973,0.0064761406,rna6k
-0.030197924,0.0049495,rna6k
-0.039091,0.007575984,rna6k
-0.004328811,-0.0010939797,rna6k
-0.024594957,-0.036856297,rna6k
0.0041925358,0.007227636,rna6k
-0.0006178359,-0.0010558349,rna6k
-0.011387365,-0.004194868,rna6k
0.019208577,0.029444652,rna6k
0.010579012,0.007430717,rna6k
0.000954946,0.0007572008,rna6k
0.002976204,0.006677898,rna6k
0.001619175,0.0053651296,rna6k
-0.008613364,0.0009224534,rna6k
-0.0033758888,-0.0120724505,rna6k
0.0024345876,0.0009897143,rna6k
-0.029856851,-0.031789675,rna6k
0.043314587,-0.017367017,rna6k
0.014294589,0.009858539,rna6k
0.037179407,-0.017353684,rna6k
-0.007952441,-0.01864501,rna6k
0.002346093,0.006216223,rna6k
-0.025884615,0.0022433635,rna6k
0.014188702,0.012942336,rna6k
0.0028955906,-0.0019888785,rna6k
0.0007019333,0.0022507487,rna6k
-0.012179856,0.0049063144,rna6k
0.0149724055,0.009971364,rna6k
-0.041326046,0.036031675,rna6k
-0.00069263496,-0.0010303508,rna6k
0.0048212023,0.003210519,rna6k
-4.8048576e-05,-0.009385335,rna6k
0.014064253,0.011490021,rna6k
-0.0021474885,-0.0074578184,rna6k
0.008629171,-0.003590141,rna6k
0.011087864,0.00714074,rna6k
0.0021370756,-0.008858049,rna6k
-0.017180415,-0.0013376295,rna6k
-0.0152983675,0.0043714885,rna6k
0.015731728,0.009097693,rna6k
-0.008535586,-0.019230425,rna6k
-0.021587092,-0.020906525,rna6k
-0.02359082,-0.026104052,rna6k
0.0096665565,0.0076769083,rna6k
-0.014111872,-0.030436361,rna6k
0.00059404084,-0.00028977115,rna6k
-0.0013448361,0.0048335274,rna6k
-0.033347193,0.013985858,rna6k
-0.001432434,-0.005388024,rna6k
-0.019095777,0.0042150905,rna6k
-0.029199285,0.0073101553,rna6k
0.0010513274,0.003700313,rna6k
-0.0062405793,-0.010104914,rna6k
0.0043319166,0.008926028,rna6k
-0.0021419518,-0.007961863,rna6k
0.038703118,-0.017713385,rna6k
0.03475598,-0.015095528,rna6k
-0.02361712,-0.02247413,rna6k
-0.0053700106,-0.011991468,rna6k
-0.027202183,0.007082078,rna6k
-0.026071506,-0.02526754,rna6k
-0.011928666,0.016640931,rna6k
0.032568995,-0.014074397,rna6k
0.0033747929,0.007740896,rna6k
-0.00014802559,-0.01334151,rna6k
0.0006571299,0.002320039,rna6k
0.022717679,-0.015105581,rna6k
-0.0022831282,-0.007866114,rna6k
-0.026763463,-0.022273146,rna6k
-0.022057898,-9.733985e-05,rna6k
-0.002422108,-0.011735922,rna6k
0.0017665845,0.007085117,rna6k
-0.014081996,-0.0039200834,rna6k
0.0065426803,-0.039657477,rna6k
-0.016778497,0.0055674165,rna6k
0.04804953,-0.02095329,rna6k
-0.017969122,-0.0018962189,rna6k
0.0014603639,-0.0013504983,rna6k
0.026441164,-0.0077990834,rna6k
0.0011406128,0.003248993,rna6k
-0.03496968,-0.053604238,rna6k
-0.009429897,0.0040964317,rna6k
0.0018149667,0.0070406613,rna6k
0.013372414,0.011399762,rna6k
-0.0031071345,-0.011020543,rna6k
0.014412919,0.011589838,rna6k
0.043481536,-0.01882864,rna6k
0.006963916,0.0055148676,rna6k
-0.009025438,-0.019670226,rna6k
-0.029627511,0.01264761,rna6k
0.010872149,0.0067429137,rna6k
0.0003312626,-0.0071713664,rna6k
0.0031288404,0.008609325,rna6k
-0.027609365,0.010718959,rna6k
0.0011496723,0.0037479426,rna6k
0.011451747,0.010671712,rna6k
0.0008125122,-0.0008861795,rna6k
0.035863332,-0.019738218,rna6k
0.03503082,-0.015094069,rna6k
0.003744551,0.009530187,rna6k
-0.0010322909,-0.008354898,rna6k
0.01591878,-0.009564484,rna6k
0.009961759,0.0061518895,rna6k
-0.0008937038,-0.0018233279,rna6k
0.004422185,-0.007550568,rna6k
-0.0003848345,-0.00033830578,rna6k
0.03213927,-0.022886751,rna6k
-0.001162474,-0.0037161903,rna6k
-6.280763e-05,-0.0025795943,rna6k
0.02168043,0.03093969,rna6k
-0.025387047,0.03333963,rna6k
0.0073416918,0.0062065977,rna6k
0.03887152,-0.015064303,rna6k
-0.03370876,0.014200428,rna6k
-0.00018049295,1.19848455e-05,rna6k
0.011005052,0.010840341,rna6k
-0.039464705,0.017954592,rna6k
-0.0023823916,-0.0101072285,rna6k
-0.0045308396,0.0143325245,rna6k
-0.00038355286,-0.0018853429,rna6k
-0.018301494,-0.0012651919,rna6k
0.0039166017,0.011209107,rna6k
0.0028467716,0.010073059,rna6k
-0.0029705751,-0.012150884,rna6k
-0.019502537,-0.025025003,rna6k
-0.035181116,0.01604367,rna6k
-2.5276435e-05,-0.0013907277,rna6k
0.004693153,-0.0069670444,rna6k
0.0067590214,0.009559262,rna6k
-0.008554166,-0.004880116,rna6k
0.01576174,0.027374428,rna6k
0.00042853417,-3.115328e-05,rna6k
-0.024847979,0.007987326,rna6k
-0.02506672,-0.026610238,rna6k
0.011474996,-0.0077629434,rna6k
-0.03871747,0.017788166,rna6k
0.001453817,0.0018867172,rna6k
-0.03470681,0.014282432,rna6k
-0.0031381447,-0.009723548,rna6k
0.0005281943,0.0007590786,rna6k
-0.0061301664,-0.012249476,rna6k
-0.00045054912,-0.0015498492,rna6k
0.037629407,-0.017190306,rna6k
0.0027071927,0.0035622364,rna6k
0.04201748,-0.017772768,rna6k
0.0039856588,0.00034411825,rna6k
0.010300551,-0.011233901,rna6k
-0.0025321736,-0.00785471,rna6k
-0.00020525193,-0.004283163,rna6k
-0.017410362,-0.017937103,rna6k
0.035108626,-0.015389967,rna6k
-0.016834345,-0.0014230673,rna6k
-0.02644227,-0.029651249,rna6k
-0.048193116,0.021500234,rna6k
0.017000763,0.02620167,rna6k
0.011178597,0.030673966,rna6k
0.0029565005,0.010275359,rna6k
-0.018987138,-0.018464874,rna6k
-0.009442066,0.014282088,rna6k
0.026240896,-0.0494779,rna6k
-0.012667772,0.018954394,rna6k
-0.03372371,0.014281988,rna6k
-0.0077347653,0.015601273,rna6k
0.033588093,-0.016260877,rna6k
0.0011389437,0.0025636044,rna6k
0.0023739168,0.0043353555,rna6k
-0.0026956853,0.013194681,rna6k
0.0032602013,0.002448865,rna6k
-0.009677665,0.0034968157,rna6k
0.0045339176,0.011331512,rna6k
0.0021798124,0.0060524177,rna6k
0.013112919,-0.011426678,rna6k
-0.0028443553,-0.013803089,rna6k
0.0028139323,0.0062605157,rna6k
-0.013888558,0.0004623528,rna6k
0.0011300893,-0.004423685,rna6k
0.03275368,-0.015042963,rna6k
0.001564386,0.0044203536,rna6k
-0.0015553873,-0.0044817836,rna6k
0.0015104206,0.0022269243,rna6k
0.0012725524,0.010208419,rna6k
0.0019704995,0.004298026,rna6k
-0.0014003252,-0.003914565,rna6k
-0.00014877082,0.011489226,rna6k
-0.0005411309,-0.011977845,rna6k
0.0024579372,0.009252947,rna6k
0.0023685843,0.008184747,rna6k
0.005682191,0.002584135,rna6k
-0.024700435,-0.027908115,rna6k
-0.00784358,-0.0014891888,rna6k
-0.024235621,0.001892502,rna6k
-0.019831508,0.0247393,rna6k
-0.028547652,0.010951152,rna6k
0.01417365,0.0105611095,rna6k
0.037081756,-0.017560827,rna6k
-0.007781315,-0.01442431,rna6k
0.0026554721,-0.0030220496,rna6k
-0.018617095,0.0012145363,rna6k
0.021311458,-0.015691921,rna6k
0.010072266,0.007124153,rna6k
0.0021460543,0.003922702,rna6k
0.014552588,0.011418084,rna6k
0.0015293397,0.0037770015,rna6k
0.0389862,-0.019135537,rna6k
-0.028363537,0.033876806,rna6k
-0.0032043003,0.013485145,rna6k
0.02848257,-0.015977206,rna6k
0.0053198854,0.0068978393,rna6k
-0.025353476,-0.008886771,rna6k
0.0006940482,-0.001349226,rna6k
-0.021253373,-0.021624828,rna6k
0.0071831252,0.0013098937,rna6k
-0.0026741468,-0.006738187,rna6k
0.045599397,-0.01910375,rna6k
-0.004235338,0.00041202156,rna6k
-0.029985484,0.008120204,rna6k
0.047559634,-0.020938208,rna6k
0.008134717,0.017518492,rna6k
-0.0012462197,-0.007772063,rna6k
0.001340356,0.0001521241,rna6k
0.004146738,-0.00494117,rna6k
0.043843597,-0.018345777,rna6k
-0.0058096936,-0.0072329785,rna6k
0.0023522417,0.0066396515,rna6k
0.002065426,0.007146274,rna6k
-0.03200931,0.012872045,rna6k
0.0020269274,0.004535532,rna6k
0.0028496503,0.0045213425,rna6k
0.0016092837,0.00055764505,rna6k
-0.0005204996,0.007621188,rna6k
0.013989822,0.012853067,rna6k
0.007832835,0.001323181,rna6k
-0.042254206,0.017981568,rna6k
0.0007619141,-0.0024800228,rna6k
0.002111513,0.0018437475,rna6k
-0.048118446,0.021501526,rna6k
-0.0005208712,-0.0016868977,rna6k
-0.032539472,0.015303131,rna6k
0.016899912,0.02850819,rna6k
0.005057822,0.010680067,rna6k
0.0019393881,0.0044952263,rna6k
-0.034490336,-0.044376064,rna6k
-0.003627561,-0.001540756,rna6k
-0.00035064097,0.0017433487,rna6k
0.0020818932,0.0029619231,rna6k
0.015381861,0.012500243,rna6k
-0.0016679289,0.0087971045,rna6k
0.014827299,0.010384516,rna6k
0.007804006,-0.008811499,rna6k
-0.0055830055,-0.014627989,rna6k
0.0027225628,0.0009262876,rna6k
-0.012063331,0.0025936274,rna6k
-0.0333409,0.0068197637,rna6k
-0.045838345,0.020785172,rna6k
0.009733806,-0.0070764376,rna6k
0.00047579795,-0.0026033928,rna6k
-0.00063387904,-0.0013065387,rna6k
0.0019189568,0.0058179237,rna6k
-0.004444295,0.004758764,rna6k
-0.0032186217,-0.012023696,rna6k
0.015382569,0.012358434,rna6k
-0.015269708,-0.02571012,rna6k
-0.019629555,0.0086935125,rna6k
0.001713522,0.0023674148,rna6k
0.016795876,0.030043278,rna6k
0.019515455,-0.01110924,rna6k
0.00045327476,0.00033791276,rna6k
-6.88156e-05,-0.0063133403,rna6k
0.029307717,-0.0141994795,rna6k
0.020154778,0.029373389,rna6k
0.014770006,0.011704483,rna6k
0.0017420354,-8.328479e-05,rna6k
-0.0009677428,-0.0020289829,rna6k
0.0018280273,0.0010166105,rna6k
-0.0021438408,-0.0013864295,rna6k
-0.0014176954,-0.0052003036,rna6k
-0.013207892,0.0025003823,rna6k
0.012879933,0.009463135,rna6k
0.002872341,0.005930362,rna6k
0.01253202,4.2078136e-05,rna6k
-0.02231089,0.010277489,rna6k
-0.006779656,-0.014675148,rna6k
-0.002152689,-0.00820812,rna6k
-0.0043504327,0.009951853,rna6k
-0.010705569,-0.017835706,rna6k
-0.045584455,0.02071659,rna6k
0.007148912,0.0037162164,rna6k
0.0028463004,0.0041955505,rna6k
0.03901087,-0.016693812,rna6k
-0.0015525161,-0.0059216176,rna6k
-0.00093117484,0.00022965389,rna6k
0.0067773014,0.0033889,rna6k
-0.034928787,-0.05425349,rna6k
0.0027937763,0.009836826,rna6k
0.012240898,0.010265399,rna6k
0.0023671074,0.008388305,rna6k
-0.0012402027,-0.006030002,rna6k
-0.018992813,0.004586795,rna6k
0.00012623663,-0.0016161926,rna6k
0.007583576,0.009502292,rna6k
0.01080656,-0.009018649,rna6k
0.0057950257,0.008368927,rna6k
0.0020490896,0.0057579763,rna6k
0.03190082,-0.016059214,rna6k
0.010639436,0.0065103904,rna6k
0.025185648,-0.013830536,rna6k
-0.013217664,-0.01982806,rna6k
0.012776486,0.01059213,rna6k
0.02878459,-0.013001361,rna6k
0.012705385,0.0090262145,rna6k
0.0055532726,0.0026906263,rna6k
0.0019075035,0.003998847,rna6k
-0.016647102,-0.013615156,rna6k
-0.0024685024,-0.013600724,rna6k
0.004674822,0.010808169,rna6k
-0.02895722,0.005199193,rna6k
0.0010354787,-0.004270581,rna6k
0.00012835143,-0.0014908275,rna6k
0.010079942,0.0069200937,rna6k
-0.013783381,-0.012992283,rna6k
0.008107301,-0.0032730312,rna6k
0.001872134,0.0016915796,rna6k
-0.018685577,0.0070297383,rna6k
-0.03257363,0.014709561,rna6k
0.0014827981,0.0067137275,rna6k
0.0012856185,0.001314949,rna6k
0.0014652602,0.0022923115,rna6k
0.016637351,0.013128521,rna6k
-0.0027278159,-0.010402164,rna6k
-0.0264565,0.0038973263,rna6k
0.0016416853,0.0029919064,rna6k
0.0038684998,0.0072477185,rna6k
-0.0036174199,0.009665704,rna6k
0.00032422235,-0.0037250698,rna6k
0.010997106,0.005266115,rna6k
-0.021819815,0.005821273,rna6k
-0.0036594688,-0.0103731565,rna6k
-0.0013425935,-0.0025404894,rna6k
-0.04006824,0.018373022,rna6k
0.004052619,0.010463732,rna6k
-0.017915478,0.004718969,rna6k
-0.044696707,0.019944167,rna6k
-0.0018423019,0.009565485,rna6k
0.0023726702,0.008768609,rna6k
0.008758275,0.0051814853,rna6k
0.003976353,0.013099247,rna6k
-0.032744616,-0.05418053,rna6k
-0.03725568,0.016300265,rna6k
0.001628368,0.005562433,rna6k
0.0017870581,0.0043344176,rna6k
0.0093344925,0.0070724655,rna6k
0.016739246,0.0031750824,rna6k
0.008484993,-0.006218778,rna6k
0.0017910756,0.006690966,rna6k
-0.015462445,-0.0025941727,rna6k
0.0003845634,-0.004260314,rna6k
0.0015434438,0.0022538174,rna6k
0.014343008,0.009986354,rna6k
-0.0074884454,-0.0025440888,rna6k
0.0020868084,0.0076589077,rna6k
-0.0002999391,0.008041553,rna6k
0.025037559,-0.012918657,rna6k
0.0014128992,0.002562668,rna6k
0.003304853,0.0058583757,rna6k
0.00057127106,0.0011468257,rna6k
0.0007342231,0.00055871933,rna6k
0.00791286,-0.0045842743,rna6k
-0.032423884,0.0059217517,rna6k
0.0021490995,0.00088622584,rna6k
0.023072798,-0.008148415,rna6k
-0.017737756,-0.012269108,rna6k
0.02002678,-0.0110183805,rna6k
-0.0016851742,-0.0053355643,rna6k
0.0025029709,0.0037084746,rna6k
0.0023722672,0.008549535,rna6k
0.0069696708,0.011497942,rna6k
-0.0076661804,-0.0034913407,rna6k
-0.008197455,0.020370053,rna6k
0.004364726,0.010079999,rna6k
0.010348683,0.0078539355,rna6k
-0.010840341,0.003977742,rna6k
0.0011305136,0.0027869728,rna6k
0.011965097,0.011200703,rna6k
0.0049546817,-0.007868681,rna6k
0.0018725679,0.006428186,rna6k
0.0040207296,-0.0006544448,rna6k
-0.0014375409,-0.003917591,rna6k
0.0019116636,-0.0021279135,rna6k
-0.055153996,0.018346544,rna6k
0.030135123,-0.016158437,rna6k
0.00077526143,0.0013903963,rna6k
0.0015698321,-0.0003000832,rna6k
0.00805115,0.00912284,rna6k
-5.8080295e-06,-0.0029196576,rna6k
0.003033369,0.010961302,rna6k
-0.036677897,0.040676396,rna6k
-0.0027771785,-0.010877237,rna6k
0.01923841,-0.013513558,rna6k
0.034402203,-0.01620043,rna6k
-0.021469759,-0.02259187,rna6k
-0.02807927,0.010511016,rna6k
0.00667647,0.004702483,rna6k
0.031941235,-0.01835307,rna6k
0.0037899686,0.01243802,rna6k
-0.006573053,0.014697198,rna6k
0.015148909,-0.007130713,rna6k
-0.011639888,0.0052123033,rna6k
-0.02647288,0.009340294,rna6k
0.03196473,-0.017446218,rna6k
-0.0024400796,-0.009664532,rna6k
0.0015292653,0.002962317,rna6k
0.012917364,0.009637894,rna6k
-0.002755159,-0.009387428,rna6k
-0.0007923181,-0.027545042,rna6k
-0.03688498,0.024627754,rna6k
0.02948064,-0.015026704,rna6k
-0.014685991,0.006081388,rna6k
0.016680118,0.025245216,rna6k
-0.0031641773,-0.012483898,rna6k
0.0010557297,0.0021208287,rna6k
0.01433035,0.00061541394,rna6k
0.0018955668,0.0017178076,rna6k
0.032212667,-0.014852068,rna6k
-0.034295727,0.013826294,rna6k
0.0009390902,0.0016426832,rna6k
0.0130039565,0.010605633,rna6k
-0.010080149,-0.016129635,rna6k
-0.016134785,0.005618171,rna6k
-0.0255854,0.003266621,rna6k
-0.005237036,-0.002524536,rna6k
0.011757718,0.025355255,rna6k
0.0011651528,-0.0017462007,rna6k
0.0128598595,0.0071210805,rna6k
-0.019479578,0.0073675606,rna6k
-0.0003207353,-0.0013988158,rna6k
0.002662996,0.007178072,rna6k
0.0032856746,0.010687731,rna6k
0.009614008,0.011140805,rna6k
0.00044821785,0.0008410389,rna6k
0.012019589,0.008481523,rna6k
-0.02759413,0.032799043,rna6k
0.013060675,-0.010217003,rna6k
-0.00035070747,0.010344334,rna6k
-0.02363576,0.010200677,rna6k
0.011651149,0.0024042148,rna6k
-0.0008363638,-0.0015545976,rna6k
-0.010239768,-0.017765284,rna6k
0.0053352597,0.009528526,rna6k
-0.0019841937,-0.006462764,rna6k
0.044376336,-0.019021368,rna6k
0.003747258,0.006973575,rna6k
0.004847306,0.007653888,rna6k
0.0028107264,0.003841033,rna6k
-0.0041243904,-0.003112904,rna6k
-0.0002776696,0.003844606,rna6k
0.0073163672,0.009067578,rna6k
-0.038038924,0.017158655,rna6k
0.010013681,0.009290035,rna6k
-0.0074691647,0.00016849853,rna6k
0.032877903,-0.017768694,rna6k
-0.042644475,0.019176409,rna6k
-0.007111566,0.002632449,rna6k
-0.030419098,0.01709267,rna6k
0.028470263,-0.014812148,rna6k
-0.0028417758,-0.008886657,rna6k
0.0015414134,-0.003544874,rna6k
-0.014178755,0.0030473059,rna6k
0.002125606,0.007548951,rna6k
-0.020977544,7.7092285e-05,rna6k
-0.0014421664,-0.004751492,rna6k
-0.026856553,0.010206352,rna6k
0.009521554,0.008307457,rna6k
0.003851569,0.0009865196,rna6k
0.027351094,-0.018198527,rna6k
-0.026718376,-0.046996556,rna6k
-0.023892352,-0.02492345,rna6k
0.011037218,0.007258616,rna6k
-0.012661866,-0.008187274,rna6k
0.015238589,0.009977819,rna6k
-0.00021827193,-0.003071652,rna6k
-0.020174867,-0.016075281,rna6k
-0.0016763615,-0.0044551925,rna6k
0.0028888953,0.0070249075,rna6k
-0.0106719555,-0.017296059,rna6k
0.0003358817,-0.00062531774,rna6k
0.00086543075,0.003135149,rna6k
0.009428071,-0.0060258457,rna6k
0.0015502393,0.005240659,rna6k
-0.023996376,-0.021572912,rna6k
-0.03680492,0.015732655,rna6k
0.005251888,0.012592491,rna6k
-0.0020478307,-0.003613474,rna6k
0.0054172683,0.00837044,rna6k
-0.013881936,0.021710275,rna6k
0.010267064,0.010131355,rna6k
-0.016544107,-0.009672669,rna6k
0.021765677,0.03087134,rna6k
0.0021274667,0.0036824346,rna6k
-0.015777614,0.022964776,rna6k
0.007191032,0.004616841,rna6k
0.0195076,-0.009557241,rna6k
0.041760705,-0.017466974,rna6k
0.03733443,-0.02817228,rna6k
-0.0027978453,-0.009509759,rna6k
0.034870513,-0.017128572,rna6k
0.008810642,0.0056888186,rna6k
-0.02554896,0.011565002,rna6k
0.026334353,-0.008260314,rna6k
0.0037424963,0.011803525,rna6k
0.01308582,0.026044166,rna6k
-0.031584658,0.018581785,rna6k
-0.03820101,0.017017787,rna6k
-0.026420983,0.004518421,rna6k
-0.0028234024,-0.009924189,rna6k
0.0013613731,0.0012637278,rna6k
-0.025341598,-0.029455686,rna6k
-0.026130551,0.0092257485,rna6k
-0.0021201232,-0.007905446,rna6k
-0.0030715559,-0.010307244,rna6k
0.0011610892,0.0031463623,rna6k
0.0015438275,0.0010801748,rna6k
0.0020023698,0.008001523,rna6k
0.046221755,-0.02041749,rna6k
0.027831852,-0.008896554,rna6k
-0.0016317143,-0.004841125,rna6k
0.013422336,0.011012126,rna6k
-5.718138e-05,-0.0031643007,rna6k
-0.0022256363,-0.0087891985,rna6k
-0.0070103267,0.0005932613,rna6k
0.0018105748,0.005714252,rna6k
-0.026107024,-0.027421618,rna6k
0.011828702,0.008810168,rna6k
0.011400434,0.012837879,rna6k
0.0037647474,0.011546348,rna6k
-0.0025782795,-0.009489332,rna6k
0.027572256,-0.014755048,rna6k
0.010344588,0.01927825,rna6k
0.0015371605,-0.0024298888,rna6k
0.009047881,0.011759295,rna6k
-0.025148196,0.0016277266,rna6k
0.0034934222,0.008425307,rna6k
0.010394613,0.0131383175,rna6k
0.013264588,0.008152131,rna6k
0.0020566226,-1.5121733e-05,rna6k
-0.00010905462,0.0047048465,rna6k
0.011093882,0.0074133803,rna6k
-0.040656097,0.017566742,rna6k
0.0006941027,0.001797893,rna6k
-0.020161754,0.012382411,rna6k
0.0019023934,0.0016614436,rna6k
-0.008099291,0.0020751513,rna6k
-0.0002739869,-3.5402572e-05,rna6k
0.016484074,0.025643738,rna6k
-0.0061857426,0.0019227829,rna6k
0.00412371,0.0034098981,rna6k
-0.00044293818,-0.002866236,rna6k
0.00092171965,0.00040150943,rna6k
-0.010850024,-0.016712358,rna6k
-0.010049882,-0.031557385,rna6k
0.006145221,0.0067471503,rna6k
0.037757523,-0.016893001,rna6k
-0.019819528,0.003923193,rna6k
0.0117202895,0.02056693,rna6k
0.04344512,-0.020262046,rna6k
-0.026705464,-0.028858252,rna6k
-0.023708813,-0.021670338,rna6k
-0.0023677284,-0.009732329,rna6k
0.024004571,-0.015137252,rna6k
-0.036480136,0.01546354,rna6k
0.0032970824,0.0035079175,rna6k
0.027441967,-0.011979789,rna6k
0.03757462,-0.016629145,rna6k
0.0010844048,0.001936754,rna6k
0.00024444505,-0.003040336,rna6k
0.025496317,-0.0142845055,rna6k
0.00036556687,0.0008238926,rna6k
-0.0024266313,-0.0011826875,rna6k
0.0022045241,-0.00045968863,rna6k
-0.013115262,-0.020757038,rna6k
0.0075064762,0.0051305643,rna6k
0.015358623,0.008725533,rna6k
-0.012288745,-0.015018032,rna6k
0.012190039,0.009066612,rna6k
0.0037522865,-0.0054530804,rna6k
-0.022882922,-0.0277542,rna6k
-0.02223999,0.009499776,rna6k
0.009001397,0.0054708216,rna6k
-0.03478998,-0.051696103,rna6k
0.003815069,0.012491532,rna6k
-0.012514941,0.0015437359,rna6k
0.002157276,0.007953589,rna6k
0.003725516,0.012080262,rna6k
-0.009416847,0.0029455845,rna6k
-0.029699428,-0.031818066,rna6k
-0.0020581586,-0.006541809,rna6k
-0.01282973,0.0032136908,rna6k
0.00039323754,-0.00022142625,rna6k
0.037855484,-0.035012793,rna6k
0.027725395,-0.013168106,rna6k
0.0061261402,0.011689408,rna6k
0.0048518837,0.0036814096,rna6k
0.013604425,0.021617861,rna6k
-0.025477204,-0.023662947,rna6k
-0.004465375,-0.007424288,rna6k
0.0024173912,0.007075522,rna6k
0.006474359,0.0038501131,rna6k
-0.0076783407,-0.016161734,rna6k
-0.032895908,0.0146404505,rna6k
-0.020014476,-0.0029013,rna6k
0.028259166,-0.01547768,rna6k
-0.03340149,0.013419534,rna6k
-0.0041778665,0.0012662136,rna6k
-0.005106277,-0.008612026,rna6k
0.0009978889,0.0015352812,rna6k
0.0034251784,0.009876366,rna6k
0.002781427,0.008630398,rna6k
0.013810223,0.009857324,rna6k
0.006080474,0.011369122,rna6k
0.013316868,-0.0064417645,rna6k
-0.003298115,-0.007914827,rna6k
-0.021330968,-0.003289209,rna6k
0.00013787927,-0.0041329334,rna6k
0.013672606,-0.009829404,rna6k
0.0029683465,0.0052899765,rna6k
-0.0035255814,0.014230893,rna6k
0.010201391,0.007084473,rna6k
0.0031324206,-0.0037024354,rna6k
-0.00573741,-0.0007413488,rna6k
0.0077405283,0.0067065367,rna6k
0.013432802,0.009089907,rna6k
-0.019380886,-0.012717762,rna6k
-0.026562206,-0.028311552,rna6k
0.014273395,0.011330324,rna6k
0.010779789,0.00953051,rna6k
0.006660359,0.00732748,rna6k
0.0033240367,0.009153072,rna6k
0.021046681,0.030879574,rna6k
0.0096846195,0.008905001,rna6k
0.0018853954,0.005028905,rna6k
-0.02734569,-0.043306727,rna6k
-0.03105324,-0.053933688,rna6k
0.030883454,-0.014435981,rna6k
0.014501182,0.0108111305,rna6k
-0.032183167,-0.038755547,rna6k
0.009199913,-0.009087567,rna6k
0.0006471047,-0.003200514,rna6k
0.031546954,-0.008842249,rna6k
0.0019861015,0.0068008504,rna6k
0.0025265145,0.00082007365,rna6k
0.0039047906,-0.0020728435,rna6k
0.013917253,-0.00991746,rna6k
-0.042751744,0.0191952,rna6k
0.011986916,0.008495348,rna6k
0.047131337,-0.021973245,rna6k
-0.030357482,-0.0356749,rna6k
3.9576145e-05,-0.0046108454,rna6k
-0.0019053034,-0.0085714115,rna6k
-0.028571911,-0.028742986,rna6k
-0.002843798,-0.009567308,rna6k
-0.027368305,0.011461319,rna6k
0.017648527,0.027393758,rna6k
0.0012540619,0.0011010064,rna6k
0.0017903295,0.0035066258,rna6k
-0.006932935,-0.002672225,rna6k
-0.0070368736,-0.022940101,rna6k
0.0056842114,-0.0060541932,rna6k
-0.02419136,-0.028197411,rna6k
-0.0006348719,-0.0009934579,rna6k
0.005305687,0.0061714496,rna6k
-0.039429918,0.01820949,rna6k
0.0028711914,0.004428694,rna6k
-0.004457907,0.015010912,rna6k
-0.001547221,0.009029645,rna6k
-0.0012479669,-0.0032265484,rna6k
-0.044719826,0.020643229,rna6k
0.0046133925,0.003440862,rna6k
-0.0010580025,-0.002622986,rna6k
0.004742616,0.008272335,rna6k
0.016302805,-0.010518902,rna6k
-0.0012348646,-0.003713734,rna6k
-0.0011987301,-0.0030184765,rna6k
-0.0011942583,-0.005105458,rna6k
-0.004382575,-0.020494433,rna6k
0.0058454257,0.007015119,rna6k
0.014877638,-0.0006846868,rna6k
0.01378274,0.01033624,rna6k
-0.026598549,-0.028167536,rna6k
0.0022054107,-0.0028661091,rna6k
0.0014039157,0.0014329238,rna6k
0.009374816,-0.005965923,rna6k
0.012750386,0.0078100325,rna6k
-0.028745525,0.010628414,rna6k
-0.009129914,0.0022771403,rna6k
0.016970634,0.026272662,rna6k
-0.010346665,0.0021312237,rna6k
-0.000538123,-0.0009889769,rna6k
0.032921482,-0.015384615,rna6k
-0.015289351,0.022945045,rna6k
0.014838316,0.0116303135,rna6k
0.003916428,0.017477315,rna6k
0.03504059,-0.013093013,rna6k
0.018488485,-0.011853763,rna6k
-0.021371784,5.9408e-05,rna6k
-0.0045646285,0.0092434585,rna6k
0.020941924,0.030502042,rna6k
0.00027652367,-0.0049887616,rna6k
0.0049954443,-0.0068247044,rna6k
0.010757769,0.01112101,rna6k
-0.00014291282,-0.0013250491,rna6k
0.0032094163,0.009333202,rna6k
0.04356379,-0.018718658,rna6k
0.0097123,0.0070108627,rna6k
0.006513346,0.0010375425,rna6k
0.033032823,-0.014418812,rna6k
0.011831296,0.009581611,rna6k
-0.008630685,0.002747067,rna6k
-0.0013783978,-0.003718583,rna6k
-0.008946165,-0.020690216,rna6k
0.007507887,0.001117733,rna6k
-0.036283065,0.016858144,rna6k
0.03514261,-0.016798833,rna6k
0.0024644842,0.010470381,rna6k
0.0024644928,0.0013675669,rna6k
0.04076474,-0.017047558,rna6k
-0.025677513,0.029988859,rna6k
-0.0003047406,-0.0029762022,rna6k
0.0119668655,0.00037487643,rna6k
0.013695778,-0.010539612,rna6k
-0.03659274,0.016252343,rna6k
0.005607765,0.005924867,rna6k
0.015788125,0.011908961,rna6k
-0.0007197006,-0.0012994591,rna6k
0.003238989,0.0058788205,rna6k
0.0025453537,0.005764022,rna6k
-0.0071957703,0.015853904,rna6k
-0.0032586227,-0.0019091398,rna6k
-0.0023244962,-0.0018143008,rna6k
0.018920556,-0.009121857,rna6k
0.012603128,0.008815537,rna6k
0.0033102697,0.006723169,rna6k
-0.02388479,-0.023916798,rna6k
-0.033613782,0.014341553,rna6k
0.0020950553,3.6191574e-05,rna6k
0.00035968068,0.00013097827,rna6k
0.04156171,-0.017668886,rna6k
0.007835231,-0.0020876809,rna6k
-0.0006069185,-0.0038508135,rna6k
-0.040000208,0.01742504,rna6k
0.0030663314,0.007810086,rna6k
0.013107757,0.0137118045,rna6k
0.0075538545,-0.0010716722,rna6k
0.032396648,-0.015683599,rna6k
-0.005849898,-0.0136063555,rna6k
0.010660164,0.0073814816,rna6k
0.044114556,-0.02157393,rna6k
0.004537104,0.018197976,rna6k
0.0029200637,0.0076287123,rna6k
-0.027205825,0.01072817,rna6k
0.0033631113,0.010349622,rna6k
-0.0059708073,0.014935339,rna6k
0.0073887636,0.006161769,rna6k
0.0009105523,0.00047456587,rna6k
0.002172505,0.0027700998,rna6k
-0.023985213,0.009053999,rna6k
0.008388477,0.011553367,rna6k
-0.004426867,-0.010751605,rna6k
0.040156033,-0.017214822,rna6k
0.010065001,0.007421739,rna6k
-0.0271959,-0.027042292,rna6k
0.035617407,-0.016252968,rna6k
-0.0016982569,-0.007132487,rna6k
0.019971853,0.030695414,rna6k
0.044092268,-0.018950675,rna6k
0.009769135,-0.00819639,rna6k
-0.022348037,-0.024850791,rna6k
-0.04609777,0.021311551,rna6k
0.020164939,0.029857662,rna6k
0.010281866,0.011007759,rna6k
0.0018678183,0.006339189,rna6k
-0.02511252,0.008501669,rna6k
-0.025372531,-0.026303396,rna6k
0.039446138,-0.028289462,rna6k
0.015949264,0.01153742,rna6k
-0.001855032,-0.009600998,rna6k
0.0019110227,-0.0030762034,rna6k
-0.013545669,0.003747836,rna6k
-0.01405805,0.0021857256,rna6k
-0.0045982,-0.012749273,rna6k
0.002473312,0.005387781,rna6k
0.0022227936,0.0073987283,rna6k
0.0008497929,0.0019426867,rna6k
-0.017771838,0.007868907,rna6k
0.043958206,-0.016218625,rna6k
0.036897976,-0.019008065,rna6k
-0.027611857,0.003618555,rna6k
-0.026126757,0.0041234028,rna6k
0.008028903,-0.008139575,rna6k
0.0006654835,-0.009162646,rna6k
0.009976095,-0.008780725,rna6k
0.008979582,0.002754675,rna6k
0.0136522,0.011549195,rna6k
-0.025513794,-0.025561713,rna6k
-0.014015316,0.0030477352,rna6k
-0.030876191,-0.03332098,rna6k
-0.00012484335,-0.0011080717,rna6k
-0.0012379183,-0.0043857964,rna6k
-0.024252098,-0.022918787,rna6k
0.0022426783,-0.0010108338,rna6k
-0.0030047426,-0.011535079,rna6k
-0.0204517,-0.0014044686,rna6k
-0.004774312,-0.01343811,rna6k
0.0017602519,0.0055200555,rna6k
0.015963957,-0.011255767,rna6k
0.0006114225,0.0012174093,rna6k
0.006912874,0.0048345868,rna6k
-0.021215566,0.0060854293,rna6k
0.0030335214,0.0069734748,rna6k
0.0002170032,6.2275008e-06,rna6k
0.03380701,-0.011979774,rna6k
-0.0060101054,-0.012529047,rna6k
0.002042479,0.002706065,rna6k
0.002857416,0.0056850566,rna6k
0.010219702,0.007936396,rna6k
0.0047713937,0.008827503,rna6k
0.016747685,0.0105165355,rna6k
0.045013685,-0.019259606,rna6k
-0.009635871,0.0032570448,rna6k
0.04513326,-0.019780725,rna6k
0.015222779,-0.011911301,rna6k
0.03295517,-0.015920473,rna6k
0.015967635,-0.009292286,rna6k
-0.014240154,0.021447228,rna6k
0.008510349,0.020352785,rna6k
0.0007822885,0.0013643195,rna6k
0.006673372,0.009355562,rna6k
0.0034257881,-0.010502412,rna6k
-0.009829607,0.0018924214,rna6k
-0.002512504,-0.0090459455,rna6k
0.0133187575,0.011657736,rna6k
0.00647553,0.005734446,rna6k
0.020312794,-0.012188165,rna6k
-0.0005192958,-0.0010006975,rna6k
0.0021420664,0.005551401,rna6k
0.0016224487,-0.010425789,rna6k
-0.0027061168,-0.013185835,rna6k
0.011073261,0.007813922,rna6k
0.00304224,0.009749096,rna6k
0.015788946,0.024641622,rna6k
-0.0009984073,-0.008024987,rna6k
0.0022558589,0.004217591,rna6k
-0.016041588,0.0052077314,rna6k
0.018084442,-0.011344574,rna6k
-0.018602498,0.024345234,rna6k
0.005605365,0.0062634535,rna6k
0.0016203398,-0.0014446863,rna6k
-0.047294687,0.021359133,rna6k
0.036372557,-0.015271934,rna6k
-0.022618877,0.008926403,rna6k
0.002626301,0.010108704,rna6k
0.0052863085,0.0057251765,rna6k
0.0085643,0.010622162,rna6k
0.026827212,-0.015012607,rna6k
0.00863736,0.006909109,rna6k
-0.04581389,0.020834353,rna6k
-0.0020185017,-0.0067821206,rna6k
0.03730645,-0.017351424,rna6k
0.0047282404,-0.007972102,rna6k
0.0002855597,-0.00095429405,rna6k
0.0036760361,0.012384577,rna6k
-0.0021296593,-0.0075120362,rna6k
0.014527187,0.011488429,rna6k
0.0019929614,0.0026018596,rna6k
0.0014987967,0.004792171,rna6k
0.0016088894,0.0050763763,rna6k
0.007873933,0.0059509687,rna6k
0.013537153,0.011592353,rna6k
0.0013520132,0.0035245353,rna6k
-0.011966721,-0.018181741,rna6k
0.015587298,0.011960021,rna6k
-0.034536578,0.039053142,rna6k
-0.0025059122,-0.008381985,rna6k
-0.031435,0.014387422,rna6k
0.0018883139,0.0023636448,rna6k
-0.022656607,-0.026626533,rna6k
-0.021943882,-0.041235037,rna6k
0.0019522381,-0.00037229402,rna6k
-0.017611373,0.0022076408,rna6k
-0.024887463,-0.016376019,rna6k
0.0020541828,0.005449217,rna6k
-0.00061760214,-0.005003152,rna6k
-0.021470431,-0.02698323,rna6k
0.034797512,-0.015924165,rna6k
-0.012714275,0.0020940793,rna6k
0.024726465,-0.0015535405,rna6k
0.004292262,0.008981429,rna6k
0.013156536,0.009229513,rna6k
0.0015848695,0.007443764,rna6k
0.0022019574,0.0052348212,rna6k
-0.0004774221,-0.0042215735,rna6k
-0.023155821,0.009903311,rna6k
-0.011836357,-0.01945704,rna6k
-0.0006552125,-0.0032072233,rna6k
-0.04134792,0.01860111,rna6k
-0.033310816,0.013347055,rna6k
-0.00047965086,-0.0027652595,rna6k
-0.00020102314,-0.0025894325,rna6k
-0.00420971,0.008386653,rna6k
-0.027227575,-0.0520782,rna6k
-0.0050072265,-0.013323575,rna6k
0.012407349,0.009248322,rna6k
-0.016992502,-0.023699304,rna6k
-0.041325018,0.018739486,rna6k
0.03058242,-0.016973557,rna6k
-0.0028444256,-0.013100584,rna6k
-0.00064548996,-0.004371735,rna6k
0.004465521,0.006942397,rna6k
0.009629086,0.007156136,rna6k
0.0015558329,9.935372e-05,rna6k
0.017485833,0.026321506,rna6k
0.001414694,0.0022288063,rna6k
-0.052554853,0.02270041,rna6k
-0.00969471,0.0006182931,rna6k
0.002591693,0.005982898,rna6k
0.025625296,-0.021101931,rna6k
0.0031076255,0.0094322795,rna6k
-0.009460169,-0.0030436246,rna6k
-0.020467702,0.0052161682,rna6k
0.012870403,-0.007933865,rna6k
-0.002238644,-0.009738323,rna6k
0.0018869326,0.0108766025,rna6k
0.04168669,-0.02048673,rna6k
0.013886536,0.008803583,rna6k
0.039002907,-0.016831959,rna6k
0.035011336,-0.018997652,rna6k
0.00034816863,0.00049089163,rna6k
0.012744921,0.009001891,rna6k
-0.022872478,0.001481718,rna6k
0.0036828092,0.00748748,rna6k
-0.021721808,0.010918356,rna6k
0.012427492,0.01075382,rna6k
0.0010376929,0.004248608,rna6k
-0.010896911,0.005743582,rna6k
0.007360264,0.008015111,rna6k
0.0029531126,0.007875822,rna6k
0.0038602855,0.0067129857,rna6k
-0.0026546356,-0.0108921,rna6k
-0.0058991415,-0.0137066515,rna6k
0.0019671253,-0.0024857377,rna6k
0.0018717166,0.0034348608,rna6k
0.008858693,0.0045961137,rna6k
0.04191234,-0.018042864,rna6k
-0.0016120212,-0.006332707,rna6k
-0.0017230351,-0.007470056,rna6k
-0.034812182,0.014846568,rna6k
0.004075549,0.0065593924,rna6k
-0.026475511,-0.028220704,rna6k
0.016827527,0.028077135,rna6k
-0.032295663,0.006077167,rna6k
-0.03624298,0.016283363,rna6k
-0.012105981,0.016542856,rna6k
0.009347205,0.008073209,rna6k
0.0022565508,0.0066647367,rna6k
-0.02215426,-0.02103808,rna6k
-0.03844292,0.017508296,rna6k
-0.014237183,0.004648524,rna6k
-0.047741987,0.021379186,rna6k
4.9674156e-05,-0.00023696233,rna6k
-0.00049908826,-0.00064618565,rna6k
-0.003141033,-0.013978103,rna6k
-0.008681449,0.016375989,rna6k
-0.027621772,-0.03289712,rna6k
-0.045357738,0.019722056,rna6k
0.0025144408,0.007222286,rna6k
-0.043802287,0.020269629,rna6k
0.006863779,0.004295735,rna6k
-0.0095076915,-0.020672295,rna6k
0.0029673805,0.010957366,rna6k
0.0010931694,0.0031713524,rna6k
-0.036408406,-0.04158977,rna6k
-0.0437779,0.019692557,rna6k
0.018703546,0.028436678,rna6k
-0.032087866,0.013158595,rna6k
0.004861833,-0.040475078,rna6k
-0.0010928521,0.012179898,rna6k
0.012759841,-0.010025305,rna6k
-0.014137892,0.0023676958,rna6k
-0.009375885,-0.0011700637,rna6k
0.014307252,0.011408096,rna6k
0.0013613504,0.0020489923,rna6k
0.0069683404,0.010662083,rna6k
0.013855144,0.011344361,rna6k
-0.041440785,0.018212652,rna6k
-0.0013537862,0.028282154,rna6k
-0.02143019,0.030302163,rna6k
-0.0006072348,-0.0029827289,rna6k
0.039886985,-0.01711062,rna6k
-0.015804987,0.005606608,rna6k
-0.01733352,0.0034690814,rna6k
-0.000104163475,0.0036471973,rna6k
0.030363644,-0.01722724,rna6k
0.0015364804,0.00405772,rna6k
-0.024090545,-0.023017727,rna6k
0.016698495,-0.0062983073,rna6k
-0.0002411059,0.007408685,rna6k
0.025595197,-0.015126494,rna6k
0.012225023,0.0110884905,rna6k
0.0290018,-0.013273055,rna6k
0.017706133,0.026619703,rna6k
0.0021930935,0.007848522,rna6k
-0.030362757,-0.027015852,rna6k
0.016213648,0.012626954,rna6k
-0.031042982,0.030050052,rna6k
0.0015238618,0.006392962,rna6k
0.012312977,0.010834762,rna6k
0.0056323907,0.0029388887,rna6k
-0.013360985,-0.0007644319,rna6k
-0.022046838,0.010699956,rna6k
0.014665137,0.009397555,rna6k
0.0007406263,-0.0013640182,rna6k
0.019490466,0.030525072,rna6k
0.013572594,0.011111704,rna6k
-0.021948082,0.027212294,rna6k
0.0033061535,0.011625965,rna6k
0.012643504,-0.035421114,rna6k
0.023702912,0.03309198,rna6k
0.002383166,0.004796657,rna6k
0.017563893,0.026494548,rna6k
-0.0105339205,-0.0035921677,rna6k
-0.032726493,0.0066535636,rna6k
-0.042505264,0.018857272,rna6k
0.008798218,-0.002250537,rna6k
-0.0064858086,-0.012210176,rna6k
-0.015403439,-0.0074077616,rna6k
0.005389054,0.0052389973,rna6k
0.013378556,0.00893859,rna6k
-3.093575e-05,-0.0018648332,rna6k
0.011547454,0.008912481,rna6k
0.0021585189,0.004782086,rna6k
0.00062060315,0.0007398652,rna6k
-0.026706766,0.01144176,rna6k
0.0020071906,0.005066588,rna6k
-0.0059098285,-0.012687513,rna6k
0.002416518,-0.0046855416,rna6k
0.008973117,0.011580275,rna6k
-0.04502379,0.020087028,rna6k
0.035840712,-0.015923275,rna6k
0.002758908,0.006898247,rna6k
0.029864013,-0.015058868,rna6k
0.003044753,0.011535376,rna6k
0.01901541,-0.014057197,rna6k
0.008015947,0.004647545,rna6k
0.033141334,-0.014461669,rna6k
0.004773585,3.616306e-05,rna6k
-0.032386918,0.01316294,rna6k
0.03270629,-0.016864246,rna6k
0.0025948074,0.0059352317,rna6k
0.0023183117,0.0044684475,rna6k
0.0013753016,0.0041471445,rna6k
-0.007195712,-0.014944885,rna6k
0.0052814246,-0.008681609,rna6k
-0.025833942,0.033959605,rna6k
0.0029558348,0.0072262404,rna6k
-0.011930747,-0.02187335,rna6k
0.00026973707,0.008274037,rna6k
0.0011184221,-0.003896934,rna6k
-0.0024260175,-0.008498801,rna6k
0.033293195,-0.01662868,rna6k
-0.028659018,-0.05655118,rna6k
5.689055e-05,-0.006749654,rna6k
0.01541962,0.013805198,rna6k
-0.024955783,0.003520637,rna6k
0.0089564705,0.004474156,rna6k
0.0329225,-0.016984306,rna6k
-0.042916294,0.019311322,rna6k
-0.0023020613,-0.009550194,rna6k
-0.002126129,-0.008327998,rna6k
0.0035335121,0.0075228126,rna6k
0.002516131,0.0076083313,rna6k
0.007170584,0.011164928,rna6k
0.00701333,0.004076818,rna6k
-0.02212589,-0.022166906,rna6k
0.010967954,-0.0073770257,rna6k
-0.0007070394,0.008852853,rna6k
-0.008235963,0.016434675,rna6k
-0.028804252,0.012115749,rna6k
0.037193283,-0.017157998,rna6k
-0.020729877,0.00665659,rna6k
0.030706853,-0.016058313,rna6k
-0.0042158253,0.012091111,rna6k
-0.029865889,-0.038959388,rna6k
0.002624155,-0.0025927948,rna6k
0.013757005,0.022645429,rna6k
0.0021796243,0.0050263866,rna6k
0.00522891,0.0099629415,rna6k
0.015455373,0.024551071,rna6k
0.0010011954,-0.0033442264,rna6k
-0.023228586,0.0018698066,rna6k
-0.0016625472,-0.0046621365,rna6k
0.012921672,0.0130936485,rna6k
0.01254418,0.013146433,rna6k
0.026954701,-0.03578174,rna6k
0.014853896,0.024121443,rna6k
-0.010772964,-0.0076991096,rna6k
0.03589072,-0.017443586,rna6k
0.0042260243,0.013189523,rna6k
0.010467591,-0.008340235,rna6k
-0.025538756,0.0028997965,rna6k
-0.025041383,-0.025139544,rna6k
-0.02792478,-0.029777434,rna6k
0.009454896,0.0039646784,rna6k
-0.040335733,0.03277667,rna6k
-0.013046991,-0.031217782,rna6k
0.039638206,-0.02062013,rna6k
-0.013738162,0.018944275,rna6k
0.011647402,0.011215014,rna6k
0.0069507947,0.00025758904,rna6k
-0.027709572,-0.028117264,rna6k
0.01581054,0.011093499,rna6k
0.011333647,-0.009672666,rna6k
-0.010658176,0.0017858075,rna6k
0.015535193,0.0127153825,rna6k
0.01919644,-0.011260808,rna6k
0.004498971,-0.006474135,rna6k
-0.02514799,-0.030259905,rna6k
0.003260197,0.0073388205,rna6k
-0.028693955,-0.030877465,rna6k
0.00067810196,0.0016408092,rna6k
-0.00019913359,-0.0024907885,rna6k
-0.0031649584,-0.0140741225,rna6k
0.0013352665,-0.0013925065,rna6k
0.000994013,0.00014963672,rna6k
0.0005221392,0.0008162058,rna6k
0.0039867577,0.00059756037,rna6k
0.0016561364,0.0030892917,rna6k
0.027806548,-0.0129720075,rna6k
-0.017745053,0.005644058,rna6k
0.026723322,-0.011606738,rna6k
0.01241654,0.007921894,rna6k
-0.007201579,-0.0027531076,rna6k
0.011426934,0.010329773,rna6k
0.031366885,-0.014963839,rna6k
0.035755135,-0.016271705,rna6k
0.025168905,-0.013634421,rna6k
0.037603702,-0.019391755,rna6k
-6.443882e-05,-0.0007421689,rna6k
0.00965332,0.0065238886,rna6k
0.008795329,-0.00223313,rna6k
-0.015729627,-0.017130269,rna6k
-0.03300121,0.013314969,rna6k
0.040186953,-0.016600475,rna6k
-0.021220258,-0.026292957,rna6k
0.0077897874,-0.003096588,rna6k
-0.024844673,-0.024753701,rna6k
0.025990298,-0.0056303795,rna6k
0.014952675,-0.0074513364,rna6k
-0.02415498,0.016689649,rna6k
0.020950042,-0.01663506,rna6k
-0.018716207,-0.022850072,rna6k
0.009854447,0.008875452,rna6k
0.012488355,0.00998155,rna6k
0.008998379,0.008760671,rna6k
0.009200519,-0.009592944,rna6k
0.0018396177,-0.0005625284,rna6k
-0.0019700313,-0.008182289,rna6k
-0.008678649,0.0016842589,rna6k
0.019954357,0.028976893,rna6k
-0.0075685387,-0.0028431744,rna6k
0.0141830845,0.010292537,rna6k
-0.020164223,0.0006072243,rna6k
-0.030104171,-0.034220584,rna6k
-0.02252879,0.0032241258,rna6k
0.0045843264,0.0022777058,rna6k
0.008963687,-0.0065625827,rna6k
-0.035805184,0.016975384,rna6k
0.0009652948,0.0041234693,rna6k
0.0013228012,0.003620546,rna6k
-0.0013193969,-0.006278087,rna6k
-0.017575491,-0.014960429,rna6k
-0.043022316,0.021296531,rna6k
0.0021419895,0.005221509,rna6k
0.014972249,0.010618208,rna6k
0.009708092,0.005161963,rna6k
-0.027577735,0.034451477,rna6k
-0.0008663083,-0.0023502393,rna6k
0.002154083,-0.00018704009,rna6k
0.03233367,-0.012327285,rna6k
0.014566614,0.005602576,rna6k
-0.022656422,-0.033550605,rna6k
-0.0011133502,-0.0027998176,rna6k
0.0019830102,0.0051536327,rna6k
-0.0003162124,-4.1011983e-05,rna6k
-0.010701657,0.00041550698,rna6k
0.012075146,0.008803544,rna6k
0.03601923,-0.01579542,rna6k
0.0044341,0.006558397,rna6k
0.008952772,-0.0036077811,rna6k
-0.039455906,0.017256415,rna6k
0.020738488,0.03120415,rna6k
0.013279066,0.012836981,rna6k
0.0017031507,0.00018157558,rna6k
0.0018005478,0.004494779,rna6k
0.0057492573,-0.0060200137,rna6k
-0.01496392,-0.0010231041,rna6k
-0.031037359,0.012504313,rna6k
0.00026185322,0.0013221495,rna6k
0.0058797966,0.008640595,rna6k
0.0027255688,0.010488795,rna6k
-0.005162178,0.013260416,rna6k
0.0009974601,0.0018860531,rna6k
0.0026313502,0.0024103827,rna6k
-0.03667564,0.015413601,rna6k
-0.0016531975,-0.0048480183,rna6k
-0.00050890085,-0.00606946,rna6k
-0.020901036,0.025058776,rna6k
0.017050572,-0.010138306,rna6k
-0.014141895,0.0037392052,rna6k
-0.025507368,-0.0214716,rna6k
0.019397918,-0.013766161,rna6k
-0.035543162,0.038974255,rna6k
0.04292243,-0.018499555,rna6k
0.0048113703,0.009962115,rna6k
-0.0004748069,-0.0023756349,rna6k
0.028943976,-0.013823508,rna6k
-0.0278784,-0.029200118,rna6k
0.003087663,-0.002016637,rna6k
0.045811094,-0.021578949,rna6k
0.008953458,-0.010008261,rna6k
-0.023379913,-0.027895516,rna6k
0.001522512,0.0031079985,rna6k
0.013278535,0.01217532,rna6k
-0.041215904,0.018856844,rna6k
0.014706004,0.012046902,rna6k
0.041416865,-0.017815156,rna6k
-0.00701243,0.01986147,rna6k
-0.0040018633,0.011057733,rna6k
0.004597603,-0.0015992502,rna6k
-0.03277448,-0.048276924,rna6k
0.00014151976,-0.0024815872,rna6k
0.0029432583,0.01025187,rna6k
0.007853098,-0.008132576,rna6k
-0.015580605,-0.0121728135,rna6k
0.00792594,0.0070239576,rna6k
-0.006208279,-0.00017525945,rna6k
-0.029163323,0.011744111,rna6k
-0.0011246895,-0.0032054514,rna6k
0.008951838,0.0040874192,rna6k
-0.007113515,-0.0041088276,rna6k
0.01126088,0.01997207,rna6k
-0.00075262884,-0.0017202231,rna6k
0.007279374,0.005131047,rna6k
0.013763508,-0.012510433,rna6k
0.0005949155,-3.0579115e-05,rna6k
0.022735398,-0.014324981,rna6k
0.0012627786,0.0020167055,rna6k
0.012564485,0.006716715,rna6k
-0.0005353231,-0.0002352682,rna6k
0.0019542314,-0.00033738444,rna6k
-0.010270562,0.0021238772,rna6k
0.0022296116,0.00822649,rna6k
-0.03049885,0.0070428583,rna6k
-8.096012e-05,0.010804483,rna6k
0.0097316485,0.00967007,rna6k
-0.03340217,-0.05074929,rna6k
0.0024401455,0.003456781,rna6k
-0.032474272,0.014801981,rna6k
0.0020854643,0.007659302,rna6k
0.041446995,-0.017188044,rna6k
0.0006544875,0.009804934,rna6k
0.00091144076,0.0011377756,rna6k
-0.022484466,0.0053935116,rna6k
0.009382911,-0.005997273,rna6k
0.0090770135,0.010796025,rna6k
0.0019516617,0.006652594,rna6k
0.0015377902,0.0046518818,rna6k
0.011680877,0.008823461,rna6k
0.04614316,-0.019320386,rna6k
-0.00068651215,-0.0013148005,rna6k
0.0033195128,-0.0069649373,rna6k
0.0017289968,0.005913558,rna6k
-0.04925145,0.020666573,rna6k
0.0019430907,0.0037542442,rna6k
-0.029587638,-0.044592734,rna6k
0.010475678,0.005968611,rna6k
0.015665755,-0.011152412,rna6k
-0.016304199,0.004675673,rna6k
0.008399459,0.004765803,rna6k
0.00033918838,-0.0026350562,rna6k
0.008492007,-0.0020327696,rna6k
0.0045640254,-0.002715709,rna6k
-0.026566852,0.004359063,rna6k
0.012716857,0.0077175936,rna6k
0.012883704,0.011463809,rna6k
-0.006676406,-0.0037088015,rna6k
0.029719269,-0.013979652,rna6k
0.012558259,-0.009537847,rna6k
0.007330937,0.008999361,rna6k
0.0018392684,0.0044770613,rna6k
0.011705611,0.007669829,rna6k
-0.032870397,0.03337738,rna6k
-0.026475342,-0.030166289,rna6k
0.0017654019,0.0055474816,rna6k
-0.029376531,-0.029269444,rna6k
-0.041829433,0.018666115,rna6k
0.0011412672,0.0030827112,rna6k
0.022719167,-0.010989173,rna6k
0.015726464,0.01171608,rna6k
0.0011960815,0.002452859,rna6k
-0.0179041,-0.0142927645,rna6k
0.0014210284,0.00422561,rna6k
0.0053618257,0.009659512,rna6k
0.0059830295,0.006368656,rna6k
0.008213266,0.007020007,rna6k
-0.001890596,-0.0060006785,rna6k
0.009801056,-0.011611797,rna6k
0.014118543,0.006131171,rna6k
0.0134669505,0.012645435,rna6k
0.0020853623,0.005163686,rna6k
-0.024519011,-0.0249376,rna6k
0.026367389,-0.007805872,rna6k
-0.0065958826,-0.012875957,rna6k
0.044035386,-0.019207139,rna6k
-0.002184098,0.011588871,rna6k
0.0018313158,0.0035372986,rna6k
0.012742604,0.011720693,rna6k
-0.00021422164,-0.0025756708,rna6k
0.010893,0.0061531714,rna6k
-0.00020162681,0.00019957624,rna6k
-0.024577606,-0.025550572,rna6k
0.01569488,0.011027127,rna6k
0.0014399436,0.006059036,rna6k
-0.024649005,-0.026353681,rna6k
0.04538178,-0.020854264,rna6k
-0.041799117,0.018280126,rna6k
0.03431954,-0.014863022,rna6k
0.021261273,-0.012632306,rna6k
0.04326379,-0.018227054,rna6k
-0.010424803,-0.00031286685,rna6k
0.00195814,-0.0071721543,rna6k
-0.002905899,-0.012694251,rna6k
-0.011490725,0.0011777981,rna6k
0.0109731555,0.0068904595,rna6k
-0.0011519227,-0.0056709163,rna6k
0.0015815231,0.0055965097,rna6k
0.0012022154,0.0040229787,rna6k
0.003520464,0.0063094194,rna6k
-0.024937205,0.0018053636,rna6k
0.0121603245,0.009508531,rna6k
-0.02418666,-0.037560593,rna6k
0.0019750972,0.006583548,rna6k
0.0020766961,0.007103401,rna6k
0.0053983093,0.0009688835,rna6k
0.035959512,-0.016871491,rna6k
0.014615749,0.010040191,rna6k
-0.022693116,-0.026826933,rna6k
0.0027080216,0.011630083,rna6k
-0.026570939,0.010812821,rna6k
0.03805427,-0.018290402,rna6k
0.006879383,0.0107811,rna6k
-0.0060983463,0.01652947,rna6k
0.0052730567,-0.008177929,rna6k
-0.00039832492,-0.0009171879,rna6k
0.02845748,-0.017598335,rna6k
-0.00684165,-0.023615655,rna6k
-0.033074137,0.014914747,rna6k
0.0029766385,0.012762296,rna6k
-0.024435889,-0.02799833,rna6k
0.0010832243,0.0037809268,rna6k
-0.027447004,0.010324152,rna6k
0.0026556104,0.0058345897,rna6k
-0.019685734,-0.001549533,rna6k
-0.0003639356,-0.0014685157,rna6k
-0.0007355988,-0.0013455385,rna6k
0.0032035427,0.00867604,rna6k
-0.018421536,0.018476887,rna6k
0.0011588533,8.998248e-05,rna6k
0.035869163,-0.017314775,rna6k
-0.031767696,0.006897257,rna6k
0.034706164,-0.018859958,rna6k
0.0038993289,-0.007488977,rna6k
0.013586668,0.01072381,rna6k
0.035573997,-0.017046722,rna6k
-0.0021408687,-0.0001540427,rna6k
0.014620076,0.029426498,rna6k
0.0019325515,0.0015871535,rna6k
0.0011042536,0.0009798519,rna6k
-0.0047835577,0.0009678168,rna6k
0.002505816,0.006312473,rna6k
-0.002891657,-0.012652412,rna6k
0.0023777774,0.004600586,rna6k
-0.0058865235,0.0018096616,rna6k
-0.019962842,-0.0008877435,rna6k
0.0020184477,-0.0035349107,rna6k
0.0009419196,0.0012505079,rna6k
0.013930582,-0.0122664105,rna6k
0.0027747445,0.0059407325,rna6k
0.00081708754,0.0016444755,rna6k
-0.031683344,0.037602395,rna6k
0.0012638309,0.0034516624,rna6k
0.010562009,0.0062440224,rna6k
0.021523464,0.031914316,rna6k
0.006646287,-0.0057402155,rna6k
-0.040429026,0.017642247,rna6k
0.0057308776,0.0009389577,rna6k
0.012157293,-0.007158109,rna6k
0.001652272,0.006082117,rna6k
-0.0011962564,-0.0029949863,rna6k
0.0030384497,0.011169321,rna6k
0.03982514,-0.019330641,rna6k
0.0014306895,0.0050292364,rna6k
0.045320638,-0.021412386,rna6k
0.0025833282,0.0035986954,rna6k
0.00267598,0.011327238,rna6k
-0.016472014,-0.023471737,rna6k
0.04657055,-0.020011133,rna6k
0.02964288,-0.016634315,rna6k
-0.005909291,-0.00078912673,rna6k
-0.0023423003,-0.009406659,rna6k
-9.063189e-05,0.0005801669,rna6k
0.021294808,-0.009761618,rna6k
0.040882993,-0.017366067,rna6k
0.009642951,-0.007147376,rna6k
0.0044734864,-0.002773386,rna6k
-0.029967763,0.036206383,rna6k
0.002456781,-0.0006271988,rna6k
0.004095279,0.00675309,rna6k
-0.00893058,-0.016582914,rna6k
-0.0009825579,-0.0021662654,rna6k
-0.0032969534,-0.00211668,rna6k
-0.025376529,-0.027222414,rna6k
-0.031177936,0.014424367,rna6k
0.0024448843,0.013084899,rna6k
-0.01895523,-0.023122497,rna6k
0.002527331,-0.004033192,rna6k
0.0032523822,0.007167967,rna6k
-0.004928753,0.015294748,rna6k
0.039605223,-0.01645568,rna6k
0.0073595825,0.0043963287,rna6k
-0.018513188,0.0053839176,rna6k
0.0126484465,0.0074892407,rna6k
0.010224602,0.006193068,rna6k
0.022767551,-0.0056416546,rna6k
0.0005704526,-0.0009996208,rna6k
-0.0017584184,-0.0028001433,rna6k
-0.030318439,0.036470957,rna6k
0.004450777,0.011236437,rna6k
0.036407363,-0.015977545,rna6k
0.017375091,0.026883874,rna6k
-0.01087213,-0.005872063,rna6k
-0.004804549,-0.0010289418,rna6k
0.022729464,-0.022399537,rna6k
0.013529271,0.010146563,rna6k
0.013278229,0.0003907858,rna6k
0.038856857,-0.017583858,rna6k
-0.019307246,0.0068126344,rna6k
-0.0021699164,-0.008196761,rna6k
0.0075943773,-7.4546464e-05,rna6k
0.02166494,-0.0005905529,rna6k
-0.011638191,0.0037592696,rna6k
0.014741146,0.012381653,rna6k
-0.033596028,-0.048678428,rna6k
-0.03358359,0.013433877,rna6k
0.0073368633,-0.007857543,rna6k
-0.0065033874,-0.012670175,rna6k
0.02249879,0.03185108,rna6k
0.001772337,0.0047047017,rna6k
0.011989362,-0.0118134245,rna6k
0.00039401453,-6.645225e-05,rna6k
0.00271511,-0.008198009,rna6k
0.043310113,-0.01917948,rna6k
0.036080405,-0.017747125,rna6k
0.00158835,0.0019851227,rna6k
-0.008342366,-0.02117244,rna6k
0.0040558036,5.3186113e-06,rna6k
0.0022351418,0.007886815,rna6k
0.0021946738,0.0071956217,rna6k
-0.03947719,0.01837605,rna6k
0.0063993568,0.004163253,rna6k
-0.0010136197,0.008774617,rna6k
-0.022312455,0.030975135,rna6k
-0.033670958,-0.05337665,rna6k
-0.0324512,0.03721484,rna6k
0.01972963,0.029766753,rna6k
0.003929313,0.0077290777,rna6k
-0.0034468067,-0.0021801193,rna6k
0.00062081864,-0.0017068249,rna6k
0.002013509,0.0023085936,rna6k
0.0020460878,0.010433868,rna6k
-0.015160865,0.005690709,rna6k
0.008301664,0.006949034,rna6k
-0.04635969,0.020474017,rna6k
0.02268708,0.030564722,rna6k
0.002248898,0.0037764672,rna6k
-0.021277342,-0.023446284,rna6k
-0.033571053,-0.038359497,rna6k
-0.032707483,0.007334276,rna6k
0.0013567741,0.0019061804,rna6k
0.013585585,0.011377833,rna6k
0.001171623,0.0040403362,rna6k
-0.032754093,0.013663842,rna6k
-0.00056999334,-0.00231607,rna6k
-0.0039971475,-0.004737376,rna6k
0.021605313,0.031960227,rna6k
-0.02897851,0.012051545,rna6k
-0.014268727,0.00378811,rna6k
0.0033045327,0.0064447788,rna6k
0.012192787,0.00820956,rna6k
-0.0007915709,0.0027896876,rna6k
0.0059675425,-0.0073825233,rna6k
0.00072041823,-0.0025487612,rna6k
-0.026794994,0.0027731434,rna6k
0.0016828368,0.0064346767,rna6k
0.0015584476,-0.0032897682,rna6k
-0.0070243296,0.019759513,rna6k
0.0006490184,-0.00017653592,rna6k
-0.001689929,0.012104214,rna6k
0.020833118,0.031025967,rna6k
-0.000541457,-0.0009103532,rna6k
0.0026905572,0.009047657,rna6k
-0.003181286,-0.009085431,rna6k
0.010104345,0.011766509,rna6k
0.0031107445,0.011604774,rna6k
-0.023138516,0.022469731,rna6k
-0.013905984,-0.02046597,rna6k
0.0008614668,0.0023369745,rna6k
0.0058892937,0.0072532147,rna6k
0.0077657527,0.01604183,rna6k
0.012300922,0.010181791,rna6k
-0.01175861,-0.022108596,rna6k
-0.0079470035,-0.0035403597,rna6k
0.0027400886,0.0057619484,rna6k
0.0010948058,-0.011410487,rna6k
-0.003055967,-0.003258755,rna6k
0.01895977,-0.012027853,rna6k
-0.014282469,-0.012952036,rna6k
-0.0277072,-0.026821243,rna6k
0.016070802,-0.010979724,rna6k
0.0021319776,-0.0023050704,rna6k
0.01644178,0.002843957,rna6k
-0.00027159523,-0.002623637,rna6k
0.0020242436,0.0008508802,rna6k
-0.00026041648,-0.0011038249,rna6k
-0.01937004,0.0014794116,rna6k
-0.030733958,0.006981408,rna6k
0.0017346038,0.005265772,rna6k
0.0026698955,0.008924626,rna6k
0.002488052,0.006651685,rna6k
0.016255472,-0.012305733,rna6k
0.0041053835,0.011833434,rna6k
-0.023761299,0.0071669277,rna6k
0.038872,-0.01732939,rna6k
-0.030515369,0.012840302,rna6k
1.5896358e-05,-0.00239197,rna6k
-0.026698846,0.030118048,rna6k
0.030222613,-0.01586916,rna6k
0.01563164,0.010113824,rna6k
-0.0017753455,-0.005851161,rna6k
-0.039342318,0.01689941,rna6k
0.0008444331,0.00020632405,rna6k
-0.00036275777,-0.0002371924,rna6k
-0.021548122,0.0015762419,rna6k
0.00078860554,0.0028926218,rna6k
-0.011670913,-0.012067451,rna6k
0.01036485,0.012995034,rna6k
0.034567732,-0.01653149,rna6k
0.012764045,0.009872745,rna6k
0.003473194,0.01237216,rna6k
-0.0010381958,-0.0021872662,rna6k
0.00065320084,-0.0028801803,rna6k
0.0010015499,-0.0024770203,rna6k
-0.020970246,-0.02542923,rna6k
0.0026164453,0.010121496,rna6k
0.00501999,0.0038021712,rna6k
-0.023015674,-0.025810504,rna6k
-0.01741002,0.0058547435,rna6k
-0.027650638,-0.026913922,rna6k
0.009711461,0.007251145,rna6k
0.0059556128,0.016779045,rna6k
0.04425635,-0.018807154,rna6k
0.02032928,0.030241018,rna6k
-0.035128735,0.014995711,rna6k
0.033682298,-0.028764421,rna6k
7.2633535e-05,-0.0016940185,rna6k
0.048497003,-0.020989204,rna6k
0.033921935,-0.017549342,rna6k
-0.0006077563,0.0070921876,rna6k
0.001515234,0.004857436,rna6k
0.0037534356,0.01017698,rna6k
-0.0011078902,-0.0028227589,rna6k
-0.01838394,0.004804097,rna6k
0.0027530587,0.0057256036,rna6k
0.013745604,0.013227715,rna6k
-0.0021964647,-0.0071349344,rna6k
-0.03088878,0.012701259,rna6k
0.011534164,0.008255607,rna6k
-0.036290463,-0.045944437,rna6k
-0.026847325,0.011233846,rna6k
0.0042759045,0.0077901636,rna6k
0.001759012,0.0062027085,rna6k
0.01713903,0.026980018,rna6k
-0.012271261,-0.017760396,rna6k
0.0024907624,0.009991913,rna6k
-0.035822105,-0.046010096,rna6k
-0.010206951,0.019346302,rna6k
0.0010887043,0.00079972035,rna6k
0.0142944,0.009012824,rna6k
0.0011195838,0.0013585887,rna6k
-0.030859122,0.0068544373,rna6k
0.0006728472,-0.0027423762,rna6k
-0.021334574,0.00011796373,rna6k
-0.002360382,-0.01004127,rna6k
0.030665461,-0.013634215,rna6k
0.033231482,-0.023655294,rna6k
-0.03341628,0.015507507,rna6k
0.0008200915,0.009719799,rna6k
0.008169378,0.0050808634,rna6k
-0.0019409007,0.01135493,rna6k
-0.03331385,0.015275485,rna6k
0.013515602,0.010151303,rna6k
0.0007504961,0.0022064724,rna6k
-0.0021716699,-0.01082668,rna6k
0.0005605558,0.0006620184,rna6k
0.045209073,-0.020212073,rna6k
-0.015355036,0.023753455,rna6k
0.0038605148,-0.0020255635,rna6k
-0.0021247854,-0.010581426,rna6k
-0.012783165,-0.020412512,rna6k
-0.007186078,-0.0023188975,rna6k
-0.03293541,0.0062497854,rna6k
-0.010743036,0.017191935,rna6k
0.008858092,-0.013242716,rna6k
0.0013597945,0.0019313127,rna6k
0.0003953688,0.008005171,rna6k
0.0061977776,-0.0044268183,rna6k
0.01035801,0.006768543,rna6k
0.0018419287,0.0031784761,rna6k
-0.031175097,0.0054404265,rna6k
0.0011709484,-0.00025994997,rna6k
0.0011857799,0.0035812757,rna6k
0.0084315855,0.011907007,rna6k
-0.023309147,-0.021924762,rna6k
0.0021870777,0.005705047,rna6k
-0.015232712,0.02250473,rna6k
0.012742017,0.0075740214,rna6k
-0.0012419475,-0.0034971258,rna6k
0.0026013367,0.009606727,rna6k
-0.016816443,0.019603694,rna6k
-0.02701367,-0.028084,rna6k
-0.025789794,0.011534829,rna6k
-0.012751317,-0.01909703,rna6k
0.0028662109,-0.0059616193,rna6k
0.013414555,0.010764275,rna6k
0.0073705004,0.007472959,rna6k
0.03017584,-0.0141905295,rna6k
0.0018448203,0.0039723953,rna6k
-0.01187158,-0.0023576976,rna6k
-0.020122936,0.0057001878,rna6k
0.008909428,0.013519,rna6k
0.042857055,-0.017878788,rna6k
0.01157912,0.008922962,rna6k
0.0047301217,0.011626488,rna6k
0.000435134,0.00209053,rna6k
-0.028336205,0.013542049,rna6k
-0.029030893,0.02866233,rna6k
0.0023496016,-0.0052887676,rna6k
0.028838152,-0.038449302,rna6k
0.0048029455,-0.0020278287,rna6k
-0.029780326,0.011325278,rna6k
-0.005238784,-0.0014490024,rna6k
0.0021558672,0.0065687373,rna6k
0.010696425,0.0028692447,rna6k
-0.011519701,-0.019493693,rna6k
0.021352781,-0.012078361,rna6k
0.0009053489,0.003368338,rna6k
0.0030842095,0.005273365,rna6k
-0.030785812,0.012113077,rna6k
0.010594363,0.0094866315,rna6k
0.031763554,-0.014946145,rna6k
-0.0011378626,-0.0024427855,rna6k
0.033969313,-0.010717654,rna6k
-0.035065297,0.014663604,rna6k
0.012811993,0.009074995,rna6k
0.006177883,0.013788788,rna6k
0.002076773,0.0032544688,rna6k
-0.014650468,0.022210171,rna6k
0.001552624,0.0010753098,rna6k
-0.012204769,0.0019897895,rna6k
0.0018062388,0.0065788715,rna6k
0.012908149,0.010036254,rna6k
-0.017130166,0.0046804957,rna6k
0.027739303,-0.014794777,rna6k
-0.0021604905,-0.012364876,rna6k
0.010084575,0.017193036,rna6k
0.0029520513,0.011522583,rna6k
-0.0025952563,-0.0091907075,rna6k
-0.027073396,0.0064059,rna6k
0.0019660338,0.009199544,rna6k
0.00069177826,-0.0008534173,rna6k
-0.014682441,0.0029684694,rna6k
-0.01377694,-0.024763184,rna6k
-0.0045255055,-0.012176456,rna6k
0.048104905,-0.021995716,rna6k
0.0026941297,0.011062079,rna6k
0.0006936203,-0.00064445875,rna6k
-0.025044307,-0.02777907,rna6k
-0.00037499415,0.001518993,rna6k
-0.0059701446,-0.012730876,rna6k
-0.012537079,-0.0037658839,rna6k
-0.018047765,0.0044228644,rna6k
0.04098753,-0.0182264,rna6k
0.00078805885,0.0009526117,rna6k
0.008024465,0.0054381946,rna6k
-0.025140788,0.012434424,rna6k
-0.015316234,-0.012020645,rna6k
0.00024194902,-0.0005796723,rna6k
0.014084169,0.022946952,rna6k
-0.00065642677,0.008118581,rna6k
0.00057654,-0.0007321211,rna6k
-0.0027072926,-0.001841254,rna6k
0.009417464,0.008528879,rna6k
-0.02646092,-0.028921256,rna6k
0.001828936,0.0035100095,rna6k
0.013679291,0.007756555,rna6k
0.016166996,-0.007391421,rna6k
-0.0013502605,-0.0045612585,rna6k
-0.0013103945,-0.0051922956,rna6k
0.001786792,0.005786406,rna6k
-0.021240013,0.00916879,rna6k
0.0016579905,-0.003150096,rna6k
-0.034396168,0.015501168,rna6k
-0.00049841,-0.0009053323,rna6k
0.012907435,0.009965966,rna6k
-0.015494248,-0.013079903,rna6k
0.04906797,-0.022784362,rna6k
-0.01046025,-0.017747741,rna6k
-0.0076536206,-0.00047441333,rna6k
0.0011980536,0.0034178826,rna6k
0.009558164,0.004589992,rna6k
0.016135527,-0.016022082,rna6k
0.018365208,-0.0110508725,rna6k
0.00892234,0.022154545,rna6k
0.0061296686,0.0022658897,rna6k
0.0040216395,0.0071077705,rna6k
0.0012042912,0.0025331953,rna6k
-0.02053853,0.009663259,rna6k
0.008911817,0.003780781,rna6k
-0.025484975,-0.025373107,rna6k
0.0011605415,-0.0011827017,rna6k
0.011510378,0.0068143806,rna6k
0.011062218,0.0021903785,rna6k
-0.0012702226,-0.003539519,rna6k
-0.014246435,-0.020648511,rna6k
0.002744686,0.010571763,rna6k
0.0051385816,-0.0067714113,rna6k
-0.021875514,-0.027203364,rna6k
-0.016278608,0.00784849,rna6k
0.0018764242,0.0072744717,rna6k
-0.028012736,-0.038431983,rna6k
0.046305973,-0.021359645,rna6k
0.0015235726,0.005447311,rna6k
0.01679223,0.026195128,rna6k
-4.2764634e-05,-0.0028599484,rna6k
-0.034650736,0.027686093,rna6k
-0.036686875,0.015199495,rna6k
-0.023948627,0.010238812,rna6k
-0.0065904106,-0.0037452045,rna6k
0.02979959,-0.015092992,rna6k
-0.01382603,-0.019274754,rna6k
0.028370453,-0.010482278,rna6k
-0.0024935652,0.008867659,rna6k
0.0016293788,0.00093667273,rna6k
-0.039657798,0.018222129,rna6k
-0.011543829,0.0015056683,rna6k
0.035868566,-0.015978558,rna6k
-0.010157727,0.004298468,rna6k
0.016585985,-0.022091318,rna6k
0.0013595674,-0.00041080717,rna6k
0.0011553009,0.0038343002,rna6k
0.008860099,0.0072658164,rna6k
-0.0010380946,-0.0025725476,rna6k
-0.042333674,0.019119328,rna6k
0.0027896604,0.002197392,rna6k
-0.025993189,-0.02713511,rna6k
-0.037908927,0.01733506,rna6k
0.0024596022,0.008333684,rna6k
0.039548513,-0.017136212,rna6k
-0.02839647,-0.031183204,rna6k
-0.01486415,0.004830954,rna6k
0.0024450491,-0.0052014454,rna6k
0.0035845086,0.00563312,rna6k
0.04019346,-0.017128527,rna6k
0.005351919,0.00083493826,rna6k
0.0075106383,0.0011137758,rna6k
-0.043262843,0.021045232,rna6k
-0.00025621886,-0.003044136,rna6k
0.014080092,0.010198647,rna6k
-0.00041161978,-0.00053451513,rna6k
0.001354949,-0.0043354556,rna6k
0.0029513217,0.005495298,rna6k
0.00032245004,-0.002691637,rna6k
0.014922383,0.024340168,rna6k
0.002498724,0.01090245,rna6k
0.017459689,0.0022323804,rna6k
-0.0009954929,-0.0024176466,rna6k
-0.0107066985,0.0016035447,rna6k
0.014015769,0.009455649,rna6k
0.002893418,0.008737141,rna6k
-0.017175972,-0.0015149892,rna6k
-0.006005658,0.0015586815,rna6k
0.027386589,-0.023762042,rna6k
0.00076578825,0.0017154068,rna6k
0.0031200985,0.010778623,rna6k
0.0018869897,0.0129095055,rna6k
0.037776012,-0.01092407,rna6k
-0.028238598,-0.028299406,rna6k
0.03003225,-0.013825398,rna6k
0.001767056,0.008379475,rna6k
0.0033939725,0.00787461,rna6k
-0.028540105,-0.027870167,rna6k
0.011826493,0.007902563,rna6k
0.0034875488,0.008426941,rna6k
0.001153164,0.0030037442,rna6k
0.0059493417,0.012324781,rna6k
-0.03718222,0.015970534,rna6k
-0.026129229,0.009790444,rna6k
0.011431976,0.010292515,rna6k
0.0011839628,0.0010378518,rna6k
0.004375945,0.007615427,rna6k
0.02058428,-0.008937125,rna6k
-0.0351029,0.009562923,rna6k
-0.00020119101,-6.3732305e-06,rna6k
0.039438434,-0.01712256,rna6k
-0.0019710516,-0.00020215046,rna6k
0.034129158,-0.01734837,rna6k
0.0036613452,0.011723176,rna6k
0.021233661,0.031880196,rna6k
0.0073272805,0.009389299,rna6k
-0.031514864,0.006816311,rna6k
-0.015243505,0.0036955092,rna6k
0.011029838,-0.010815182,rna6k
0.0023260957,0.0051158248,rna6k
-0.044041205,0.019250141,rna6k
-0.027516166,-0.02785659,rna6k
0.013913844,0.011109326,rna6k
0.017667398,0.026840676,rna6k
-0.0018067881,-0.0019476425,rna6k
0.019828754,0.028817872,rna6k
-0.0011394633,-0.004059619,rna6k
-0.01935176,0.007491229,rna6k
-0.002628769,-0.007467724,rna6k
-0.021744953,-0.01958351,rna6k
-0.0074365498,-0.00067822245,rna6k
-0.015002919,-0.0016463498,rna6k
0.021958994,0.031450145,rna6k
0.0021288234,-0.003533796,rna6k
-0.030692251,0.0046550436,rna6k
0.02502036,-0.011117334,rna6k
0.0007994226,0.0013226987,rna6k
-0.034765817,0.040223926,rna6k
0.0030967689,-0.007078672,rna6k
-0.008765861,-0.020699484,rna6k
-0.03981769,0.017713929,rna6k
0.0007548914,-0.0021557468,rna6k
0.010771353,0.0054867924,rna6k
0.0011480531,0.003613876,rna6k
-0.033535406,0.008438066,rna6k
-0.026857171,0.009508233,rna6k
0.023432896,-0.0114338705,rna6k
-0.008061606,0.01737865,rna6k
0.0006569953,0.001588864,rna6k
0.0018852189,0.0014531817,rna6k
0.0017685466,0.00632936,rna6k
0.01141662,0.0026019427,rna6k
-0.029284555,-0.028791672,rna6k
-0.036829785,0.018723773,rna6k
4.4335728e-05,-0.0065518697,rna6k
0.0014346188,0.00055852055,rna6k
-0.0020224857,-0.006384547,rna6k
-0.008688791,0.0024009652,rna6k
0.0005149106,0.00059995276,rna6k
0.0039908807,-0.0068589593,rna6k
0.013893771,0.00851599,rna6k
0.00042932038,-0.0085400315,rna6k
0.021551508,0.029825827,rna6k
-0.019482052,-0.026590584,rna6k
-0.00091884163,-0.0021403497,rna6k
0.0013944219,0.0032236353,rna6k
0.0020946083,0.007149864,rna6k
-0.00040512343,-0.0103441635,rna6k
0.014933602,0.01219908,rna6k
7.692449e-05,-0.0020547989,rna6k
-0.00021589563,-0.001664363,rna6k
0.034944657,-0.018039959,rna6k
-0.022533821,-0.02468861,rna6k
0.013657853,0.010326657,rna6k
0.0024012579,0.0081838835,rna6k
-0.017851897,-0.018328732,rna6k
0.0016082923,0.0024034774,rna6k
0.00210547,0.002898598,rna6k
0.0012975958,0.0022921213,rna6k
0.037357975,-0.01659894,rna6k
0.014866537,0.012944855,rna6k
-0.03352242,0.013435498,rna6k
0.002489997,0.0098451795,rna6k
0.0045010853,0.001323847,rna6k
0.023794567,-0.011222927,rna6k
-0.0009769478,-0.0018371866,rna6k
-0.028105462,-0.029998012,rna6k
0.037950855,-0.016863242,rna6k
-0.010935206,-0.023383887,rna6k
-0.05013722,0.022348847,rna6k
-0.0019115245,-0.007291035,rna6k
-0.0033503233,-0.013552744,rna6k
0.00846412,-0.0435081,rna6k
-0.012563781,0.0013111448,rna6k
0.017120067,-0.011680482,rna6k
0.0018979532,-0.0068886764,rna6k
-0.019937422,0.009722677,rna6k
0.002180338,-0.007825304,rna6k
-0.00023671458,-0.0052154595,rna6k
-0.0028566131,-0.012182868,rna6k
0.009127293,0.005178004,rna6k
0.0092254,0.0032609575,rna6k
0.031521983,-0.018189203,rna6k
0.0030384564,0.011251085,rna6k
-0.0019579423,-0.009143953,rna6k
0.0030318226,0.011571561,rna6k
0.0049859113,0.010003975,rna6k
0.01958889,0.029788515,rna6k
-0.0211892,-0.018422175,rna6k
0.003146781,0.010239427,rna6k
-0.0005622631,-0.000812425,rna6k
0.0023767254,0.009406088,rna6k
0.0016046982,0.0027914518,rna6k
-0.026849288,0.012440075,rna6k
-0.021503886,0.02765914,rna6k
-0.010750197,-0.016662614,rna6k
-0.023093646,0.008044475,rna6k
0.012118186,-0.0202292,rna6k
-0.040295325,0.018349903,rna6k
0.014458886,0.010815136,rna6k
0.025486864,-0.0076064914,rna6k
0.007237636,0.002135216,rna6k
0.015008165,0.011536344,rna6k
0.004766124,0.010722328,rna6k
-0.04302993,0.019165313,rna6k
-0.02065454,-0.00673347,rna6k
0.00858958,0.0012492123,rna6k
0.0026006391,0.00926732,rna6k
0.010752904,0.011849075,rna6k
0.0025087646,0.0045848764,rna6k
0.04344945,-0.019274235,rna6k
0.032202553,-0.013069591,rna6k
-0.019012664,0.02738298,rna6k
0.012646606,0.010829942,rna6k
-0.021287717,0.027574828,rna6k
-0.005301367,0.00020556929,rna6k
0.0119528,0.012196273,rna6k
0.009270338,0.006136141,rna6k
0.008147918,0.017055389,rna6k
-0.030116718,0.004917779,rna6k
-0.0023354446,-0.008085622,rna6k
-0.0034683878,-0.011211705,rna6k
0.040062867,-0.01981182,rna6k
0.015752936,0.025758019,rna6k
0.0028435222,0.002650201,rna6k
0.0013402004,0.0047391234,rna6k
-0.02552056,-0.023018848,rna6k
0.0429147,-0.018777117,rna6k
-0.014265463,-0.019146305,rna6k
0.0042255926,-0.010825497,rna6k
-0.011234435,-0.018296776,rna6k
-0.025898838,-0.028071236,rna6k
0.0049669216,0.009704953,rna6k
-0.0027849346,-0.010803349,rna6k
-0.002181087,-0.004292392,rna6k
-0.001591587,-0.004437753,rna6k
0.0043109735,0.014851236,rna6k
0.015435642,0.012378247,rna6k
-0.016034564,-0.019551923,rna6k
0.0035857689,0.011215542,rna6k
-0.021805543,-0.02087655,rna6k
0.0028281056,0.010803279,rna6k
-0.0283863,-0.029623946,rna6k
-0.003607048,-0.011984839,rna6k
0.005802918,0.0018287386,rna6k
-0.023820221,0.017429743,rna6k
-0.03285447,0.013204999,rna6k
0.009166343,-0.00750393,rna6k
0.00030955867,-0.00036394826,rna6k
0.014151374,-0.012242412,rna6k
0.013186891,0.012458595,rna6k
-0.0016897542,-0.0047625736,rna6k
-0.00010558001,-0.0019392971,rna6k
-0.0035788636,-0.012524845,rna6k
0.03960604,-0.017675934,rna6k
-0.001626191,-0.004910083,rna6k
-0.011242892,-0.0038718788,rna6k
0.0014316685,0.000677021,rna6k
0.002104379,0.0038111715,rna6k
0.014043075,0.010735189,rna6k
-0.0010301558,-0.0038806193,rna6k
0.024878088,-0.010007394,rna6k
0.0022542656,0.007918934,rna6k
0.0030451785,-0.00035307882,rna6k
0.007035998,-0.0053042662,rna6k
0.00088561967,0.0021378533,rna6k
0.0014712753,0.0025243512,rna6k
0.0024927878,0.0064928224,rna6k
0.0048452816,0.0012778832,rna6k
-0.0007859137,-0.004678499,rna6k
-0.021644477,0.006239561,rna6k
-0.00824586,0.0009564968,rna6k
0.0022897155,0.004727488,rna6k
0.011738066,0.00719967,rna6k
0.012604291,0.008384576,rna6k
-0.025749447,0.011590674,rna6k
0.002530127,0.008037875,rna6k
0.003262698,0.0040285536,rna6k
-0.0026268752,-0.012008132,rna6k
-0.0074166767,0.013108792,rna6k
0.013821519,0.007874579,rna6k
-0.0011442621,-0.0050787306,rna6k
0.002345727,0.008315438,rna6k
0.014436102,0.010607919,rna6k
-0.011258363,0.0021014477,rna6k
-0.03091517,-0.04435385,rna6k
-0.006098752,-0.00016154272,rna6k
0.0030452088,0.012114178,rna6k
-0.00048335223,0.0090541765,rna6k
0.03734515,-0.019388622,rna6k
-0.00010073241,-0.0033200325,rna6k
0.0012196399,0.0021804657,rna6k
-0.015707634,-0.024755249,rna6k
0.0075659305,-0.0012172798,rna6k
0.0062537966,0.0071606576,rna6k
-0.024770824,-0.025594406,rna6k
0.013817915,0.00051058154,rna6k
0.0018031276,0.008462797,rna6k
-0.029110933,0.033469405,rna6k
0.0343886,-0.018167734,rna6k
-0.030118454,0.010390039,rna6k
-0.038862314,-0.026445178,rna6k
0.00067598996,-0.0040915865,rna6k
0.0003664456,-0.0026409195,rna6k
-0.0008534723,-0.0021801186,rna6k
0.005805372,-0.0010784569,rna6k
-0.030620024,-0.031692434,rna6k
0.003952361,0.008293283,rna6k
-0.00069152593,-0.0026582798,rna6k
-0.0007852729,-0.006083397,rna6k
0.0010392868,0.000502151,rna6k
-0.029337747,-0.04773872,rna6k
-0.03493955,0.03958668,rna6k
0.0008024207,0.0107866265,rna6k
0.038068797,-0.016806113,rna6k
0.014119219,0.01119029,rna6k
0.00128611,-0.00477919,rna6k
0.00711616,0.01632194,rna6k
-0.030496998,0.0042672013,rna6k
-0.0020706323,-0.0024315426,rna6k
0.0125524,0.007839158,rna6k
-0.018919218,0.007147171,rna6k
-0.027736152,0.00280747,rna6k
-0.019195529,-0.0038735773,rna6k
0.0006034496,0.0015861726,rna6k
-0.020851934,0.02734721,rna6k
-0.02644016,-0.027593376,rna6k
0.014597888,-0.008982588,rna6k
-0.033069257,-0.038352817,rna6k
0.009611154,0.010012508,rna6k
-0.007829804,-0.0017390104,rna6k
0.0036727835,0.00943798,rna6k
0.0008970127,-0.0023792156,rna6k
0.0027890122,0.009055116,rna6k
-8.9186266e-05,-0.0026079733,rna6k
0.013117173,-0.008205951,rna6k
0.0013393344,0.001703974,rna6k
0.0019095493,-0.00065124716,rna6k
0.0019680618,0.0058955196,rna6k
0.02275845,-0.012089143,rna6k
0.017992515,-0.0075362297,rna6k
0.0003455624,-0.0011858881,rna6k
-0.0015014674,-0.008363629,rna6k
0.003089504,0.011995037,rna6k
0.0488635,-0.021749716,rna6k
0.016190948,0.013077832,rna6k
0.013029895,0.010344847,rna6k
0.0024927952,0.008289974,rna6k
-0.0008093894,0.012876936,rna6k
0.031420223,-0.0165636,rna6k
-0.028907713,-0.031775597,rna6k
0.012113626,0.007975077,rna6k
0.0030519704,0.0035049,rna6k
-0.0007313835,-0.0048473943,rna6k
0.0027423527,0.0054351194,rna6k
0.0007325045,0.0021930572,rna6k
-0.002993817,-0.012683513,rna6k
0.00328318,0.006379309,rna6k
0.005238396,0.009935728,rna6k
0.004930926,0.004086239,rna6k
0.041568637,-0.021554437,rna6k
0.021124398,-0.003304843,rna6k
-0.0036810297,-0.002904404,rna6k
0.008663227,0.013196707,rna6k
0.0021953103,0.0041337027,rna6k
0.010762228,0.011088452,rna6k
0.0033876675,0.0101187425,rna6k
0.04021859,-0.017602488,rna6k
-0.025065714,0.008928212,rna6k
-0.021185089,0.026690712,rna6k
0.0011880685,0.002320178,rna6k
-0.0026228959,-0.0098896725,rna6k
-0.02157416,0.0040977215,rna6k
-0.0072190594,0.010025847,rna6k
0.04421056,-0.020251395,rna6k
0.027183391,-0.011440261,rna6k
-0.006814773,-0.004388506,rna6k
0.0113316225,0.01170243,rna6k
0.01543879,0.010984649,rna6k
0.00023543357,-0.0064391014,rna6k
0.0013608016,-0.0007219773,rna6k
-0.0018477794,-0.009819035,rna6k
0.0014778489,0.0099612605,rna6k
0.012238635,0.008397683,rna6k
-0.00336148,-0.011796032,rna6k
0.013798881,0.01056219,rna6k
0.0034803103,0.009685877,rna6k
0.026581043,-0.012889044,rna6k
0.045219086,-0.017947821,rna6k
0.0023804798,0.0018719878,rna6k
0.0048543746,0.0120226955,rna6k
-0.024767645,0.008710185,rna6k
0.0026604007,0.010917529,rna6k
0.002089794,-0.044829533,rna6k
-0.001073145,-0.0037277367,rna6k
0.014301451,0.009610549,rna6k
0.006688467,0.0055283983,rna6k
-0.019659309,-0.017363766,rna6k
-0.022284554,0.027966017,rna6k
0.0012121258,0.004194614,rna6k
0.007889019,0.0025128156,rna6k
-0.0014011269,0.008800363,rna6k
0.01806357,-0.011471177,rna6k
0.0023140032,-0.0019509936,rna6k
0.0108272545,0.008248858,rna6k
-0.048187096,0.023114927,rna6k
0.011303418,0.005717013,rna6k
-0.0017866337,-0.005884818,rna6k
0.044569433,-0.019015638,rna6k
0.009549464,0.010918344,rna6k
0.0007084976,0.005064956,atac6k
-0.0031902324,-0.008949434,atac6k
-0.002270393,-0.007083782,atac6k
0.0014638266,0.006258054,atac6k
0.00072821137,0.0050387913,atac6k
0.0006040023,0.0044141975,atac6k
0.0005437397,0.0036712994,atac6k
0.0005791689,0.0045273304,atac6k
0.0010827594,0.006187485,atac6k
-0.002058293,-0.004753412,atac6k
0.0015155242,0.0061076116,atac6k
-0.0002182017,-0.006386479,atac6k
-0.0019873788,-0.005966932,atac6k
-0.0029173451,-0.008636163,atac6k
0.0015647328,0.00402439,atac6k
0.002050649,0.0055520125,atac6k
0.00085128157,0.005641448,atac6k
0.00073591643,0.0049625007,atac6k
0.0018095847,0.0044718427,atac6k
-0.00042045533,0.0055183037,atac6k
0.0022802071,-0.008181465,atac6k
0.0011228177,0.0064712274,atac6k
-0.0037116336,-0.008143142,atac6k
0.0014395571,0.0036168147,atac6k
0.00058950525,0.002114546,atac6k
0.0017339878,0.005914218,atac6k
0.0008728575,0.005608181,atac6k
-0.0014190058,-0.006367239,atac6k
-0.00082152744,-0.0030508672,atac6k
0.0007882724,0.005050919,atac6k
0.001006125,0.005919598,atac6k
0.0024862553,0.0061628427,atac6k
-0.0030527331,-0.0064380206,atac6k
0.0007558296,0.005010341,atac6k
0.0014802342,-0.007628658,atac6k
-0.0012559994,-0.006670474,atac6k
0.0010113944,0.0056763045,atac6k
-0.0029642535,-0.008292711,atac6k
0.0017371343,0.0053937375,atac6k
0.00095733284,0.0057525714,atac6k
0.0005305454,0.0030908566,atac6k
-0.0032113784,-0.008056993,atac6k
0.0006326596,0.004590731,atac6k
0.0010371571,0.0018291946,atac6k
0.0015163225,0.0060753925,atac6k
0.00069302775,0.0048059765,atac6k
0.0018754198,0.005505441,atac6k
0.0008239538,0.005415226,atac6k
0.0023755631,0.004380611,atac6k
0.0009036299,0.0058999886,atac6k
0.000873032,0.005537348,atac6k
0.0009992245,0.0060404656,atac6k
0.00074171677,0.004857545,atac6k
-0.0043516397,-0.009756747,atac6k
0.0011029096,0.006074804,atac6k
0.0008180345,0.005211843,atac6k
0.00076926465,0.004982977,atac6k
-0.0009536988,-0.0057995184,atac6k
0.00062385947,0.0040589455,atac6k
0.000929774,0.00580774,atac6k
-0.0020827036,-0.004714301,atac6k
-0.00039638794,-0.004030791,atac6k
-0.00074742263,0.0033425682,atac6k
-0.0032055178,-0.0076342495,atac6k
0.0011860237,0.0064781457,atac6k
-0.0042106165,-0.009339878,atac6k
-0.0018623745,0.0017205523,atac6k
-0.002381428,0.006421466,atac6k
0.0009856938,0.005944687,atac6k
0.00066620193,0.004446476,atac6k
-0.0049254145,-0.0026131738,atac6k
0.0021753032,0.006028923,atac6k
0.0005580816,0.0037002682,atac6k
-0.0023947842,-0.008053856,atac6k
0.0038999047,-0.009910156,atac6k
-0.004306994,-0.0095029,atac6k
0.0020163623,0.0033119954,atac6k
0.000539182,0.0033564467,atac6k
0.0006136193,0.0045730565,atac6k
-0.0051663937,-0.010845601,atac6k
-0.0027470514,-0.004825339,atac6k
0.00057712436,0.0038235574,atac6k
4.128411e-05,-0.0045511695,atac6k
0.0015272974,0.0061396537,atac6k
-0.0009138397,-0.006149587,atac6k
0.0020626648,0.006454012,atac6k
-0.004856631,-0.010455819,atac6k
-0.0018738183,-0.0074144276,atac6k
0.00073170464,0.0049940078,atac6k
-0.0034084008,-0.0077904584,atac6k
0.0007377267,0.005156602,atac6k
0.00077329465,0.0024338108,atac6k
-0.0022669611,-0.0060220226,atac6k
-0.003801967,-0.0037780453,atac6k
-0.0024162037,-0.008028307,atac6k
0.00070478773,0.005077721,atac6k
0.00076549524,0.005254069,atac6k
0.00080683775,0.0050428133,atac6k
0.0010145807,0.006131532,atac6k
0.00068307563,0.0046509425,atac6k
-0.0007024126,-0.0059260745,atac6k
0.0008822275,0.005677764,atac6k
-0.0009780496,-0.0061516897,atac6k
-0.0030065419,-0.003467429,atac6k
0.0009047321,0.005544137,atac6k
-0.0038997226,-0.008581719,atac6k
0.0005772909,0.004029769,atac6k
0.0005470923,0.0033389025,atac6k
0.0007997192,0.005357085,atac6k
0.0024210492,0.0056741564,atac6k
0.00056338724,0.0038661656,atac6k
0.0006470695,0.0047418405,atac6k
0.0010105745,0.005988779,atac6k
0.0016397615,0.00625677,atac6k
0.0011644964,0.0061962097,atac6k
0.0009686026,0.005772429,atac6k
0.0007442532,0.003063558,atac6k
-0.0010808338,-0.0058186306,atac6k
0.0025575506,0.0060220114,atac6k
0.00095200894,0.0057782363,atac6k
0.0011870029,0.0063260174,atac6k
0.0012295846,0.005902413,atac6k
-0.0025433176,-0.007787932,atac6k
-0.001347786,-0.0068648653,atac6k
0.0025936274,0.006005886,atac6k
0.0017585244,0.005619585,atac6k
0.0006321752,0.0045752516,atac6k
-0.0014574167,-0.006920553,atac6k
-0.0046092216,-0.009602925,atac6k
-0.0019952087,-0.0071003987,atac6k
-0.0038078844,-0.008408028,atac6k
0.0010320478,0.0057119187,atac6k
-0.003470111,-0.007993656,atac6k
-0.003233076,-0.0072345827,atac6k
-0.0034764311,-0.008645358,atac6k
-0.0036426699,-0.008923178,atac6k
-0.0032710093,-0.0020512943,atac6k
-0.002738395,-0.008496689,atac6k
0.00081985415,0.000899891,atac6k
0.00059763214,0.0043121874,atac6k
0.0022686967,0.0057149557,atac6k
0.0007205504,0.00095161237,atac6k
0.0020007573,0.005673795,atac6k
-0.00223944,-0.006730004,atac6k
0.0012797837,0.0060107852,atac6k
-0.003315335,-0.007583819,atac6k
-0.0039391806,-0.008349455,atac6k
-0.003891867,-0.009196187,atac6k
0.00053681247,0.003212037,atac6k
-0.0018547593,-0.007288774,atac6k
-0.006363878,-0.0022399644,atac6k
-0.014343214,0.0017096781,atac6k
-0.0030384383,-0.008731927,atac6k
0.00267928,0.005323929,atac6k
-0.0024110498,-0.006680548,atac6k
0.0018268944,0.005234385,atac6k
-0.0027261055,-0.008405442,atac6k
0.00057256815,0.0037036974,atac6k
0.0006554331,0.0046647224,atac6k
0.0011065934,0.00594935,atac6k
0.0005370975,0.002201532,atac6k
0.0005940834,0.0035712316,atac6k
0.00066391565,0.0036809214,atac6k
-0.0013664352,0.0041219634,atac6k
0.010346191,-0.012045084,atac6k
-0.0008605335,-0.0065687364,atac6k
-0.0043201717,-0.009171665,atac6k
0.006524007,-0.010028288,atac6k
-0.0031841348,-0.008272035,atac6k
0.0025812888,0.0058380617,atac6k
0.0019328241,0.0061226604,atac6k
0.00065898715,0.0047504655,atac6k
-0.0036977683,-0.0096675875,atac6k
0.0015907,0.0057249945,atac6k
-0.001340194,-0.010054558,atac6k
0.0008065302,0.0052064345,atac6k
0.00067429856,0.004677566,atac6k
-0.0037739794,-0.008790199,atac6k
0.000885615,0.0056511564,atac6k
0.008257889,-0.01161906,atac6k
0.0007773528,0.005190195,atac6k
-0.0024628616,-0.006616851,atac6k
-0.0014573513,-0.0026968864,atac6k
0.00059951475,0.003923376,atac6k
-0.0041246386,-0.009621937,atac6k
0.0006801099,0.00458015,atac6k
0.0047124634,-0.008841545,atac6k
-0.0038340113,-0.0052767457,atac6k
-0.004236159,-0.009456845,atac6k
0.0008635778,0.005446872,atac6k
0.001057459,0.0058929957,atac6k
-0.0012949287,0.005220096,atac6k
0.0007321603,0.0046269097,atac6k
-0.0023951961,-0.0054245116,atac6k
-0.001775898,-0.0069515803,atac6k
0.0018049824,0.0048899055,atac6k
0.00074307784,0.005051633,atac6k
0.0009927783,0.005985894,atac6k
0.00085189764,0.005622403,atac6k
0.000884608,0.0055406047,atac6k
0.0015078931,0.0061668833,atac6k
0.0010122411,0.0059665195,atac6k
0.0007150183,0.0042087515,atac6k
0.0016202378,0.006133427,atac6k
0.0021253428,0.006349732,atac6k
0.001786789,0.005931853,atac6k
-0.001053285,-0.005719003,atac6k
0.00060018926,0.0041777478,atac6k
0.0013053471,0.0062580523,atac6k
-0.0018727701,0.004155198,atac6k
-0.0015582679,-0.005227655,atac6k
-0.0013086691,-0.0069551175,atac6k
0.00085621496,0.0054250425,atac6k
0.0028323287,0.004972349,atac6k
-0.0013410753,-0.006928799,atac6k
-0.003545875,-0.009339937,atac6k
-0.0042408337,-0.009624147,atac6k
0.0020837598,0.0065023983,atac6k
0.000782524,0.005174658,atac6k
-0.003974343,-0.0092578465,atac6k
0.0006075437,0.0044337637,atac6k
0.0010810181,0.0060316627,atac6k
0.0008961842,0.005688176,atac6k
0.001224872,0.0028513353,atac6k
-0.00016028134,0.0031319712,atac6k
-0.0031478333,-0.008441404,atac6k
0.0019830193,0.0047763023,atac6k
0.001660977,0.0061629447,atac6k
-0.0017197866,-0.005751365,atac6k
0.00059339864,0.003919444,atac6k
-0.0027529537,-0.008465381,atac6k
-0.00036672922,-0.0054534697,atac6k
0.010054301,-0.012149214,atac6k
-0.0041852584,-0.009480298,atac6k
0.00055200304,0.003647011,atac6k
0.0006106307,0.0018357344,atac6k
0.00085524475,0.005815374,atac6k
-0.004800737,-0.010558612,atac6k
0.00093459414,0.005846139,atac6k
0.0031836985,-0.009833666,atac6k
0.0007278803,0.0048110196,atac6k
-0.0029197477,-0.006801376,atac6k
0.0006292578,0.0037090012,atac6k
0.0012571963,-0.0072876588,atac6k
0.00080059725,0.005381219,atac6k
0.0006458789,0.003256682,atac6k
0.0014971164,0.0065538576,atac6k
0.0018154171,0.0037244253,atac6k
-0.0015233726,-0.0064617684,atac6k
-0.0033738036,-0.008985693,atac6k
-0.0022062354,-0.007472904,atac6k
0.001715411,0.0061152056,atac6k
0.0009304275,0.005860339,atac6k
0.008350683,-0.01084833,atac6k
0.0018029307,0.0055379807,atac6k
-0.003387867,0.0015087576,atac6k
0.0017571055,0.0055784783,atac6k
0.0007041139,0.0049176607,atac6k
0.0021254655,0.0067520905,atac6k
0.00070692727,0.0051081153,atac6k
-0.0032620244,-0.008689885,atac6k
-0.0026018564,-0.0062184697,atac6k
0.0006464179,0.0046290453,atac6k
0.001636278,0.0063262205,atac6k
0.0010199021,0.005538785,atac6k
0.00061273837,0.0034692592,atac6k
0.0007962575,0.0054923226,atac6k
-0.00389774,-0.008335327,atac6k
0.0009935517,0.0059284014,atac6k
-0.002583805,0.00362806,atac6k
-0.0055675465,-0.011078775,atac6k
0.008343641,-0.010853951,atac6k
0.0008689529,-0.006562075,atac6k
0.0016306835,0.0061150845,atac6k
-0.0018627163,-0.0073387013,atac6k
0.00075093616,0.005267895,atac6k
-0.0010800122,-0.0062084855,atac6k
-0.0011824274,-0.0064676055,atac6k
0.00078129966,0.0052917725,atac6k
0.0006609993,0.0039694216,atac6k
0.0010853347,0.0062635257,atac6k
0.002229276,0.0058067674,atac6k
-0.0046307924,-0.009901528,atac6k
0.0006287801,0.004582818,atac6k
0.00147297,0.006235196,atac6k
0.0011207926,0.0064154547,atac6k
0.0014398288,0.0058722273,atac6k
-0.0012595044,-0.006340573,atac6k
-0.00073736615,-0.004281245,atac6k
-0.0014925427,-0.006928154,atac6k
0.00063147396,0.0038764842,atac6k
0.0006622513,0.004596774,atac6k
-0.004000074,-0.009145171,atac6k
0.0006865752,0.0049640136,atac6k
0.00062140904,0.0039485055,atac6k
-0.0025428182,-0.0064337286,atac6k
0.0014798342,0.0065147365,atac6k
0.0010719998,0.0063295113,atac6k
0.00064306415,0.004552762,atac6k
0.0013478759,0.0062232106,atac6k
0.00109495,0.006089894,atac6k
0.00081307505,0.0054500317,atac6k
-0.0022748646,-0.0060436893,atac6k
-0.0011501593,-0.0058347867,atac6k
0.0010324392,0.005927733,atac6k
-0.0016424042,0.00037173805,atac6k
0.00068481243,0.004547858,atac6k
0.0014157986,0.0062247454,atac6k
0.0019643775,0.0065746717,atac6k
0.0011309157,0.005866499,atac6k
-0.0012467611,-0.0063144807,atac6k
0.001714678,0.0061954474,atac6k
0.00060515606,0.0026244174,atac6k
-0.0036770226,-0.009616593,atac6k
0.00065984594,0.0018826721,atac6k
-0.0018459337,-0.0070407856,atac6k
0.0017153684,0.005594443,atac6k
-0.0017043279,-0.011223695,atac6k
-0.0032637375,0.0003022987,atac6k
0.0017572772,0.006292385,atac6k
0.00095486286,0.00608304,atac6k
0.0007322514,0.005045776,atac6k
0.0009187637,0.005497522,atac6k
0.0005187318,0.0032296474,atac6k
0.0006861835,0.0049015693,atac6k
-0.004086286,-0.009359446,atac6k
0.0007081469,0.00509031,atac6k
0.00087934645,0.005716387,atac6k
-0.00019160719,0.0022673993,atac6k
0.0006635897,0.004640427,atac6k
-0.0014415713,-0.006299529,atac6k
-0.002977173,-0.0071035735,atac6k
-0.0046330546,-0.010024543,atac6k
0.0006753408,0.004740323,atac6k
0.0018892691,0.0054287105,atac6k
-0.003245065,-0.004706935,atac6k
0.0011251399,0.0055488865,atac6k
0.0006363036,0.0030076911,atac6k
-0.0032118142,-0.008469976,atac6k
0.0014545678,0.0067534246,atac6k
-0.0039002679,-0.004173519,atac6k
-0.0045426423,-0.009760859,atac6k
0.0008297375,0.0051691025,atac6k
0.0012139119,0.0063413684,atac6k
0.0019119415,0.006619594,atac6k
0.0012525565,0.0060375454,atac6k
0.00063941197,0.00462867,atac6k
0.0006862066,0.004900473,atac6k
-0.004021252,-0.008986809,atac6k
0.00063276046,0.0045888997,atac6k
0.001478719,0.0060243583,atac6k
-0.0025443225,-0.0077764723,atac6k
-0.0007528109,-0.002701954,atac6k
-0.003654382,-0.008055808,atac6k
-0.002240544,-0.0076745786,atac6k
0.0015576525,0.0060825553,atac6k
-0.003075198,-0.007251925,atac6k
0.0009410054,0.0060700835,atac6k
-0.0035774817,-0.008702444,atac6k
-0.0036173388,-0.0080038905,atac6k
0.0006731016,0.0045228866,atac6k
0.0006659653,0.0046248906,atac6k
0.005868694,-0.009481212,atac6k
0.010366456,-0.011804054,atac6k
0.0011262632,0.005969847,atac6k
0.0012264731,0.0058073145,atac6k
0.0008119648,0.0051889275,atac6k
0.0005594652,0.004204885,atac6k
0.0008128332,0.005780013,atac6k
0.0011642738,0.006451014,atac6k
0.0018242383,0.005371672,atac6k
-0.0033099093,-0.008567978,atac6k
0.00071784784,0.0047200033,atac6k
-0.0015668959,-0.006516247,atac6k
0.0006010558,0.004285874,atac6k
0.001544725,0.006278885,atac6k
-0.004586492,-0.010483348,atac6k
0.0010953032,0.0057788254,atac6k
-0.0019047138,-0.0073545617,atac6k
-0.004528361,-0.0098280655,atac6k
-0.003497761,-0.009316116,atac6k
-0.002306342,-0.006900738,atac6k
0.00095162995,0.005871383,atac6k
0.00071743014,0.0047441446,atac6k
-0.0038799946,-0.008311847,atac6k
-0.0025844898,-0.008414688,atac6k
0.0010363568,0.005560066,atac6k
0.0012697488,0.0061817034,atac6k
0.0006747069,0.004636804,atac6k
0.0010320855,0.005850884,atac6k
-0.0019321565,0.000220375,atac6k
0.0005366085,0.0034376404,atac6k
0.0011350225,0.006249979,atac6k
0.0011178509,0.0057641775,atac6k
0.00085070357,0.005453355,atac6k
-0.00022400625,-0.0053017694,atac6k
0.0021283224,0.006688327,atac6k
0.0009734508,0.0059155747,atac6k
-0.002727647,-0.007749936,atac6k
-0.00094548817,-0.0060154283,atac6k
0.0012185279,0.0062797614,atac6k
-0.0035120966,-0.008715909,atac6k
-0.006546631,-0.0025718696,atac6k
-0.003015434,-0.008616071,atac6k
-0.00404621,-0.0038940136,atac6k
-0.0061622853,-0.003054841,atac6k
0.0006625118,0.004764698,atac6k
-0.003082706,-0.008212866,atac6k
0.001395311,0.005913745,atac6k
-0.0020095923,-0.0072906897,atac6k
0.00070202566,0.004757558,atac6k
0.0017360455,0.00446814,atac6k
-0.002047287,-0.0063640135,atac6k
0.0006104779,0.0039921897,atac6k
0.0050391285,-0.009226058,atac6k
0.0006322199,0.0040609143,atac6k
0.00089966424,0.0056796917,atac6k
-0.0055848267,-0.007340728,atac6k
0.0016870581,0.0059675705,atac6k
-0.00371233,-0.0083547365,atac6k
-0.0034947856,-0.008734698,atac6k
-0.003977948,-0.009804918,atac6k
0.0019194873,0.0050365436,atac6k
0.005026307,0.0011273252,atac6k
-0.0010354061,-0.0057474463,atac6k
0.0006881889,0.0045681917,atac6k
0.0006335746,0.004321113,atac6k
0.00010613522,0.003414431,atac6k
0.001602622,0.0061635887,atac6k
0.002070865,0.0045248084,atac6k
0.0006135324,0.0041648024,atac6k
0.0010090397,0.00603151,atac6k
-0.0032649247,-0.0079991,atac6k
0.00087575783,0.005671734,atac6k
0.0015453744,0.006160874,atac6k
0.0024919827,0.006482564,atac6k
0.0010973403,0.0061840396,atac6k
-0.003925684,-0.009928884,atac6k
-0.0036062093,-0.008575574,atac6k
0.00090838806,0.005721368,atac6k
0.0023763063,0.004737247,atac6k
0.0010865344,0.0058193323,atac6k
0.0013884103,0.006438829,atac6k
0.0022784797,0.004998826,atac6k
0.001702191,0.0048061027,atac6k
0.0013375123,0.006292529,atac6k
0.00052878534,0.0044619734,atac6k
-0.0018735848,-0.007358652,atac6k
-0.0043969923,-0.010349318,atac6k
0.0007764669,0.0046146424,atac6k
0.00064249686,0.003586247,atac6k
0.00077048916,0.0052548125,atac6k
2.3468237e-05,-0.00055063755,atac6k
0.0005453137,0.0031584664,atac6k
0.0006897231,0.0047636144,atac6k
0.00073468656,0.005194927,atac6k
0.0006029614,0.004312538,atac6k
0.00072471885,0.005202888,atac6k
0.0014798634,0.00604708,atac6k
0.0006054861,0.0015749357,atac6k
0.0006314743,0.0033618333,atac6k
0.0016378714,0.006125256,atac6k
0.0010681985,0.0061740354,atac6k
0.00067556545,0.004738928,atac6k
-0.0038995428,-0.004653732,atac6k
0.00061719236,0.004189347,atac6k
0.0019794062,0.006243489,atac6k
-0.0015372412,-0.006243785,atac6k
0.00075217587,0.005364901,atac6k
0.0010877348,0.005921,atac6k
-0.0010594393,-0.0004931405,atac6k
0.0016732651,0.0059688175,atac6k
-0.0045785615,-0.009476125,atac6k
-0.0008881295,0.0044902777,atac6k
0.0021301722,0.004340376,atac6k
-0.0037681647,-0.00825759,atac6k
0.0011429209,0.0062750946,atac6k
0.00088143704,0.005649642,atac6k
-0.000421567,0.004854375,atac6k
0.0010427369,0.0060811765,atac6k
-0.0022922223,-0.0080781765,atac6k
-0.004104296,-0.009001914,atac6k
0.0008709255,0.0047359336,atac6k
0.0009129722,0.005874538,atac6k
0.00085511716,0.0057079,atac6k
0.0021774292,0.0061217817,atac6k
0.00078550255,0.0051770816,atac6k
-0.0026612885,-0.00816717,atac6k
-0.0030822644,-0.008757701,atac6k
0.0014333304,0.0063056597,atac6k
-0.0027419964,-0.008667989,atac6k
0.012511761,-0.01306577,atac6k
-0.0013427207,-0.0061047697,atac6k
-0.0054594385,-0.0074545387,atac6k
-0.004424015,-0.009964215,atac6k
0.0009761733,0.005983098,atac6k
-0.0028821502,-0.008746611,atac6k
0.0021326153,0.004609343,atac6k
0.0007114824,0.004719588,atac6k
-0.0036137325,-0.008157773,atac6k
0.0017159363,0.0067020906,atac6k
0.00071830436,0.0051063937,atac6k
-0.004792098,-0.010584347,atac6k
0.00053882366,0.0038190638,atac6k
-0.0018348548,-0.0073333587,atac6k
0.00050460966,0.0028838,atac6k
0.0014920157,0.0064227236,atac6k
0.0005394686,0.0032048295,atac6k
0.0010117987,0.0060220007,atac6k
0.0012670215,0.0059466516,atac6k
-0.0048868516,-0.008845875,atac6k
-0.0010282968,-0.0026345884,atac6k
-0.0011954936,-0.006259965,atac6k
0.0007185009,0.0048090443,atac6k
0.011496295,-0.01182078,atac6k
0.0022122373,0.0062072757,atac6k
0.0006162346,0.004460171,atac6k
0.009128828,-0.011255618,atac6k
0.0017483194,0.0062722825,atac6k
0.0012696416,0.0063551017,atac6k
-0.001338296,-0.0055770366,atac6k
-0.0054959184,-0.010946343,atac6k
0.0006874766,0.0048652287,atac6k
0.0008562343,0.005456297,atac6k
-0.0022846255,-0.006727028,atac6k
-0.0024421127,-0.008016651,atac6k
0.0010038685,0.0060609956,atac6k
0.00061738514,0.0045241537,atac6k
0.0008149603,0.005582294,atac6k
0.0005181687,0.0023565271,atac6k
-0.0037494523,-0.009071769,atac6k
-0.0034530205,-0.008586071,atac6k
0.0005637931,0.0036200355,atac6k
0.0009914485,0.0057105916,atac6k
0.0019569919,0.005510799,atac6k
-0.0029919327,-0.0072086053,atac6k
0.0007094359,0.0032593082,atac6k
0.001049878,0.006312096,atac6k
-0.001843923,-0.007208081,atac6k
0.0024764494,0.0061572935,atac6k
0.0008063713,0.0053507513,atac6k
0.002205483,0.0062332735,atac6k
0.0017743533,0.0060470845,atac6k
-0.004534561,-0.0004605783,atac6k
-0.0015011425,-0.0065777553,atac6k
0.0012417912,0.0062809945,atac6k
0.00202672,0.0061628795,atac6k
0.0006399337,0.0025815486,atac6k
0.0008483694,0.004914778,atac6k
0.000724929,0.0050584436,atac6k
0.0054236935,-0.009842047,atac6k
-0.00057245337,-0.0051743896,atac6k
-0.0025634123,0.0016253375,atac6k
0.0009814609,0.006083223,atac6k
0.00092039077,0.005448578,atac6k
0.0008406705,0.005727842,atac6k
-0.00024563505,-0.0070028077,atac6k
0.0010135854,0.005722508,atac6k
0.0016902607,0.0048098383,atac6k
0.0011737898,0.006166218,atac6k
0.0011606907,0.0060286615,atac6k
-0.0041081146,-0.010076364,atac6k
-0.0006682824,-0.0053522624,atac6k
0.005109273,-0.008915911,atac6k
-0.0028975299,-0.0073340004,atac6k
0.00097293773,0.006108729,atac6k
0.0006434216,0.004629511,atac6k
0.009157967,-0.01155661,atac6k
-0.0024406803,-0.008088703,atac6k
0.00078420946,0.005291468,atac6k
0.0006444594,0.004623349,atac6k
0.00066856114,0.0045575676,atac6k
0.0021641047,0.0044672815,atac6k
0.0012443293,0.005866052,atac6k
-0.002371727,-0.0063912817,atac6k
0.0010601924,0.006153073,atac6k
0.0005712459,0.0037190805,atac6k
0.0008938644,0.005568536,atac6k
-0.0040005194,-0.00893787,atac6k
0.0009333172,0.0059489193,atac6k
-0.001781632,-0.007102907,atac6k
0.0016052384,0.0052766884,atac6k
0.0011054692,0.0058344626,atac6k
-0.0010472693,-0.006022629,atac6k
0.008960008,-0.011031995,atac6k
0.0008430219,0.0055158725,atac6k
0.000612524,0.0044928123,atac6k
0.00079977885,0.005207976,atac6k
0.0013866205,0.0063811624,atac6k
-0.0027074793,-0.0066654035,atac6k
0.0021797281,0.0058977515,atac6k
0.0006792593,0.0045726267,atac6k
-0.0020331992,-0.0045474083,atac6k
0.0017125885,0.0062164296,atac6k
0.0018631332,0.006617195,atac6k
6.806704e-05,7.8833755e-06,atac6k
0.010319386,-0.011672919,atac6k
-0.003932237,-0.009540192,atac6k
-0.0027686723,-0.008411392,atac6k
-0.0035634951,-0.009219752,atac6k
0.0010989922,0.0061088847,atac6k
0.0006913481,0.0043629357,atac6k
0.0008788109,0.0058179204,atac6k
0.00091965176,0.0058549987,atac6k
0.0005473956,0.0034115447,atac6k
0.0005640537,0.004095523,atac6k
0.001596024,0.0062083774,atac6k
0.0011963077,0.0066281757,atac6k
-0.0029461873,-0.008822811,atac6k
0.00083500054,0.0055214246,atac6k
0.00018323632,0.0039218017,atac6k
-0.0036968014,-0.008179006,atac6k
0.0008487392,0.0055239135,atac6k
0.001052347,0.005793414,atac6k
0.0006223968,0.0049088835,atac6k
0.001961368,0.006620777,atac6k
-0.0036648964,-0.0081652645,atac6k
-0.0033135326,-0.008588998,atac6k
0.0012195479,0.0065389974,atac6k
0.0006307701,0.004165969,atac6k
-0.001551369,-0.006389893,atac6k
0.0010105679,0.00594672,atac6k
0.0011390856,0.0058660703,atac6k
0.0016943747,0.0052724187,atac6k
0.0011180275,0.0061364993,atac6k
0.0006453366,0.004230024,atac6k
0.001154797,0.003305309,atac6k
-0.0017718342,-0.0063743033,atac6k
0.0021828457,0.006172863,atac6k
0.0007356636,0.0052489405,atac6k
-0.003901895,-0.00865395,atac6k
0.0013067343,0.0067021833,atac6k
0.0014397503,0.0061312476,atac6k
-0.0044034477,-0.008965638,atac6k
-0.0022896596,-0.0063492954,atac6k
-0.0032942416,-0.009102561,atac6k
0.0074412297,-0.010079048,atac6k
-0.0017149929,-0.006620788,atac6k
0.00056636403,0.0032579915,atac6k
0.0011791702,0.006325676,atac6k
0.00076239865,0.005083102,atac6k
0.0016189491,0.0062960777,atac6k
-0.0039793192,-0.008340073,atac6k
0.00071794115,0.004513017,atac6k
0.0012409592,0.006619944,atac6k
0.001282837,0.006716963,atac6k
0.001147146,0.004002897,atac6k
-0.0038970686,-0.008822689,atac6k
0.0017434416,0.004200978,atac6k
-0.0024032877,-0.0065878825,atac6k
-0.004691248,-0.009663519,atac6k
0.00070344954,0.004884634,atac6k
0.00063807814,0.0045291926,atac6k
0.0014509525,0.006222244,atac6k
-0.0012265667,-0.006068544,atac6k
0.00065677456,0.0045332643,atac6k
0.0009708994,0.0057397718,atac6k
0.0014768257,0.0061331913,atac6k
0.0033706469,-0.008008823,atac6k
-0.0020933356,-0.007466534,atac6k
0.0006012671,0.0041268645,atac6k
0.0013710068,0.006306195,atac6k
-0.0043070186,-0.009013425,atac6k
0.0006737452,0.004840225,atac6k
0.0021420377,0.0064807185,atac6k
-0.0015758337,-0.006257372,atac6k
0.001986311,0.005931385,atac6k
-0.0016082396,-0.0069937278,atac6k
-0.001202445,-0.0064465525,atac6k
0.0005896098,0.0036889045,atac6k
0.0013942164,0.006741659,atac6k
-0.002723675,-0.007715472,atac6k
0.001084985,0.006166245,atac6k
-0.0024733013,-0.0068167145,atac6k
0.00018830171,-0.003978473,atac6k
0.002087936,0.0059301774,atac6k
0.000699135,0.0045523583,atac6k
0.009999655,-0.011714436,atac6k
0.0016444898,0.006363858,atac6k
0.00199972,0.0067057298,atac6k
0.0013133745,0.005716591,atac6k
0.00071265805,0.00487119,atac6k
0.0015871685,0.0063510635,atac6k
0.0006275773,0.0038222873,atac6k
0.0011910745,0.0062059737,atac6k
0.0015180111,0.0063670496,atac6k
0.0008218829,-0.0016456866,atac6k
-0.00012485553,0.004851733,atac6k
-0.004209344,-0.009401656,atac6k
-0.006380058,-0.0027295346,atac6k
0.00081043347,0.005367844,atac6k
0.0018540745,0.0061302343,atac6k
-0.00045503266,-0.0058558453,atac6k
-0.0013757542,-0.0063912068,atac6k
0.0014451275,0.006839765,atac6k
-0.001596787,-0.0068116602,atac6k
-0.0018334935,-0.0057300637,atac6k
-0.00055634463,0.0026250486,atac6k
-0.0034877579,-0.007944283,atac6k
0.00078506727,0.0054231323,atac6k
0.0014849484,0.006003255,atac6k
0.0005799419,0.0036712824,atac6k
-0.0019418164,-0.0054425695,atac6k
-0.002885223,-0.0068807304,atac6k
0.00091057306,0.0056196204,atac6k
-0.00364738,-0.008159346,atac6k
0.0006123814,0.0041975486,atac6k
-0.0032347208,-0.008600109,atac6k
0.0020151602,0.005668357,atac6k
0.000526048,0.0024995343,atac6k
0.0013731078,0.0062922393,atac6k
-0.0022958321,-0.0063871094,atac6k
-0.0033069327,-0.009264832,atac6k
0.0015848238,0.006581056,atac6k
-0.0019244512,-0.007386035,atac6k
0.0015930543,0.0068093585,atac6k
-0.0036208276,-0.0042721606,atac6k
0.0013634895,0.0061840336,atac6k
0.0013559279,0.006355394,atac6k
0.0009016191,0.0056785387,atac6k
-0.002556031,-0.0066340924,atac6k
0.0018234634,0.0061241193,atac6k
-0.0025613934,-0.006569004,atac6k
0.0011877068,0.006170331,atac6k
-0.0011715641,-0.0053129424,atac6k
0.0013980449,0.005873738,atac6k
0.0010252792,0.0053024613,atac6k
0.0016841163,0.005787189,atac6k
0.0006549014,0.004561512,atac6k
-0.0016916441,-0.007129802,atac6k
0.0006230872,0.004595869,atac6k
0.00059584243,0.0043508336,atac6k
-0.0035347666,-0.00863629,atac6k
0.0020421671,0.006687956,atac6k
-0.0043516234,-0.0063773077,atac6k
-0.0035556874,-0.0035500103,atac6k
0.0006001333,0.0040288107,atac6k
-0.0027573989,-0.008338489,atac6k
0.00076815585,0.005138491,atac6k
0.0019146586,0.006416767,atac6k
0.00065325765,0.0045689326,atac6k
0.0021895897,0.005348825,atac6k
0.0005964621,0.004120187,atac6k
0.0023455417,0.0064030318,atac6k
0.002059414,0.0032942398,atac6k
0.0006732522,0.004898867,atac6k
0.00071305403,0.0046073752,atac6k
0.0006434033,0.004655501,atac6k
0.0006856456,0.0047193435,atac6k
0.0007978635,0.005350858,atac6k
-0.0016938844,-0.007070435,atac6k
-0.0032865736,-0.008468249,atac6k
0.0020108013,0.0064556827,atac6k
-0.0047262963,-0.009413944,atac6k
0.001472243,0.006506808,atac6k
-0.0006661507,-0.0057912823,atac6k
0.0024303861,0.006528783,atac6k
-0.0006900301,-0.0056028757,atac6k
0.0020668013,0.0051845186,atac6k
-0.0014986641,-0.00694086,atac6k
0.00067815714,0.0047387285,atac6k
0.0014179506,0.0060317325,atac6k
0.0008115476,0.005717022,atac6k
0.0011469877,0.006345131,atac6k
-0.004217062,-0.0096675875,atac6k
-0.0020148964,-0.006777441,atac6k
0.0013778438,0.0062043695,atac6k
-0.0030648515,-0.0072689154,atac6k
0.0010399525,0.00511041,atac6k
0.00225095,0.006414247,atac6k
0.0006260874,0.0037649646,atac6k
0.0016701864,0.00623771,atac6k
0.0012541694,0.006246578,atac6k
0.0019393063,0.0058740387,atac6k
-0.0033215773,-0.008756403,atac6k
0.00405226,-0.008421317,atac6k
-0.004551118,-0.010000775,atac6k
-0.0028757055,-0.008654714,atac6k
0.010806856,-0.01175967,atac6k
0.0006269881,0.004672437,atac6k
0.0006051737,0.00463275,atac6k
0.0014435833,0.006289405,atac6k
-0.00096444774,-0.0059353393,atac6k
0.0020675673,0.0041890726,atac6k
0.0010613443,0.0059415074,atac6k
0.0011363353,0.005625079,atac6k
-0.000960427,-0.0058144755,atac6k
0.0005975582,0.0046612537,atac6k
0.0006180238,0.004512212,atac6k
-0.0042463015,-0.0056067547,atac6k
0.0014759483,0.004683152,atac6k
0.0018368026,0.0066092927,atac6k
0.0009786136,0.0059746797,atac6k
0.0011360042,-0.0024375417,atac6k
-0.0019659288,-0.007743027,atac6k
0.0005931194,0.0042028916,atac6k
-0.0027198805,-0.008142033,atac6k
0.0026045225,0.005759785,atac6k
0.001046673,-0.0005479372,atac6k
-0.002658191,-0.005442328,atac6k
0.0017056863,0.00560048,atac6k
0.00061810215,0.0045973486,atac6k
0.0013726422,0.006110941,atac6k
-0.0047159214,-0.010099869,atac6k
-0.00061834574,-0.004844423,atac6k
-0.0051342403,-0.0029652049,atac6k
0.0011045102,0.0054512955,atac6k
0.00087612093,0.005335581,atac6k
0.0027336422,0.0052086446,atac6k
-0.0019628254,-0.0076659233,atac6k
0.00057836616,0.0035310849,atac6k
0.0017893036,0.004864301,atac6k
-0.003918874,-0.0086565735,atac6k
-0.003917997,-0.008526354,atac6k
-0.0023759638,-0.0077670547,atac6k
0.00065331504,0.0022026182,atac6k
0.00058830256,0.0039204923,atac6k
0.001924042,0.006026957,atac6k
0.0015810578,0.00614304,atac6k
-0.0015954898,-0.0047787144,atac6k
0.010211948,-0.011535518,atac6k
0.0015868166,0.006453773,atac6k
0.0012997673,0.005944814,atac6k
-0.0036612628,-0.008727122,atac6k
-0.0036973024,-0.004138379,atac6k
0.0008373451,0.005580878,atac6k
9.603973e-05,-0.003226179,atac6k
0.0012814897,0.005940937,atac6k
0.006556223,-0.009795837,atac6k
0.008216261,-0.010724016,atac6k
0.0016724907,0.0068714586,atac6k
0.0009023798,0.00574151,atac6k
0.0007998733,0.0055667404,atac6k
0.0017981466,0.005337844,atac6k
0.00057039206,0.0041456358,atac6k
0.00018609322,-0.0038605952,atac6k
0.0015125643,0.0065811374,atac6k
0.001802507,0.006369083,atac6k
0.0006413091,-0.008102603,atac6k
0.00096235046,0.005836773,atac6k
0.0015793825,0.006158159,atac6k
-0.0053695957,-0.010940352,atac6k
0.00070993666,0.0048901504,atac6k
0.0018170036,0.00653552,atac6k
0.007369772,-0.010260896,atac6k
0.0006032418,0.004097207,atac6k
-0.004252357,-0.009972069,atac6k
0.0021886595,0.006480698,atac6k
-0.0025066864,-0.009968197,atac6k
0.0012816656,-0.0077780923,atac6k
0.0006297406,0.004411465,atac6k
0.0011402946,0.005871919,atac6k
0.00090381835,0.0033298489,atac6k
0.0009143491,0.005911105,atac6k
0.0010226709,0.005887515,atac6k
0.0024051324,0.006564793,atac6k
0.0006787586,0.0049271653,atac6k
-0.0015817401,-0.0065714386,atac6k
0.00034587088,0.0045790635,atac6k
0.0010201719,0.005992734,atac6k
0.00091531844,0.0058953315,atac6k
0.0015457638,0.0061666863,atac6k
0.0013778821,0.0062980345,atac6k
0.0008308092,0.005246729,atac6k
-0.0024766738,-0.0064898035,atac6k
0.0011205302,0.0061457134,atac6k
-0.0032327338,-0.0074202525,atac6k
0.0011046682,-0.00017131948,atac6k
0.00059423794,0.0040470073,atac6k
0.0018638524,0.0060335514,atac6k
0.00079944887,0.005250218,atac6k
0.0010309754,0.0060113245,atac6k
0.0007347224,0.0052297744,atac6k
0.00078253675,0.005594074,atac6k
0.0016065317,0.0067525883,atac6k
0.0009373548,0.005054046,atac6k
-0.0051183766,-0.010856959,atac6k
-0.0027197187,-0.008658699,atac6k
0.00085567246,0.005499887,atac6k
0.0009065125,0.005715633,atac6k
0.0007870174,0.005362592,atac6k
-0.0017189125,-0.0070546106,atac6k
0.00066233426,0.004607692,atac6k
-0.0051895147,-0.010711201,atac6k
-0.0015002294,-0.0068132035,atac6k
0.0010330983,0.0056707514,atac6k
0.00047953936,0.0036407714,atac6k
0.0006420726,0.004343387,atac6k
0.00039972915,0.0028063604,atac6k
0.0012070097,0.006241183,atac6k
-0.0012253937,-0.0062091146,atac6k
0.00058084715,0.003295026,atac6k
0.0014799004,0.0062656403,atac6k
0.00088151306,0.0054849368,atac6k
0.0006431744,0.004425378,atac6k
0.00072164094,0.0050520618,atac6k
-0.0025144406,-0.00805873,atac6k
-0.0022136825,-0.008782516,atac6k
-0.0028439746,-0.008307639,atac6k
-0.00061666046,-0.00572589,atac6k
0.0010140797,0.0057149795,atac6k
-0.004366923,-0.0092768725,atac6k
-0.0037284938,-0.008358314,atac6k
0.0014401348,0.0062220288,atac6k
0.001418224,0.0059400857,atac6k
0.0011289947,0.006354708,atac6k
0.00088287523,0.0054313666,atac6k
0.0015406393,0.005807264,atac6k
-0.004670954,-0.010448621,atac6k
0.0006889694,0.004623781,atac6k
0.0024363922,0.0054708296,atac6k
0.0011850926,0.0064054737,atac6k
-0.002516122,-0.0070904973,atac6k
0.000577957,0.00032261995,atac6k
0.0020830717,0.0057831546,atac6k
-0.0015637412,-0.0069544152,atac6k
0.0007486559,0.0052102464,atac6k
0.0005863265,0.004140835,atac6k
0.00068157155,0.004581415,atac6k
-0.0042122,-0.008908945,atac6k
0.0011435599,0.006062458,atac6k
0.009806685,-0.011645338,atac6k
-0.0024557894,-0.006833296,atac6k
0.0008992714,0.0055099325,atac6k
0.0013724309,0.0062246877,atac6k
0.00065142394,0.004648777,atac6k
0.0020693054,0.0046499097,atac6k
-0.0052636047,-0.010645167,atac6k
-0.0045306194,-0.009826635,atac6k
0.00065157854,0.0043578963,atac6k
0.00156112,0.0062360577,atac6k
0.0024229654,0.006295658,atac6k
-0.001374517,-0.006903997,atac6k
0.0019458724,0.006178976,atac6k
0.0005599046,0.0029286954,atac6k
-0.001730384,-0.0053301845,atac6k
0.00061173673,0.0031558985,atac6k
-0.0020824412,-0.006489854,atac6k
-0.0027883828,-0.0067071933,atac6k
0.00075047975,0.005260343,atac6k
0.00078015664,0.0046020723,atac6k
-0.0030593886,-0.008565109,atac6k
0.001098308,0.0057040574,atac6k
0.0009884497,0.005900744,atac6k
-0.003180871,-0.008807232,atac6k
0.0009345122,0.0055650244,atac6k
0.0011162828,0.006113909,atac6k
0.0018252817,0.0051076943,atac6k
0.0018861289,0.0064918995,atac6k
-0.0037428883,-0.008090309,atac6k
-0.001961851,-0.0054553277,atac6k
0.0006708677,0.004990201,atac6k
0.00068419933,0.0045674746,atac6k
0.0017291794,0.006332882,atac6k
0.001078396,0.005766142,atac6k
0.0009865718,0.005825931,atac6k
-0.0021425923,-0.0069791065,atac6k
0.0014256682,0.006339549,atac6k
-0.0024853044,-0.0075802146,atac6k
-0.0015877547,-0.0065980456,atac6k
0.0011605314,0.0064534037,atac6k
-0.0010286325,-0.0057645743,atac6k
0.0015216627,0.0061799907,atac6k
-0.00402321,-0.009594123,atac6k
0.0005313722,0.002187137,atac6k
0.0015362138,0.0064032217,atac6k
-0.0040655835,-0.009175482,atac6k
0.007058375,-0.011390511,atac6k
-0.0042270827,-0.010082547,atac6k
-0.002668383,-0.006855018,atac6k
0.001457878,0.006655958,atac6k
0.0008033372,0.0051926435,atac6k
0.00060226466,0.004526245,atac6k
0.00077329396,0.0053483937,atac6k
-0.0031727883,-0.008440404,atac6k
-0.002129506,-0.004719865,atac6k
-0.0009460918,-0.005278753,atac6k
-0.0048658736,-0.010021434,atac6k
0.0013514237,0.0066649197,atac6k
0.0018698703,0.0062277876,atac6k
-0.0013088527,-0.0012254684,atac6k
-0.00038552852,-0.003962671,atac6k
0.00069642736,0.0048992643,atac6k
-0.0038318932,-0.009251352,atac6k
-0.0049275933,-0.010615473,atac6k
0.000704383,0.00484065,atac6k
-0.002850068,-0.002806663,atac6k
0.00082625507,0.005528483,atac6k
-0.004755577,-0.0104417,atac6k
-0.0039219707,-0.008857018,atac6k
-0.003357434,-0.008936194,atac6k
0.0014783569,0.006505139,atac6k
0.0005823248,0.003707642,atac6k
0.0011193014,0.0061922953,atac6k
-0.0012393491,-0.0066506765,atac6k
0.0007960506,0.0053680856,atac6k
0.0010610952,0.0060147378,atac6k
0.0022772106,0.0060456493,atac6k
0.00062473724,0.0043384777,atac6k
0.00057728123,0.004023392,atac6k
0.0008616422,0.0054055313,atac6k
-0.002871612,-0.006880383,atac6k
-0.0035989466,-0.008916394,atac6k
0.0010622735,0.0060234168,atac6k
-0.0027369896,-0.008358612,atac6k
0.0010745612,0.0057888925,atac6k
0.0021567123,0.0064161695,atac6k
0.00065111736,0.004824915,atac6k
0.00079287327,0.005343307,atac6k
0.001756735,0.006505474,atac6k
-0.0040306007,-0.008412322,atac6k
0.0006998003,0.005040219,atac6k
0.0006560023,0.004547362,atac6k
0.0007296228,0.0006125702,atac6k
-0.0041852808,-0.008896995,atac6k
0.009065448,-0.01091045,atac6k
0.0008999426,0.0058204723,atac6k
-0.0016582594,-0.0071727266,atac6k
0.0015817352,0.0063723777,atac6k
-0.0038894678,-0.009252806,atac6k
-0.0033657907,-0.008380818,atac6k
-0.0066352077,-0.010507753,atac6k
-0.0039273174,-0.008922848,atac6k
0.0017470821,0.0057462947,atac6k
0.0017916813,0.005336183,atac6k
0.00067987567,0.0045286515,atac6k
-0.0019528866,-0.00737604,atac6k
-0.00496918,-0.010437345,atac6k
0.0014968008,0.0062626293,atac6k
-0.0020127452,-0.0075832396,atac6k
0.0017861453,0.0057915025,atac6k
0.004255681,-0.008435301,atac6k
0.0008536681,0.0053105475,atac6k
-0.00022876922,0.00028943765,atac6k
-0.0013664118,-0.005347303,atac6k
0.0015456066,0.006299172,atac6k
-0.00080245297,0.0021239233,atac6k
0.0009201077,0.0058469446,atac6k
0.0008446412,0.005476226,atac6k
0.0006946747,0.0037129116,atac6k
0.0009698997,0.0055655492,atac6k
0.0008652156,0.00521181,atac6k
-0.001998466,-0.007643447,atac6k
0.0017127064,0.0049913307,atac6k
0.0005871432,0.0044759014,atac6k
0.0022021688,0.0058436324,atac6k
0.0013933217,-0.0034644387,atac6k
-0.002574137,-0.007955967,atac6k
0.0017089775,0.0065011354,atac6k
0.0006978223,0.0046667773,atac6k
-0.0015121363,-0.0068274094,atac6k
0.0019702043,0.0047335695,atac6k
-0.0046265586,-0.010272074,atac6k
0.0016562227,0.0056963684,atac6k
0.0011526345,0.0061481236,atac6k
0.0012492248,0.006379681,atac6k
0.008261644,-0.010787274,atac6k
0.0016559215,0.0064550876,atac6k
0.00080421544,0.0048801317,atac6k
0.0014171707,0.0060788626,atac6k
0.0008416032,0.0056014475,atac6k
-0.0023701058,-0.007819284,atac6k
-0.002892884,-0.006625738,atac6k
0.011238657,-0.011894216,atac6k
0.0007698671,0.0052862237,atac6k
-0.0031177439,-0.0074392534,atac6k
0.00071806915,0.004905334,atac6k
-0.0026271995,-0.008229111,atac6k
0.0018788325,0.005596461,atac6k
0.000603661,0.003948231,atac6k
0.0013483971,0.0068196114,atac6k
0.0017433858,0.005415191,atac6k
-0.0017690251,-0.0071197264,atac6k
-0.001233999,-0.0067260275,atac6k
0.00056084467,0.003947163,atac6k
0.0005627066,0.004029921,atac6k
0.000679089,0.004861574,atac6k
-0.0014409814,-0.0064426,atac6k
0.0020956446,0.0060218237,atac6k
0.0020675377,0.0064600054,atac6k
0.0011918399,0.005863767,atac6k
0.0005361931,0.0031155832,atac6k
0.00059439667,0.0040014833,atac6k
-0.0016322818,-0.0058993795,atac6k
0.0016216214,0.0054153334,atac6k
0.001497061,0.004009067,atac6k
0.0016200555,0.0038352301,atac6k
0.0013224268,0.0060337684,atac6k
0.0017940485,0.0063290517,atac6k
-0.003684627,-0.00807802,atac6k
0.0007509412,0.0050717606,atac6k
0.0007580552,0.0041075386,atac6k
0.0011202884,0.006175681,atac6k
0.0015229626,0.0064555276,atac6k
0.0015559553,0.006307538,atac6k
0.0011513466,0.006387149,atac6k
-0.0048822807,-0.0106018195,atac6k
0.0013655904,0.0064350776,atac6k
0.00063583686,0.004329837,atac6k
0.0005623557,0.0024038295,atac6k
-0.004164907,-0.00937763,atac6k
0.0010856974,0.005843031,atac6k
0.0006270657,0.00353388,atac6k
0.0005607223,0.003936669,atac6k
0.0007966564,0.005610127,atac6k
0.00095048326,0.005543994,atac6k
0.0018782197,0.0069563137,atac6k
-0.0027759348,-0.0082240775,atac6k
0.00068224315,0.004741386,atac6k
-0.001902553,-0.0064663743,atac6k
0.0005455152,0.0028493605,atac6k
0.001963508,0.0063640047,atac6k
0.0017315692,0.005131294,atac6k
0.0021339653,0.0067002154,atac6k
-0.002098294,-0.007773514,atac6k
-0.002272362,-0.0061546685,atac6k
0.00066573586,0.0047625634,atac6k
0.0008737147,0.0056475853,atac6k
0.00096427667,0.005762664,atac6k
0.0032320293,-0.009146273,atac6k
0.0014345539,0.006548546,atac6k
0.0061806217,-0.010005124,atac6k
-0.0008683591,-0.0065472075,atac6k
0.0019939307,0.006591999,atac6k
-0.004013616,-0.008313941,atac6k
0.0019803748,0.006356905,atac6k
0.0008337118,0.005639155,atac6k
0.0013751289,0.006258999,atac6k
-0.0015963389,-0.007211712,atac6k
-0.004746765,-0.010558668,atac6k
0.00069866114,0.0047882465,atac6k
-0.002261644,-0.0075719524,atac6k
-0.00067548844,-0.006347157,atac6k
0.00072873576,0.0051207924,atac6k
0.00065346673,0.0043938607,atac6k
-0.0033906698,-0.008935793,atac6k
0.0005787116,0.004439041,atac6k
-0.003949125,-0.009686596,atac6k
0.0006439484,0.0044435873,atac6k
0.00062715315,0.0044534886,atac6k
-0.0031370434,0.00028009887,atac6k
0.0024527735,0.006088553,atac6k
-0.0018477278,-0.007271225,atac6k
0.00096116797,0.0056801094,atac6k
-0.0035913503,-0.008579984,atac6k
0.0006319416,0.00394458,atac6k
-0.0024710982,-0.008362646,atac6k
0.00054640754,0.0032832867,atac6k
0.0011657309,0.006128278,atac6k
0.00061881874,0.004260345,atac6k
0.00048668595,-0.0062763668,atac6k
0.0006441019,0.0006356904,atac6k
0.00079853716,0.005217145,atac6k
-0.0016725512,-0.006760481,atac6k
0.0013248026,0.0066147824,atac6k
-0.0022079877,-0.0044083497,atac6k
-0.003733977,-0.009567347,atac6k
0.0005415969,0.0030896713,atac6k
-0.0028544508,-0.006994246,atac6k
-0.0020207313,-0.0075701764,atac6k
0.0007552469,0.0053439643,atac6k
0.0006229416,0.0043141427,atac6k
0.002375518,0.005961106,atac6k
0.00074449385,0.0052687335,atac6k
0.0016270068,0.005975845,atac6k
0.00093711016,0.005843256,atac6k
-0.002033048,0.0035075373,atac6k
0.0006841317,0.0047125234,atac6k
-0.0027755816,-0.0074540162,atac6k
0.0011158283,0.0061449315,atac6k
-0.0017797522,-0.0073525026,atac6k
-0.0041882885,-0.010089458,atac6k
0.0013540055,0.006766593,atac6k
0.009040617,-0.011257188,atac6k
-0.004415198,-0.008497878,atac6k
0.008014361,-0.011529104,atac6k
0.0018972502,0.006261584,atac6k
0.00078689394,0.004924774,atac6k
0.0005597292,0.0034291032,atac6k
-0.0017043498,-0.0069962656,atac6k
-0.0010479459,-0.0064429464,atac6k
0.0007912783,0.0054688854,atac6k
-0.0002981117,-0.004238908,atac6k
-0.0050057517,-0.009418553,atac6k
0.0011576397,0.005874844,atac6k
0.0017247588,0.0061139134,atac6k
0.00054270565,0.0029293073,atac6k
0.0010165389,0.0057317778,atac6k
-0.0032724421,-0.00883469,atac6k
0.0009530738,0.0038760754,atac6k
0.0013090781,0.0063559,atac6k
0.0019064173,-0.009942422,atac6k
0.00078904827,0.0053885956,atac6k
0.0009855345,0.005900844,atac6k
0.0006639266,0.0047252486,atac6k
0.00084012706,0.0056113526,atac6k
0.001350262,0.005985455,atac6k
0.001971138,0.0060006916,atac6k
-0.0052015055,-0.004767183,atac6k
0.0012933727,0.0067589073,atac6k
0.0019583798,0.006120249,atac6k
0.0016332912,0.006206451,atac6k
0.0009214721,0.0016109273,atac6k
0.00078735215,0.005412749,atac6k
0.0016522845,0.005567352,atac6k
-0.0041939113,-0.008913579,atac6k
-0.0053037414,-0.0027336704,atac6k
-0.0025962032,-0.007279075,atac6k
0.00059114606,0.0041351304,atac6k
0.00068676966,0.004751786,atac6k
0.0021843023,0.006302801,atac6k
-0.0016338984,-0.006623084,atac6k
-0.0045399126,-0.009959694,atac6k
0.0010957916,0.0063731913,atac6k
-0.0008902796,-0.0063269795,atac6k
0.00076044374,0.005280691,atac6k
0.0019746702,0.0056695216,atac6k
0.0006963403,0.0047306847,atac6k
0.00089766306,0.0058637876,atac6k
0.0016802999,0.006485844,atac6k
0.0026951928,-0.007563326,atac6k
0.00093385467,0.0059398348,atac6k
0.0006177297,0.004425753,atac6k
0.0006270675,0.00385643,atac6k
0.00094201375,0.005471229,atac6k
0.0013971501,0.0065428913,atac6k
-0.0049443203,-0.010542458,atac6k
0.0010165175,0.0059395516,atac6k
0.0019119381,0.0058304616,atac6k
0.001451321,0.00634749,atac6k
-0.0052669407,-0.01054822,atac6k
0.00057844556,0.00408204,atac6k
0.0017483719,0.005236365,atac6k
0.0014589479,-0.006812266,atac6k
0.001640285,0.0067569115,atac6k
-0.0016006203,-0.0054270737,atac6k
0.00086696376,0.005626751,atac6k
0.0018710394,0.006294534,atac6k
0.0006897605,0.0047512474,atac6k
-0.0020693343,-0.0052018105,atac6k
0.0018630142,0.005663645,atac6k
0.0018445931,0.006180973,atac6k
-0.003393249,-0.008958212,atac6k
0.011137521,-0.012712913,atac6k
-0.0027085745,-0.009453234,atac6k
0.00057091704,-0.0033785908,atac6k
0.0012469838,0.006124401,atac6k
-0.0008369524,-0.010800262,atac6k
0.0011830645,0.0063688746,atac6k
-0.00022652661,0.0023813762,atac6k
-0.0033640002,-0.002405791,atac6k
0.001458171,0.006575808,atac6k
-0.0005942279,-0.0058131055,atac6k
0.009691178,-0.0108914785,atac6k
0.0010408874,0.006190721,atac6k
-0.0025621294,-0.00664456,atac6k
0.0019146304,0.005188928,atac6k
0.0018773184,0.005204731,atac6k
0.0008915712,0.0053459774,atac6k
0.00092702423,0.0056621917,atac6k
0.006376217,-0.009867587,atac6k
0.0019204041,0.00549229,atac6k
-0.0019137244,-0.0073693637,atac6k
-0.009687678,-0.0024990868,atac6k
-0.0008332215,-0.0028998542,atac6k
0.00063354784,0.004652028,atac6k
0.00082960003,0.0056272508,atac6k
-0.0018497019,-0.0075726975,atac6k
0.0008204642,0.0056116334,atac6k
0.00091319083,0.00552691,atac6k
-0.0018448123,0.0030054722,atac6k
-0.004288811,-0.008851442,atac6k
0.00061501615,0.004549978,atac6k
0.0008321897,0.0047989883,atac6k
0.0076010767,-0.010747592,atac6k
0.0011127059,0.006217785,atac6k
-0.00097391556,-0.0048961206,atac6k
0.0018399142,0.002663533,atac6k
0.001311591,0.0061981305,atac6k
0.0005933114,0.0032328703,atac6k
-0.0036226655,-0.009427544,atac6k
-0.0033846556,-0.008736913,atac6k
-0.0022052203,-0.004091096,atac6k
0.0006416958,0.004669562,atac6k
0.0004522701,-0.004784912,atac6k
0.0016053235,0.006391288,atac6k
0.00054350035,0.0038100262,atac6k
0.0010408335,0.0056554778,atac6k
-0.004060938,-0.008980158,atac6k
-0.0020161562,-0.007642897,atac6k
0.00057634036,0.003744721,atac6k
0.00062486244,0.004436911,atac6k
0.0014741342,0.0060444875,atac6k
0.00056383316,0.0034259523,atac6k
0.00059420016,0.004264376,atac6k
0.000910074,0.0054529617,atac6k
-0.002260105,-0.0066187577,atac6k
0.0069083795,-0.010131741,atac6k
-0.0038542547,-0.008482044,atac6k
0.00081843813,0.005562643,atac6k
0.0007267408,0.0053336066,atac6k
0.0008422313,0.005440697,atac6k
-0.0016299438,-0.0071569616,atac6k
0.0005582008,0.003484548,atac6k
-0.0025029099,-0.010023443,atac6k
-0.0021971557,-0.006820699,atac6k
0.00030812286,0.0005246421,atac6k
-0.0042740223,-0.009616417,atac6k
-0.0007441121,-0.0055459077,atac6k
0.0013475491,0.0062813265,atac6k
0.0007899536,0.005604576,atac6k
-0.0016377245,-0.004618616,atac6k
-0.0037152974,-0.00784522,atac6k
0.0013200927,0.00589891,atac6k
0.001194149,0.00604806,atac6k
-0.0051599937,-0.010590161,atac6k
0.008559145,-0.010819256,atac6k
0.00073762314,0.0050598932,atac6k
-0.0035869805,-0.00828288,atac6k
0.001227763,0.0060830787,atac6k
-0.003995367,-0.0041026683,atac6k
0.00089011004,0.005721747,atac6k
-0.006944239,-0.0010961137,atac6k
-0.0029049378,0.0029589501,atac6k
-0.0028966444,-0.007926216,atac6k
0.0012350703,0.0059057306,atac6k
0.0007271015,0.0048434483,atac6k
-0.0029051288,-0.0076703927,atac6k
0.001476488,0.006156712,atac6k
0.0014065492,0.006936067,atac6k
-0.0013362388,-0.0062803407,atac6k
0.00083107123,0.0052948464,atac6k
0.0007156598,0.0049729683,atac6k
-0.0033159575,-0.0086301975,atac6k
-0.0018582288,-0.0073837247,atac6k
0.00094651006,0.0056276475,atac6k
-0.0013147343,-0.006472615,atac6k
0.001745958,0.0066025336,atac6k
0.0011305114,0.006056967,atac6k
0.00033323772,0.0020895456,atac6k
-0.0024902734,-0.007928018,atac6k
0.0007985011,0.005009087,atac6k
-0.0076317517,-0.0016086733,atac6k
0.00066956884,0.00399761,atac6k
0.0007701473,0.0051678945,atac6k
0.0005631533,0.0036657774,atac6k
-0.0028477316,-0.008537416,atac6k
-0.0025300237,-0.006668869,atac6k
-0.021681694,0.004891261,atac6k
0.00063017325,0.004291388,atac6k
0.0006690718,0.0048895124,atac6k
0.0008141995,0.005388592,atac6k
0.0006728016,0.002648499,atac6k
-0.0022439605,-0.00765842,atac6k
-0.0044804453,-0.009599,atac6k
-0.0031603305,-0.0075270953,atac6k
0.009118401,-0.010787273,atac6k
-0.0020987557,-0.0074668783,atac6k
0.0013096683,0.0057734377,atac6k
-0.006805803,-0.0032550667,atac6k
0.000782509,0.005330297,atac6k
0.007856683,-0.010290477,atac6k
0.001127097,0.006254278,atac6k
-0.00037273645,-0.0049856384,atac6k
0.0008628992,0.005563933,atac6k
0.0018662008,0.0051358235,atac6k
0.0005887106,0.0041828076,atac6k
0.0008183006,0.0054319575,atac6k
0.0006747448,0.0010357567,atac6k
0.0019730276,0.0069402917,atac6k
-0.00019957215,-0.007541641,atac6k
0.0010119263,0.0059520714,atac6k
0.0008807739,0.0053050597,atac6k
-0.003906429,-0.0090914285,atac6k
0.00078732485,0.005495994,atac6k
0.0011957746,-0.0006876591,atac6k
0.00799819,-0.010415063,atac6k
0.0005573858,0.003964262,atac6k
-0.0017589589,0.004477308,atac6k
-0.0013278618,-0.006519174,atac6k
0.001279311,0.0061819013,atac6k
0.0007143032,0.0049606496,atac6k
-0.002928405,0.0020427266,atac6k
0.0021012716,0.0058923746,atac6k
-0.0028569028,-0.0015237748,atac6k
0.0007325307,0.004177176,atac6k
-0.0014134207,-0.0069249948,atac6k
-0.00075035164,-0.0052021397,atac6k
-0.0022473463,-0.00745355,atac6k
-0.0017617882,-0.006740056,atac6k
-0.0038724877,-0.0088241715,atac6k
-0.0014447536,-0.0069536287,atac6k
0.0007355655,0.0047816513,atac6k
0.0021525738,0.0063717784,atac6k
0.000788735,0.005124189,atac6k
0.0009788349,0.005624424,atac6k
-0.004500416,-0.0096445065,atac6k
-0.0035518005,-0.008930955,atac6k
0.0014345356,0.0063541885,atac6k
0.008164946,-0.010491831,atac6k
-0.006764533,-0.002750806,atac6k
-0.0037067186,-0.008746074,atac6k
0.002216375,0.006520682,atac6k
0.000757043,0.0053868345,atac6k
0.008330372,-0.010372904,atac6k
0.0018692744,0.0067363777,atac6k
0.008733993,-0.011870234,atac6k
0.0008001911,0.005336109,atac6k
0.001395726,0.0067950054,atac6k
-0.0034596475,0.0010260215,atac6k
0.0013352851,0.006401481,atac6k
-0.0019312628,-0.007221998,atac6k
-0.0023929677,-0.0066654943,atac6k
0.00147366,0.0063369456,atac6k
0.0014929719,0.0060809674,atac6k
0.0006967729,0.0023418553,atac6k
-0.0022975951,-0.007917954,atac6k
0.0018664595,0.005777512,atac6k
-0.0010650742,-0.00652318,atac6k
0.0009144501,0.0056700166,atac6k
0.0016658274,0.0051270844,atac6k
0.00062179356,0.0045268377,atac6k
-0.0006017004,-0.005135874,atac6k
0.0015029486,0.006279556,atac6k
-0.0005200348,-0.005788587,atac6k
0.0021204136,0.005961247,atac6k
-0.0037885008,-0.00829783,atac6k
-0.0036211282,-0.007883622,atac6k
0.0006035332,0.004322387,atac6k
0.008582559,-0.011017887,atac6k
0.002209758,0.005999865,atac6k
-0.0025060663,0.0028026886,atac6k
0.0008820665,0.005756357,atac6k
0.00078674615,0.0053267195,atac6k
-0.0035917154,-0.008310885,atac6k
0.0011836977,0.0042015826,atac6k
0.0016805644,0.0062803477,atac6k
0.0011263823,0.0060407966,atac6k
0.00053071894,0.003392624,atac6k
0.00093106646,0.0057886573,atac6k
-0.00031810824,-0.005259355,atac6k
0.00054311176,0.0035836913,atac6k
-0.0026940505,-0.008263338,atac6k
0.00035777115,0.0028133662,atac6k
0.0012775388,0.0063238763,atac6k
0.001973334,0.0062721614,atac6k
0.0006710788,0.0014168476,atac6k
0.0020519393,0.005076,atac6k
0.0022634235,0.0068690004,atac6k
0.00058742816,0.0043232148,atac6k
0.010424397,-0.01178327,atac6k
0.009401979,-0.011746221,atac6k
0.0015400145,-0.006848825,atac6k
-0.0048385123,-0.010782657,atac6k
-0.0028352353,-0.006941038,atac6k
0.0026155356,0.0055240127,atac6k
0.0008363993,0.0057075857,atac6k
0.000642633,0.0049038366,atac6k
0.0006433622,0.0042532906,atac6k
-0.0016732402,-0.0064883856,atac6k
0.007379702,-0.011394149,atac6k
0.0007319979,0.005237113,atac6k
0.0005579653,0.004057514,atac6k
-0.003017543,-0.007233599,atac6k
-0.005431189,-0.010544273,atac6k
0.0010220065,0.005865057,atac6k
0.00061222276,0.0045695864,atac6k
0.01161737,-0.011982604,atac6k
0.001215711,0.0056825224,atac6k
0.00071837864,0.0049586017,atac6k
0.0017128196,0.006486195,atac6k
0.0015818255,0.0066397274,atac6k
-0.0031359515,-0.008988698,atac6k
-0.002122889,-0.0060919006,atac6k
-0.0038568457,-0.008731016,atac6k
0.0007214199,0.0049029742,atac6k
0.0010333988,0.0058691315,atac6k
0.0006000574,0.0039822967,atac6k
0.0009163155,0.005417316,atac6k
0.0014999007,0.006865172,atac6k
-0.005420911,-0.005657875,atac6k
-0.004585564,-0.010466829,atac6k
-0.002216394,-0.00797797,atac6k
0.00066785177,0.00484621,atac6k
0.009313437,-0.010930408,atac6k
0.00061343476,0.0045722425,atac6k
0.0008397939,0.005574651,atac6k
-0.0037004615,-0.009238486,atac6k
-0.0018301222,-0.007274032,atac6k
0.0018625164,0.006286642,atac6k
0.00076955825,0.005254523,atac6k
-0.0016759981,-0.006855605,atac6k
0.0018859177,0.006480061,atac6k
-0.00027301285,-0.0025523584,atac6k
-0.0027889279,-0.0072040595,atac6k
-0.003048174,-0.0002542187,atac6k
0.0013897095,0.0062173465,atac6k
-0.0033404424,-0.008885144,atac6k
0.0008749152,0.005445843,atac6k
0.0012884553,0.006033407,atac6k
0.00062952016,0.0047177193,atac6k
0.0012496904,0.003698884,atac6k
0.00097251736,0.0020292683,atac6k
0.00057142053,0.004048099,atac6k
0.0013706252,0.0064973654,atac6k
0.0005591722,0.003927392,atac6k
0.001405578,0.006148482,atac6k
0.0006696032,0.0047798716,atac6k
-0.0014656587,-0.0070521617,atac6k
0.0011829972,0.0062318384,atac6k
0.00079317304,0.0053862818,atac6k
-0.0010933327,-0.0062213135,atac6k
0.0006694506,0.0046210573,atac6k
0.0017550206,0.006203397,atac6k
-0.00079421006,-0.008038667,atac6k
0.001165719,0.006066943,atac6k
0.0006932878,0.0045551527,atac6k
0.0019920857,0.0060265455,atac6k
-0.0033167813,-0.007682657,atac6k
0.007318504,-0.00990967,atac6k
0.0016107819,0.0063250344,atac6k
0.0005351999,0.0035463765,atac6k
0.00086754723,0.005648799,atac6k
0.0006938711,0.004917348,atac6k
0.00016987936,-0.0033358186,atac6k
-0.0026113729,-0.0080192685,atac6k
-0.0025856178,-0.007834052,atac6k
0.000832578,0.0054079904,atac6k
0.0018750954,0.0054682153,atac6k
0.0018290281,0.006312639,atac6k
0.0016377657,0.0060468414,atac6k
-0.00408756,-0.006113222,atac6k
0.0005631407,-0.0016339727,atac6k
0.0009056977,0.0057209847,atac6k
-0.001873686,-0.0064026136,atac6k
-0.0040579834,-0.0020712784,atac6k
0.0018521338,0.004381926,atac6k
0.0015814777,0.0058767907,atac6k
-0.0038389952,-0.0051922444,atac6k
0.0025920873,0.005719968,atac6k
0.010902844,-0.012089242,atac6k
0.0014920968,0.0068286974,atac6k
-0.0030140646,-0.0040483032,atac6k
-0.0042175036,-0.008676245,atac6k
0.0014006456,0.00617956,atac6k
-0.0029424399,-0.007342414,atac6k
-0.004085049,-0.008864918,atac6k
-0.0022740683,-0.0063446914,atac6k
0.0015500741,0.0062947394,atac6k
0.0005530127,0.003304076,atac6k
0.0013356896,0.006162056,atac6k
-0.0007132624,-0.008879616,atac6k
-0.003960584,-0.008794539,atac6k
0.0019457473,0.0067006047,atac6k
-0.0035774456,-0.0082059195,atac6k
0.0013424029,0.0065181428,atac6k
-0.0031729771,-0.008401775,atac6k
-0.0017213485,-0.007444062,atac6k
0.002058872,0.006025342,atac6k
-0.0039926562,-0.003954925,atac6k
-0.0010106396,-0.005842197,atac6k
-0.0077776443,-0.008439066,atac6k
0.0013997889,0.0064054304,atac6k
0.0027278764,0.0056941025,atac6k
0.0015943109,0.0057028043,atac6k
-0.0032248525,-0.0072454982,atac6k
0.00087444,0.0055863364,atac6k
-0.0028865684,-0.008319822,atac6k
0.0006756016,0.0048182593,atac6k
0.00093422225,0.005862531,atac6k
0.0008073957,0.0045665186,atac6k
0.00067708845,0.0049471203,atac6k
0.0009626115,0.005718872,atac6k
0.00067616353,0.004839375,atac6k
0.00094895123,0.0056907753,atac6k
0.0006587636,0.0045791254,atac6k
-0.001565596,-0.0065289517,atac6k
-0.0010438265,-0.0057091806,atac6k
-0.00325421,-0.01138575,atac6k
0.0008330751,0.0050303782,atac6k
0.0007725994,0.0052297665,atac6k
0.0013429665,0.0061252895,atac6k
-0.00285673,-0.0063534603,atac6k
0.0014897275,0.0045628953,atac6k
-0.0035834734,-0.008166299,atac6k
0.0009986926,0.0062635904,atac6k
0.00063384674,0.0044503403,atac6k
0.0023448286,0.0063346163,atac6k
-0.0030420532,-0.00744997,atac6k
-0.0037355814,-0.007908474,atac6k
-0.002614793,-0.007018583,atac6k
-5.7013553e-05,-0.0006545867,atac6k
0.0007170929,0.004826635,atac6k
0.0022015623,0.0059355097,atac6k
0.00058704166,0.004362693,atac6k
0.0014019222,0.0063314317,atac6k
0.0008989594,0.0055334955,atac6k
0.0007000468,0.004944191,atac6k
0.00013146778,-0.003646196,atac6k
3.6331203e-05,-0.003660992,atac6k
0.010416742,-0.011982362,atac6k
0.0009749541,0.005774349,atac6k
0.001239067,0.0061363247,atac6k
0.0007141298,0.0013595568,atac6k
0.00070234144,0.0049390397,atac6k
-0.0018585024,-0.0073461183,atac6k
0.0071337954,-0.01058205,atac6k
0.00073345524,0.0046234685,atac6k
-0.0030261425,-0.004939973,atac6k
0.0015275909,0.0061723664,atac6k
-0.003540849,-0.008070126,atac6k
0.0009497579,0.0058062663,atac6k
-0.0011737413,-0.005294038,atac6k
0.0006064846,0.004191982,atac6k
-0.0016453996,-0.0062417807,atac6k
-0.004683763,-0.0105665075,atac6k
0.00055344106,0.0032361993,atac6k
0.0008796447,0.0051483167,atac6k
0.00097456307,0.0054745926,atac6k
0.00079022924,0.0050967503,atac6k
-0.0019280317,-0.0074950764,atac6k
-0.002782155,-0.0076411124,atac6k
0.00059614127,0.0026714213,atac6k
-0.0009418,0.003953355,atac6k
0.0007212326,0.0049631665,atac6k
0.0007266703,0.004834682,atac6k
0.0019117569,0.006471236,atac6k
-0.0028207216,-0.008292832,atac6k
0.00069109927,0.004621373,atac6k
0.0006000985,0.0038264117,atac6k
0.0005775108,0.003954556,atac6k
-0.0032366347,-0.0077756536,atac6k
0.0016579934,0.005812522,atac6k
-0.0036023927,-0.0091673825,atac6k
-0.0018205025,-0.0069977646,atac6k
0.0020976244,0.0045348606,atac6k
0.0022579795,0.005957858,atac6k
0.000656597,0.004694063,atac6k
0.0007822826,0.005236931,atac6k
0.0012932675,0.006267218,atac6k
0.0011949124,0.003239871,atac6k
-0.002355458,-0.0010698372,atac6k
-0.0038020485,-0.009089344,atac6k
-0.0042102505,-0.0037303097,atac6k
0.001107642,0.006104384,atac6k
0.00016454238,-0.0043149414,atac6k
0.0021860334,-0.0038177955,atac6k
-0.0025443383,-0.008164258,atac6k
-0.004015617,-0.008943645,atac6k
-0.0018922102,-0.005546855,atac6k
-0.0021556937,-0.0033056177,atac6k
0.00067100266,0.004802603,atac6k
0.0013774853,0.006853134,atac6k
0.0008886429,0.0057404437,atac6k
0.00071273104,0.0049824235,atac6k
0.0019681582,0.0060946695,atac6k
0.0005480124,0.0030028615,atac6k
-0.0028185493,-0.008547727,atac6k
0.0020409455,0.005765204,atac6k
0.001379778,0.00608874,atac6k
-0.0012318635,0.0012058081,atac6k
-0.0035853258,-0.00868505,atac6k
-0.002961496,-0.008669703,atac6k
0.0062335283,-0.009781123,atac6k
-0.0026660764,-0.008281903,atac6k
-0.015776617,0.0025648193,atac6k
-0.0029308354,-0.008570014,atac6k
-0.0018941787,-0.006028123,atac6k
0.0009682055,0.0057163155,atac6k
0.0007775404,0.0052054534,atac6k
0.001075478,0.005788713,atac6k
0.0018527757,0.005303855,atac6k
0.00051201973,0.0034371745,atac6k
-0.004430501,-0.0101899635,atac6k
0.001043326,0.006185901,atac6k
0.0009833804,0.005952617,atac6k
0.0022394566,0.00608408,atac6k
0.0007674618,0.004755706,atac6k
0.00098488,0.005939628,atac6k
-0.0040672924,-0.009423244,atac6k
-0.00049874233,-0.004243104,atac6k
0.0006702486,0.0047816453,atac6k
-0.0024290336,-0.0060191355,atac6k
-0.0042135096,-0.009674899,atac6k
0.0005692441,0.0035872592,atac6k
0.00068509695,0.0046996246,atac6k
0.0016722567,0.006400252,atac6k
0.00066893635,0.0018048252,atac6k
0.0018969623,0.0052113184,atac6k
0.0063222214,-0.010356757,atac6k
0.00066378363,0.0044014826,atac6k
0.00092816807,0.0044354633,atac6k
0.0007578311,0.0052498677,atac6k
0.006262351,-0.01084366,atac6k
0.00066653144,0.004831635,atac6k
-0.0010970326,-0.005818284,atac6k
-0.00038265513,-0.008690524,atac6k
-0.0047550187,-0.009499499,atac6k
0.0009806777,0.0060393414,atac6k
-0.0011270699,-0.0058948686,atac6k
0.0006292226,0.0043738587,atac6k
-0.0045005167,-0.009493044,atac6k
0.00145124,0.0059574475,atac6k
-0.00092283834,-0.006243157,atac6k
-0.003234511,-0.007494248,atac6k
0.00087202556,0.0056797774,atac6k
0.0010142907,0.0058641937,atac6k
0.00045137818,0.0009382753,atac6k
0.0011093088,0.0062555675,atac6k
-0.0032490194,-0.0090853935,atac6k
-0.004923616,-0.010121898,atac6k
0.000919804,0.005755107,atac6k
-0.0012143756,-0.0033493578,atac6k
0.002458417,0.0061035547,atac6k
-0.003272443,-0.0077972673,atac6k
-0.004159748,-0.008952314,atac6k
0.0010360042,0.0057263537,atac6k
-0.0023289602,-0.0064640413,atac6k
0.0006785772,0.0048616626,atac6k
0.002342268,-0.0101202605,atac6k
0.0009428235,0.0058217864,atac6k
0.0011095378,0.0060517853,atac6k
-0.0038444002,-0.009440107,atac6k
0.0005656613,0.003320614,atac6k
-0.0026501182,-0.002492373,atac6k
-0.0028470615,-0.0083904015,atac6k
0.0015513712,0.0067665926,atac6k
0.0013134185,0.0062552565,atac6k
0.00080945285,0.0055497596,atac6k
0.00027570626,0.0029090547,atac6k
0.0015607754,0.005859955,atac6k
-0.004496945,-0.010230991,atac6k
-0.00077483,-0.002520121,atac6k
-0.0035448298,-0.007928013,atac6k
-0.0022497629,-0.0077221035,atac6k
0.00060636445,0.004300554,atac6k
0.00664764,-0.010228671,atac6k
0.000839393,0.005316203,atac6k
0.0011275512,0.0062163603,atac6k
-0.0012820247,-0.0068005472,atac6k
0.00063145126,0.004631501,atac6k
0.00069562526,0.0048745796,atac6k
-0.0030456698,-0.00654456,atac6k
0.000816768,-0.0064379834,atac6k
-0.00017607196,-0.0059967013,atac6k
0.0005226614,0.0032670954,atac6k
-0.0010413366,-0.006558078,atac6k
0.00064983754,0.00408485,atac6k
0.0011664523,0.006063326,atac6k
0.0020781844,0.0057541234,atac6k
0.00063926505,0.00452758,atac6k
-0.0021145663,-0.0044451975,atac6k
-0.002997133,-0.008763954,atac6k
-0.0032890984,0.0039643934,atac6k
-0.0047446243,-0.010225477,atac6k
0.0006681417,0.0047986396,atac6k
-0.000988982,-0.0023441042,atac6k
-0.0010673883,-0.00641806,atac6k
0.0019941924,0.006718399,atac6k
0.0006640304,0.0044422573,atac6k
0.0011099181,0.006252476,atac6k
0.0009630421,0.005802308,atac6k
-0.0010150181,-0.0051045907,atac6k
-0.004512201,-0.009296221,atac6k
-0.00039984589,-0.0054431516,atac6k
0.0011819935,0.0063607222,atac6k
0.00057482213,0.0039931373,atac6k
0.00097270985,0.005588872,atac6k
0.0011287724,0.0059289867,atac6k
-0.0033986382,-0.010775128,atac6k
0.0005456335,0.0033070762,atac6k
-0.003163142,-0.0089075165,atac6k
-0.0026539278,-0.005502527,atac6k
0.0006726175,0.004456912,atac6k
0.0007671975,0.005230228,atac6k
0.010518296,-0.011688866,atac6k
-0.004476703,-0.00952843,atac6k
0.0007256472,0.0048537552,atac6k
-0.0032405674,-0.007331055,atac6k
0.0014420191,0.0062710135,atac6k
-0.0019309408,-0.007106019,atac6k
0.0017735314,0.0056936136,atac6k
0.0008286645,0.0055169696,atac6k
-0.003791863,-0.008329753,atac6k
-3.495075e-05,-0.004954699,atac6k
0.00067182723,0.004879252,atac6k
-0.004487159,-0.010455736,atac6k
-0.002412267,-0.00791902,atac6k
0.0002185428,-0.009305265,atac6k
0.000598132,0.004245488,atac6k
0.00093430805,0.00600794,atac6k
-0.0023989847,-0.007917554,atac6k
0.00072959595,0.0051168585,atac6k
-0.0022398958,-0.0075716684,atac6k
-0.0021798864,-0.0072067333,atac6k
0.0012079299,-0.0074097076,atac6k
-0.000105182895,-0.006768884,atac6k
0.0015851347,0.006109056,atac6k
0.0006174938,0.00426781,atac6k
0.006050101,-0.010953465,atac6k
-0.002559111,-0.008064691,atac6k
0.008659918,-0.011407527,atac6k
0.00057639956,0.004157444,atac6k
-0.004116898,-0.009273166,atac6k
-0.0018153815,-0.0069432273,atac6k
0.0019839893,0.004994355,atac6k
0.0006739046,0.004167099,atac6k
-0.0006055205,-0.004653089,atac6k
-0.009256459,-0.0006562922,atac6k
0.0019271875,0.005933121,atac6k
0.0013661723,0.0060684835,atac6k
0.0018224234,0.00496559,atac6k
0.0005792076,0.003048918,atac6k
-0.002836366,-0.0071141664,atac6k
0.0006320054,0.0029166143,atac6k
0.0007555595,0.0051983898,atac6k
0.0019345944,0.0059787408,atac6k
0.0006814671,0.0043952456,atac6k
-0.0036426946,-0.008735561,atac6k
0.0013531332,0.006158237,atac6k
-0.003447836,-0.0085598305,atac6k
0.001126248,0.005953245,atac6k
0.0012216889,0.004317343,atac6k
-0.0030025688,-0.006583403,atac6k
0.0007027766,0.004165458,atac6k
-0.003112819,-0.008309351,atac6k
0.00059907156,0.003579379,atac6k
-0.0016718546,-0.0068559744,atac6k
0.0009477263,0.0056845904,atac6k
-0.0035313962,-0.008098286,atac6k
-0.0032461123,-0.0049820608,atac6k
-0.00413222,-0.009039935,atac6k
0.0016841204,0.0041394304,atac6k
0.000654002,0.0035522801,atac6k
0.00081630796,0.0051970463,atac6k
0.0008026391,0.0054594004,atac6k
-0.0032318747,-0.008716964,atac6k
0.00055806956,0.003768088,atac6k
-0.0006333363,-0.0049582487,atac6k
-0.0020162857,-0.0019281983,atac6k
-0.0017216103,-0.006573497,atac6k
0.00076628756,0.0049830987,atac6k
0.0016494875,0.0059748003,atac6k
0.00094415725,0.005656147,atac6k
-0.0027688453,-0.008368323,atac6k
-0.0032720144,-0.007518726,atac6k
-0.0026666967,-0.005512201,atac6k
0.0011102753,0.005673236,atac6k
0.00061118626,0.001433972,atac6k
-0.0034933938,-0.008855435,atac6k
-0.0032573987,-0.0075325104,atac6k
0.0007396137,0.0052018357,atac6k
0.00089128874,0.005410478,atac6k
-0.0041681738,-0.009514499,atac6k
-0.004153526,-0.0100030005,atac6k
-0.0015568906,-0.0069611566,atac6k
0.0006486626,0.004583356,atac6k
0.00086470484,0.0057352562,atac6k
-0.0024928525,-0.0020653738,atac6k
-0.0025108282,-0.0063249078,atac6k
0.0022421565,0.005771853,atac6k
0.00085602194,0.0054151225,atac6k
0.00090387324,0.005792981,atac6k
-0.0025996119,-0.008475018,atac6k
0.00070057856,0.0047338195,atac6k
-0.0037297788,-0.008791886,atac6k
0.001466137,0.0061135315,atac6k
-0.002177197,0.0030976452,atac6k
0.001124938,0.006460922,atac6k
0.000773948,0.0050078463,atac6k
-0.0038276012,-0.008926891,atac6k
0.0006846011,0.004717071,atac6k
-0.0035922583,-0.0046781353,atac6k
0.0012233382,0.006523038,atac6k
-0.0009401882,-0.0062173293,atac6k
-0.0020542631,-0.010810362,atac6k
0.0023618666,0.0061224406,atac6k
0.0005869775,0.004014836,atac6k
0.001055321,0.0062734517,atac6k
0.0018345804,0.005673185,atac6k
0.00058301736,0.0038852682,atac6k
-0.0040538465,-0.009674008,atac6k
0.00073371636,0.0048731025,atac6k
0.0005786922,0.004460276,atac6k
0.0011718941,0.0065164845,atac6k
0.00055426755,0.0037151307,atac6k
0.00071306503,0.005019737,atac6k
0.0010530916,0.0025084296,atac6k
0.0015320781,0.0071157287,atac6k
0.0017830761,0.0061618607,atac6k
0.0005793857,0.002805382,atac6k
0.0012194894,0.0057742517,atac6k
-0.004240373,-0.009042952,atac6k
-0.00082134776,-0.005386182,atac6k
-0.0012601762,-0.0066004517,atac6k
-0.0023073172,-0.007767661,atac6k
-0.003725983,-0.0084828185,atac6k
-0.00022524089,-0.0051523536,atac6k
0.00063989544,0.0033893972,atac6k
0.0018026984,0.0064758398,atac6k
-0.0041928166,-0.01011351,atac6k
0.0006088391,0.0038662243,atac6k
0.0010961483,0.006084754,atac6k
0.00065623864,0.0047006616,atac6k
0.0007278145,0.0047348114,atac6k
0.00057149824,0.0038411287,atac6k
-0.0035673026,-0.007998367,atac6k
0.0018727263,0.006290372,atac6k
0.0006688347,0.0038584333,atac6k
0.00074228883,0.0048544584,atac6k
0.0011948007,0.0037215645,atac6k
-0.0025023348,-0.006775669,atac6k
-0.0034258869,-0.008363548,atac6k
0.000752362,0.005255485,atac6k
0.00093121803,0.0057784887,atac6k
0.00084213115,0.005521238,atac6k
0.00081185705,-0.0028758792,atac6k
-0.0046994197,-0.010281563,atac6k
0.0007922398,0.005319692,atac6k
0.0010499499,0.005700008,atac6k
-0.004008396,-0.008401793,atac6k
0.0031661682,-0.007922611,atac6k
-0.0021955154,-0.007920523,atac6k
-0.0019301958,-0.006655689,atac6k
-0.004794655,-0.010314287,atac6k
-0.0017925237,0.0013235621,atac6k
0.0007354324,0.0045297905,atac6k
0.0009547733,0.0059589925,atac6k
-0.00015245179,-0.001523155,atac6k
0.001278086,-0.007080792,atac6k
-0.0034039558,-0.006443367,atac6k
0.0007744689,0.005098349,atac6k
0.0011267185,0.0060270005,atac6k
0.0005911369,0.004295447,atac6k
0.00096783147,0.005612669,atac6k
0.008173836,-0.010796751,atac6k
-0.0041676085,-0.009135932,atac6k
-0.0039085113,-0.009366962,atac6k
-0.0036318903,-0.008117279,atac6k
-0.0038241942,-0.008080172,atac6k
0.00080678525,0.0053089266,atac6k
-0.003229771,-0.008937922,atac6k
-0.0014114964,-0.0066145835,atac6k
0.0011775893,0.006400713,atac6k
0.00093806506,0.0057607293,atac6k
-0.00023629081,0.0036384955,atac6k
-0.0009131073,-0.006131537,atac6k
0.00059623225,0.0036242092,atac6k
0.002306465,0.0060528275,atac6k
0.0009553401,0.0052600973,atac6k
-0.0018822814,-0.0057224277,atac6k
-0.00842139,-0.0014260928,atac6k
-0.0036856406,-0.00895558,atac6k
-0.0032594807,-0.005400525,atac6k
-0.0033528572,-0.008772493,atac6k
0.0010073906,0.0059730443,atac6k
0.00060816907,0.004323047,atac6k
-0.0025618132,-0.007606613,atac6k
0.00078765623,0.0051989276,atac6k
0.0005600614,0.0038578045,atac6k
-0.005908138,-0.0015460746,atac6k
-0.005485394,-0.011105678,atac6k
0.0001290892,-0.0044521187,atac6k
-0.0011668714,-0.0041459017,atac6k
-0.0032776992,-0.008274929,atac6k
0.00063653884,0.00425982,atac6k
0.0017644921,0.0061826636,atac6k
0.0015435104,0.005964276,atac6k
-0.0027492107,-0.0068222084,atac6k
0.00089995435,0.0058109895,atac6k
-0.004020908,-0.00936343,atac6k
0.0006298056,0.004211936,atac6k
0.00071586185,0.0050891037,atac6k
0.0007379444,0.005212449,atac6k
-0.0025316975,-0.006504556,atac6k
-0.0035473788,-0.008215827,atac6k
-0.0032518124,-0.008881937,atac6k
0.0019637507,0.003725505,atac6k
0.00027808358,0.0011139266,atac6k
-0.0033988066,-0.008183621,atac6k
-0.0031697166,-0.008298285,atac6k
-0.0030953197,-0.0073435316,atac6k
-0.00211433,-0.0077880947,atac6k
-0.004516014,-0.002988059,atac6k
0.00078898796,0.00507247,atac6k
0.00057913305,0.0034227248,atac6k
0.00082988414,0.0053551053,atac6k
-0.0039222534,-0.0033932617,atac6k
0.00090241496,0.005384991,atac6k
-0.00017794063,0.003946121,atac6k
0.009917895,-0.01160742,atac6k
0.009985275,-0.011448006,atac6k
0.0006151326,0.0046426817,atac6k
0.0047109635,-0.010789453,atac6k
0.0005762328,0.0038106393,atac6k
-0.0009216328,-0.005015278,atac6k
-0.0040107784,-0.009503478,atac6k
0.00067631487,0.0045708157,atac6k
-0.0016831083,-0.00689406,atac6k
0.00076674466,0.004557417,atac6k
0.0012772332,0.006006965,atac6k
0.002001174,0.0051967143,atac6k
0.00062559266,0.0036106422,atac6k
-0.00021654107,-0.004131131,atac6k
-0.0018948077,-0.0067156884,atac6k
0.0015859365,0.0064104204,atac6k
-0.0026697803,-0.0082409745,atac6k
0.0012768402,0.0064773606,atac6k
0.0012144957,0.006424903,atac6k
-0.0011573505,-0.0055559035,atac6k
-0.004256482,-0.010186973,atac6k
0.0006987838,0.005081643,atac6k
0.0017148665,0.0055972924,atac6k
-0.0015124552,-0.0070602875,atac6k
0.0008580332,0.0056101973,atac6k
0.0024014295,0.005570925,atac6k
0.00244974,0.006623784,atac6k
-0.0032737849,-0.008421078,atac6k
-0.0044913054,-0.0093871895,atac6k
0.0010324169,0.0060020373,atac6k
0.0008813108,0.0057768025,atac6k
-0.007966233,-0.0019908512,atac6k
-0.0015200959,-0.0071584466,atac6k
0.00082493,0.005415074,atac6k
-0.0026827205,0.0042021093,atac6k
0.0019685999,0.005759388,atac6k
-0.0034880016,-0.008217599,atac6k
0.00056133285,0.0035311603,atac6k
-0.0037413484,-0.0087106535,atac6k
0.0031093194,-0.007866584,atac6k
-0.0031042586,-0.0086626755,atac6k
0.00065155915,0.00491344,atac6k
0.0006591363,0.0045084744,atac6k
0.00059330487,0.0041064494,atac6k
0.0034844377,-0.008715853,atac6k
-0.0023290406,0.0032211703,atac6k
0.00039105729,-0.0017479039,atac6k
0.00064132124,0.004831345,atac6k
0.0012638901,0.00594311,atac6k
-0.0028489048,-0.008207631,atac6k
0.0011769534,0.0018670914,atac6k
-0.003055442,-0.007226899,atac6k
0.0017373709,0.0068125203,atac6k
0.0007003788,0.0014617484,atac6k
-0.0010560767,-0.0062011806,atac6k
0.0013187189,0.006130464,atac6k
0.0005628824,0.003632038,atac6k
0.00069466326,0.00483086,atac6k
-0.004454171,-0.009400978,atac6k
0.00068887597,0.004513691,atac6k
-0.0007184038,-0.0055080694,atac6k
0.001300524,0.0066745044,atac6k
-0.0020055894,0.0057366155,atac6k
0.0007037677,0.0046094754,atac6k
0.0017024453,0.0060500014,atac6k
-0.0035724456,-0.009379804,atac6k
0.0012332468,0.0062701334,atac6k
0.0012613557,0.0062460727,atac6k
0.00064325193,0.00476105,atac6k
-0.00091451086,-0.006300853,atac6k
0.00072673406,0.005210165,atac6k
0.00041892525,0.0010062542,atac6k
0.0015791963,0.0066293958,atac6k
-0.003214188,-0.008673758,atac6k
-0.0030721193,-0.0085137235,atac6k
0.00062167505,0.004301446,atac6k
0.0010772542,0.0063398187,atac6k
0.00069229666,0.0046502957,atac6k
0.001241005,0.001483309,atac6k
-0.002229153,-0.009513597,atac6k
-0.0014043509,-0.0070810644,atac6k
0.0016925808,0.005322346,atac6k
-0.0035712125,-0.007954216,atac6k
-0.0028380775,-0.007928458,atac6k
0.00060192053,0.0013271957,atac6k
0.0014379935,-0.0071573956,atac6k
0.0010222185,0.006090357,atac6k
0.0019591253,0.0059189387,atac6k
-0.0015139529,0.0045459806,atac6k
0.00082642696,0.0050853966,atac6k
0.00093042356,0.005787298,atac6k
0.00066088483,0.0040222937,atac6k
0.0037760125,-0.008258406,atac6k
0.001943447,0.006296739,atac6k
0.0007781062,0.005142179,atac6k
0.0005881858,0.0038525949,atac6k
-0.0019168592,0.0034741065,atac6k
0.00080267625,0.0054747905,atac6k
0.00061928,0.004014188,atac6k
0.0008635294,0.005689549,atac6k
0.0006711533,0.0048348764,atac6k
0.0008263634,0.0054323487,atac6k
-0.0025014423,-0.006909799,atac6k
-0.0055229473,-0.011078487,atac6k
0.00031106095,0.0030160516,atac6k
0.0011012167,0.006080707,atac6k
-0.003492566,-0.0076276804,atac6k
0.001851721,0.006746096,atac6k
-0.003012989,-0.007571524,atac6k
0.00094609667,0.0057099536,atac6k
0.00059301587,0.004100856,atac6k
0.0010116893,0.0042408635,atac6k
0.0006444318,0.005165939,atac6k
-0.003146606,-0.0072664693,atac6k
-0.009098627,-0.007924439,atac6k
0.0010843284,0.0060989964,atac6k
0.0005409797,0.0036855128,atac6k
-0.002968814,-0.006206477,atac6k
0.0005748647,0.0029008072,atac6k
-0.003046734,-0.008727695,atac6k
-0.00072367885,-0.005768743,atac6k
-0.00043039408,-0.0054062856,atac6k
0.0007594575,0.0050745667,atac6k
0.0015267937,0.006051703,atac6k
-0.003219315,-0.007550921,atac6k
0.0011115881,0.0064233555,atac6k
0.0011881851,0.006168042,atac6k
-0.0015892365,-0.006868145,atac6k
0.0015484387,-0.0034075966,atac6k
0.0015576696,0.006265567,atac6k
-0.0019565327,-0.0075768074,atac6k
0.0015448172,0.005773551,atac6k
0.0006994312,0.005010031,atac6k
0.0007654898,0.00092541665,atac6k
-0.002927528,-0.008267348,atac6k
-0.0022410916,-0.0055822674,atac6k
0.00091949577,0.005724095,atac6k
0.0017996152,0.0054400396,atac6k
-0.00085597334,0.0044954494,atac6k
-0.001760997,-0.0014313464,atac6k
0.0015306801,0.006517912,atac6k
0.009317922,-0.011851002,atac6k
0.0006353158,0.004586798,atac6k
0.00081899855,0.0055393428,atac6k
-0.0010504834,-0.0057206647,atac6k
0.00068334164,0.00460256,atac6k
-0.0026922794,-0.007514831,atac6k
0.00077775883,0.004964466,atac6k
-0.004586366,-0.009985656,atac6k
0.0013989633,0.0067254165,atac6k
-0.0013408427,-0.0060351505,atac6k
0.007938664,-0.010454292,atac6k
0.0010514989,0.0058895396,atac6k
0.0072077955,-0.010179252,atac6k
-0.0045964075,-0.009963819,atac6k
0.0008743567,0.005650375,atac6k
0.0006810931,0.004885417,atac6k
0.0009040292,0.0056241667,atac6k
0.001690695,0.006629284,atac6k
-0.0037470006,-0.009051742,atac6k
0.0006030814,0.004317869,atac6k
0.00068506063,0.00461892,atac6k
0.0018596385,0.00625806,atac6k
-0.0021619408,-0.006275808,atac6k
0.000635536,0.004288407,atac6k
0.0016425045,0.006181276,atac6k
-0.0054023853,-0.003219137,atac6k
0.0013732137,0.005959377,atac6k
0.0010599697,0.0059001665,atac6k
0.0020715557,0.0065932088,atac6k
0.0023788707,0.006138869,atac6k
0.00086434075,0.0053941943,atac6k
0.002057486,0.0051483293,atac6k
0.0014363455,0.0060564666,atac6k
0.0075560664,-0.011815322,atac6k
0.00071697007,0.0051987967,atac6k
0.0011303446,0.0062022638,atac6k
-0.001698639,-0.006269711,atac6k
-0.0026463764,-0.008430802,atac6k
-0.0013904513,-0.005546294,atac6k
0.0021277673,0.006335602,atac6k
-0.0017921859,-0.007325461,atac6k
-0.0049214573,-0.0109532615,atac6k
-0.0040137665,-0.009604048,atac6k
-0.009630532,-0.0007594656,atac6k
0.000661187,0.00458744,atac6k
0.0012344777,0.006158513,atac6k
-0.0041745296,-0.009291392,atac6k
0.0013659386,0.0065538767,atac6k
0.00076740264,0.0051710806,atac6k
0.00055391894,0.004005287,atac6k
0.0021998053,-0.010963887,atac6k
-0.001449196,-0.0051329257,atac6k
0.0011400286,0.0059442036,atac6k
0.00085088186,0.005743307,atac6k
0.0005879907,0.003991859,atac6k
0.0015910997,0.006242579,atac6k
0.0010466633,0.006140985,atac6k
-0.0021953776,-0.007561304,atac6k
0.0006495633,0.004382962,atac6k
-0.002192577,-0.008018921,atac6k
0.00059052085,0.0038087382,atac6k
0.0009373845,0.005407541,atac6k
-0.00076866784,-0.005956983,atac6k
0.0006085502,0.0044700457,atac6k
0.0005298991,0.0026922314,atac6k
-0.0036458685,-0.008375186,atac6k
0.0006844235,0.004754306,atac6k
0.00020078078,0.0020555982,atac6k
0.0018859555,0.005762736,atac6k
0.0007618008,0.0032910039,atac6k
0.0005568993,0.0037696096,atac6k
-0.002403611,-3.1863376e-05,atac6k
0.0008898367,0.0056631286,atac6k
-0.0032148773,-0.00868636,atac6k
-0.0029461274,-0.007910436,atac6k
0.0017608433,0.0043364763,atac6k
0.01014382,-0.011507079,atac6k
-0.0046819,-0.009419279,atac6k
-0.00017647189,-0.0059128827,atac6k
-0.0016915093,-0.0072219735,atac6k
0.00096192973,0.0061048465,atac6k
0.0008440045,0.0053400258,atac6k
-0.0036063395,-0.008856468,atac6k
0.000614079,0.0039216657,atac6k
0.0023137722,0.0051394315,atac6k
-0.0025847973,-0.008245084,atac6k
0.0011613964,0.005830049,atac6k
-0.004013489,-0.009623623,atac6k
0.0019275992,0.0067232293,atac6k
0.00065062614,0.004469733,atac6k
0.00053877145,0.0032765996,atac6k
-0.001504243,-0.0058407574,atac6k
0.0014243616,0.006049883,atac6k
-0.0056138253,-0.0036622675,atac6k
-0.0006776816,-0.0053946734,atac6k
0.0006135331,0.004666645,atac6k
-0.0039676907,-0.008661295,atac6k
-0.004382031,-0.009710694,atac6k
0.0005071915,0.003562638,atac6k
0.0009688024,0.00571401,atac6k
0.000724613,0.004916755,atac6k
-0.0026180982,-0.008297494,atac6k
0.0010938194,0.006178899,atac6k
0.00070817064,0.0053008627,atac6k
-0.004381267,-0.010184486,atac6k
0.0008256426,0.0054095895,atac6k
-0.0011754322,-0.0065306923,atac6k
0.0016205398,0.006400896,atac6k
0.0010145933,-0.0074626394,atac6k
-0.0016016639,-0.006846165,atac6k
0.0005961358,0.0038260384,atac6k
0.0019729289,0.0065621613,atac6k
0.000807815,0.0053016143,atac6k
0.00095121603,0.0056018084,atac6k
0.00067602406,0.004823369,atac6k
-0.0032342423,-0.0069422284,atac6k
0.0006822658,0.004458054,atac6k
0.0009783068,0.0058530793,atac6k
-0.0011288633,-0.0062494506,atac6k
-0.0046373527,-0.009926039,atac6k
0.0017628992,0.0064037098,atac6k
0.00053660705,0.0021836404,atac6k
0.001974487,0.0062147886,atac6k
0.0009303124,0.0058599077,atac6k
-0.0037757459,-0.008985076,atac6k
0.0013362566,0.006292174,atac6k
0.0007070955,0.005099738,atac6k
-0.003010715,-0.008547028,atac6k
0.0013749902,0.006260457,atac6k
0.0006540037,0.004711088,atac6k
-0.004710814,-0.010147683,atac6k
0.00079789537,0.0052556614,atac6k
0.0006248458,0.0042296927,atac6k
0.0023718192,0.0051003657,atac6k
-0.0023346823,-0.0061191726,atac6k
0.0013876542,0.006183123,atac6k
-0.0030923546,-0.0072380956,atac6k
-0.0019940687,-0.0077021564,atac6k
-0.0035303053,-0.007957045,atac6k
0.00080040505,0.0054403646,atac6k
0.0031456654,-0.0007203938,atac6k
0.0028865996,-0.007785699,atac6k
0.0010111524,0.006198281,atac6k
-0.0022626242,0.004899308,atac6k
0.0013338268,0.006787105,atac6k
0.0015788024,0.006162444,atac6k
0.0007095856,0.0044463747,atac6k
-0.0014580971,-0.0070809163,atac6k
-0.0013032885,0.0053559677,atac6k
0.001658607,0.0068441727,atac6k
0.0006879105,0.0048252866,atac6k
0.0009612972,0.0052842293,atac6k
-0.0038248678,-0.009155149,atac6k
-0.0023554154,-0.0076036123,atac6k
0.0012096984,0.0056555723,atac6k
0.00085007364,0.0057533565,atac6k
-0.0022718604,-0.007798454,atac6k
-8.364245e-05,-0.0012966967,atac6k
-0.0011296431,-0.00657094,atac6k
0.0017164962,0.006245781,atac6k
0.0011292232,0.0060725464,atac6k
0.0014857537,0.0021572097,atac6k
-0.0055708,-0.011192298,atac6k
0.0011905244,0.006163866,atac6k
0.010485898,-0.011521464,atac6k
0.0015201723,0.0063299406,atac6k
0.00080870447,0.0050553316,atac6k
0.00013794859,-0.0063605946,atac6k
-0.004455249,-0.009280586,atac6k
0.0023046632,0.0063338606,atac6k
0.0006433394,0.004608938,atac6k
0.0024213064,0.0067247543,atac6k
0.0008761031,0.0052357614,atac6k
-0.0029234337,-0.008664169,atac6k
0.0015676365,0.0065824017,atac6k
0.00089870836,0.0057579177,atac6k
-0.001164298,-0.005375515,atac6k
0.00103133,0.0059123877,atac6k
0.0018233618,0.0051483638,atac6k
0.0018778697,0.005684284,atac6k
0.0019271399,0.006599545,atac6k
0.0005538838,0.0032640419,atac6k
-0.0013058432,-0.0067838915,atac6k
0.0007641265,0.005243731,atac6k
-0.0013591596,-0.0067528808,atac6k
0.0008364129,0.005459956,atac6k
0.0015440001,0.00603621,atac6k
-0.0031414602,-0.0071854386,atac6k
0.00080331555,0.0055459817,atac6k
0.001514975,0.0065627354,atac6k
0.0008833619,0.0058070645,atac6k
0.0013091456,0.0061124465,atac6k
-0.0044993246,-0.010600461,atac6k
-0.0006820105,-0.0056469385,atac6k
0.008135232,-0.010731078,atac6k
-0.003765683,-0.008121932,atac6k
0.00088629517,0.0059054093,atac6k
0.0019778116,0.0058548967,atac6k
0.0007905543,0.0051464187,atac6k
0.0008240527,0.0055847755,atac6k
0.001887078,-0.0026999165,atac6k
-0.005981116,-0.0023335237,atac6k
0.0012950174,0.0023999605,atac6k
-0.00021072935,-0.0049195476,atac6k
0.008933225,-0.010441027,atac6k
-0.0008506147,-0.0059676175,atac6k
0.00079133845,0.0050560213,atac6k
0.002401502,-0.0020328541,atac6k
0.0020578185,0.006282458,atac6k
0.013197163,-0.012780636,atac6k
0.003094644,-0.008699586,atac6k
0.010049156,-0.01240308,atac6k
-0.0026851324,-0.008212006,atac6k
0.0018181592,0.005965398,atac6k
-0.0015467412,-0.0069441157,atac6k
0.0008508087,0.0050251223,atac6k
-0.00211321,-0.0076339943,atac6k
-0.0017845804,-0.007398472,atac6k
0.0010472777,0.006056048,atac6k
-0.0016996016,-0.007389251,atac6k
0.0015926093,0.0019882189,atac6k
0.0006840135,0.0050323657,atac6k
-0.0023643677,-0.007887723,atac6k
0.0007689285,0.0054692714,atac6k
0.0008550555,0.005555754,atac6k
0.0021634614,0.006552398,atac6k
0.00064721983,0.0045922785,atac6k
0.000744616,0.003335737,atac6k
0.0006868546,0.0043984405,atac6k
0.0010395031,0.0059334734,atac6k
0.00091148703,0.0055359444,atac6k
-0.0024987508,-0.0075196195,atac6k
0.0022931518,0.0054420996,atac6k
-0.0023077792,-0.007925918,atac6k
0.0059011667,-0.010905024,atac6k
0.0005917499,0.004181154,atac6k
-0.0014739614,-0.0053597745,atac6k
-0.00038858462,-0.005451321,atac6k
-0.0001492812,-0.005152808,atac6k
0.0006484392,0.0048835534,atac6k
0.000908014,0.005639424,atac6k
0.0065851547,-0.0098393485,atac6k
-0.0028291328,-0.0070822793,atac6k
0.0007765972,0.0053856364,atac6k
-0.0015333453,-0.0069931573,atac6k
-0.0058654747,-0.009061872,atac6k
0.0006232739,0.0012122501,atac6k
-6.511342e-05,0.0033976482,atac6k
0.00082149485,0.0055361544,atac6k
0.00058990525,0.0038858906,atac6k
0.00075413287,0.005178185,atac6k
0.00115323,0.0060333535,atac6k
-0.0014925915,-0.006198373,atac6k
-0.0009850564,-0.0063131135,atac6k
0.0012913446,0.0058867983,atac6k
0.00063048396,0.00426088,atac6k
0.0011179686,0.00580797,atac6k
-0.0015699199,-0.006822564,atac6k
-0.0027839052,-0.0067064515,atac6k
0.0016805235,0.004598378,atac6k
-0.0022275164,-0.0076018167,atac6k
0.008004289,-0.010601124,atac6k
-0.0023356357,-0.0076846774,atac6k
0.00758468,-0.010160816,atac6k
0.0019179853,0.006659614,atac6k
0.0027944918,-0.0029991807,atac6k
-0.00401837,-0.00937725,atac6k
-0.0016269112,-0.0059856675,atac6k
-0.0041617076,-0.00881997,atac6k
-0.00013146609,0.0026529378,atac6k
-0.0010034989,-0.0063680205,atac6k
-0.00066193286,0.0036867226,atac6k
-0.002375663,-0.0053770947,atac6k
0.0012909976,0.0067877127,atac6k
-0.0001965077,-0.0046644397,atac6k
0.0008320503,0.005235087,atac6k
0.002502397,-0.007423304,atac6k
0.0006013088,0.0025045953,atac6k
0.0018780134,0.005273654,atac6k
0.0019323692,0.0065404004,atac6k
-0.0031439918,-0.007340728,atac6k
-0.004934144,-0.01021617,atac6k
0.0013139156,0.006327707,atac6k
0.0017963833,0.0061418945,atac6k
-0.002282284,-0.007946612,atac6k
-0.00044057472,-0.004545026,atac6k
0.0006178623,0.004424452,atac6k
-0.0027005714,-0.0073490683,atac6k
-0.002491423,-0.006925762,atac6k
0.0034597053,-0.0079710875,atac6k
-0.002007094,-0.007391507,atac6k
0.000582706,0.003006649,atac6k
0.0010496785,0.006115486,atac6k
0.0008553951,0.0053584627,atac6k
-0.0015401182,-0.0068187737,atac6k
-0.0020379038,-0.006220809,atac6k
-0.0032721912,-0.009285272,atac6k
0.0014229757,0.0062623965,atac6k
0.0007209341,0.0049978164,atac6k
0.0005993645,0.0039351,atac6k
0.000997632,0.0057400814,atac6k
0.001833956,0.0052553443,atac6k
0.011297627,-0.012715738,atac6k
0.009384452,-0.010907209,atac6k
0.00060944265,0.0028756931,atac6k
0.0005942532,0.0034708006,atac6k
0.0021267566,0.006117774,atac6k
-0.0030715968,-0.007394763,atac6k
0.0013428269,0.0062739756,atac6k
-0.002399968,-0.008167159,atac6k
0.002317012,0.0057196226,atac6k
0.0010516625,0.0061772764,atac6k
0.0009022721,0.0057947114,atac6k
0.0012313963,-0.010612845,atac6k
0.0020210398,0.005779877,atac6k
0.0011048401,0.0063367565,atac6k
0.0005663689,0.0032257526,atac6k
0.0005881526,0.0032080084,atac6k
0.0011786412,0.006090378,atac6k
0.0005819417,0.003813045,atac6k
0.0005686571,0.0038057428,atac6k
-0.004221774,-0.0091809705,atac6k
0.0011194841,0.0059766592,atac6k
0.0009767014,0.005811368,atac6k
0.00088409294,0.0053281263,atac6k
-0.002924778,-0.009771705,atac6k
0.0010567246,0.00593304,atac6k
0.000567274,0.0036893215,atac6k
0.0008580881,0.0053694574,atac6k
-0.0027069056,-0.0068830443,atac6k
0.0020210375,0.0059783533,atac6k
0.00047024063,-0.0025058303,atac6k
0.001065154,0.0056472574,atac6k
0.00085145986,0.0052631735,atac6k
-0.001979242,-0.0074883876,atac6k
0.0021131285,0.0065883454,atac6k
0.0014058562,0.006126975,atac6k
0.010914372,-0.01137546,atac6k
0.0007134377,0.0037906154,atac6k
-0.0007702508,-0.00586586,atac6k
-0.013861962,0.0019357951,atac6k
-0.0049270466,-0.009818498,atac6k
0.0018331823,-0.00817482,atac6k
-0.004773213,-0.010357011,atac6k
-0.0037560228,-0.008737089,atac6k
0.0006559794,0.004740017,atac6k
-0.0046738414,-0.009741527,atac6k
-0.0029215745,-0.007830125,atac6k
0.0008847253,0.005373437,atac6k
0.0016367098,0.006863825,atac6k
0.0006222944,0.004500543,atac6k
0.0006776798,0.004615897,atac6k
-0.0007211925,-0.0052746194,atac6k
0.0011783523,0.0058172517,atac6k
0.002595845,0.0044116536,atac6k
0.0007223897,0.0049525797,atac6k
0.00051512173,0.003597072,atac6k
0.001239973,0.0064887735,atac6k
0.0008560349,0.0055042007,atac6k
0.0006154118,0.0044840565,atac6k
0.009818116,-0.011318859,atac6k
0.00062610896,0.004413279,atac6k
0.0005223606,0.003459269,atac6k
-0.0034998327,-0.007820357,atac6k
0.0018173291,0.0047711846,atac6k
0.0011063415,0.0063825,atac6k
-0.00017148003,-0.004183812,atac6k
-0.0021656915,-0.006529203,atac6k
-0.00015033918,-0.0038781255,atac6k
0.0002698176,0.0033524313,atac6k
0.0015649886,0.004874823,atac6k
0.004599183,-0.00978056,atac6k
0.0010639942,0.0062735733,atac6k
0.00053395925,0.003855528,atac6k
-0.003962925,-0.009478567,atac6k
0.0007339442,0.004800611,atac6k
0.001793635,0.006461237,atac6k
0.0010645146,0.0030699265,atac6k
0.0010272329,0.005751268,atac6k
0.0007308715,0.005205427,atac6k
0.00039062672,-0.005616411,atac6k
-0.0033852567,-0.007703471,atac6k
0.0018203167,0.005490505,atac6k
0.0013419051,0.0060649957,atac6k
0.0013545632,0.006116783,atac6k
-0.0030659707,-0.008482436,atac6k
-0.002781041,-0.0014719098,atac6k
0.00057310663,0.0039633927,atac6k
0.0007027616,0.004615675,atac6k
-0.0018982383,-0.0074875997,atac6k
0.0021343378,0.0061459304,atac6k
0.0018137681,0.004781131,atac6k
-0.000951321,-0.0058817873,atac6k
0.0018640426,0.00654401,atac6k
0.0022297236,0.005335292,atac6k
0.0008673863,0.0054216357,atac6k
0.0010315027,0.0058499034,atac6k
-0.0028141194,-0.0066766893,atac6k
0.0006731525,0.004825505,atac6k
0.0006756034,0.0023841604,atac6k
0.0011275978,0.0061196154,atac6k
0.0007490518,0.005238784,atac6k
0.0006347242,0.003451505,atac6k
0.001964884,0.006353121,atac6k
-0.0027728437,-0.008554189,atac6k
-0.007909548,-0.0020304117,atac6k
0.011151288,-0.012525556,atac6k
0.007543336,-0.011252686,atac6k
0.0008460234,0.0012825202,atac6k
0.0007128298,0.0050151916,atac6k
0.00091751356,0.0058382074,atac6k
0.0017226108,0.0061868657,atac6k
0.0010965704,0.0061783292,atac6k
0.0019740164,0.006798693,atac6k
0.00063981774,0.0043072677,atac6k
0.0018366461,0.0061689974,atac6k
-0.0019484082,-0.00756952,atac6k
-0.0055071395,-0.011088693,atac6k
0.010556598,-0.011833705,atac6k
-0.0022907022,-0.007943017,atac6k
-0.00066595693,-0.0055374745,atac6k
0.0020647051,0.0062504564,atac6k
-0.0015443362,-0.005926479,atac6k
0.0013366512,0.006668507,atac6k
-0.0026024526,-0.0068041533,atac6k
0.0020147164,0.0066252123,atac6k
-0.00080240844,-0.0049034297,atac6k
0.00034423257,0.0023574263,atac6k
0.0007328572,0.0052493704,atac6k
0.0009511902,0.0055944487,atac6k
-0.0013537355,0.004488557,atac6k
0.0007693277,-0.0048290673,atac6k
0.0015995719,0.00667372,atac6k
-0.0019645914,-0.0086416155,atac6k
-0.0038517492,-0.008761544,atac6k
0.0006101358,0.004128638,atac6k
0.00064180745,0.004507776,atac6k
0.0003515283,0.0042851283,atac6k
-0.002876424,-0.0065479204,atac6k
0.0008440097,0.0058494783,atac6k
-0.0049956255,-0.010755421,atac6k
0.0007923199,0.005249666,atac6k
0.00059027335,0.003349371,atac6k
0.0012191839,0.0060288324,atac6k
0.0017702791,0.006776998,atac6k
-0.0010642209,-0.006533277,atac6k
0.0009792988,0.0059870984,atac6k
0.00069760106,0.004626603,atac6k
-0.0015443389,-0.0033591539,atac6k
0.001845092,0.0068427767,atac6k
0.008228241,-0.011427162,atac6k
0.00073918584,0.0048110983,atac6k
0.0010309941,0.0058701835,atac6k
0.0013185558,0.0034159762,atac6k
-0.0045758868,-0.010095147,atac6k
0.0014046717,0.0060004718,atac6k
0.0017066273,-0.0069430643,atac6k
0.00067886966,0.0047662584,atac6k
0.00071701116,0.0048634955,atac6k
-0.008314844,-0.000861685,atac6k
0.00054895127,0.0038049393,atac6k
0.0007302427,0.0051044393,atac6k
0.0009059125,0.005609334,atac6k
-0.0017924004,-0.0058726696,atac6k
-0.0036991357,-0.0017614167,atac6k
0.0015292739,0.00645583,atac6k
0.001655741,0.004071247,atac6k
0.00074045896,0.0046239826,atac6k
0.001253294,0.006029615,atac6k
-0.0041773324,-0.0092143975,atac6k
-0.0024543745,-0.007850098,atac6k
-0.0012276312,-0.0062361886,atac6k
0.00050836394,0.0032682295,atac6k
-0.0018117742,-0.0052622776,atac6k
0.0016356854,0.0039511244,atac6k
0.0014497708,0.006579765,atac6k
0.0006723542,0.004725636,atac6k
0.0005992113,0.004296275,atac6k
0.0012224464,0.0061480985,atac6k
0.0009278342,0.005573174,atac6k
0.00079927535,0.005318267,atac6k
0.0008681617,0.005414204,atac6k
0.008020159,-0.010067719,atac6k
0.0070316116,-0.01024199,atac6k
-0.0023450262,-0.007913252,atac6k
0.00067496265,0.004826177,atac6k
0.00052210834,0.0030938324,atac6k
-0.0019941535,-0.0026382403,atac6k
-0.002754741,-0.0082292585,atac6k
-0.0017377146,-0.0069868905,atac6k
0.00093773566,0.006042813,atac6k
-0.0012572644,-0.006319219,atac6k
-0.002888795,-0.008438961,atac6k
0.0022582412,-0.008438493,atac6k
0.0009853118,0.0058032847,atac6k
0.0012851204,0.0062498446,atac6k
0.0011602133,0.0036964822,atac6k
-0.0020486934,-0.007691497,atac6k
0.0014107972,0.005919989,atac6k
0.0006282872,0.004423278,atac6k
0.0005683694,0.0044493508,atac6k
0.0007524483,0.005002429,atac6k
0.0006315493,0.004671357,atac6k
0.0018138945,0.006382651,atac6k
0.00046372684,0.0028256124,atac6k
0.0004654934,0.000573905,atac6k
0.0005127016,0.0028932989,atac6k
0.00095067604,0.005480747,atac6k
0.00058450777,0.0042826706,atac6k
-4.4581662e-05,-0.004785407,atac6k
-0.0038336783,-0.009014703,atac6k
0.0026733824,-0.004110434,atac6k
-0.0024114829,-0.006846071,atac6k
0.0010887737,0.006347031,atac6k
-0.004513842,-0.009416265,atac6k
0.00067918183,0.004825425,atac6k
0.0008175558,0.0052985214,atac6k
0.0005810216,0.0034131398,atac6k
0.0033528924,-0.008356883,atac6k
-0.002971991,-0.008528275,atac6k
0.00069039647,0.005099345,atac6k
0.0010070689,0.005772485,atac6k
0.00079753855,0.0054306756,atac6k
-0.0016168426,-0.0068156137,atac6k
0.000649978,0.0046151215,atac6k
0.0010669668,0.005887376,atac6k
0.0015238717,0.006522507,atac6k
0.0005607373,0.0032577682,atac6k
-0.00018201885,0.0034289327,atac6k
0.0005673852,0.003615683,atac6k
-0.0010005264,-0.005620196,atac6k
0.001520109,0.006378277,atac6k
-0.0037588838,-0.009716136,atac6k
0.00065376854,0.00505124,atac6k
-0.0029670075,0.0048991228,atac6k
0.010941602,-0.012095923,atac6k
-0.0007991665,-0.0026708033,atac6k
-0.001500459,-0.006877148,atac6k
-0.0011105152,-0.0060776644,atac6k
-0.003405748,-0.007338131,atac6k
-0.00096708484,0.0037728292,atac6k
0.001453138,0.0059747547,atac6k
0.0024514627,0.005767884,atac6k
0.0013768886,0.0062969136,atac6k
-0.0048124418,-0.009757429,atac6k
-0.004347879,-0.009440046,atac6k
-0.0013651701,-0.006611645,atac6k
0.00092131767,0.0058079306,atac6k
0.00057956,0.0038853372,atac6k
0.00074020866,0.0049877698,atac6k
0.0013275855,0.0050924676,atac6k
0.0006755511,0.0047315913,atac6k
0.006129957,-0.011192571,atac6k
0.0021738335,0.004172304,atac6k
0.0013826186,0.0063556843,atac6k
0.0008259819,0.005583675,atac6k
0.0016298817,0.006189004,atac6k
0.00020316638,-0.002571976,atac6k
-0.0023547893,-0.0064995857,atac6k
0.0010319363,0.0061333533,atac6k
0.0010257409,0.0053454135,atac6k
-0.0021228187,-0.007528119,atac6k
0.0007602665,0.0050638476,atac6k
0.0020137646,0.0055434783,atac6k
0.0009096991,0.005729299,atac6k
0.00080509763,0.005287217,atac6k
0.002483024,-0.007922924,atac6k
0.0005747995,0.0032570367,atac6k
0.00074053596,-0.003741758,atac6k
0.0006610416,0.0048022494,atac6k
0.00084233267,0.0054610735,atac6k
0.0008006879,0.0052743074,atac6k
-0.0019285475,-0.0071144635,atac6k
0.00086090696,0.0055725817,atac6k
0.00065990584,0.004709389,atac6k
-0.0038438032,-0.008769059,atac6k
0.0020924835,0.0055933194,atac6k
0.0021082396,0.006303818,atac6k
-0.0034085228,-0.007897514,atac6k
0.0013657867,0.0063460325,atac6k
